ISO-10303-21;
HEADER;
FILE_DESCRIPTION(('FreeCAD Model'),'2;1');
FILE_NAME('Open CASCADE Shape Model','2026-09-28T06:00:51',('FreeCAD'),(
    'FreeCAD'),'Open CASCADE STEP processor 7.8','FreeCAD','Unknown');
FILE_SCHEMA(('AUTOMOTIVE_DESIGN { 1 0 10303 214 1 1 1 1 }'));
ENDSEC;
DATA;
#1 = APPLICATION_PROTOCOL_DEFINITION('international standard',
  'automotive_design',2000,#2);
#2 = APPLICATION_CONTEXT(
  'core data for automotive mechanical design processes');
#3 = SHAPE_DEFINITION_REPRESENTATION(#4,#10);
#4 = PRODUCT_DEFINITION_SHAPE('','',#5);
#5 = PRODUCT_DEFINITION('design','',#6,#9);
#6 = PRODUCT_DEFINITION_FORMATION('','',#7);
#7 = PRODUCT('Open CASCADE STEP translator 7.8 2',
  'Open CASCADE STEP translator 7.8 2','',(#8));
#8 = PRODUCT_CONTEXT('',#2,'mechanical');
#9 = PRODUCT_DEFINITION_CONTEXT('part definition',#2,'design');
#10 = SHAPE_REPRESENTATION('',(#11,#15,#14543,#19529),#20415);
#11 = AXIS2_PLACEMENT_3D('',#12,#13,#14);
#12 = CARTESIAN_POINT('',(0.,0.,0.));
#13 = DIRECTION('',(0.,0.,1.));
#14 = DIRECTION('',(1.,0.,-0.));
#15 = MANIFOLD_SOLID_BREP('',#16);
#16 = CLOSED_SHELL('',(#17,#59,#335,#725,#749,#1011,#1028,#1915,#1932,
    #2057,#2069,#2100,#2125,#2149,#2174,#2198,#2222,#2247,#2313,#2338,
    #2362,#2387,#2445,#2470,#2902,#2927,#2985,#3010,#3045,#3070,#3136,
    #3161,#3212,#3243,#3283,#3339,#3363,#3387,#3411,#3451,#3468,#3499,
    #3524,#3548,#3566,#3613,#3637,#3662,#3686,#3726,#3750,#3806,#3823,
    #3856,#3880,#3905,#3922,#3953,#3993,#4049,#4073,#4097,#4121,#4161,
    #4178,#4209,#4234,#4258,#4276,#4301,#4323,#4340,#4357,#4369,#4394,
    #4455,#4472,#4562,#4580,#4598,#4657,#4682,#4899,#4923,#4966,#4984,
    #5009,#5034,#5114,#5145,#5218,#5242,#5324,#5348,#5365,#5389,#5406,
    #5423,#5447,#5464,#5481,#5512,#5585,#5609,#5691,#5715,#5732,#5756,
    #5773,#5790,#5814,#5831,#5848,#5879,#5952,#5976,#6058,#6082,#6099,
    #6123,#6140,#6157,#6181,#6198,#6215,#6246,#6319,#6343,#6425,#6449,
    #6466,#6490,#6507,#6524,#6548,#6565,#6582,#6613,#6686,#6710,#6792,
    #6816,#6833,#6857,#6874,#6891,#6915,#6932,#6949,#6980,#7053,#7077,
    #7159,#7183,#7200,#7224,#7241,#7258,#7282,#7299,#7316,#7347,#7372,
    #7403,#7427,#7485,#7503,#7515,#7532,#7564,#7588,#7613,#7630,#7662,
    #7686,#7711,#7728,#8038,#8272,#8303,#8327,#8386,#8410,#8434,#8458,
    #8517,#8534,#8565,#8589,#8648,#8672,#8696,#8720,#8779,#8796,#8827,
    #8851,#8910,#8934,#8958,#8982,#9041,#9058,#9089,#9113,#9172,#9196,
    #9220,#9244,#9303,#9320,#9351,#9375,#9434,#9458,#9482,#9506,#9565,
    #9582,#9613,#9637,#9696,#9720,#9744,#9768,#9827,#9844,#9861,#9930,
    #9949,#9973,#9985,#10099,#10168,#10220,#10232,#10249,#10296,#10308,
    #10418,#10430,#10485,#10497,#10543,#10552,#10574,#10591,#10608,
    #10620,#10632,#10644,#10656,#10672,#10690,#10701,#10717,#10735,
    #10746,#10779,#10803,#10828,#10845,#10878,#10902,#10927,#10944,
    #10975,#10993,#11021,#11046,#11070,#11088,#11099,#11110,#11139,
    #11150,#11161,#11172,#11183,#11212,#11223,#11234,#11245,#11256,
    #11285,#11296,#11307,#11318,#11329,#11358,#11369,#11380,#11391,
    #11402,#11431,#11442,#11453,#11464,#11475,#11504,#11515,#11526,
    #11547,#11565,#11583,#11678,#11702,#11726,#11807,#11829,#11846,
    #11863,#11880,#11897,#11914,#11931,#11943,#12038,#12062,#12150,
    #12167,#12199,#12223,#12247,#12272,#12297,#12321,#12345,#12363,
    #12385,#12402,#12419,#12436,#12453,#12470,#12487,#12499,#12531,
    #12555,#12580,#12604,#12629,#12653,#12678,#12695,#12714,#12726,
    #12743,#12757,#12776,#12788,#12805,#12819,#12838,#12850,#12867,
    #12881,#12900,#12912,#12929,#12943,#12962,#12974,#12991,#13005,
    #13024,#13036,#13053,#13067,#13098,#13122,#13146,#13163,#13179,
    #13197,#13207,#13223,#13241,#13251,#13267,#13285,#13295,#13326,
    #13350,#13374,#13391,#13422,#13446,#13470,#13494,#13518,#13542,
    #13566,#13590,#13614,#13638,#13662,#13679,#13710,#13734,#13758,
    #13775,#13806,#13830,#13854,#13871,#13888,#13905,#13922,#13939,
    #13956,#13973,#13990,#14007,#14019,#14036,#14053,#14070,#14087,
    #14104,#14121,#14138,#14155,#14167,#14253,#14339,#14351,#14363,
    #14383,#14395,#14407,#14429,#14446,#14463,#14480,#14497,#14514,
    #14531));
#17 = ADVANCED_FACE('',(#18),#54,.T.);
#18 = FACE_BOUND('',#19,.F.);
#19 = EDGE_LOOP('',(#20,#31,#39,#48));
#20 = ORIENTED_EDGE('',*,*,#21,.T.);
#21 = EDGE_CURVE('',#22,#24,#26,.T.);
#22 = VERTEX_POINT('',#23);
#23 = CARTESIAN_POINT('',(-41.,137.9,-29.));
#24 = VERTEX_POINT('',#25);
#25 = CARTESIAN_POINT('',(-27.,151.9,-29.));
#26 = CIRCLE('',#27,14.);
#27 = AXIS2_PLACEMENT_3D('',#28,#29,#30);
#28 = CARTESIAN_POINT('',(-27.,137.9,-29.));
#29 = DIRECTION('',(-0.,-0.,-1.));
#30 = DIRECTION('',(0.,-1.,0.));
#31 = ORIENTED_EDGE('',*,*,#32,.T.);
#32 = EDGE_CURVE('',#24,#33,#35,.T.);
#33 = VERTEX_POINT('',#34);
#34 = CARTESIAN_POINT('',(-27.,151.9,0.));
#35 = LINE('',#36,#37);
#36 = CARTESIAN_POINT('',(-27.,151.9,-29.));
#37 = VECTOR('',#38,1.);
#38 = DIRECTION('',(0.,0.,1.));
#39 = ORIENTED_EDGE('',*,*,#40,.F.);
#40 = EDGE_CURVE('',#41,#33,#43,.T.);
#41 = VERTEX_POINT('',#42);
#42 = CARTESIAN_POINT('',(-41.,137.9,0.));
#43 = CIRCLE('',#44,14.);
#44 = AXIS2_PLACEMENT_3D('',#45,#46,#47);
#45 = CARTESIAN_POINT('',(-27.,137.9,0.));
#46 = DIRECTION('',(-0.,-0.,-1.));
#47 = DIRECTION('',(0.,-1.,0.));
#48 = ORIENTED_EDGE('',*,*,#49,.F.);
#49 = EDGE_CURVE('',#22,#41,#50,.T.);
#50 = LINE('',#51,#52);
#51 = CARTESIAN_POINT('',(-41.,137.9,-29.));
#52 = VECTOR('',#53,1.);
#53 = DIRECTION('',(0.,0.,1.));
#54 = CYLINDRICAL_SURFACE('',#55,14.);
#55 = AXIS2_PLACEMENT_3D('',#56,#57,#58);
#56 = CARTESIAN_POINT('',(-27.,137.9,-29.));
#57 = DIRECTION('',(0.,0.,1.));
#58 = DIRECTION('',(-1.,0.,0.));
#59 = ADVANCED_FACE('',(#60,#120),#330,.F.);
#60 = FACE_BOUND('',#61,.T.);
#61 = EDGE_LOOP('',(#62,#70,#71,#79,#88,#96,#105,#113));
#62 = ORIENTED_EDGE('',*,*,#63,.T.);
#63 = EDGE_CURVE('',#64,#22,#66,.T.);
#64 = VERTEX_POINT('',#65);
#65 = CARTESIAN_POINT('',(-41.,7.5,-29.));
#66 = LINE('',#67,#68);
#67 = CARTESIAN_POINT('',(-41.,-6.5,-29.));
#68 = VECTOR('',#69,1.);
#69 = DIRECTION('',(0.,1.,0.));
#70 = ORIENTED_EDGE('',*,*,#21,.T.);
#71 = ORIENTED_EDGE('',*,*,#72,.T.);
#72 = EDGE_CURVE('',#24,#73,#75,.T.);
#73 = VERTEX_POINT('',#74);
#74 = CARTESIAN_POINT('',(27.,151.9,-29.));
#75 = LINE('',#76,#77);
#76 = CARTESIAN_POINT('',(-41.,151.9,-29.));
#77 = VECTOR('',#78,1.);
#78 = DIRECTION('',(1.,0.,0.));
#79 = ORIENTED_EDGE('',*,*,#80,.F.);
#80 = EDGE_CURVE('',#81,#73,#83,.T.);
#81 = VERTEX_POINT('',#82);
#82 = CARTESIAN_POINT('',(41.,137.9,-29.));
#83 = CIRCLE('',#84,14.);
#84 = AXIS2_PLACEMENT_3D('',#85,#86,#87);
#85 = CARTESIAN_POINT('',(27.,137.9,-29.));
#86 = DIRECTION('',(-0.,0.,1.));
#87 = DIRECTION('',(0.,-1.,0.));
#88 = ORIENTED_EDGE('',*,*,#89,.F.);
#89 = EDGE_CURVE('',#90,#81,#92,.T.);
#90 = VERTEX_POINT('',#91);
#91 = CARTESIAN_POINT('',(41.,7.5,-29.));
#92 = LINE('',#93,#94);
#93 = CARTESIAN_POINT('',(41.,-6.5,-29.));
#94 = VECTOR('',#95,1.);
#95 = DIRECTION('',(0.,1.,0.));
#96 = ORIENTED_EDGE('',*,*,#97,.T.);
#97 = EDGE_CURVE('',#90,#98,#100,.T.);
#98 = VERTEX_POINT('',#99);
#99 = CARTESIAN_POINT('',(27.,-6.5,-29.));
#100 = CIRCLE('',#101,14.);
#101 = AXIS2_PLACEMENT_3D('',#102,#103,#104);
#102 = CARTESIAN_POINT('',(27.,7.5,-29.));
#103 = DIRECTION('',(-0.,-0.,-1.));
#104 = DIRECTION('',(0.,-1.,0.));
#105 = ORIENTED_EDGE('',*,*,#106,.F.);
#106 = EDGE_CURVE('',#107,#98,#109,.T.);
#107 = VERTEX_POINT('',#108);
#108 = CARTESIAN_POINT('',(-27.,-6.5,-29.));
#109 = LINE('',#110,#111);
#110 = CARTESIAN_POINT('',(-41.,-6.5,-29.));
#111 = VECTOR('',#112,1.);
#112 = DIRECTION('',(1.,0.,0.));
#113 = ORIENTED_EDGE('',*,*,#114,.F.);
#114 = EDGE_CURVE('',#64,#107,#115,.T.);
#115 = CIRCLE('',#116,14.);
#116 = AXIS2_PLACEMENT_3D('',#117,#118,#119);
#117 = CARTESIAN_POINT('',(-27.,7.5,-29.));
#118 = DIRECTION('',(-0.,0.,1.));
#119 = DIRECTION('',(0.,-1.,0.));
#120 = FACE_BOUND('',#121,.F.);
#121 = EDGE_LOOP('',(#122,#132,#141,#149,#158,#166,#174,#183,#192,#201,
    #209,#218,#227,#236,#245,#253,#262,#271,#280,#289,#297,#306,#315,
    #324));
#122 = ORIENTED_EDGE('',*,*,#123,.T.);
#123 = EDGE_CURVE('',#124,#126,#128,.T.);
#124 = VERTEX_POINT('',#125);
#125 = CARTESIAN_POINT('',(-36.,43.,-29.));
#126 = VERTEX_POINT('',#127);
#127 = CARTESIAN_POINT('',(-30.,43.,-29.));
#128 = LINE('',#129,#130);
#129 = CARTESIAN_POINT('',(-41.,43.,-29.));
#130 = VECTOR('',#131,1.);
#131 = DIRECTION('',(1.,0.,0.));
#132 = ORIENTED_EDGE('',*,*,#133,.F.);
#133 = EDGE_CURVE('',#134,#126,#136,.T.);
#134 = VERTEX_POINT('',#135);
#135 = CARTESIAN_POINT('',(-27.,46.,-29.));
#136 = CIRCLE('',#137,3.);
#137 = AXIS2_PLACEMENT_3D('',#138,#139,#140);
#138 = CARTESIAN_POINT('',(-30.,46.,-29.));
#139 = DIRECTION('',(-0.,-0.,-1.));
#140 = DIRECTION('',(0.,-1.,0.));
#141 = ORIENTED_EDGE('',*,*,#142,.T.);
#142 = EDGE_CURVE('',#134,#143,#145,.T.);
#143 = VERTEX_POINT('',#144);
#144 = CARTESIAN_POINT('',(-27.,60.,-29.));
#145 = LINE('',#146,#147);
#146 = CARTESIAN_POINT('',(-27.,43.,-29.));
#147 = VECTOR('',#148,1.);
#148 = DIRECTION('',(0.,1.,0.));
#149 = ORIENTED_EDGE('',*,*,#150,.T.);
#150 = EDGE_CURVE('',#143,#151,#153,.T.);
#151 = VERTEX_POINT('',#152);
#152 = CARTESIAN_POINT('',(-30.,63.,-29.));
#153 = CIRCLE('',#154,3.);
#154 = AXIS2_PLACEMENT_3D('',#155,#156,#157);
#155 = CARTESIAN_POINT('',(-30.,60.,-29.));
#156 = DIRECTION('',(-0.,0.,1.));
#157 = DIRECTION('',(0.,-1.,0.));
#158 = ORIENTED_EDGE('',*,*,#159,.F.);
#159 = EDGE_CURVE('',#160,#151,#162,.T.);
#160 = VERTEX_POINT('',#161);
#161 = CARTESIAN_POINT('',(-36.,63.,-29.));
#162 = LINE('',#163,#164);
#163 = CARTESIAN_POINT('',(-41.,63.,-29.));
#164 = VECTOR('',#165,1.);
#165 = DIRECTION('',(1.,0.,0.));
#166 = ORIENTED_EDGE('',*,*,#167,.T.);
#167 = EDGE_CURVE('',#160,#168,#170,.T.);
#168 = VERTEX_POINT('',#169);
#169 = CARTESIAN_POINT('',(-36.,137.7,-29.));
#170 = LINE('',#171,#172);
#171 = CARTESIAN_POINT('',(-36.,-3.4,-29.));
#172 = VECTOR('',#173,1.);
#173 = DIRECTION('',(0.,1.,0.));
#174 = ORIENTED_EDGE('',*,*,#175,.F.);
#175 = EDGE_CURVE('',#176,#168,#178,.T.);
#176 = VERTEX_POINT('',#177);
#177 = CARTESIAN_POINT('',(-33.96263506874,143.03357132107,-29.));
#178 = CIRCLE('',#179,8.);
#179 = AXIS2_PLACEMENT_3D('',#180,#181,#182);
#180 = CARTESIAN_POINT('',(-28.,137.7,-29.));
#181 = DIRECTION('',(0.,0.,1.));
#182 = DIRECTION('',(-1.,0.,0.));
#183 = ORIENTED_EDGE('',*,*,#184,.F.);
#184 = EDGE_CURVE('',#185,#176,#187,.T.);
#185 = VERTEX_POINT('',#186);
#186 = CARTESIAN_POINT('',(-31.22291613248,145.02207700061,-29.));
#187 = CIRCLE('',#188,1.7);
#188 = AXIS2_PLACEMENT_3D('',#189,#190,#191);
#189 = CARTESIAN_POINT('',(-32.5,143.9,-29.));
#190 = DIRECTION('',(0.,0.,1.));
#191 = DIRECTION('',(1.,0.,0.));
#192 = ORIENTED_EDGE('',*,*,#193,.F.);
#193 = EDGE_CURVE('',#194,#185,#196,.T.);
#194 = VERTEX_POINT('',#195);
#195 = CARTESIAN_POINT('',(-28.,145.7,-29.));
#196 = CIRCLE('',#197,8.);
#197 = AXIS2_PLACEMENT_3D('',#198,#199,#200);
#198 = CARTESIAN_POINT('',(-28.,137.7,-29.));
#199 = DIRECTION('',(0.,0.,1.));
#200 = DIRECTION('',(-1.,0.,0.));
#201 = ORIENTED_EDGE('',*,*,#202,.F.);
#202 = EDGE_CURVE('',#203,#194,#205,.T.);
#203 = VERTEX_POINT('',#204);
#204 = CARTESIAN_POINT('',(28.,145.7,-29.));
#205 = LINE('',#206,#207);
#206 = CARTESIAN_POINT('',(-38.5,145.7,-29.));
#207 = VECTOR('',#208,1.);
#208 = DIRECTION('',(-1.,0.,0.));
#209 = ORIENTED_EDGE('',*,*,#210,.F.);
#210 = EDGE_CURVE('',#211,#203,#213,.T.);
#211 = VERTEX_POINT('',#212);
#212 = CARTESIAN_POINT('',(31.22291613248,145.02207700061,-29.));
#213 = CIRCLE('',#214,8.);
#214 = AXIS2_PLACEMENT_3D('',#215,#216,#217);
#215 = CARTESIAN_POINT('',(28.,137.7,-29.));
#216 = DIRECTION('',(0.,0.,1.));
#217 = DIRECTION('',(1.,0.,0.));
#218 = ORIENTED_EDGE('',*,*,#219,.F.);
#219 = EDGE_CURVE('',#220,#211,#222,.T.);
#220 = VERTEX_POINT('',#221);
#221 = CARTESIAN_POINT('',(34.2,143.9,-29.));
#222 = CIRCLE('',#223,1.7);
#223 = AXIS2_PLACEMENT_3D('',#224,#225,#226);
#224 = CARTESIAN_POINT('',(32.5,143.9,-29.));
#225 = DIRECTION('',(0.,0.,1.));
#226 = DIRECTION('',(1.,0.,0.));
#227 = ORIENTED_EDGE('',*,*,#228,.F.);
#228 = EDGE_CURVE('',#229,#220,#231,.T.);
#229 = VERTEX_POINT('',#230);
#230 = CARTESIAN_POINT('',(33.962635068747,143.03357132107,-29.));
#231 = CIRCLE('',#232,1.7);
#232 = AXIS2_PLACEMENT_3D('',#233,#234,#235);
#233 = CARTESIAN_POINT('',(32.5,143.9,-29.));
#234 = DIRECTION('',(0.,0.,1.));
#235 = DIRECTION('',(1.,0.,0.));
#236 = ORIENTED_EDGE('',*,*,#237,.F.);
#237 = EDGE_CURVE('',#238,#229,#240,.T.);
#238 = VERTEX_POINT('',#239);
#239 = CARTESIAN_POINT('',(36.,137.7,-29.));
#240 = CIRCLE('',#241,8.);
#241 = AXIS2_PLACEMENT_3D('',#242,#243,#244);
#242 = CARTESIAN_POINT('',(28.,137.7,-29.));
#243 = DIRECTION('',(0.,0.,1.));
#244 = DIRECTION('',(1.,0.,0.));
#245 = ORIENTED_EDGE('',*,*,#246,.F.);
#246 = EDGE_CURVE('',#247,#238,#249,.T.);
#247 = VERTEX_POINT('',#248);
#248 = CARTESIAN_POINT('',(36.,7.7,-29.));
#249 = LINE('',#250,#251);
#250 = CARTESIAN_POINT('',(36.,-3.4,-29.));
#251 = VECTOR('',#252,1.);
#252 = DIRECTION('',(0.,1.,0.));
#253 = ORIENTED_EDGE('',*,*,#254,.F.);
#254 = EDGE_CURVE('',#255,#247,#257,.T.);
#255 = VERTEX_POINT('',#256);
#256 = CARTESIAN_POINT('',(33.962635068747,2.366428678929,-29.));
#257 = CIRCLE('',#258,8.);
#258 = AXIS2_PLACEMENT_3D('',#259,#260,#261);
#259 = CARTESIAN_POINT('',(28.,7.7,-29.));
#260 = DIRECTION('',(0.,0.,1.));
#261 = DIRECTION('',(1.,0.,0.));
#262 = ORIENTED_EDGE('',*,*,#263,.F.);
#263 = EDGE_CURVE('',#264,#255,#266,.T.);
#264 = VERTEX_POINT('',#265);
#265 = CARTESIAN_POINT('',(34.2,1.5,-29.));
#266 = CIRCLE('',#267,1.7);
#267 = AXIS2_PLACEMENT_3D('',#268,#269,#270);
#268 = CARTESIAN_POINT('',(32.5,1.5,-29.));
#269 = DIRECTION('',(0.,0.,1.));
#270 = DIRECTION('',(1.,0.,0.));
#271 = ORIENTED_EDGE('',*,*,#272,.F.);
#272 = EDGE_CURVE('',#273,#264,#275,.T.);
#273 = VERTEX_POINT('',#274);
#274 = CARTESIAN_POINT('',(31.22291613248,0.37792299938,-29.));
#275 = CIRCLE('',#276,1.7);
#276 = AXIS2_PLACEMENT_3D('',#277,#278,#279);
#277 = CARTESIAN_POINT('',(32.5,1.5,-29.));
#278 = DIRECTION('',(0.,0.,1.));
#279 = DIRECTION('',(1.,0.,0.));
#280 = ORIENTED_EDGE('',*,*,#281,.F.);
#281 = EDGE_CURVE('',#282,#273,#284,.T.);
#282 = VERTEX_POINT('',#283);
#283 = CARTESIAN_POINT('',(28.,-0.3,-29.));
#284 = CIRCLE('',#285,8.);
#285 = AXIS2_PLACEMENT_3D('',#286,#287,#288);
#286 = CARTESIAN_POINT('',(28.,7.7,-29.));
#287 = DIRECTION('',(0.,0.,1.));
#288 = DIRECTION('',(1.,0.,0.));
#289 = ORIENTED_EDGE('',*,*,#290,.T.);
#290 = EDGE_CURVE('',#282,#291,#293,.T.);
#291 = VERTEX_POINT('',#292);
#292 = CARTESIAN_POINT('',(-28.,-0.3,-29.));
#293 = LINE('',#294,#295);
#294 = CARTESIAN_POINT('',(-38.5,-0.3,-29.));
#295 = VECTOR('',#296,1.);
#296 = DIRECTION('',(-1.,0.,0.));
#297 = ORIENTED_EDGE('',*,*,#298,.F.);
#298 = EDGE_CURVE('',#299,#291,#301,.T.);
#299 = VERTEX_POINT('',#300);
#300 = CARTESIAN_POINT('',(-31.22291613248,0.37792299938,-29.));
#301 = CIRCLE('',#302,8.);
#302 = AXIS2_PLACEMENT_3D('',#303,#304,#305);
#303 = CARTESIAN_POINT('',(-28.,7.7,-29.));
#304 = DIRECTION('',(0.,0.,1.));
#305 = DIRECTION('',(-1.,0.,0.));
#306 = ORIENTED_EDGE('',*,*,#307,.F.);
#307 = EDGE_CURVE('',#308,#299,#310,.T.);
#308 = VERTEX_POINT('',#309);
#309 = CARTESIAN_POINT('',(-33.96263506874,2.366428678929,-29.));
#310 = CIRCLE('',#311,1.7);
#311 = AXIS2_PLACEMENT_3D('',#312,#313,#314);
#312 = CARTESIAN_POINT('',(-32.5,1.5,-29.));
#313 = DIRECTION('',(0.,0.,1.));
#314 = DIRECTION('',(1.,0.,0.));
#315 = ORIENTED_EDGE('',*,*,#316,.F.);
#316 = EDGE_CURVE('',#317,#308,#319,.T.);
#317 = VERTEX_POINT('',#318);
#318 = CARTESIAN_POINT('',(-36.,7.7,-29.));
#319 = CIRCLE('',#320,8.);
#320 = AXIS2_PLACEMENT_3D('',#321,#322,#323);
#321 = CARTESIAN_POINT('',(-28.,7.7,-29.));
#322 = DIRECTION('',(0.,0.,1.));
#323 = DIRECTION('',(-1.,0.,0.));
#324 = ORIENTED_EDGE('',*,*,#325,.T.);
#325 = EDGE_CURVE('',#317,#124,#326,.T.);
#326 = LINE('',#327,#328);
#327 = CARTESIAN_POINT('',(-36.,-3.4,-29.));
#328 = VECTOR('',#329,1.);
#329 = DIRECTION('',(0.,1.,0.));
#330 = PLANE('',#331);
#331 = AXIS2_PLACEMENT_3D('',#332,#333,#334);
#332 = CARTESIAN_POINT('',(-41.,-6.5,-29.));
#333 = DIRECTION('',(0.,0.,1.));
#334 = DIRECTION('',(1.,0.,0.));
#335 = ADVANCED_FACE('',(#336,#354,#420,#456,#530,#573,#639,#675,#686),
  #720,.T.);
#336 = FACE_BOUND('',#337,.T.);
#337 = EDGE_LOOP('',(#338,#346,#352,#353));
#338 = ORIENTED_EDGE('',*,*,#339,.T.);
#339 = EDGE_CURVE('',#64,#340,#342,.T.);
#340 = VERTEX_POINT('',#341);
#341 = CARTESIAN_POINT('',(-41.,7.5,0.));
#342 = LINE('',#343,#344);
#343 = CARTESIAN_POINT('',(-41.,7.5,-29.));
#344 = VECTOR('',#345,1.);
#345 = DIRECTION('',(0.,0.,1.));
#346 = ORIENTED_EDGE('',*,*,#347,.T.);
#347 = EDGE_CURVE('',#340,#41,#348,.T.);
#348 = LINE('',#349,#350);
#349 = CARTESIAN_POINT('',(-41.,-6.5,0.));
#350 = VECTOR('',#351,1.);
#351 = DIRECTION('',(0.,1.,0.));
#352 = ORIENTED_EDGE('',*,*,#49,.F.);
#353 = ORIENTED_EDGE('',*,*,#63,.F.);
#354 = FACE_BOUND('',#355,.T.);
#355 = EDGE_LOOP('',(#356,#366,#374,#382,#390,#398,#406,#414));
#356 = ORIENTED_EDGE('',*,*,#357,.F.);
#357 = EDGE_CURVE('',#358,#360,#362,.T.);
#358 = VERTEX_POINT('',#359);
#359 = CARTESIAN_POINT('',(-41.,98.6,-1.15));
#360 = VERTEX_POINT('',#361);
#361 = CARTESIAN_POINT('',(-41.,111.4,-1.15));
#362 = LINE('',#363,#364);
#363 = CARTESIAN_POINT('',(-41.,85.65,-1.15));
#364 = VECTOR('',#365,1.);
#365 = DIRECTION('',(0.,1.,0.));
#366 = ORIENTED_EDGE('',*,*,#367,.T.);
#367 = EDGE_CURVE('',#358,#368,#370,.T.);
#368 = VERTEX_POINT('',#369);
#369 = CARTESIAN_POINT('',(-41.,98.6,-1.95));
#370 = LINE('',#371,#372);
#371 = CARTESIAN_POINT('',(-41.,98.6,-8.225));
#372 = VECTOR('',#373,1.);
#373 = DIRECTION('',(0.,0.,-1.));
#374 = ORIENTED_EDGE('',*,*,#375,.T.);
#375 = EDGE_CURVE('',#368,#376,#378,.T.);
#376 = VERTEX_POINT('',#377);
#377 = CARTESIAN_POINT('',(-41.,110.6,-1.95));
#378 = LINE('',#379,#380);
#379 = CARTESIAN_POINT('',(-41.,85.65,-1.95));
#380 = VECTOR('',#381,1.);
#381 = DIRECTION('',(0.,1.,0.));
#382 = ORIENTED_EDGE('',*,*,#383,.T.);
#383 = EDGE_CURVE('',#376,#384,#386,.T.);
#384 = VERTEX_POINT('',#385);
#385 = CARTESIAN_POINT('',(-41.,110.6,-6.45));
#386 = LINE('',#387,#388);
#387 = CARTESIAN_POINT('',(-41.,110.6,-10.875));
#388 = VECTOR('',#389,1.);
#389 = DIRECTION('',(0.,0.,-1.));
#390 = ORIENTED_EDGE('',*,*,#391,.F.);
#391 = EDGE_CURVE('',#392,#384,#394,.T.);
#392 = VERTEX_POINT('',#393);
#393 = CARTESIAN_POINT('',(-41.,98.6,-6.45));
#394 = LINE('',#395,#396);
#395 = CARTESIAN_POINT('',(-41.,85.65,-6.45));
#396 = VECTOR('',#397,1.);
#397 = DIRECTION('',(0.,1.,0.));
#398 = ORIENTED_EDGE('',*,*,#399,.T.);
#399 = EDGE_CURVE('',#392,#400,#402,.T.);
#400 = VERTEX_POINT('',#401);
#401 = CARTESIAN_POINT('',(-41.,98.6,-7.25));
#402 = LINE('',#403,#404);
#403 = CARTESIAN_POINT('',(-41.,98.6,-10.875));
#404 = VECTOR('',#405,1.);
#405 = DIRECTION('',(0.,0.,-1.));
#406 = ORIENTED_EDGE('',*,*,#407,.T.);
#407 = EDGE_CURVE('',#400,#408,#410,.T.);
#408 = VERTEX_POINT('',#409);
#409 = CARTESIAN_POINT('',(-41.,111.4,-7.25));
#410 = LINE('',#411,#412);
#411 = CARTESIAN_POINT('',(-41.,85.65,-7.25));
#412 = VECTOR('',#413,1.);
#413 = DIRECTION('',(0.,1.,0.));
#414 = ORIENTED_EDGE('',*,*,#415,.F.);
#415 = EDGE_CURVE('',#360,#408,#416,.T.);
#416 = LINE('',#417,#418);
#417 = CARTESIAN_POINT('',(-41.,111.4,-9.35));
#418 = VECTOR('',#419,1.);
#419 = DIRECTION('',(0.,0.,-1.));
#420 = FACE_BOUND('',#421,.T.);
#421 = EDGE_LOOP('',(#422,#432,#441,#449));
#422 = ORIENTED_EDGE('',*,*,#423,.F.);
#423 = EDGE_CURVE('',#424,#426,#428,.T.);
#424 = VERTEX_POINT('',#425);
#425 = CARTESIAN_POINT('',(-41.,101.3,-2.4));
#426 = VERTEX_POINT('',#427);
#427 = CARTESIAN_POINT('',(-41.,108.1,-2.4));
#428 = LINE('',#429,#430);
#429 = CARTESIAN_POINT('',(-41.,101.3,-2.4));
#430 = VECTOR('',#431,1.);
#431 = DIRECTION('',(0.,1.,0.));
#432 = ORIENTED_EDGE('',*,*,#433,.T.);
#433 = EDGE_CURVE('',#424,#434,#436,.T.);
#434 = VERTEX_POINT('',#435);
#435 = CARTESIAN_POINT('',(-41.,101.3,-6.));
#436 = CIRCLE('',#437,1.8);
#437 = AXIS2_PLACEMENT_3D('',#438,#439,#440);
#438 = CARTESIAN_POINT('',(-41.,101.3,-4.2));
#439 = DIRECTION('',(1.,0.,-0.));
#440 = DIRECTION('',(0.,0.,1.));
#441 = ORIENTED_EDGE('',*,*,#442,.T.);
#442 = EDGE_CURVE('',#434,#443,#445,.T.);
#443 = VERTEX_POINT('',#444);
#444 = CARTESIAN_POINT('',(-41.,108.1,-6.));
#445 = LINE('',#446,#447);
#446 = CARTESIAN_POINT('',(-41.,101.3,-6.));
#447 = VECTOR('',#448,1.);
#448 = DIRECTION('',(0.,1.,0.));
#449 = ORIENTED_EDGE('',*,*,#450,.T.);
#450 = EDGE_CURVE('',#443,#426,#451,.T.);
#451 = CIRCLE('',#452,1.8);
#452 = AXIS2_PLACEMENT_3D('',#453,#454,#455);
#453 = CARTESIAN_POINT('',(-41.,108.1,-4.2));
#454 = DIRECTION('',(1.,0.,-0.));
#455 = DIRECTION('',(0.,0.,1.));
#456 = FACE_BOUND('',#457,.T.);
#457 = EDGE_LOOP('',(#458,#468,#476,#484,#492,#500,#508,#516,#524));
#458 = ORIENTED_EDGE('',*,*,#459,.F.);
#459 = EDGE_CURVE('',#460,#462,#464,.T.);
#460 = VERTEX_POINT('',#461);
#461 = CARTESIAN_POINT('',(-41.,90.,-1.15));
#462 = VERTEX_POINT('',#463);
#463 = CARTESIAN_POINT('',(-41.,90.,-1.95));
#464 = LINE('',#465,#466);
#465 = CARTESIAN_POINT('',(-41.,90.,-8.225));
#466 = VECTOR('',#467,1.);
#467 = DIRECTION('',(0.,0.,-1.));
#468 = ORIENTED_EDGE('',*,*,#469,.F.);
#469 = EDGE_CURVE('',#470,#460,#472,.T.);
#470 = VERTEX_POINT('',#471);
#471 = CARTESIAN_POINT('',(-41.,80.6,-1.15));
#472 = LINE('',#473,#474);
#473 = CARTESIAN_POINT('',(-41.,76.65,-1.15));
#474 = VECTOR('',#475,1.);
#475 = DIRECTION('',(0.,1.,0.));
#476 = ORIENTED_EDGE('',*,*,#477,.F.);
#477 = EDGE_CURVE('',#478,#470,#480,.T.);
#478 = VERTEX_POINT('',#479);
#479 = CARTESIAN_POINT('',(-41.,80.6,-7.25));
#480 = LINE('',#481,#482);
#481 = CARTESIAN_POINT('',(-41.,80.6,-9.35));
#482 = VECTOR('',#483,1.);
#483 = DIRECTION('',(0.,0.,1.));
#484 = ORIENTED_EDGE('',*,*,#485,.T.);
#485 = EDGE_CURVE('',#478,#486,#488,.T.);
#486 = VERTEX_POINT('',#487);
#487 = CARTESIAN_POINT('',(-41.,90.,-7.25));
#488 = LINE('',#489,#490);
#489 = CARTESIAN_POINT('',(-41.,76.65,-7.25));
#490 = VECTOR('',#491,1.);
#491 = DIRECTION('',(0.,1.,0.));
#492 = ORIENTED_EDGE('',*,*,#493,.F.);
#493 = EDGE_CURVE('',#494,#486,#496,.T.);
#494 = VERTEX_POINT('',#495);
#495 = CARTESIAN_POINT('',(-41.,90.,-6.45));
#496 = LINE('',#497,#498);
#497 = CARTESIAN_POINT('',(-41.,90.,-10.875));
#498 = VECTOR('',#499,1.);
#499 = DIRECTION('',(0.,0.,-1.));
#500 = ORIENTED_EDGE('',*,*,#501,.F.);
#501 = EDGE_CURVE('',#502,#494,#504,.T.);
#502 = VERTEX_POINT('',#503);
#503 = CARTESIAN_POINT('',(-41.,81.4,-6.45));
#504 = LINE('',#505,#506);
#505 = CARTESIAN_POINT('',(-41.,76.65,-6.45));
#506 = VECTOR('',#507,1.);
#507 = DIRECTION('',(0.,1.,0.));
#508 = ORIENTED_EDGE('',*,*,#509,.F.);
#509 = EDGE_CURVE('',#510,#502,#512,.T.);
#510 = VERTEX_POINT('',#511);
#511 = CARTESIAN_POINT('',(-41.,81.4,-4.2));
#512 = LINE('',#513,#514);
#513 = CARTESIAN_POINT('',(-41.,81.4,-10.875));
#514 = VECTOR('',#515,1.);
#515 = DIRECTION('',(0.,0.,-1.));
#516 = ORIENTED_EDGE('',*,*,#517,.F.);
#517 = EDGE_CURVE('',#518,#510,#520,.T.);
#518 = VERTEX_POINT('',#519);
#519 = CARTESIAN_POINT('',(-41.,81.4,-1.95));
#520 = LINE('',#521,#522);
#521 = CARTESIAN_POINT('',(-41.,81.4,-10.875));
#522 = VECTOR('',#523,1.);
#523 = DIRECTION('',(0.,0.,-1.));
#524 = ORIENTED_EDGE('',*,*,#525,.T.);
#525 = EDGE_CURVE('',#518,#462,#526,.T.);
#526 = LINE('',#527,#528);
#527 = CARTESIAN_POINT('',(-41.,76.65,-1.95));
#528 = VECTOR('',#529,1.);
#529 = DIRECTION('',(0.,1.,0.));
#530 = FACE_BOUND('',#531,.T.);
#531 = EDGE_LOOP('',(#532,#541,#550,#558,#567));
#532 = ORIENTED_EDGE('',*,*,#533,.T.);
#533 = EDGE_CURVE('',#534,#510,#536,.T.);
#534 = VERTEX_POINT('',#535);
#535 = CARTESIAN_POINT('',(-41.,83.2,-2.4));
#536 = CIRCLE('',#537,1.8);
#537 = AXIS2_PLACEMENT_3D('',#538,#539,#540);
#538 = CARTESIAN_POINT('',(-41.,83.2,-4.2));
#539 = DIRECTION('',(1.,0.,-0.));
#540 = DIRECTION('',(0.,0.,1.));
#541 = ORIENTED_EDGE('',*,*,#542,.T.);
#542 = EDGE_CURVE('',#510,#543,#545,.T.);
#543 = VERTEX_POINT('',#544);
#544 = CARTESIAN_POINT('',(-41.,83.2,-6.));
#545 = CIRCLE('',#546,1.8);
#546 = AXIS2_PLACEMENT_3D('',#547,#548,#549);
#547 = CARTESIAN_POINT('',(-41.,83.2,-4.2));
#548 = DIRECTION('',(1.,0.,-0.));
#549 = DIRECTION('',(0.,0.,1.));
#550 = ORIENTED_EDGE('',*,*,#551,.T.);
#551 = EDGE_CURVE('',#543,#552,#554,.T.);
#552 = VERTEX_POINT('',#553);
#553 = CARTESIAN_POINT('',(-41.,87.2,-6.));
#554 = LINE('',#555,#556);
#555 = CARTESIAN_POINT('',(-41.,83.2,-6.));
#556 = VECTOR('',#557,1.);
#557 = DIRECTION('',(0.,1.,0.));
#558 = ORIENTED_EDGE('',*,*,#559,.T.);
#559 = EDGE_CURVE('',#552,#560,#562,.T.);
#560 = VERTEX_POINT('',#561);
#561 = CARTESIAN_POINT('',(-41.,87.2,-2.4));
#562 = CIRCLE('',#563,1.8);
#563 = AXIS2_PLACEMENT_3D('',#564,#565,#566);
#564 = CARTESIAN_POINT('',(-41.,87.2,-4.2));
#565 = DIRECTION('',(1.,0.,-0.));
#566 = DIRECTION('',(0.,0.,1.));
#567 = ORIENTED_EDGE('',*,*,#568,.F.);
#568 = EDGE_CURVE('',#534,#560,#569,.T.);
#569 = LINE('',#570,#571);
#570 = CARTESIAN_POINT('',(-41.,83.2,-2.4));
#571 = VECTOR('',#572,1.);
#572 = DIRECTION('',(0.,1.,0.));
#573 = FACE_BOUND('',#574,.T.);
#574 = EDGE_LOOP('',(#575,#585,#593,#601,#609,#617,#625,#633));
#575 = ORIENTED_EDGE('',*,*,#576,.F.);
#576 = EDGE_CURVE('',#577,#579,#581,.T.);
#577 = VERTEX_POINT('',#578);
#578 = CARTESIAN_POINT('',(-41.,70.4,-1.15));
#579 = VERTEX_POINT('',#580);
#580 = CARTESIAN_POINT('',(-41.,79.8,-1.15));
#581 = LINE('',#582,#583);
#582 = CARTESIAN_POINT('',(-41.,71.55,-1.15));
#583 = VECTOR('',#584,1.);
#584 = DIRECTION('',(0.,1.,0.));
#585 = ORIENTED_EDGE('',*,*,#586,.T.);
#586 = EDGE_CURVE('',#577,#587,#589,.T.);
#587 = VERTEX_POINT('',#588);
#588 = CARTESIAN_POINT('',(-41.,70.4,-1.95));
#589 = LINE('',#590,#591);
#590 = CARTESIAN_POINT('',(-41.,70.4,-8.225));
#591 = VECTOR('',#592,1.);
#592 = DIRECTION('',(0.,0.,-1.));
#593 = ORIENTED_EDGE('',*,*,#594,.T.);
#594 = EDGE_CURVE('',#587,#595,#597,.T.);
#595 = VERTEX_POINT('',#596);
#596 = CARTESIAN_POINT('',(-41.,79.,-1.95));
#597 = LINE('',#598,#599);
#598 = CARTESIAN_POINT('',(-41.,71.55,-1.95));
#599 = VECTOR('',#600,1.);
#600 = DIRECTION('',(0.,1.,0.));
#601 = ORIENTED_EDGE('',*,*,#602,.T.);
#602 = EDGE_CURVE('',#595,#603,#605,.T.);
#603 = VERTEX_POINT('',#604);
#604 = CARTESIAN_POINT('',(-41.,79.,-6.45));
#605 = LINE('',#606,#607);
#606 = CARTESIAN_POINT('',(-41.,79.,-10.875));
#607 = VECTOR('',#608,1.);
#608 = DIRECTION('',(0.,0.,-1.));
#609 = ORIENTED_EDGE('',*,*,#610,.F.);
#610 = EDGE_CURVE('',#611,#603,#613,.T.);
#611 = VERTEX_POINT('',#612);
#612 = CARTESIAN_POINT('',(-41.,70.4,-6.45));
#613 = LINE('',#614,#615);
#614 = CARTESIAN_POINT('',(-41.,71.55,-6.45));
#615 = VECTOR('',#616,1.);
#616 = DIRECTION('',(0.,1.,0.));
#617 = ORIENTED_EDGE('',*,*,#618,.T.);
#618 = EDGE_CURVE('',#611,#619,#621,.T.);
#619 = VERTEX_POINT('',#620);
#620 = CARTESIAN_POINT('',(-41.,70.4,-7.25));
#621 = LINE('',#622,#623);
#622 = CARTESIAN_POINT('',(-41.,70.4,-10.875));
#623 = VECTOR('',#624,1.);
#624 = DIRECTION('',(0.,0.,-1.));
#625 = ORIENTED_EDGE('',*,*,#626,.T.);
#626 = EDGE_CURVE('',#619,#627,#629,.T.);
#627 = VERTEX_POINT('',#628);
#628 = CARTESIAN_POINT('',(-41.,79.8,-7.25));
#629 = LINE('',#630,#631);
#630 = CARTESIAN_POINT('',(-41.,71.55,-7.25));
#631 = VECTOR('',#632,1.);
#632 = DIRECTION('',(0.,1.,0.));
#633 = ORIENTED_EDGE('',*,*,#634,.F.);
#634 = EDGE_CURVE('',#579,#627,#635,.T.);
#635 = LINE('',#636,#637);
#636 = CARTESIAN_POINT('',(-41.,79.8,-9.35));
#637 = VECTOR('',#638,1.);
#638 = DIRECTION('',(0.,0.,-1.));
#639 = FACE_BOUND('',#640,.T.);
#640 = EDGE_LOOP('',(#641,#651,#660,#668));
#641 = ORIENTED_EDGE('',*,*,#642,.F.);
#642 = EDGE_CURVE('',#643,#645,#647,.T.);
#643 = VERTEX_POINT('',#644);
#644 = CARTESIAN_POINT('',(-41.,72.8,-2.4));
#645 = VERTEX_POINT('',#646);
#646 = CARTESIAN_POINT('',(-41.,76.8,-2.4));
#647 = LINE('',#648,#649);
#648 = CARTESIAN_POINT('',(-41.,72.8,-2.4));
#649 = VECTOR('',#650,1.);
#650 = DIRECTION('',(0.,1.,0.));
#651 = ORIENTED_EDGE('',*,*,#652,.T.);
#652 = EDGE_CURVE('',#643,#653,#655,.T.);
#653 = VERTEX_POINT('',#654);
#654 = CARTESIAN_POINT('',(-41.,72.8,-6.));
#655 = CIRCLE('',#656,1.8);
#656 = AXIS2_PLACEMENT_3D('',#657,#658,#659);
#657 = CARTESIAN_POINT('',(-41.,72.8,-4.2));
#658 = DIRECTION('',(1.,0.,-0.));
#659 = DIRECTION('',(0.,0.,1.));
#660 = ORIENTED_EDGE('',*,*,#661,.T.);
#661 = EDGE_CURVE('',#653,#662,#664,.T.);
#662 = VERTEX_POINT('',#663);
#663 = CARTESIAN_POINT('',(-41.,76.8,-6.));
#664 = LINE('',#665,#666);
#665 = CARTESIAN_POINT('',(-41.,72.8,-6.));
#666 = VECTOR('',#667,1.);
#667 = DIRECTION('',(0.,1.,0.));
#668 = ORIENTED_EDGE('',*,*,#669,.T.);
#669 = EDGE_CURVE('',#662,#645,#670,.T.);
#670 = CIRCLE('',#671,1.8);
#671 = AXIS2_PLACEMENT_3D('',#672,#673,#674);
#672 = CARTESIAN_POINT('',(-41.,76.8,-4.2));
#673 = DIRECTION('',(1.,0.,-0.));
#674 = DIRECTION('',(0.,0.,1.));
#675 = FACE_BOUND('',#676,.T.);
#676 = EDGE_LOOP('',(#677));
#677 = ORIENTED_EDGE('',*,*,#678,.T.);
#678 = EDGE_CURVE('',#679,#679,#681,.T.);
#679 = VERTEX_POINT('',#680);
#680 = CARTESIAN_POINT('',(-41.,53.,-15.75));
#681 = CIRCLE('',#682,4.25);
#682 = AXIS2_PLACEMENT_3D('',#683,#684,#685);
#683 = CARTESIAN_POINT('',(-41.,53.,-20.));
#684 = DIRECTION('',(1.,0.,-0.));
#685 = DIRECTION('',(0.,0.,1.));
#686 = FACE_BOUND('',#687,.T.);
#687 = EDGE_LOOP('',(#688,#698,#706,#714));
#688 = ORIENTED_EDGE('',*,*,#689,.F.);
#689 = EDGE_CURVE('',#690,#692,#694,.T.);
#690 = VERTEX_POINT('',#691);
#691 = CARTESIAN_POINT('',(-41.,35.2,-25.25));
#692 = VERTEX_POINT('',#693);
#693 = CARTESIAN_POINT('',(-41.,20.,-25.25));
#694 = LINE('',#695,#696);
#695 = CARTESIAN_POINT('',(-41.,6.75,-25.25));
#696 = VECTOR('',#697,1.);
#697 = DIRECTION('',(0.,-1.,0.));
#698 = ORIENTED_EDGE('',*,*,#699,.T.);
#699 = EDGE_CURVE('',#690,#700,#702,.T.);
#700 = VERTEX_POINT('',#701);
#701 = CARTESIAN_POINT('',(-41.,35.2,-14.75));
#702 = LINE('',#703,#704);
#703 = CARTESIAN_POINT('',(-41.,35.2,-27.125));
#704 = VECTOR('',#705,1.);
#705 = DIRECTION('',(0.,0.,1.));
#706 = ORIENTED_EDGE('',*,*,#707,.T.);
#707 = EDGE_CURVE('',#700,#708,#710,.T.);
#708 = VERTEX_POINT('',#709);
#709 = CARTESIAN_POINT('',(-41.,20.,-14.75));
#710 = LINE('',#711,#712);
#711 = CARTESIAN_POINT('',(-41.,6.75,-14.75));
#712 = VECTOR('',#713,1.);
#713 = DIRECTION('',(0.,-1.,0.));
#714 = ORIENTED_EDGE('',*,*,#715,.F.);
#715 = EDGE_CURVE('',#692,#708,#716,.T.);
#716 = LINE('',#717,#718);
#717 = CARTESIAN_POINT('',(-41.,20.,-27.125));
#718 = VECTOR('',#719,1.);
#719 = DIRECTION('',(0.,0.,1.));
#720 = PLANE('',#721);
#721 = AXIS2_PLACEMENT_3D('',#722,#723,#724);
#722 = CARTESIAN_POINT('',(-41.,72.7,-14.5));
#723 = DIRECTION('',(-1.,-0.,-0.));
#724 = DIRECTION('',(0.,0.,-1.));
#725 = ADVANCED_FACE('',(#726),#744,.T.);
#726 = FACE_BOUND('',#727,.T.);
#727 = EDGE_LOOP('',(#728,#729,#730,#738));
#728 = ORIENTED_EDGE('',*,*,#72,.F.);
#729 = ORIENTED_EDGE('',*,*,#32,.T.);
#730 = ORIENTED_EDGE('',*,*,#731,.T.);
#731 = EDGE_CURVE('',#33,#732,#734,.T.);
#732 = VERTEX_POINT('',#733);
#733 = CARTESIAN_POINT('',(27.,151.9,0.));
#734 = LINE('',#735,#736);
#735 = CARTESIAN_POINT('',(-41.,151.9,0.));
#736 = VECTOR('',#737,1.);
#737 = DIRECTION('',(1.,0.,0.));
#738 = ORIENTED_EDGE('',*,*,#739,.F.);
#739 = EDGE_CURVE('',#73,#732,#740,.T.);
#740 = LINE('',#741,#742);
#741 = CARTESIAN_POINT('',(27.,151.9,-29.));
#742 = VECTOR('',#743,1.);
#743 = DIRECTION('',(0.,0.,1.));
#744 = PLANE('',#745);
#745 = AXIS2_PLACEMENT_3D('',#746,#747,#748);
#746 = CARTESIAN_POINT('',(-41.,151.9,-29.));
#747 = DIRECTION('',(0.,1.,0.));
#748 = DIRECTION('',(0.,0.,1.));
#749 = ADVANCED_FACE('',(#750,#828),#1006,.T.);
#750 = FACE_BOUND('',#751,.T.);
#751 = EDGE_LOOP('',(#752,#753,#762,#770,#778,#786,#794,#802,#811,#819,
    #826,#827));
#752 = ORIENTED_EDGE('',*,*,#347,.F.);
#753 = ORIENTED_EDGE('',*,*,#754,.T.);
#754 = EDGE_CURVE('',#340,#755,#757,.T.);
#755 = VERTEX_POINT('',#756);
#756 = CARTESIAN_POINT('',(-27.,-6.5,0.));
#757 = CIRCLE('',#758,14.);
#758 = AXIS2_PLACEMENT_3D('',#759,#760,#761);
#759 = CARTESIAN_POINT('',(-27.,7.5,0.));
#760 = DIRECTION('',(-0.,0.,1.));
#761 = DIRECTION('',(0.,-1.,0.));
#762 = ORIENTED_EDGE('',*,*,#763,.T.);
#763 = EDGE_CURVE('',#755,#764,#766,.T.);
#764 = VERTEX_POINT('',#765);
#765 = CARTESIAN_POINT('',(-5.1,-6.5,0.));
#766 = LINE('',#767,#768);
#767 = CARTESIAN_POINT('',(-41.,-6.5,0.));
#768 = VECTOR('',#769,1.);
#769 = DIRECTION('',(1.,0.,0.));
#770 = ORIENTED_EDGE('',*,*,#771,.T.);
#771 = EDGE_CURVE('',#764,#772,#774,.T.);
#772 = VERTEX_POINT('',#773);
#773 = CARTESIAN_POINT('',(-5.1,-4.8,0.));
#774 = LINE('',#775,#776);
#775 = CARTESIAN_POINT('',(-5.1,-7.,0.));
#776 = VECTOR('',#777,1.);
#777 = DIRECTION('',(0.,1.,0.));
#778 = ORIENTED_EDGE('',*,*,#779,.F.);
#779 = EDGE_CURVE('',#780,#772,#782,.T.);
#780 = VERTEX_POINT('',#781);
#781 = CARTESIAN_POINT('',(5.1,-4.8,0.));
#782 = LINE('',#783,#784);
#783 = CARTESIAN_POINT('',(3.8E-16,-4.8,0.));
#784 = VECTOR('',#785,1.);
#785 = DIRECTION('',(-1.,0.,0.));
#786 = ORIENTED_EDGE('',*,*,#787,.F.);
#787 = EDGE_CURVE('',#788,#780,#790,.T.);
#788 = VERTEX_POINT('',#789);
#789 = CARTESIAN_POINT('',(5.1,-6.5,0.));
#790 = LINE('',#791,#792);
#791 = CARTESIAN_POINT('',(5.1,-7.,0.));
#792 = VECTOR('',#793,1.);
#793 = DIRECTION('',(0.,1.,0.));
#794 = ORIENTED_EDGE('',*,*,#795,.T.);
#795 = EDGE_CURVE('',#788,#796,#798,.T.);
#796 = VERTEX_POINT('',#797);
#797 = CARTESIAN_POINT('',(27.,-6.5,0.));
#798 = LINE('',#799,#800);
#799 = CARTESIAN_POINT('',(-41.,-6.5,0.));
#800 = VECTOR('',#801,1.);
#801 = DIRECTION('',(1.,0.,0.));
#802 = ORIENTED_EDGE('',*,*,#803,.F.);
#803 = EDGE_CURVE('',#804,#796,#806,.T.);
#804 = VERTEX_POINT('',#805);
#805 = CARTESIAN_POINT('',(41.,7.5,0.));
#806 = CIRCLE('',#807,14.);
#807 = AXIS2_PLACEMENT_3D('',#808,#809,#810);
#808 = CARTESIAN_POINT('',(27.,7.5,0.));
#809 = DIRECTION('',(-0.,-0.,-1.));
#810 = DIRECTION('',(0.,-1.,0.));
#811 = ORIENTED_EDGE('',*,*,#812,.T.);
#812 = EDGE_CURVE('',#804,#813,#815,.T.);
#813 = VERTEX_POINT('',#814);
#814 = CARTESIAN_POINT('',(41.,137.9,0.));
#815 = LINE('',#816,#817);
#816 = CARTESIAN_POINT('',(41.,-6.5,0.));
#817 = VECTOR('',#818,1.);
#818 = DIRECTION('',(0.,1.,0.));
#819 = ORIENTED_EDGE('',*,*,#820,.T.);
#820 = EDGE_CURVE('',#813,#732,#821,.T.);
#821 = CIRCLE('',#822,14.);
#822 = AXIS2_PLACEMENT_3D('',#823,#824,#825);
#823 = CARTESIAN_POINT('',(27.,137.9,0.));
#824 = DIRECTION('',(-0.,0.,1.));
#825 = DIRECTION('',(0.,-1.,0.));
#826 = ORIENTED_EDGE('',*,*,#731,.F.);
#827 = ORIENTED_EDGE('',*,*,#40,.F.);
#828 = FACE_BOUND('',#829,.T.);
#829 = EDGE_LOOP('',(#830,#840,#849,#858,#867,#876,#884,#893,#902,#911,
    #920,#928,#937,#946,#955,#964,#972,#981,#990,#999));
#830 = ORIENTED_EDGE('',*,*,#831,.T.);
#831 = EDGE_CURVE('',#832,#834,#836,.T.);
#832 = VERTEX_POINT('',#833);
#833 = CARTESIAN_POINT('',(-35.5,10.8,0.));
#834 = VERTEX_POINT('',#835);
#835 = CARTESIAN_POINT('',(-35.5,134.6,0.));
#836 = LINE('',#837,#838);
#837 = CARTESIAN_POINT('',(-35.5,-3.25,0.));
#838 = VECTOR('',#839,1.);
#839 = DIRECTION('',(0.,1.,0.));
#840 = ORIENTED_EDGE('',*,*,#841,.F.);
#841 = EDGE_CURVE('',#842,#834,#844,.T.);
#842 = VERTEX_POINT('',#843);
#843 = CARTESIAN_POINT('',(-32.36826400083,142.20511191327,0.));
#844 = CIRCLE('',#845,10.8);
#845 = AXIS2_PLACEMENT_3D('',#846,#847,#848);
#846 = CARTESIAN_POINT('',(-24.7,134.6,0.));
#847 = DIRECTION('',(0.,0.,1.));
#848 = DIRECTION('',(-1.,0.,0.));
#849 = ORIENTED_EDGE('',*,*,#850,.F.);
#850 = EDGE_CURVE('',#851,#842,#853,.T.);
#851 = VERTEX_POINT('',#852);
#852 = CARTESIAN_POINT('',(-30.8,143.9,0.));
#853 = CIRCLE('',#854,1.7);
#854 = AXIS2_PLACEMENT_3D('',#855,#856,#857);
#855 = CARTESIAN_POINT('',(-32.5,143.9,0.));
#856 = DIRECTION('',(0.,0.,1.));
#857 = DIRECTION('',(1.,0.,0.));
#858 = ORIENTED_EDGE('',*,*,#859,.F.);
#859 = EDGE_CURVE('',#860,#851,#862,.T.);
#860 = VERTEX_POINT('',#861);
#861 = CARTESIAN_POINT('',(-30.85393107145,143.47519759598,0.));
#862 = CIRCLE('',#863,1.7);
#863 = AXIS2_PLACEMENT_3D('',#864,#865,#866);
#864 = CARTESIAN_POINT('',(-32.5,143.9,0.));
#865 = DIRECTION('',(0.,0.,1.));
#866 = DIRECTION('',(1.,0.,0.));
#867 = ORIENTED_EDGE('',*,*,#868,.F.);
#868 = EDGE_CURVE('',#869,#860,#871,.T.);
#869 = VERTEX_POINT('',#870);
#870 = CARTESIAN_POINT('',(-24.7,145.4,0.));
#871 = CIRCLE('',#872,10.8);
#872 = AXIS2_PLACEMENT_3D('',#873,#874,#875);
#873 = CARTESIAN_POINT('',(-24.7,134.6,0.));
#874 = DIRECTION('',(0.,0.,1.));
#875 = DIRECTION('',(-1.,0.,0.));
#876 = ORIENTED_EDGE('',*,*,#877,.F.);
#877 = EDGE_CURVE('',#878,#869,#880,.T.);
#878 = VERTEX_POINT('',#879);
#879 = CARTESIAN_POINT('',(24.7,145.4,0.));
#880 = LINE('',#881,#882);
#881 = CARTESIAN_POINT('',(-38.25,145.4,0.));
#882 = VECTOR('',#883,1.);
#883 = DIRECTION('',(-1.,0.,0.));
#884 = ORIENTED_EDGE('',*,*,#885,.F.);
#885 = EDGE_CURVE('',#886,#878,#888,.T.);
#886 = VERTEX_POINT('',#887);
#887 = CARTESIAN_POINT('',(30.85393107145,143.47519759598,0.));
#888 = CIRCLE('',#889,10.8);
#889 = AXIS2_PLACEMENT_3D('',#890,#891,#892);
#890 = CARTESIAN_POINT('',(24.7,134.6,0.));
#891 = DIRECTION('',(0.,0.,1.));
#892 = DIRECTION('',(1.,0.,0.));
#893 = ORIENTED_EDGE('',*,*,#894,.F.);
#894 = EDGE_CURVE('',#895,#886,#897,.T.);
#895 = VERTEX_POINT('',#896);
#896 = CARTESIAN_POINT('',(34.2,143.9,0.));
#897 = CIRCLE('',#898,1.7);
#898 = AXIS2_PLACEMENT_3D('',#899,#900,#901);
#899 = CARTESIAN_POINT('',(32.5,143.9,0.));
#900 = DIRECTION('',(0.,0.,1.));
#901 = DIRECTION('',(1.,0.,0.));
#902 = ORIENTED_EDGE('',*,*,#903,.F.);
#903 = EDGE_CURVE('',#904,#895,#906,.T.);
#904 = VERTEX_POINT('',#905);
#905 = CARTESIAN_POINT('',(32.368264000837,142.20511191327,0.));
#906 = CIRCLE('',#907,1.7);
#907 = AXIS2_PLACEMENT_3D('',#908,#909,#910);
#908 = CARTESIAN_POINT('',(32.5,143.9,0.));
#909 = DIRECTION('',(0.,0.,1.));
#910 = DIRECTION('',(1.,0.,0.));
#911 = ORIENTED_EDGE('',*,*,#912,.F.);
#912 = EDGE_CURVE('',#913,#904,#915,.T.);
#913 = VERTEX_POINT('',#914);
#914 = CARTESIAN_POINT('',(35.5,134.6,0.));
#915 = CIRCLE('',#916,10.8);
#916 = AXIS2_PLACEMENT_3D('',#917,#918,#919);
#917 = CARTESIAN_POINT('',(24.7,134.6,0.));
#918 = DIRECTION('',(0.,0.,1.));
#919 = DIRECTION('',(1.,0.,0.));
#920 = ORIENTED_EDGE('',*,*,#921,.F.);
#921 = EDGE_CURVE('',#922,#913,#924,.T.);
#922 = VERTEX_POINT('',#923);
#923 = CARTESIAN_POINT('',(35.5,10.8,0.));
#924 = LINE('',#925,#926);
#925 = CARTESIAN_POINT('',(35.5,-3.25,0.));
#926 = VECTOR('',#927,1.);
#927 = DIRECTION('',(0.,1.,0.));
#928 = ORIENTED_EDGE('',*,*,#929,.F.);
#929 = EDGE_CURVE('',#930,#922,#932,.T.);
#930 = VERTEX_POINT('',#931);
#931 = CARTESIAN_POINT('',(32.36826400084,3.194888086726,0.));
#932 = CIRCLE('',#933,10.8);
#933 = AXIS2_PLACEMENT_3D('',#934,#935,#936);
#934 = CARTESIAN_POINT('',(24.7,10.8,0.));
#935 = DIRECTION('',(0.,0.,1.));
#936 = DIRECTION('',(1.,0.,0.));
#937 = ORIENTED_EDGE('',*,*,#938,.F.);
#938 = EDGE_CURVE('',#939,#930,#941,.T.);
#939 = VERTEX_POINT('',#940);
#940 = CARTESIAN_POINT('',(34.2,1.5,0.));
#941 = CIRCLE('',#942,1.7);
#942 = AXIS2_PLACEMENT_3D('',#943,#944,#945);
#943 = CARTESIAN_POINT('',(32.5,1.5,0.));
#944 = DIRECTION('',(0.,0.,1.));
#945 = DIRECTION('',(1.,0.,0.));
#946 = ORIENTED_EDGE('',*,*,#947,.F.);
#947 = EDGE_CURVE('',#948,#939,#950,.T.);
#948 = VERTEX_POINT('',#949);
#949 = CARTESIAN_POINT('',(30.853931071447,1.924802404009,0.));
#950 = CIRCLE('',#951,1.7);
#951 = AXIS2_PLACEMENT_3D('',#952,#953,#954);
#952 = CARTESIAN_POINT('',(32.5,1.5,0.));
#953 = DIRECTION('',(0.,0.,1.));
#954 = DIRECTION('',(1.,0.,0.));
#955 = ORIENTED_EDGE('',*,*,#956,.F.);
#956 = EDGE_CURVE('',#957,#948,#959,.T.);
#957 = VERTEX_POINT('',#958);
#958 = CARTESIAN_POINT('',(24.7,-2.E-15,0.));
#959 = CIRCLE('',#960,10.8);
#960 = AXIS2_PLACEMENT_3D('',#961,#962,#963);
#961 = CARTESIAN_POINT('',(24.7,10.8,0.));
#962 = DIRECTION('',(0.,0.,1.));
#963 = DIRECTION('',(1.,0.,0.));
#964 = ORIENTED_EDGE('',*,*,#965,.T.);
#965 = EDGE_CURVE('',#957,#966,#968,.T.);
#966 = VERTEX_POINT('',#967);
#967 = CARTESIAN_POINT('',(-24.7,-2.E-15,0.));
#968 = LINE('',#969,#970);
#969 = CARTESIAN_POINT('',(-38.25,0.,0.));
#970 = VECTOR('',#971,1.);
#971 = DIRECTION('',(-1.,0.,0.));
#972 = ORIENTED_EDGE('',*,*,#973,.F.);
#973 = EDGE_CURVE('',#974,#966,#976,.T.);
#974 = VERTEX_POINT('',#975);
#975 = CARTESIAN_POINT('',(-30.85393107144,1.924802404009,0.));
#976 = CIRCLE('',#977,10.8);
#977 = AXIS2_PLACEMENT_3D('',#978,#979,#980);
#978 = CARTESIAN_POINT('',(-24.7,10.8,0.));
#979 = DIRECTION('',(0.,0.,1.));
#980 = DIRECTION('',(-1.,0.,0.));
#981 = ORIENTED_EDGE('',*,*,#982,.F.);
#982 = EDGE_CURVE('',#983,#974,#985,.T.);
#983 = VERTEX_POINT('',#984);
#984 = CARTESIAN_POINT('',(-30.8,1.5,0.));
#985 = CIRCLE('',#986,1.7);
#986 = AXIS2_PLACEMENT_3D('',#987,#988,#989);
#987 = CARTESIAN_POINT('',(-32.5,1.5,0.));
#988 = DIRECTION('',(0.,0.,1.));
#989 = DIRECTION('',(1.,0.,0.));
#990 = ORIENTED_EDGE('',*,*,#991,.F.);
#991 = EDGE_CURVE('',#992,#983,#994,.T.);
#992 = VERTEX_POINT('',#993);
#993 = CARTESIAN_POINT('',(-32.36826400084,3.194888086726,0.));
#994 = CIRCLE('',#995,1.7);
#995 = AXIS2_PLACEMENT_3D('',#996,#997,#998);
#996 = CARTESIAN_POINT('',(-32.5,1.5,0.));
#997 = DIRECTION('',(0.,0.,1.));
#998 = DIRECTION('',(1.,0.,0.));
#999 = ORIENTED_EDGE('',*,*,#1000,.F.);
#1000 = EDGE_CURVE('',#832,#992,#1001,.T.);
#1001 = CIRCLE('',#1002,10.8);
#1002 = AXIS2_PLACEMENT_3D('',#1003,#1004,#1005);
#1003 = CARTESIAN_POINT('',(-24.7,10.8,0.));
#1004 = DIRECTION('',(0.,0.,1.));
#1005 = DIRECTION('',(-1.,0.,0.));
#1006 = PLANE('',#1007);
#1007 = AXIS2_PLACEMENT_3D('',#1008,#1009,#1010);
#1008 = CARTESIAN_POINT('',(5.E-16,72.7,0.));
#1009 = DIRECTION('',(0.,0.,1.));
#1010 = DIRECTION('',(1.,0.,0.));
#1011 = ADVANCED_FACE('',(#1012),#1023,.T.);
#1012 = FACE_BOUND('',#1013,.T.);
#1013 = EDGE_LOOP('',(#1014,#1015,#1016,#1017));
#1014 = ORIENTED_EDGE('',*,*,#80,.T.);
#1015 = ORIENTED_EDGE('',*,*,#739,.T.);
#1016 = ORIENTED_EDGE('',*,*,#820,.F.);
#1017 = ORIENTED_EDGE('',*,*,#1018,.F.);
#1018 = EDGE_CURVE('',#81,#813,#1019,.T.);
#1019 = LINE('',#1020,#1021);
#1020 = CARTESIAN_POINT('',(41.,137.9,-29.));
#1021 = VECTOR('',#1022,1.);
#1022 = DIRECTION('',(0.,0.,1.));
#1023 = CYLINDRICAL_SURFACE('',#1024,14.);
#1024 = AXIS2_PLACEMENT_3D('',#1025,#1026,#1027);
#1025 = CARTESIAN_POINT('',(27.,137.9,-29.));
#1026 = DIRECTION('',(0.,0.,1.));
#1027 = DIRECTION('',(1.,0.,0.));
#1028 = ADVANCED_FACE('',(#1029,#1040,#1176,#1312,#1448,#1584,#1720,
    #1856),#1910,.T.);
#1029 = FACE_BOUND('',#1030,.T.);
#1030 = EDGE_LOOP('',(#1031,#1032,#1038,#1039));
#1031 = ORIENTED_EDGE('',*,*,#812,.F.);
#1032 = ORIENTED_EDGE('',*,*,#1033,.F.);
#1033 = EDGE_CURVE('',#90,#804,#1034,.T.);
#1034 = LINE('',#1035,#1036);
#1035 = CARTESIAN_POINT('',(41.,7.5,-29.));
#1036 = VECTOR('',#1037,1.);
#1037 = DIRECTION('',(0.,0.,1.));
#1038 = ORIENTED_EDGE('',*,*,#89,.T.);
#1039 = ORIENTED_EDGE('',*,*,#1018,.T.);
#1040 = FACE_BOUND('',#1041,.T.);
#1041 = EDGE_LOOP('',(#1042,#1052,#1060,#1069,#1077,#1085,#1094,#1102,
    #1111,#1119,#1127,#1136,#1144,#1152,#1161,#1169));
#1042 = ORIENTED_EDGE('',*,*,#1043,.F.);
#1043 = EDGE_CURVE('',#1044,#1046,#1048,.T.);
#1044 = VERTEX_POINT('',#1045);
#1045 = CARTESIAN_POINT('',(41.,131.,-25.));
#1046 = VERTEX_POINT('',#1047);
#1047 = CARTESIAN_POINT('',(41.,131.,-24.2));
#1048 = LINE('',#1049,#1050);
#1049 = CARTESIAN_POINT('',(41.,131.,-27.));
#1050 = VECTOR('',#1051,1.);
#1051 = DIRECTION('',(0.,0.,1.));
#1052 = ORIENTED_EDGE('',*,*,#1053,.T.);
#1053 = EDGE_CURVE('',#1044,#1054,#1056,.T.);
#1054 = VERTEX_POINT('',#1055);
#1055 = CARTESIAN_POINT('',(41.,130.40831891575,-25.));
#1056 = LINE('',#1057,#1058);
#1057 = CARTESIAN_POINT('',(41.,59.25,-25.));
#1058 = VECTOR('',#1059,1.);
#1059 = DIRECTION('',(0.,-1.,0.));
#1060 = ORIENTED_EDGE('',*,*,#1061,.F.);
#1061 = EDGE_CURVE('',#1062,#1054,#1064,.T.);
#1062 = VERTEX_POINT('',#1063);
#1063 = CARTESIAN_POINT('',(41.,125.59168108424,-25.));
#1064 = CIRCLE('',#1065,3.4);
#1065 = AXIS2_PLACEMENT_3D('',#1066,#1067,#1068);
#1066 = CARTESIAN_POINT('',(41.,128.,-22.6));
#1067 = DIRECTION('',(1.,0.,-0.));
#1068 = DIRECTION('',(0.,0.,1.));
#1069 = ORIENTED_EDGE('',*,*,#1070,.T.);
#1070 = EDGE_CURVE('',#1062,#1071,#1073,.T.);
#1071 = VERTEX_POINT('',#1072);
#1072 = CARTESIAN_POINT('',(41.,125.,-25.));
#1073 = LINE('',#1074,#1075);
#1074 = CARTESIAN_POINT('',(41.,59.25,-25.));
#1075 = VECTOR('',#1076,1.);
#1076 = DIRECTION('',(0.,-1.,0.));
#1077 = ORIENTED_EDGE('',*,*,#1078,.T.);
#1078 = EDGE_CURVE('',#1071,#1079,#1081,.T.);
#1079 = VERTEX_POINT('',#1080);
#1080 = CARTESIAN_POINT('',(41.,125.,-24.2));
#1081 = LINE('',#1082,#1083);
#1082 = CARTESIAN_POINT('',(41.,125.,-27.));
#1083 = VECTOR('',#1084,1.);
#1084 = DIRECTION('',(0.,0.,1.));
#1085 = ORIENTED_EDGE('',*,*,#1086,.F.);
#1086 = EDGE_CURVE('',#1087,#1079,#1089,.T.);
#1087 = VERTEX_POINT('',#1088);
#1088 = CARTESIAN_POINT('',(41.,124.6,-22.6));
#1089 = CIRCLE('',#1090,3.4);
#1090 = AXIS2_PLACEMENT_3D('',#1091,#1092,#1093);
#1091 = CARTESIAN_POINT('',(41.,128.,-22.6));
#1092 = DIRECTION('',(1.,0.,-0.));
#1093 = DIRECTION('',(0.,0.,1.));
#1094 = ORIENTED_EDGE('',*,*,#1095,.T.);
#1095 = EDGE_CURVE('',#1087,#1096,#1098,.T.);
#1096 = VERTEX_POINT('',#1097);
#1097 = CARTESIAN_POINT('',(41.,124.6,-19.4));
#1098 = LINE('',#1099,#1100);
#1099 = CARTESIAN_POINT('',(41.,124.6,-25.8));
#1100 = VECTOR('',#1101,1.);
#1101 = DIRECTION('',(0.,0.,1.));
#1102 = ORIENTED_EDGE('',*,*,#1103,.F.);
#1103 = EDGE_CURVE('',#1104,#1096,#1106,.T.);
#1104 = VERTEX_POINT('',#1105);
#1105 = CARTESIAN_POINT('',(41.,125.,-17.8));
#1106 = CIRCLE('',#1107,3.4);
#1107 = AXIS2_PLACEMENT_3D('',#1108,#1109,#1110);
#1108 = CARTESIAN_POINT('',(41.,128.,-19.4));
#1109 = DIRECTION('',(1.,0.,-0.));
#1110 = DIRECTION('',(0.,0.,1.));
#1111 = ORIENTED_EDGE('',*,*,#1112,.T.);
#1112 = EDGE_CURVE('',#1104,#1113,#1115,.T.);
#1113 = VERTEX_POINT('',#1114);
#1114 = CARTESIAN_POINT('',(41.,125.,-17.));
#1115 = LINE('',#1116,#1117);
#1116 = CARTESIAN_POINT('',(41.,125.,-27.));
#1117 = VECTOR('',#1118,1.);
#1118 = DIRECTION('',(0.,0.,1.));
#1119 = ORIENTED_EDGE('',*,*,#1120,.F.);
#1120 = EDGE_CURVE('',#1121,#1113,#1123,.T.);
#1121 = VERTEX_POINT('',#1122);
#1122 = CARTESIAN_POINT('',(41.,125.59168108424,-17.));
#1123 = LINE('',#1124,#1125);
#1124 = CARTESIAN_POINT('',(41.,59.25,-17.));
#1125 = VECTOR('',#1126,1.);
#1126 = DIRECTION('',(0.,-1.,0.));
#1127 = ORIENTED_EDGE('',*,*,#1128,.F.);
#1128 = EDGE_CURVE('',#1129,#1121,#1131,.T.);
#1129 = VERTEX_POINT('',#1130);
#1130 = CARTESIAN_POINT('',(41.,130.40831891575,-17.));
#1131 = CIRCLE('',#1132,3.4);
#1132 = AXIS2_PLACEMENT_3D('',#1133,#1134,#1135);
#1133 = CARTESIAN_POINT('',(41.,128.,-19.4));
#1134 = DIRECTION('',(1.,0.,-0.));
#1135 = DIRECTION('',(0.,0.,1.));
#1136 = ORIENTED_EDGE('',*,*,#1137,.F.);
#1137 = EDGE_CURVE('',#1138,#1129,#1140,.T.);
#1138 = VERTEX_POINT('',#1139);
#1139 = CARTESIAN_POINT('',(41.,131.,-17.));
#1140 = LINE('',#1141,#1142);
#1141 = CARTESIAN_POINT('',(41.,59.25,-17.));
#1142 = VECTOR('',#1143,1.);
#1143 = DIRECTION('',(0.,-1.,0.));
#1144 = ORIENTED_EDGE('',*,*,#1145,.F.);
#1145 = EDGE_CURVE('',#1146,#1138,#1148,.T.);
#1146 = VERTEX_POINT('',#1147);
#1147 = CARTESIAN_POINT('',(41.,131.,-17.8));
#1148 = LINE('',#1149,#1150);
#1149 = CARTESIAN_POINT('',(41.,131.,-27.));
#1150 = VECTOR('',#1151,1.);
#1151 = DIRECTION('',(0.,0.,1.));
#1152 = ORIENTED_EDGE('',*,*,#1153,.F.);
#1153 = EDGE_CURVE('',#1154,#1146,#1156,.T.);
#1154 = VERTEX_POINT('',#1155);
#1155 = CARTESIAN_POINT('',(41.,131.4,-19.4));
#1156 = CIRCLE('',#1157,3.4);
#1157 = AXIS2_PLACEMENT_3D('',#1158,#1159,#1160);
#1158 = CARTESIAN_POINT('',(41.,128.,-19.4));
#1159 = DIRECTION('',(1.,0.,-0.));
#1160 = DIRECTION('',(0.,0.,1.));
#1161 = ORIENTED_EDGE('',*,*,#1162,.F.);
#1162 = EDGE_CURVE('',#1163,#1154,#1165,.T.);
#1163 = VERTEX_POINT('',#1164);
#1164 = CARTESIAN_POINT('',(41.,131.4,-22.6));
#1165 = LINE('',#1166,#1167);
#1166 = CARTESIAN_POINT('',(41.,131.4,-25.8));
#1167 = VECTOR('',#1168,1.);
#1168 = DIRECTION('',(0.,0.,1.));
#1169 = ORIENTED_EDGE('',*,*,#1170,.F.);
#1170 = EDGE_CURVE('',#1046,#1163,#1171,.T.);
#1171 = CIRCLE('',#1172,3.4);
#1172 = AXIS2_PLACEMENT_3D('',#1173,#1174,#1175);
#1173 = CARTESIAN_POINT('',(41.,128.,-22.6));
#1174 = DIRECTION('',(1.,0.,-0.));
#1175 = DIRECTION('',(0.,0.,1.));
#1176 = FACE_BOUND('',#1177,.T.);
#1177 = EDGE_LOOP('',(#1178,#1188,#1196,#1205,#1213,#1221,#1230,#1238,
    #1247,#1255,#1263,#1272,#1280,#1288,#1297,#1305));
#1178 = ORIENTED_EDGE('',*,*,#1179,.F.);
#1179 = EDGE_CURVE('',#1180,#1182,#1184,.T.);
#1180 = VERTEX_POINT('',#1181);
#1181 = CARTESIAN_POINT('',(41.,119.,-25.));
#1182 = VERTEX_POINT('',#1183);
#1183 = CARTESIAN_POINT('',(41.,119.,-24.2));
#1184 = LINE('',#1185,#1186);
#1185 = CARTESIAN_POINT('',(41.,119.,-27.));
#1186 = VECTOR('',#1187,1.);
#1187 = DIRECTION('',(0.,0.,1.));
#1188 = ORIENTED_EDGE('',*,*,#1189,.T.);
#1189 = EDGE_CURVE('',#1180,#1190,#1192,.T.);
#1190 = VERTEX_POINT('',#1191);
#1191 = CARTESIAN_POINT('',(41.,118.40831891575,-25.));
#1192 = LINE('',#1193,#1194);
#1193 = CARTESIAN_POINT('',(41.,53.25,-25.));
#1194 = VECTOR('',#1195,1.);
#1195 = DIRECTION('',(0.,-1.,0.));
#1196 = ORIENTED_EDGE('',*,*,#1197,.F.);
#1197 = EDGE_CURVE('',#1198,#1190,#1200,.T.);
#1198 = VERTEX_POINT('',#1199);
#1199 = CARTESIAN_POINT('',(41.,113.59168108424,-25.));
#1200 = CIRCLE('',#1201,3.4);
#1201 = AXIS2_PLACEMENT_3D('',#1202,#1203,#1204);
#1202 = CARTESIAN_POINT('',(41.,116.,-22.6));
#1203 = DIRECTION('',(1.,0.,-0.));
#1204 = DIRECTION('',(0.,0.,1.));
#1205 = ORIENTED_EDGE('',*,*,#1206,.T.);
#1206 = EDGE_CURVE('',#1198,#1207,#1209,.T.);
#1207 = VERTEX_POINT('',#1208);
#1208 = CARTESIAN_POINT('',(41.,113.,-25.));
#1209 = LINE('',#1210,#1211);
#1210 = CARTESIAN_POINT('',(41.,53.25,-25.));
#1211 = VECTOR('',#1212,1.);
#1212 = DIRECTION('',(0.,-1.,0.));
#1213 = ORIENTED_EDGE('',*,*,#1214,.T.);
#1214 = EDGE_CURVE('',#1207,#1215,#1217,.T.);
#1215 = VERTEX_POINT('',#1216);
#1216 = CARTESIAN_POINT('',(41.,113.,-24.2));
#1217 = LINE('',#1218,#1219);
#1218 = CARTESIAN_POINT('',(41.,113.,-27.));
#1219 = VECTOR('',#1220,1.);
#1220 = DIRECTION('',(0.,0.,1.));
#1221 = ORIENTED_EDGE('',*,*,#1222,.F.);
#1222 = EDGE_CURVE('',#1223,#1215,#1225,.T.);
#1223 = VERTEX_POINT('',#1224);
#1224 = CARTESIAN_POINT('',(41.,112.6,-22.6));
#1225 = CIRCLE('',#1226,3.4);
#1226 = AXIS2_PLACEMENT_3D('',#1227,#1228,#1229);
#1227 = CARTESIAN_POINT('',(41.,116.,-22.6));
#1228 = DIRECTION('',(1.,0.,-0.));
#1229 = DIRECTION('',(0.,0.,1.));
#1230 = ORIENTED_EDGE('',*,*,#1231,.T.);
#1231 = EDGE_CURVE('',#1223,#1232,#1234,.T.);
#1232 = VERTEX_POINT('',#1233);
#1233 = CARTESIAN_POINT('',(41.,112.6,-19.4));
#1234 = LINE('',#1235,#1236);
#1235 = CARTESIAN_POINT('',(41.,112.6,-25.8));
#1236 = VECTOR('',#1237,1.);
#1237 = DIRECTION('',(0.,0.,1.));
#1238 = ORIENTED_EDGE('',*,*,#1239,.F.);
#1239 = EDGE_CURVE('',#1240,#1232,#1242,.T.);
#1240 = VERTEX_POINT('',#1241);
#1241 = CARTESIAN_POINT('',(41.,113.,-17.8));
#1242 = CIRCLE('',#1243,3.4);
#1243 = AXIS2_PLACEMENT_3D('',#1244,#1245,#1246);
#1244 = CARTESIAN_POINT('',(41.,116.,-19.4));
#1245 = DIRECTION('',(1.,0.,-0.));
#1246 = DIRECTION('',(0.,0.,1.));
#1247 = ORIENTED_EDGE('',*,*,#1248,.T.);
#1248 = EDGE_CURVE('',#1240,#1249,#1251,.T.);
#1249 = VERTEX_POINT('',#1250);
#1250 = CARTESIAN_POINT('',(41.,113.,-17.));
#1251 = LINE('',#1252,#1253);
#1252 = CARTESIAN_POINT('',(41.,113.,-27.));
#1253 = VECTOR('',#1254,1.);
#1254 = DIRECTION('',(0.,0.,1.));
#1255 = ORIENTED_EDGE('',*,*,#1256,.F.);
#1256 = EDGE_CURVE('',#1257,#1249,#1259,.T.);
#1257 = VERTEX_POINT('',#1258);
#1258 = CARTESIAN_POINT('',(41.,113.59168108424,-17.));
#1259 = LINE('',#1260,#1261);
#1260 = CARTESIAN_POINT('',(41.,53.25,-17.));
#1261 = VECTOR('',#1262,1.);
#1262 = DIRECTION('',(0.,-1.,0.));
#1263 = ORIENTED_EDGE('',*,*,#1264,.F.);
#1264 = EDGE_CURVE('',#1265,#1257,#1267,.T.);
#1265 = VERTEX_POINT('',#1266);
#1266 = CARTESIAN_POINT('',(41.,118.40831891575,-17.));
#1267 = CIRCLE('',#1268,3.4);
#1268 = AXIS2_PLACEMENT_3D('',#1269,#1270,#1271);
#1269 = CARTESIAN_POINT('',(41.,116.,-19.4));
#1270 = DIRECTION('',(1.,0.,-0.));
#1271 = DIRECTION('',(0.,0.,1.));
#1272 = ORIENTED_EDGE('',*,*,#1273,.F.);
#1273 = EDGE_CURVE('',#1274,#1265,#1276,.T.);
#1274 = VERTEX_POINT('',#1275);
#1275 = CARTESIAN_POINT('',(41.,119.,-17.));
#1276 = LINE('',#1277,#1278);
#1277 = CARTESIAN_POINT('',(41.,53.25,-17.));
#1278 = VECTOR('',#1279,1.);
#1279 = DIRECTION('',(0.,-1.,0.));
#1280 = ORIENTED_EDGE('',*,*,#1281,.F.);
#1281 = EDGE_CURVE('',#1282,#1274,#1284,.T.);
#1282 = VERTEX_POINT('',#1283);
#1283 = CARTESIAN_POINT('',(41.,119.,-17.8));
#1284 = LINE('',#1285,#1286);
#1285 = CARTESIAN_POINT('',(41.,119.,-27.));
#1286 = VECTOR('',#1287,1.);
#1287 = DIRECTION('',(0.,0.,1.));
#1288 = ORIENTED_EDGE('',*,*,#1289,.F.);
#1289 = EDGE_CURVE('',#1290,#1282,#1292,.T.);
#1290 = VERTEX_POINT('',#1291);
#1291 = CARTESIAN_POINT('',(41.,119.4,-19.4));
#1292 = CIRCLE('',#1293,3.4);
#1293 = AXIS2_PLACEMENT_3D('',#1294,#1295,#1296);
#1294 = CARTESIAN_POINT('',(41.,116.,-19.4));
#1295 = DIRECTION('',(1.,0.,-0.));
#1296 = DIRECTION('',(0.,0.,1.));
#1297 = ORIENTED_EDGE('',*,*,#1298,.F.);
#1298 = EDGE_CURVE('',#1299,#1290,#1301,.T.);
#1299 = VERTEX_POINT('',#1300);
#1300 = CARTESIAN_POINT('',(41.,119.4,-22.6));
#1301 = LINE('',#1302,#1303);
#1302 = CARTESIAN_POINT('',(41.,119.4,-25.8));
#1303 = VECTOR('',#1304,1.);
#1304 = DIRECTION('',(0.,0.,1.));
#1305 = ORIENTED_EDGE('',*,*,#1306,.F.);
#1306 = EDGE_CURVE('',#1182,#1299,#1307,.T.);
#1307 = CIRCLE('',#1308,3.4);
#1308 = AXIS2_PLACEMENT_3D('',#1309,#1310,#1311);
#1309 = CARTESIAN_POINT('',(41.,116.,-22.6));
#1310 = DIRECTION('',(1.,0.,-0.));
#1311 = DIRECTION('',(0.,0.,1.));
#1312 = FACE_BOUND('',#1313,.T.);
#1313 = EDGE_LOOP('',(#1314,#1324,#1332,#1341,#1349,#1357,#1366,#1374,
    #1383,#1391,#1399,#1408,#1416,#1424,#1433,#1441));
#1314 = ORIENTED_EDGE('',*,*,#1315,.F.);
#1315 = EDGE_CURVE('',#1316,#1318,#1320,.T.);
#1316 = VERTEX_POINT('',#1317);
#1317 = CARTESIAN_POINT('',(41.,107.,-25.));
#1318 = VERTEX_POINT('',#1319);
#1319 = CARTESIAN_POINT('',(41.,107.,-24.2));
#1320 = LINE('',#1321,#1322);
#1321 = CARTESIAN_POINT('',(41.,107.,-27.));
#1322 = VECTOR('',#1323,1.);
#1323 = DIRECTION('',(0.,0.,1.));
#1324 = ORIENTED_EDGE('',*,*,#1325,.T.);
#1325 = EDGE_CURVE('',#1316,#1326,#1328,.T.);
#1326 = VERTEX_POINT('',#1327);
#1327 = CARTESIAN_POINT('',(41.,106.40831891575,-25.));
#1328 = LINE('',#1329,#1330);
#1329 = CARTESIAN_POINT('',(41.,47.25,-25.));
#1330 = VECTOR('',#1331,1.);
#1331 = DIRECTION('',(0.,-1.,0.));
#1332 = ORIENTED_EDGE('',*,*,#1333,.F.);
#1333 = EDGE_CURVE('',#1334,#1326,#1336,.T.);
#1334 = VERTEX_POINT('',#1335);
#1335 = CARTESIAN_POINT('',(41.,101.59168108424,-25.));
#1336 = CIRCLE('',#1337,3.4);
#1337 = AXIS2_PLACEMENT_3D('',#1338,#1339,#1340);
#1338 = CARTESIAN_POINT('',(41.,104.,-22.6));
#1339 = DIRECTION('',(1.,0.,-0.));
#1340 = DIRECTION('',(0.,0.,1.));
#1341 = ORIENTED_EDGE('',*,*,#1342,.T.);
#1342 = EDGE_CURVE('',#1334,#1343,#1345,.T.);
#1343 = VERTEX_POINT('',#1344);
#1344 = CARTESIAN_POINT('',(41.,101.,-25.));
#1345 = LINE('',#1346,#1347);
#1346 = CARTESIAN_POINT('',(41.,47.25,-25.));
#1347 = VECTOR('',#1348,1.);
#1348 = DIRECTION('',(0.,-1.,0.));
#1349 = ORIENTED_EDGE('',*,*,#1350,.T.);
#1350 = EDGE_CURVE('',#1343,#1351,#1353,.T.);
#1351 = VERTEX_POINT('',#1352);
#1352 = CARTESIAN_POINT('',(41.,101.,-24.2));
#1353 = LINE('',#1354,#1355);
#1354 = CARTESIAN_POINT('',(41.,101.,-27.));
#1355 = VECTOR('',#1356,1.);
#1356 = DIRECTION('',(0.,0.,1.));
#1357 = ORIENTED_EDGE('',*,*,#1358,.F.);
#1358 = EDGE_CURVE('',#1359,#1351,#1361,.T.);
#1359 = VERTEX_POINT('',#1360);
#1360 = CARTESIAN_POINT('',(41.,100.6,-22.6));
#1361 = CIRCLE('',#1362,3.4);
#1362 = AXIS2_PLACEMENT_3D('',#1363,#1364,#1365);
#1363 = CARTESIAN_POINT('',(41.,104.,-22.6));
#1364 = DIRECTION('',(1.,0.,-0.));
#1365 = DIRECTION('',(0.,0.,1.));
#1366 = ORIENTED_EDGE('',*,*,#1367,.T.);
#1367 = EDGE_CURVE('',#1359,#1368,#1370,.T.);
#1368 = VERTEX_POINT('',#1369);
#1369 = CARTESIAN_POINT('',(41.,100.6,-19.4));
#1370 = LINE('',#1371,#1372);
#1371 = CARTESIAN_POINT('',(41.,100.6,-25.8));
#1372 = VECTOR('',#1373,1.);
#1373 = DIRECTION('',(0.,0.,1.));
#1374 = ORIENTED_EDGE('',*,*,#1375,.F.);
#1375 = EDGE_CURVE('',#1376,#1368,#1378,.T.);
#1376 = VERTEX_POINT('',#1377);
#1377 = CARTESIAN_POINT('',(41.,101.,-17.8));
#1378 = CIRCLE('',#1379,3.4);
#1379 = AXIS2_PLACEMENT_3D('',#1380,#1381,#1382);
#1380 = CARTESIAN_POINT('',(41.,104.,-19.4));
#1381 = DIRECTION('',(1.,0.,-0.));
#1382 = DIRECTION('',(0.,0.,1.));
#1383 = ORIENTED_EDGE('',*,*,#1384,.T.);
#1384 = EDGE_CURVE('',#1376,#1385,#1387,.T.);
#1385 = VERTEX_POINT('',#1386);
#1386 = CARTESIAN_POINT('',(41.,101.,-17.));
#1387 = LINE('',#1388,#1389);
#1388 = CARTESIAN_POINT('',(41.,101.,-27.));
#1389 = VECTOR('',#1390,1.);
#1390 = DIRECTION('',(0.,0.,1.));
#1391 = ORIENTED_EDGE('',*,*,#1392,.F.);
#1392 = EDGE_CURVE('',#1393,#1385,#1395,.T.);
#1393 = VERTEX_POINT('',#1394);
#1394 = CARTESIAN_POINT('',(41.,101.59168108424,-17.));
#1395 = LINE('',#1396,#1397);
#1396 = CARTESIAN_POINT('',(41.,47.25,-17.));
#1397 = VECTOR('',#1398,1.);
#1398 = DIRECTION('',(0.,-1.,0.));
#1399 = ORIENTED_EDGE('',*,*,#1400,.F.);
#1400 = EDGE_CURVE('',#1401,#1393,#1403,.T.);
#1401 = VERTEX_POINT('',#1402);
#1402 = CARTESIAN_POINT('',(41.,106.40831891575,-17.));
#1403 = CIRCLE('',#1404,3.4);
#1404 = AXIS2_PLACEMENT_3D('',#1405,#1406,#1407);
#1405 = CARTESIAN_POINT('',(41.,104.,-19.4));
#1406 = DIRECTION('',(1.,0.,-0.));
#1407 = DIRECTION('',(0.,0.,1.));
#1408 = ORIENTED_EDGE('',*,*,#1409,.F.);
#1409 = EDGE_CURVE('',#1410,#1401,#1412,.T.);
#1410 = VERTEX_POINT('',#1411);
#1411 = CARTESIAN_POINT('',(41.,107.,-17.));
#1412 = LINE('',#1413,#1414);
#1413 = CARTESIAN_POINT('',(41.,47.25,-17.));
#1414 = VECTOR('',#1415,1.);
#1415 = DIRECTION('',(0.,-1.,0.));
#1416 = ORIENTED_EDGE('',*,*,#1417,.F.);
#1417 = EDGE_CURVE('',#1418,#1410,#1420,.T.);
#1418 = VERTEX_POINT('',#1419);
#1419 = CARTESIAN_POINT('',(41.,107.,-17.8));
#1420 = LINE('',#1421,#1422);
#1421 = CARTESIAN_POINT('',(41.,107.,-27.));
#1422 = VECTOR('',#1423,1.);
#1423 = DIRECTION('',(0.,0.,1.));
#1424 = ORIENTED_EDGE('',*,*,#1425,.F.);
#1425 = EDGE_CURVE('',#1426,#1418,#1428,.T.);
#1426 = VERTEX_POINT('',#1427);
#1427 = CARTESIAN_POINT('',(41.,107.4,-19.4));
#1428 = CIRCLE('',#1429,3.4);
#1429 = AXIS2_PLACEMENT_3D('',#1430,#1431,#1432);
#1430 = CARTESIAN_POINT('',(41.,104.,-19.4));
#1431 = DIRECTION('',(1.,0.,-0.));
#1432 = DIRECTION('',(0.,0.,1.));
#1433 = ORIENTED_EDGE('',*,*,#1434,.F.);
#1434 = EDGE_CURVE('',#1435,#1426,#1437,.T.);
#1435 = VERTEX_POINT('',#1436);
#1436 = CARTESIAN_POINT('',(41.,107.4,-22.6));
#1437 = LINE('',#1438,#1439);
#1438 = CARTESIAN_POINT('',(41.,107.4,-25.8));
#1439 = VECTOR('',#1440,1.);
#1440 = DIRECTION('',(0.,0.,1.));
#1441 = ORIENTED_EDGE('',*,*,#1442,.F.);
#1442 = EDGE_CURVE('',#1318,#1435,#1443,.T.);
#1443 = CIRCLE('',#1444,3.4);
#1444 = AXIS2_PLACEMENT_3D('',#1445,#1446,#1447);
#1445 = CARTESIAN_POINT('',(41.,104.,-22.6));
#1446 = DIRECTION('',(1.,0.,-0.));
#1447 = DIRECTION('',(0.,0.,1.));
#1448 = FACE_BOUND('',#1449,.T.);
#1449 = EDGE_LOOP('',(#1450,#1460,#1468,#1477,#1485,#1493,#1502,#1510,
    #1519,#1527,#1535,#1544,#1552,#1560,#1569,#1577));
#1450 = ORIENTED_EDGE('',*,*,#1451,.F.);
#1451 = EDGE_CURVE('',#1452,#1454,#1456,.T.);
#1452 = VERTEX_POINT('',#1453);
#1453 = CARTESIAN_POINT('',(41.,95.,-25.));
#1454 = VERTEX_POINT('',#1455);
#1455 = CARTESIAN_POINT('',(41.,95.,-24.2));
#1456 = LINE('',#1457,#1458);
#1457 = CARTESIAN_POINT('',(41.,95.,-27.));
#1458 = VECTOR('',#1459,1.);
#1459 = DIRECTION('',(0.,0.,1.));
#1460 = ORIENTED_EDGE('',*,*,#1461,.T.);
#1461 = EDGE_CURVE('',#1452,#1462,#1464,.T.);
#1462 = VERTEX_POINT('',#1463);
#1463 = CARTESIAN_POINT('',(41.,94.408318915758,-25.));
#1464 = LINE('',#1465,#1466);
#1465 = CARTESIAN_POINT('',(41.,41.25,-25.));
#1466 = VECTOR('',#1467,1.);
#1467 = DIRECTION('',(0.,-1.,0.));
#1468 = ORIENTED_EDGE('',*,*,#1469,.F.);
#1469 = EDGE_CURVE('',#1470,#1462,#1472,.T.);
#1470 = VERTEX_POINT('',#1471);
#1471 = CARTESIAN_POINT('',(41.,89.591681084242,-25.));
#1472 = CIRCLE('',#1473,3.4);
#1473 = AXIS2_PLACEMENT_3D('',#1474,#1475,#1476);
#1474 = CARTESIAN_POINT('',(41.,92.,-22.6));
#1475 = DIRECTION('',(1.,0.,-0.));
#1476 = DIRECTION('',(0.,0.,1.));
#1477 = ORIENTED_EDGE('',*,*,#1478,.T.);
#1478 = EDGE_CURVE('',#1470,#1479,#1481,.T.);
#1479 = VERTEX_POINT('',#1480);
#1480 = CARTESIAN_POINT('',(41.,89.,-25.));
#1481 = LINE('',#1482,#1483);
#1482 = CARTESIAN_POINT('',(41.,41.25,-25.));
#1483 = VECTOR('',#1484,1.);
#1484 = DIRECTION('',(0.,-1.,0.));
#1485 = ORIENTED_EDGE('',*,*,#1486,.T.);
#1486 = EDGE_CURVE('',#1479,#1487,#1489,.T.);
#1487 = VERTEX_POINT('',#1488);
#1488 = CARTESIAN_POINT('',(41.,89.,-24.2));
#1489 = LINE('',#1490,#1491);
#1490 = CARTESIAN_POINT('',(41.,89.,-27.));
#1491 = VECTOR('',#1492,1.);
#1492 = DIRECTION('',(0.,0.,1.));
#1493 = ORIENTED_EDGE('',*,*,#1494,.F.);
#1494 = EDGE_CURVE('',#1495,#1487,#1497,.T.);
#1495 = VERTEX_POINT('',#1496);
#1496 = CARTESIAN_POINT('',(41.,88.6,-22.6));
#1497 = CIRCLE('',#1498,3.4);
#1498 = AXIS2_PLACEMENT_3D('',#1499,#1500,#1501);
#1499 = CARTESIAN_POINT('',(41.,92.,-22.6));
#1500 = DIRECTION('',(1.,0.,-0.));
#1501 = DIRECTION('',(0.,0.,1.));
#1502 = ORIENTED_EDGE('',*,*,#1503,.T.);
#1503 = EDGE_CURVE('',#1495,#1504,#1506,.T.);
#1504 = VERTEX_POINT('',#1505);
#1505 = CARTESIAN_POINT('',(41.,88.6,-19.4));
#1506 = LINE('',#1507,#1508);
#1507 = CARTESIAN_POINT('',(41.,88.6,-25.8));
#1508 = VECTOR('',#1509,1.);
#1509 = DIRECTION('',(0.,0.,1.));
#1510 = ORIENTED_EDGE('',*,*,#1511,.F.);
#1511 = EDGE_CURVE('',#1512,#1504,#1514,.T.);
#1512 = VERTEX_POINT('',#1513);
#1513 = CARTESIAN_POINT('',(41.,89.,-17.8));
#1514 = CIRCLE('',#1515,3.4);
#1515 = AXIS2_PLACEMENT_3D('',#1516,#1517,#1518);
#1516 = CARTESIAN_POINT('',(41.,92.,-19.4));
#1517 = DIRECTION('',(1.,0.,-0.));
#1518 = DIRECTION('',(0.,0.,1.));
#1519 = ORIENTED_EDGE('',*,*,#1520,.T.);
#1520 = EDGE_CURVE('',#1512,#1521,#1523,.T.);
#1521 = VERTEX_POINT('',#1522);
#1522 = CARTESIAN_POINT('',(41.,89.,-17.));
#1523 = LINE('',#1524,#1525);
#1524 = CARTESIAN_POINT('',(41.,89.,-27.));
#1525 = VECTOR('',#1526,1.);
#1526 = DIRECTION('',(0.,0.,1.));
#1527 = ORIENTED_EDGE('',*,*,#1528,.F.);
#1528 = EDGE_CURVE('',#1529,#1521,#1531,.T.);
#1529 = VERTEX_POINT('',#1530);
#1530 = CARTESIAN_POINT('',(41.,89.591681084242,-17.));
#1531 = LINE('',#1532,#1533);
#1532 = CARTESIAN_POINT('',(41.,41.25,-17.));
#1533 = VECTOR('',#1534,1.);
#1534 = DIRECTION('',(0.,-1.,0.));
#1535 = ORIENTED_EDGE('',*,*,#1536,.F.);
#1536 = EDGE_CURVE('',#1537,#1529,#1539,.T.);
#1537 = VERTEX_POINT('',#1538);
#1538 = CARTESIAN_POINT('',(41.,94.408318915758,-17.));
#1539 = CIRCLE('',#1540,3.4);
#1540 = AXIS2_PLACEMENT_3D('',#1541,#1542,#1543);
#1541 = CARTESIAN_POINT('',(41.,92.,-19.4));
#1542 = DIRECTION('',(1.,0.,-0.));
#1543 = DIRECTION('',(0.,0.,1.));
#1544 = ORIENTED_EDGE('',*,*,#1545,.F.);
#1545 = EDGE_CURVE('',#1546,#1537,#1548,.T.);
#1546 = VERTEX_POINT('',#1547);
#1547 = CARTESIAN_POINT('',(41.,95.,-17.));
#1548 = LINE('',#1549,#1550);
#1549 = CARTESIAN_POINT('',(41.,41.25,-17.));
#1550 = VECTOR('',#1551,1.);
#1551 = DIRECTION('',(0.,-1.,0.));
#1552 = ORIENTED_EDGE('',*,*,#1553,.F.);
#1553 = EDGE_CURVE('',#1554,#1546,#1556,.T.);
#1554 = VERTEX_POINT('',#1555);
#1555 = CARTESIAN_POINT('',(41.,95.,-17.8));
#1556 = LINE('',#1557,#1558);
#1557 = CARTESIAN_POINT('',(41.,95.,-27.));
#1558 = VECTOR('',#1559,1.);
#1559 = DIRECTION('',(0.,0.,1.));
#1560 = ORIENTED_EDGE('',*,*,#1561,.F.);
#1561 = EDGE_CURVE('',#1562,#1554,#1564,.T.);
#1562 = VERTEX_POINT('',#1563);
#1563 = CARTESIAN_POINT('',(41.,95.4,-19.4));
#1564 = CIRCLE('',#1565,3.4);
#1565 = AXIS2_PLACEMENT_3D('',#1566,#1567,#1568);
#1566 = CARTESIAN_POINT('',(41.,92.,-19.4));
#1567 = DIRECTION('',(1.,0.,-0.));
#1568 = DIRECTION('',(0.,0.,1.));
#1569 = ORIENTED_EDGE('',*,*,#1570,.F.);
#1570 = EDGE_CURVE('',#1571,#1562,#1573,.T.);
#1571 = VERTEX_POINT('',#1572);
#1572 = CARTESIAN_POINT('',(41.,95.4,-22.6));
#1573 = LINE('',#1574,#1575);
#1574 = CARTESIAN_POINT('',(41.,95.4,-25.8));
#1575 = VECTOR('',#1576,1.);
#1576 = DIRECTION('',(0.,0.,1.));
#1577 = ORIENTED_EDGE('',*,*,#1578,.F.);
#1578 = EDGE_CURVE('',#1454,#1571,#1579,.T.);
#1579 = CIRCLE('',#1580,3.4);
#1580 = AXIS2_PLACEMENT_3D('',#1581,#1582,#1583);
#1581 = CARTESIAN_POINT('',(41.,92.,-22.6));
#1582 = DIRECTION('',(1.,0.,-0.));
#1583 = DIRECTION('',(0.,0.,1.));
#1584 = FACE_BOUND('',#1585,.T.);
#1585 = EDGE_LOOP('',(#1586,#1596,#1604,#1613,#1621,#1629,#1638,#1646,
    #1655,#1663,#1671,#1680,#1688,#1696,#1705,#1713));
#1586 = ORIENTED_EDGE('',*,*,#1587,.F.);
#1587 = EDGE_CURVE('',#1588,#1590,#1592,.T.);
#1588 = VERTEX_POINT('',#1589);
#1589 = CARTESIAN_POINT('',(41.,83.,-25.));
#1590 = VERTEX_POINT('',#1591);
#1591 = CARTESIAN_POINT('',(41.,83.,-24.2));
#1592 = LINE('',#1593,#1594);
#1593 = CARTESIAN_POINT('',(41.,83.,-27.));
#1594 = VECTOR('',#1595,1.);
#1595 = DIRECTION('',(0.,0.,1.));
#1596 = ORIENTED_EDGE('',*,*,#1597,.T.);
#1597 = EDGE_CURVE('',#1588,#1598,#1600,.T.);
#1598 = VERTEX_POINT('',#1599);
#1599 = CARTESIAN_POINT('',(41.,82.408318915758,-25.));
#1600 = LINE('',#1601,#1602);
#1601 = CARTESIAN_POINT('',(41.,35.25,-25.));
#1602 = VECTOR('',#1603,1.);
#1603 = DIRECTION('',(0.,-1.,0.));
#1604 = ORIENTED_EDGE('',*,*,#1605,.F.);
#1605 = EDGE_CURVE('',#1606,#1598,#1608,.T.);
#1606 = VERTEX_POINT('',#1607);
#1607 = CARTESIAN_POINT('',(41.,77.591681084242,-25.));
#1608 = CIRCLE('',#1609,3.4);
#1609 = AXIS2_PLACEMENT_3D('',#1610,#1611,#1612);
#1610 = CARTESIAN_POINT('',(41.,80.,-22.6));
#1611 = DIRECTION('',(1.,0.,-0.));
#1612 = DIRECTION('',(0.,0.,1.));
#1613 = ORIENTED_EDGE('',*,*,#1614,.T.);
#1614 = EDGE_CURVE('',#1606,#1615,#1617,.T.);
#1615 = VERTEX_POINT('',#1616);
#1616 = CARTESIAN_POINT('',(41.,77.,-25.));
#1617 = LINE('',#1618,#1619);
#1618 = CARTESIAN_POINT('',(41.,35.25,-25.));
#1619 = VECTOR('',#1620,1.);
#1620 = DIRECTION('',(0.,-1.,0.));
#1621 = ORIENTED_EDGE('',*,*,#1622,.T.);
#1622 = EDGE_CURVE('',#1615,#1623,#1625,.T.);
#1623 = VERTEX_POINT('',#1624);
#1624 = CARTESIAN_POINT('',(41.,77.,-24.2));
#1625 = LINE('',#1626,#1627);
#1626 = CARTESIAN_POINT('',(41.,77.,-27.));
#1627 = VECTOR('',#1628,1.);
#1628 = DIRECTION('',(0.,0.,1.));
#1629 = ORIENTED_EDGE('',*,*,#1630,.F.);
#1630 = EDGE_CURVE('',#1631,#1623,#1633,.T.);
#1631 = VERTEX_POINT('',#1632);
#1632 = CARTESIAN_POINT('',(41.,76.6,-22.6));
#1633 = CIRCLE('',#1634,3.4);
#1634 = AXIS2_PLACEMENT_3D('',#1635,#1636,#1637);
#1635 = CARTESIAN_POINT('',(41.,80.,-22.6));
#1636 = DIRECTION('',(1.,0.,-0.));
#1637 = DIRECTION('',(0.,0.,1.));
#1638 = ORIENTED_EDGE('',*,*,#1639,.T.);
#1639 = EDGE_CURVE('',#1631,#1640,#1642,.T.);
#1640 = VERTEX_POINT('',#1641);
#1641 = CARTESIAN_POINT('',(41.,76.6,-19.4));
#1642 = LINE('',#1643,#1644);
#1643 = CARTESIAN_POINT('',(41.,76.6,-25.8));
#1644 = VECTOR('',#1645,1.);
#1645 = DIRECTION('',(0.,0.,1.));
#1646 = ORIENTED_EDGE('',*,*,#1647,.F.);
#1647 = EDGE_CURVE('',#1648,#1640,#1650,.T.);
#1648 = VERTEX_POINT('',#1649);
#1649 = CARTESIAN_POINT('',(41.,77.,-17.8));
#1650 = CIRCLE('',#1651,3.4);
#1651 = AXIS2_PLACEMENT_3D('',#1652,#1653,#1654);
#1652 = CARTESIAN_POINT('',(41.,80.,-19.4));
#1653 = DIRECTION('',(1.,0.,-0.));
#1654 = DIRECTION('',(0.,0.,1.));
#1655 = ORIENTED_EDGE('',*,*,#1656,.T.);
#1656 = EDGE_CURVE('',#1648,#1657,#1659,.T.);
#1657 = VERTEX_POINT('',#1658);
#1658 = CARTESIAN_POINT('',(41.,77.,-17.));
#1659 = LINE('',#1660,#1661);
#1660 = CARTESIAN_POINT('',(41.,77.,-27.));
#1661 = VECTOR('',#1662,1.);
#1662 = DIRECTION('',(0.,0.,1.));
#1663 = ORIENTED_EDGE('',*,*,#1664,.F.);
#1664 = EDGE_CURVE('',#1665,#1657,#1667,.T.);
#1665 = VERTEX_POINT('',#1666);
#1666 = CARTESIAN_POINT('',(41.,77.591681084241,-17.));
#1667 = LINE('',#1668,#1669);
#1668 = CARTESIAN_POINT('',(41.,35.25,-17.));
#1669 = VECTOR('',#1670,1.);
#1670 = DIRECTION('',(0.,-1.,0.));
#1671 = ORIENTED_EDGE('',*,*,#1672,.F.);
#1672 = EDGE_CURVE('',#1673,#1665,#1675,.T.);
#1673 = VERTEX_POINT('',#1674);
#1674 = CARTESIAN_POINT('',(41.,82.408318915759,-17.));
#1675 = CIRCLE('',#1676,3.4);
#1676 = AXIS2_PLACEMENT_3D('',#1677,#1678,#1679);
#1677 = CARTESIAN_POINT('',(41.,80.,-19.4));
#1678 = DIRECTION('',(1.,0.,-0.));
#1679 = DIRECTION('',(0.,0.,1.));
#1680 = ORIENTED_EDGE('',*,*,#1681,.F.);
#1681 = EDGE_CURVE('',#1682,#1673,#1684,.T.);
#1682 = VERTEX_POINT('',#1683);
#1683 = CARTESIAN_POINT('',(41.,83.,-17.));
#1684 = LINE('',#1685,#1686);
#1685 = CARTESIAN_POINT('',(41.,35.25,-17.));
#1686 = VECTOR('',#1687,1.);
#1687 = DIRECTION('',(0.,-1.,0.));
#1688 = ORIENTED_EDGE('',*,*,#1689,.F.);
#1689 = EDGE_CURVE('',#1690,#1682,#1692,.T.);
#1690 = VERTEX_POINT('',#1691);
#1691 = CARTESIAN_POINT('',(41.,83.,-17.8));
#1692 = LINE('',#1693,#1694);
#1693 = CARTESIAN_POINT('',(41.,83.,-27.));
#1694 = VECTOR('',#1695,1.);
#1695 = DIRECTION('',(0.,0.,1.));
#1696 = ORIENTED_EDGE('',*,*,#1697,.F.);
#1697 = EDGE_CURVE('',#1698,#1690,#1700,.T.);
#1698 = VERTEX_POINT('',#1699);
#1699 = CARTESIAN_POINT('',(41.,83.4,-19.4));
#1700 = CIRCLE('',#1701,3.4);
#1701 = AXIS2_PLACEMENT_3D('',#1702,#1703,#1704);
#1702 = CARTESIAN_POINT('',(41.,80.,-19.4));
#1703 = DIRECTION('',(1.,0.,-0.));
#1704 = DIRECTION('',(0.,0.,1.));
#1705 = ORIENTED_EDGE('',*,*,#1706,.F.);
#1706 = EDGE_CURVE('',#1707,#1698,#1709,.T.);
#1707 = VERTEX_POINT('',#1708);
#1708 = CARTESIAN_POINT('',(41.,83.4,-22.6));
#1709 = LINE('',#1710,#1711);
#1710 = CARTESIAN_POINT('',(41.,83.4,-25.8));
#1711 = VECTOR('',#1712,1.);
#1712 = DIRECTION('',(0.,0.,1.));
#1713 = ORIENTED_EDGE('',*,*,#1714,.F.);
#1714 = EDGE_CURVE('',#1590,#1707,#1715,.T.);
#1715 = CIRCLE('',#1716,3.4);
#1716 = AXIS2_PLACEMENT_3D('',#1717,#1718,#1719);
#1717 = CARTESIAN_POINT('',(41.,80.,-22.6));
#1718 = DIRECTION('',(1.,0.,-0.));
#1719 = DIRECTION('',(0.,0.,1.));
#1720 = FACE_BOUND('',#1721,.T.);
#1721 = EDGE_LOOP('',(#1722,#1732,#1740,#1749,#1757,#1765,#1774,#1782,
    #1791,#1799,#1807,#1816,#1824,#1832,#1841,#1849));
#1722 = ORIENTED_EDGE('',*,*,#1723,.F.);
#1723 = EDGE_CURVE('',#1724,#1726,#1728,.T.);
#1724 = VERTEX_POINT('',#1725);
#1725 = CARTESIAN_POINT('',(41.,71.,-25.));
#1726 = VERTEX_POINT('',#1727);
#1727 = CARTESIAN_POINT('',(41.,71.,-24.2));
#1728 = LINE('',#1729,#1730);
#1729 = CARTESIAN_POINT('',(41.,71.,-27.));
#1730 = VECTOR('',#1731,1.);
#1731 = DIRECTION('',(0.,0.,1.));
#1732 = ORIENTED_EDGE('',*,*,#1733,.T.);
#1733 = EDGE_CURVE('',#1724,#1734,#1736,.T.);
#1734 = VERTEX_POINT('',#1735);
#1735 = CARTESIAN_POINT('',(41.,70.408318915758,-25.));
#1736 = LINE('',#1737,#1738);
#1737 = CARTESIAN_POINT('',(41.,29.25,-25.));
#1738 = VECTOR('',#1739,1.);
#1739 = DIRECTION('',(0.,-1.,0.));
#1740 = ORIENTED_EDGE('',*,*,#1741,.F.);
#1741 = EDGE_CURVE('',#1742,#1734,#1744,.T.);
#1742 = VERTEX_POINT('',#1743);
#1743 = CARTESIAN_POINT('',(41.,65.591681084242,-25.));
#1744 = CIRCLE('',#1745,3.4);
#1745 = AXIS2_PLACEMENT_3D('',#1746,#1747,#1748);
#1746 = CARTESIAN_POINT('',(41.,68.,-22.6));
#1747 = DIRECTION('',(1.,0.,-0.));
#1748 = DIRECTION('',(0.,0.,1.));
#1749 = ORIENTED_EDGE('',*,*,#1750,.T.);
#1750 = EDGE_CURVE('',#1742,#1751,#1753,.T.);
#1751 = VERTEX_POINT('',#1752);
#1752 = CARTESIAN_POINT('',(41.,65.,-25.));
#1753 = LINE('',#1754,#1755);
#1754 = CARTESIAN_POINT('',(41.,29.25,-25.));
#1755 = VECTOR('',#1756,1.);
#1756 = DIRECTION('',(0.,-1.,0.));
#1757 = ORIENTED_EDGE('',*,*,#1758,.T.);
#1758 = EDGE_CURVE('',#1751,#1759,#1761,.T.);
#1759 = VERTEX_POINT('',#1760);
#1760 = CARTESIAN_POINT('',(41.,65.,-24.2));
#1761 = LINE('',#1762,#1763);
#1762 = CARTESIAN_POINT('',(41.,65.,-27.));
#1763 = VECTOR('',#1764,1.);
#1764 = DIRECTION('',(0.,0.,1.));
#1765 = ORIENTED_EDGE('',*,*,#1766,.F.);
#1766 = EDGE_CURVE('',#1767,#1759,#1769,.T.);
#1767 = VERTEX_POINT('',#1768);
#1768 = CARTESIAN_POINT('',(41.,64.6,-22.6));
#1769 = CIRCLE('',#1770,3.4);
#1770 = AXIS2_PLACEMENT_3D('',#1771,#1772,#1773);
#1771 = CARTESIAN_POINT('',(41.,68.,-22.6));
#1772 = DIRECTION('',(1.,0.,-0.));
#1773 = DIRECTION('',(0.,0.,1.));
#1774 = ORIENTED_EDGE('',*,*,#1775,.T.);
#1775 = EDGE_CURVE('',#1767,#1776,#1778,.T.);
#1776 = VERTEX_POINT('',#1777);
#1777 = CARTESIAN_POINT('',(41.,64.6,-19.4));
#1778 = LINE('',#1779,#1780);
#1779 = CARTESIAN_POINT('',(41.,64.6,-25.8));
#1780 = VECTOR('',#1781,1.);
#1781 = DIRECTION('',(0.,0.,1.));
#1782 = ORIENTED_EDGE('',*,*,#1783,.F.);
#1783 = EDGE_CURVE('',#1784,#1776,#1786,.T.);
#1784 = VERTEX_POINT('',#1785);
#1785 = CARTESIAN_POINT('',(41.,65.,-17.8));
#1786 = CIRCLE('',#1787,3.4);
#1787 = AXIS2_PLACEMENT_3D('',#1788,#1789,#1790);
#1788 = CARTESIAN_POINT('',(41.,68.,-19.4));
#1789 = DIRECTION('',(1.,0.,-0.));
#1790 = DIRECTION('',(0.,0.,1.));
#1791 = ORIENTED_EDGE('',*,*,#1792,.T.);
#1792 = EDGE_CURVE('',#1784,#1793,#1795,.T.);
#1793 = VERTEX_POINT('',#1794);
#1794 = CARTESIAN_POINT('',(41.,65.,-17.));
#1795 = LINE('',#1796,#1797);
#1796 = CARTESIAN_POINT('',(41.,65.,-27.));
#1797 = VECTOR('',#1798,1.);
#1798 = DIRECTION('',(0.,0.,1.));
#1799 = ORIENTED_EDGE('',*,*,#1800,.F.);
#1800 = EDGE_CURVE('',#1801,#1793,#1803,.T.);
#1801 = VERTEX_POINT('',#1802);
#1802 = CARTESIAN_POINT('',(41.,65.591681084241,-17.));
#1803 = LINE('',#1804,#1805);
#1804 = CARTESIAN_POINT('',(41.,29.25,-17.));
#1805 = VECTOR('',#1806,1.);
#1806 = DIRECTION('',(0.,-1.,0.));
#1807 = ORIENTED_EDGE('',*,*,#1808,.F.);
#1808 = EDGE_CURVE('',#1809,#1801,#1811,.T.);
#1809 = VERTEX_POINT('',#1810);
#1810 = CARTESIAN_POINT('',(41.,70.408318915759,-17.));
#1811 = CIRCLE('',#1812,3.4);
#1812 = AXIS2_PLACEMENT_3D('',#1813,#1814,#1815);
#1813 = CARTESIAN_POINT('',(41.,68.,-19.4));
#1814 = DIRECTION('',(1.,0.,-0.));
#1815 = DIRECTION('',(0.,0.,1.));
#1816 = ORIENTED_EDGE('',*,*,#1817,.F.);
#1817 = EDGE_CURVE('',#1818,#1809,#1820,.T.);
#1818 = VERTEX_POINT('',#1819);
#1819 = CARTESIAN_POINT('',(41.,71.,-17.));
#1820 = LINE('',#1821,#1822);
#1821 = CARTESIAN_POINT('',(41.,29.25,-17.));
#1822 = VECTOR('',#1823,1.);
#1823 = DIRECTION('',(0.,-1.,0.));
#1824 = ORIENTED_EDGE('',*,*,#1825,.F.);
#1825 = EDGE_CURVE('',#1826,#1818,#1828,.T.);
#1826 = VERTEX_POINT('',#1827);
#1827 = CARTESIAN_POINT('',(41.,71.,-17.8));
#1828 = LINE('',#1829,#1830);
#1829 = CARTESIAN_POINT('',(41.,71.,-27.));
#1830 = VECTOR('',#1831,1.);
#1831 = DIRECTION('',(0.,0.,1.));
#1832 = ORIENTED_EDGE('',*,*,#1833,.F.);
#1833 = EDGE_CURVE('',#1834,#1826,#1836,.T.);
#1834 = VERTEX_POINT('',#1835);
#1835 = CARTESIAN_POINT('',(41.,71.4,-19.4));
#1836 = CIRCLE('',#1837,3.4);
#1837 = AXIS2_PLACEMENT_3D('',#1838,#1839,#1840);
#1838 = CARTESIAN_POINT('',(41.,68.,-19.4));
#1839 = DIRECTION('',(1.,0.,-0.));
#1840 = DIRECTION('',(0.,0.,1.));
#1841 = ORIENTED_EDGE('',*,*,#1842,.F.);
#1842 = EDGE_CURVE('',#1843,#1834,#1845,.T.);
#1843 = VERTEX_POINT('',#1844);
#1844 = CARTESIAN_POINT('',(41.,71.4,-22.6));
#1845 = LINE('',#1846,#1847);
#1846 = CARTESIAN_POINT('',(41.,71.4,-25.8));
#1847 = VECTOR('',#1848,1.);
#1848 = DIRECTION('',(0.,0.,1.));
#1849 = ORIENTED_EDGE('',*,*,#1850,.F.);
#1850 = EDGE_CURVE('',#1726,#1843,#1851,.T.);
#1851 = CIRCLE('',#1852,3.4);
#1852 = AXIS2_PLACEMENT_3D('',#1853,#1854,#1855);
#1853 = CARTESIAN_POINT('',(41.,68.,-22.6));
#1854 = DIRECTION('',(1.,0.,-0.));
#1855 = DIRECTION('',(0.,0.,1.));
#1856 = FACE_BOUND('',#1857,.T.);
#1857 = EDGE_LOOP('',(#1858,#1868,#1877,#1885,#1894,#1903));
#1858 = ORIENTED_EDGE('',*,*,#1859,.F.);
#1859 = EDGE_CURVE('',#1860,#1862,#1864,.T.);
#1860 = VERTEX_POINT('',#1861);
#1861 = CARTESIAN_POINT('',(41.,46.8,-1.3));
#1862 = VERTEX_POINT('',#1863);
#1863 = CARTESIAN_POINT('',(41.,35.2,-1.3));
#1864 = LINE('',#1865,#1866);
#1865 = CARTESIAN_POINT('',(41.,14.35,-1.3));
#1866 = VECTOR('',#1867,1.);
#1867 = DIRECTION('',(0.,-1.,0.));
#1868 = ORIENTED_EDGE('',*,*,#1869,.F.);
#1869 = EDGE_CURVE('',#1870,#1860,#1872,.T.);
#1870 = VERTEX_POINT('',#1871);
#1871 = CARTESIAN_POINT('',(41.,46.8,-7.1));
#1872 = CIRCLE('',#1873,2.9);
#1873 = AXIS2_PLACEMENT_3D('',#1874,#1875,#1876);
#1874 = CARTESIAN_POINT('',(41.,46.8,-4.2));
#1875 = DIRECTION('',(1.,0.,-0.));
#1876 = DIRECTION('',(0.,0.,1.));
#1877 = ORIENTED_EDGE('',*,*,#1878,.T.);
#1878 = EDGE_CURVE('',#1870,#1879,#1881,.T.);
#1879 = VERTEX_POINT('',#1880);
#1880 = CARTESIAN_POINT('',(41.,35.2,-7.1));
#1881 = LINE('',#1882,#1883);
#1882 = CARTESIAN_POINT('',(41.,14.35,-7.1));
#1883 = VECTOR('',#1884,1.);
#1884 = DIRECTION('',(0.,-1.,0.));
#1885 = ORIENTED_EDGE('',*,*,#1886,.F.);
#1886 = EDGE_CURVE('',#1887,#1879,#1889,.T.);
#1887 = VERTEX_POINT('',#1888);
#1888 = CARTESIAN_POINT('',(41.,32.488309258615,-5.2279753514));
#1889 = CIRCLE('',#1890,2.9);
#1890 = AXIS2_PLACEMENT_3D('',#1891,#1892,#1893);
#1891 = CARTESIAN_POINT('',(41.,35.2,-4.2));
#1892 = DIRECTION('',(1.,0.,-0.));
#1893 = DIRECTION('',(0.,0.,1.));
#1894 = ORIENTED_EDGE('',*,*,#1895,.T.);
#1895 = EDGE_CURVE('',#1887,#1896,#1898,.T.);
#1896 = VERTEX_POINT('',#1897);
#1897 = CARTESIAN_POINT('',(41.,32.488309258615,-3.1720246486));
#1898 = CIRCLE('',#1899,1.442307692308);
#1899 = AXIS2_PLACEMENT_3D('',#1900,#1901,#1902);
#1900 = CARTESIAN_POINT('',(41.,33.5,-4.2));
#1901 = DIRECTION('',(-1.,0.,0.));
#1902 = DIRECTION('',(0.,0.,-1.));
#1903 = ORIENTED_EDGE('',*,*,#1904,.F.);
#1904 = EDGE_CURVE('',#1862,#1896,#1905,.T.);
#1905 = CIRCLE('',#1906,2.9);
#1906 = AXIS2_PLACEMENT_3D('',#1907,#1908,#1909);
#1907 = CARTESIAN_POINT('',(41.,35.2,-4.2));
#1908 = DIRECTION('',(1.,0.,-0.));
#1909 = DIRECTION('',(0.,0.,1.));
#1910 = PLANE('',#1911);
#1911 = AXIS2_PLACEMENT_3D('',#1912,#1913,#1914);
#1912 = CARTESIAN_POINT('',(41.,-6.5,-29.));
#1913 = DIRECTION('',(1.,0.,0.));
#1914 = DIRECTION('',(0.,0.,1.));
#1915 = ADVANCED_FACE('',(#1916),#1927,.T.);
#1916 = FACE_BOUND('',#1917,.F.);
#1917 = EDGE_LOOP('',(#1918,#1919,#1925,#1926));
#1918 = ORIENTED_EDGE('',*,*,#97,.T.);
#1919 = ORIENTED_EDGE('',*,*,#1920,.T.);
#1920 = EDGE_CURVE('',#98,#796,#1921,.T.);
#1921 = LINE('',#1922,#1923);
#1922 = CARTESIAN_POINT('',(27.,-6.5,-29.));
#1923 = VECTOR('',#1924,1.);
#1924 = DIRECTION('',(0.,0.,1.));
#1925 = ORIENTED_EDGE('',*,*,#803,.F.);
#1926 = ORIENTED_EDGE('',*,*,#1033,.F.);
#1927 = CYLINDRICAL_SURFACE('',#1928,14.);
#1928 = AXIS2_PLACEMENT_3D('',#1929,#1930,#1931);
#1929 = CARTESIAN_POINT('',(27.,7.5,-29.));
#1930 = DIRECTION('',(0.,0.,1.));
#1931 = DIRECTION('',(1.,0.,0.));
#1932 = ADVANCED_FACE('',(#1933,#1969,#1980,#2016),#2052,.F.);
#1933 = FACE_BOUND('',#1934,.F.);
#1934 = EDGE_LOOP('',(#1935,#1936,#1942,#1943,#1952,#1960,#1967,#1968));
#1935 = ORIENTED_EDGE('',*,*,#106,.F.);
#1936 = ORIENTED_EDGE('',*,*,#1937,.T.);
#1937 = EDGE_CURVE('',#107,#755,#1938,.T.);
#1938 = LINE('',#1939,#1940);
#1939 = CARTESIAN_POINT('',(-27.,-6.5,-29.));
#1940 = VECTOR('',#1941,1.);
#1941 = DIRECTION('',(0.,0.,1.));
#1942 = ORIENTED_EDGE('',*,*,#763,.T.);
#1943 = ORIENTED_EDGE('',*,*,#1944,.F.);
#1944 = EDGE_CURVE('',#1945,#764,#1947,.T.);
#1945 = VERTEX_POINT('',#1946);
#1946 = CARTESIAN_POINT('',(-4.2,-6.5,-8.1));
#1947 = CIRCLE('',#1948,4.1);
#1948 = AXIS2_PLACEMENT_3D('',#1949,#1950,#1951);
#1949 = CARTESIAN_POINT('',(-4.2,-6.5,-4.));
#1950 = DIRECTION('',(0.,1.,0.));
#1951 = DIRECTION('',(0.,0.,1.));
#1952 = ORIENTED_EDGE('',*,*,#1953,.T.);
#1953 = EDGE_CURVE('',#1945,#1954,#1956,.T.);
#1954 = VERTEX_POINT('',#1955);
#1955 = CARTESIAN_POINT('',(4.2,-6.5,-8.1));
#1956 = LINE('',#1957,#1958);
#1957 = CARTESIAN_POINT('',(-22.6,-6.5,-8.1));
#1958 = VECTOR('',#1959,1.);
#1959 = DIRECTION('',(1.,0.,0.));
#1960 = ORIENTED_EDGE('',*,*,#1961,.F.);
#1961 = EDGE_CURVE('',#788,#1954,#1962,.T.);
#1962 = CIRCLE('',#1963,4.1);
#1963 = AXIS2_PLACEMENT_3D('',#1964,#1965,#1966);
#1964 = CARTESIAN_POINT('',(4.2,-6.5,-4.));
#1965 = DIRECTION('',(0.,1.,0.));
#1966 = DIRECTION('',(0.,0.,1.));
#1967 = ORIENTED_EDGE('',*,*,#795,.T.);
#1968 = ORIENTED_EDGE('',*,*,#1920,.F.);
#1969 = FACE_BOUND('',#1970,.F.);
#1970 = EDGE_LOOP('',(#1971));
#1971 = ORIENTED_EDGE('',*,*,#1972,.F.);
#1972 = EDGE_CURVE('',#1973,#1973,#1975,.T.);
#1973 = VERTEX_POINT('',#1974);
#1974 = CARTESIAN_POINT('',(-22.,-6.5,-15.9));
#1975 = CIRCLE('',#1976,4.1);
#1976 = AXIS2_PLACEMENT_3D('',#1977,#1978,#1979);
#1977 = CARTESIAN_POINT('',(-22.,-6.5,-20.));
#1978 = DIRECTION('',(0.,1.,0.));
#1979 = DIRECTION('',(0.,0.,1.));
#1980 = FACE_BOUND('',#1981,.F.);
#1981 = EDGE_LOOP('',(#1982,#1993,#2001,#2010));
#1982 = ORIENTED_EDGE('',*,*,#1983,.F.);
#1983 = EDGE_CURVE('',#1984,#1986,#1988,.T.);
#1984 = VERTEX_POINT('',#1985);
#1985 = CARTESIAN_POINT('',(-24.,-6.5,-6.7));
#1986 = VERTEX_POINT('',#1987);
#1987 = CARTESIAN_POINT('',(-24.,-6.5,-1.3));
#1988 = CIRCLE('',#1989,2.7);
#1989 = AXIS2_PLACEMENT_3D('',#1990,#1991,#1992);
#1990 = CARTESIAN_POINT('',(-24.,-6.5,-4.));
#1991 = DIRECTION('',(0.,1.,0.));
#1992 = DIRECTION('',(0.,0.,1.));
#1993 = ORIENTED_EDGE('',*,*,#1994,.T.);
#1994 = EDGE_CURVE('',#1984,#1995,#1997,.T.);
#1995 = VERTEX_POINT('',#1996);
#1996 = CARTESIAN_POINT('',(-15.,-6.5,-6.7));
#1997 = LINE('',#1998,#1999);
#1998 = CARTESIAN_POINT('',(-32.5,-6.5,-6.7));
#1999 = VECTOR('',#2000,1.);
#2000 = DIRECTION('',(1.,0.,0.));
#2001 = ORIENTED_EDGE('',*,*,#2002,.F.);
#2002 = EDGE_CURVE('',#2003,#1995,#2005,.T.);
#2003 = VERTEX_POINT('',#2004);
#2004 = CARTESIAN_POINT('',(-15.,-6.5,-1.3));
#2005 = CIRCLE('',#2006,2.7);
#2006 = AXIS2_PLACEMENT_3D('',#2007,#2008,#2009);
#2007 = CARTESIAN_POINT('',(-15.,-6.5,-4.));
#2008 = DIRECTION('',(0.,1.,0.));
#2009 = DIRECTION('',(0.,0.,1.));
#2010 = ORIENTED_EDGE('',*,*,#2011,.F.);
#2011 = EDGE_CURVE('',#1986,#2003,#2012,.T.);
#2012 = LINE('',#2013,#2014);
#2013 = CARTESIAN_POINT('',(-32.5,-6.5,-1.3));
#2014 = VECTOR('',#2015,1.);
#2015 = DIRECTION('',(1.,0.,0.));
#2016 = FACE_BOUND('',#2017,.F.);
#2017 = EDGE_LOOP('',(#2018,#2029,#2037,#2046));
#2018 = ORIENTED_EDGE('',*,*,#2019,.F.);
#2019 = EDGE_CURVE('',#2020,#2022,#2024,.T.);
#2020 = VERTEX_POINT('',#2021);
#2021 = CARTESIAN_POINT('',(15.,-6.5,-6.7));
#2022 = VERTEX_POINT('',#2023);
#2023 = CARTESIAN_POINT('',(15.,-6.5,-1.3));
#2024 = CIRCLE('',#2025,2.7);
#2025 = AXIS2_PLACEMENT_3D('',#2026,#2027,#2028);
#2026 = CARTESIAN_POINT('',(15.,-6.5,-4.));
#2027 = DIRECTION('',(0.,1.,0.));
#2028 = DIRECTION('',(0.,0.,1.));
#2029 = ORIENTED_EDGE('',*,*,#2030,.T.);
#2030 = EDGE_CURVE('',#2020,#2031,#2033,.T.);
#2031 = VERTEX_POINT('',#2032);
#2032 = CARTESIAN_POINT('',(24.,-6.5,-6.7));
#2033 = LINE('',#2034,#2035);
#2034 = CARTESIAN_POINT('',(-13.,-6.5,-6.7));
#2035 = VECTOR('',#2036,1.);
#2036 = DIRECTION('',(1.,0.,0.));
#2037 = ORIENTED_EDGE('',*,*,#2038,.F.);
#2038 = EDGE_CURVE('',#2039,#2031,#2041,.T.);
#2039 = VERTEX_POINT('',#2040);
#2040 = CARTESIAN_POINT('',(24.,-6.5,-1.3));
#2041 = CIRCLE('',#2042,2.7);
#2042 = AXIS2_PLACEMENT_3D('',#2043,#2044,#2045);
#2043 = CARTESIAN_POINT('',(24.,-6.5,-4.));
#2044 = DIRECTION('',(0.,1.,0.));
#2045 = DIRECTION('',(0.,0.,1.));
#2046 = ORIENTED_EDGE('',*,*,#2047,.F.);
#2047 = EDGE_CURVE('',#2022,#2039,#2048,.T.);
#2048 = LINE('',#2049,#2050);
#2049 = CARTESIAN_POINT('',(-13.,-6.5,-1.3));
#2050 = VECTOR('',#2051,1.);
#2051 = DIRECTION('',(1.,0.,0.));
#2052 = PLANE('',#2053);
#2053 = AXIS2_PLACEMENT_3D('',#2054,#2055,#2056);
#2054 = CARTESIAN_POINT('',(-41.,-6.5,-29.));
#2055 = DIRECTION('',(0.,1.,0.));
#2056 = DIRECTION('',(0.,0.,1.));
#2057 = ADVANCED_FACE('',(#2058),#2064,.T.);
#2058 = FACE_BOUND('',#2059,.T.);
#2059 = EDGE_LOOP('',(#2060,#2061,#2062,#2063));
#2060 = ORIENTED_EDGE('',*,*,#114,.T.);
#2061 = ORIENTED_EDGE('',*,*,#1937,.T.);
#2062 = ORIENTED_EDGE('',*,*,#754,.F.);
#2063 = ORIENTED_EDGE('',*,*,#339,.F.);
#2064 = CYLINDRICAL_SURFACE('',#2065,14.);
#2065 = AXIS2_PLACEMENT_3D('',#2066,#2067,#2068);
#2066 = CARTESIAN_POINT('',(-27.,7.5,-29.));
#2067 = DIRECTION('',(0.,0.,1.));
#2068 = DIRECTION('',(-1.,0.,0.));
#2069 = ADVANCED_FACE('',(#2070),#2095,.F.);
#2070 = FACE_BOUND('',#2071,.F.);
#2071 = EDGE_LOOP('',(#2072,#2073,#2081,#2089));
#2072 = ORIENTED_EDGE('',*,*,#123,.F.);
#2073 = ORIENTED_EDGE('',*,*,#2074,.T.);
#2074 = EDGE_CURVE('',#124,#2075,#2077,.T.);
#2075 = VERTEX_POINT('',#2076);
#2076 = CARTESIAN_POINT('',(-36.,43.,-11.1));
#2077 = LINE('',#2078,#2079);
#2078 = CARTESIAN_POINT('',(-36.,43.,-29.05));
#2079 = VECTOR('',#2080,1.);
#2080 = DIRECTION('',(0.,0.,1.));
#2081 = ORIENTED_EDGE('',*,*,#2082,.F.);
#2082 = EDGE_CURVE('',#2083,#2075,#2085,.T.);
#2083 = VERTEX_POINT('',#2084);
#2084 = CARTESIAN_POINT('',(-30.,43.,-11.1));
#2085 = LINE('',#2086,#2087);
#2086 = CARTESIAN_POINT('',(-38.5,43.,-11.1));
#2087 = VECTOR('',#2088,1.);
#2088 = DIRECTION('',(-1.,0.,0.));
#2089 = ORIENTED_EDGE('',*,*,#2090,.F.);
#2090 = EDGE_CURVE('',#126,#2083,#2091,.T.);
#2091 = LINE('',#2092,#2093);
#2092 = CARTESIAN_POINT('',(-30.,43.,-29.));
#2093 = VECTOR('',#2094,1.);
#2094 = DIRECTION('',(0.,0.,1.));
#2095 = PLANE('',#2096);
#2096 = AXIS2_PLACEMENT_3D('',#2097,#2098,#2099);
#2097 = CARTESIAN_POINT('',(-41.,43.,-29.));
#2098 = DIRECTION('',(0.,1.,0.));
#2099 = DIRECTION('',(0.,0.,1.));
#2100 = ADVANCED_FACE('',(#2101),#2120,.T.);
#2101 = FACE_BOUND('',#2102,.F.);
#2102 = EDGE_LOOP('',(#2103,#2111,#2112,#2113));
#2103 = ORIENTED_EDGE('',*,*,#2104,.F.);
#2104 = EDGE_CURVE('',#134,#2105,#2107,.T.);
#2105 = VERTEX_POINT('',#2106);
#2106 = CARTESIAN_POINT('',(-27.,46.,-11.1));
#2107 = LINE('',#2108,#2109);
#2108 = CARTESIAN_POINT('',(-27.,46.,-29.));
#2109 = VECTOR('',#2110,1.);
#2110 = DIRECTION('',(0.,0.,1.));
#2111 = ORIENTED_EDGE('',*,*,#133,.T.);
#2112 = ORIENTED_EDGE('',*,*,#2090,.T.);
#2113 = ORIENTED_EDGE('',*,*,#2114,.T.);
#2114 = EDGE_CURVE('',#2083,#2105,#2115,.T.);
#2115 = CIRCLE('',#2116,3.);
#2116 = AXIS2_PLACEMENT_3D('',#2117,#2118,#2119);
#2117 = CARTESIAN_POINT('',(-30.,46.,-11.1));
#2118 = DIRECTION('',(0.,0.,1.));
#2119 = DIRECTION('',(1.,0.,0.));
#2120 = CYLINDRICAL_SURFACE('',#2121,3.);
#2121 = AXIS2_PLACEMENT_3D('',#2122,#2123,#2124);
#2122 = CARTESIAN_POINT('',(-30.,46.,-29.));
#2123 = DIRECTION('',(0.,0.,1.));
#2124 = DIRECTION('',(1.,0.,0.));
#2125 = ADVANCED_FACE('',(#2126),#2144,.T.);
#2126 = FACE_BOUND('',#2127,.T.);
#2127 = EDGE_LOOP('',(#2128,#2136,#2137,#2138));
#2128 = ORIENTED_EDGE('',*,*,#2129,.F.);
#2129 = EDGE_CURVE('',#2105,#2130,#2132,.T.);
#2130 = VERTEX_POINT('',#2131);
#2131 = CARTESIAN_POINT('',(-27.,60.,-11.1));
#2132 = LINE('',#2133,#2134);
#2133 = CARTESIAN_POINT('',(-27.,21.35,-11.1));
#2134 = VECTOR('',#2135,1.);
#2135 = DIRECTION('',(0.,1.,0.));
#2136 = ORIENTED_EDGE('',*,*,#2104,.F.);
#2137 = ORIENTED_EDGE('',*,*,#142,.T.);
#2138 = ORIENTED_EDGE('',*,*,#2139,.T.);
#2139 = EDGE_CURVE('',#143,#2130,#2140,.T.);
#2140 = LINE('',#2141,#2142);
#2141 = CARTESIAN_POINT('',(-27.,60.,-29.));
#2142 = VECTOR('',#2143,1.);
#2143 = DIRECTION('',(0.,0.,1.));
#2144 = PLANE('',#2145);
#2145 = AXIS2_PLACEMENT_3D('',#2146,#2147,#2148);
#2146 = CARTESIAN_POINT('',(-27.,43.,-29.));
#2147 = DIRECTION('',(1.,0.,0.));
#2148 = DIRECTION('',(0.,0.,1.));
#2149 = ADVANCED_FACE('',(#2150),#2169,.T.);
#2150 = FACE_BOUND('',#2151,.T.);
#2151 = EDGE_LOOP('',(#2152,#2153,#2154,#2162));
#2152 = ORIENTED_EDGE('',*,*,#2139,.F.);
#2153 = ORIENTED_EDGE('',*,*,#150,.T.);
#2154 = ORIENTED_EDGE('',*,*,#2155,.T.);
#2155 = EDGE_CURVE('',#151,#2156,#2158,.T.);
#2156 = VERTEX_POINT('',#2157);
#2157 = CARTESIAN_POINT('',(-30.,63.,-11.1));
#2158 = LINE('',#2159,#2160);
#2159 = CARTESIAN_POINT('',(-30.,63.,-29.));
#2160 = VECTOR('',#2161,1.);
#2161 = DIRECTION('',(0.,0.,1.));
#2162 = ORIENTED_EDGE('',*,*,#2163,.F.);
#2163 = EDGE_CURVE('',#2130,#2156,#2164,.T.);
#2164 = CIRCLE('',#2165,3.);
#2165 = AXIS2_PLACEMENT_3D('',#2166,#2167,#2168);
#2166 = CARTESIAN_POINT('',(-30.,60.,-11.1));
#2167 = DIRECTION('',(0.,0.,1.));
#2168 = DIRECTION('',(1.,0.,0.));
#2169 = CYLINDRICAL_SURFACE('',#2170,3.);
#2170 = AXIS2_PLACEMENT_3D('',#2171,#2172,#2173);
#2171 = CARTESIAN_POINT('',(-30.,60.,-29.));
#2172 = DIRECTION('',(0.,0.,1.));
#2173 = DIRECTION('',(1.,0.,0.));
#2174 = ADVANCED_FACE('',(#2175),#2193,.T.);
#2175 = FACE_BOUND('',#2176,.T.);
#2176 = EDGE_LOOP('',(#2177,#2178,#2186,#2192));
#2177 = ORIENTED_EDGE('',*,*,#159,.F.);
#2178 = ORIENTED_EDGE('',*,*,#2179,.T.);
#2179 = EDGE_CURVE('',#160,#2180,#2182,.T.);
#2180 = VERTEX_POINT('',#2181);
#2181 = CARTESIAN_POINT('',(-36.,63.,-11.1));
#2182 = LINE('',#2183,#2184);
#2183 = CARTESIAN_POINT('',(-36.,63.,-29.05));
#2184 = VECTOR('',#2185,1.);
#2185 = DIRECTION('',(0.,0.,1.));
#2186 = ORIENTED_EDGE('',*,*,#2187,.F.);
#2187 = EDGE_CURVE('',#2156,#2180,#2188,.T.);
#2188 = LINE('',#2189,#2190);
#2189 = CARTESIAN_POINT('',(-38.5,63.,-11.1));
#2190 = VECTOR('',#2191,1.);
#2191 = DIRECTION('',(-1.,0.,0.));
#2192 = ORIENTED_EDGE('',*,*,#2155,.F.);
#2193 = PLANE('',#2194);
#2194 = AXIS2_PLACEMENT_3D('',#2195,#2196,#2197);
#2195 = CARTESIAN_POINT('',(-41.,63.,-29.));
#2196 = DIRECTION('',(0.,1.,0.));
#2197 = DIRECTION('',(0.,0.,1.));
#2198 = ADVANCED_FACE('',(#2199),#2217,.T.);
#2199 = FACE_BOUND('',#2200,.T.);
#2200 = EDGE_LOOP('',(#2201,#2209,#2210,#2211));
#2201 = ORIENTED_EDGE('',*,*,#2202,.F.);
#2202 = EDGE_CURVE('',#2180,#2203,#2205,.T.);
#2203 = VERTEX_POINT('',#2204);
#2204 = CARTESIAN_POINT('',(-36.,137.7,-11.1));
#2205 = LINE('',#2206,#2207);
#2206 = CARTESIAN_POINT('',(-36.,-0.3,-11.1));
#2207 = VECTOR('',#2208,1.);
#2208 = DIRECTION('',(0.,1.,0.));
#2209 = ORIENTED_EDGE('',*,*,#2179,.F.);
#2210 = ORIENTED_EDGE('',*,*,#167,.T.);
#2211 = ORIENTED_EDGE('',*,*,#2212,.T.);
#2212 = EDGE_CURVE('',#168,#2203,#2213,.T.);
#2213 = LINE('',#2214,#2215);
#2214 = CARTESIAN_POINT('',(-36.,137.7,-29.1));
#2215 = VECTOR('',#2216,1.);
#2216 = DIRECTION('',(0.,0.,1.));
#2217 = PLANE('',#2218);
#2218 = AXIS2_PLACEMENT_3D('',#2219,#2220,#2221);
#2219 = CARTESIAN_POINT('',(-36.,-0.3,-29.1));
#2220 = DIRECTION('',(1.,0.,0.));
#2221 = DIRECTION('',(0.,0.,1.));
#2222 = ADVANCED_FACE('',(#2223),#2242,.F.);
#2223 = FACE_BOUND('',#2224,.T.);
#2224 = EDGE_LOOP('',(#2225,#2226,#2227,#2235));
#2225 = ORIENTED_EDGE('',*,*,#2212,.F.);
#2226 = ORIENTED_EDGE('',*,*,#175,.F.);
#2227 = ORIENTED_EDGE('',*,*,#2228,.T.);
#2228 = EDGE_CURVE('',#176,#2229,#2231,.T.);
#2229 = VERTEX_POINT('',#2230);
#2230 = CARTESIAN_POINT('',(-33.96263506874,143.03357132107,-11.1));
#2231 = LINE('',#2232,#2233);
#2232 = CARTESIAN_POINT('',(-33.96263506874,143.03357132107,-29.1));
#2233 = VECTOR('',#2234,1.);
#2234 = DIRECTION('',(0.,0.,1.));
#2235 = ORIENTED_EDGE('',*,*,#2236,.F.);
#2236 = EDGE_CURVE('',#2203,#2229,#2237,.T.);
#2237 = CIRCLE('',#2238,8.);
#2238 = AXIS2_PLACEMENT_3D('',#2239,#2240,#2241);
#2239 = CARTESIAN_POINT('',(-28.,137.7,-11.1));
#2240 = DIRECTION('',(-0.,-0.,-1.));
#2241 = DIRECTION('',(0.,-1.,0.));
#2242 = CYLINDRICAL_SURFACE('',#2243,8.);
#2243 = AXIS2_PLACEMENT_3D('',#2244,#2245,#2246);
#2244 = CARTESIAN_POINT('',(-28.,137.7,-29.1));
#2245 = DIRECTION('',(0.,0.,1.));
#2246 = DIRECTION('',(-1.,0.,0.));
#2247 = ADVANCED_FACE('',(#2248),#2308,.F.);
#2248 = FACE_BOUND('',#2249,.F.);
#2249 = EDGE_LOOP('',(#2250,#2251,#2259,#2268,#2274,#2275,#2276,#2283,
    #2284,#2285,#2293,#2302));
#2250 = ORIENTED_EDGE('',*,*,#850,.F.);
#2251 = ORIENTED_EDGE('',*,*,#2252,.F.);
#2252 = EDGE_CURVE('',#2253,#851,#2255,.T.);
#2253 = VERTEX_POINT('',#2254);
#2254 = CARTESIAN_POINT('',(-30.8,143.9,-11.1));
#2255 = LINE('',#2256,#2257);
#2256 = CARTESIAN_POINT('',(-30.8,143.9,-31.));
#2257 = VECTOR('',#2258,1.);
#2258 = DIRECTION('',(0.,0.,1.));
#2259 = ORIENTED_EDGE('',*,*,#2260,.T.);
#2260 = EDGE_CURVE('',#2253,#2261,#2263,.T.);
#2261 = VERTEX_POINT('',#2262);
#2262 = CARTESIAN_POINT('',(-31.22291613248,145.02207700061,-11.1));
#2263 = CIRCLE('',#2264,1.7);
#2264 = AXIS2_PLACEMENT_3D('',#2265,#2266,#2267);
#2265 = CARTESIAN_POINT('',(-32.5,143.9,-11.1));
#2266 = DIRECTION('',(0.,0.,1.));
#2267 = DIRECTION('',(1.,0.,0.));
#2268 = ORIENTED_EDGE('',*,*,#2269,.F.);
#2269 = EDGE_CURVE('',#185,#2261,#2270,.T.);
#2270 = LINE('',#2271,#2272);
#2271 = CARTESIAN_POINT('',(-31.22291613248,145.02207700062,-29.1));
#2272 = VECTOR('',#2273,1.);
#2273 = DIRECTION('',(0.,0.,1.));
#2274 = ORIENTED_EDGE('',*,*,#184,.T.);
#2275 = ORIENTED_EDGE('',*,*,#2228,.T.);
#2276 = ORIENTED_EDGE('',*,*,#2277,.T.);
#2277 = EDGE_CURVE('',#2229,#2253,#2278,.T.);
#2278 = CIRCLE('',#2279,1.7);
#2279 = AXIS2_PLACEMENT_3D('',#2280,#2281,#2282);
#2280 = CARTESIAN_POINT('',(-32.5,143.9,-11.1));
#2281 = DIRECTION('',(0.,0.,1.));
#2282 = DIRECTION('',(1.,0.,0.));
#2283 = ORIENTED_EDGE('',*,*,#2252,.T.);
#2284 = ORIENTED_EDGE('',*,*,#859,.F.);
#2285 = ORIENTED_EDGE('',*,*,#2286,.F.);
#2286 = EDGE_CURVE('',#2287,#860,#2289,.T.);
#2287 = VERTEX_POINT('',#2288);
#2288 = CARTESIAN_POINT('',(-30.85393107145,143.47519759598,-8.4));
#2289 = LINE('',#2290,#2291);
#2290 = CARTESIAN_POINT('',(-30.85393107144,143.47519759599,-8.4));
#2291 = VECTOR('',#2292,1.);
#2292 = DIRECTION('',(0.,0.,1.));
#2293 = ORIENTED_EDGE('',*,*,#2294,.F.);
#2294 = EDGE_CURVE('',#2295,#2287,#2297,.T.);
#2295 = VERTEX_POINT('',#2296);
#2296 = CARTESIAN_POINT('',(-32.36826400083,142.20511191327,-8.4));
#2297 = CIRCLE('',#2298,1.7);
#2298 = AXIS2_PLACEMENT_3D('',#2299,#2300,#2301);
#2299 = CARTESIAN_POINT('',(-32.5,143.9,-8.4));
#2300 = DIRECTION('',(0.,0.,1.));
#2301 = DIRECTION('',(1.,0.,0.));
#2302 = ORIENTED_EDGE('',*,*,#2303,.T.);
#2303 = EDGE_CURVE('',#2295,#842,#2304,.T.);
#2304 = LINE('',#2305,#2306);
#2305 = CARTESIAN_POINT('',(-32.36826400084,142.20511191327,-8.4));
#2306 = VECTOR('',#2307,1.);
#2307 = DIRECTION('',(0.,0.,1.));
#2308 = CYLINDRICAL_SURFACE('',#2309,1.7);
#2309 = AXIS2_PLACEMENT_3D('',#2310,#2311,#2312);
#2310 = CARTESIAN_POINT('',(-32.5,143.9,-31.));
#2311 = DIRECTION('',(0.,0.,1.));
#2312 = DIRECTION('',(1.,0.,0.));
#2313 = ADVANCED_FACE('',(#2314),#2333,.F.);
#2314 = FACE_BOUND('',#2315,.T.);
#2315 = EDGE_LOOP('',(#2316,#2317,#2318,#2326));
#2316 = ORIENTED_EDGE('',*,*,#2269,.F.);
#2317 = ORIENTED_EDGE('',*,*,#193,.F.);
#2318 = ORIENTED_EDGE('',*,*,#2319,.T.);
#2319 = EDGE_CURVE('',#194,#2320,#2322,.T.);
#2320 = VERTEX_POINT('',#2321);
#2321 = CARTESIAN_POINT('',(-28.,145.7,-11.1));
#2322 = LINE('',#2323,#2324);
#2323 = CARTESIAN_POINT('',(-28.,145.7,-29.1));
#2324 = VECTOR('',#2325,1.);
#2325 = DIRECTION('',(0.,0.,1.));
#2326 = ORIENTED_EDGE('',*,*,#2327,.F.);
#2327 = EDGE_CURVE('',#2261,#2320,#2328,.T.);
#2328 = CIRCLE('',#2329,8.);
#2329 = AXIS2_PLACEMENT_3D('',#2330,#2331,#2332);
#2330 = CARTESIAN_POINT('',(-28.,137.7,-11.1));
#2331 = DIRECTION('',(-0.,-0.,-1.));
#2332 = DIRECTION('',(0.,-1.,0.));
#2333 = CYLINDRICAL_SURFACE('',#2334,8.);
#2334 = AXIS2_PLACEMENT_3D('',#2335,#2336,#2337);
#2335 = CARTESIAN_POINT('',(-28.,137.7,-29.1));
#2336 = DIRECTION('',(0.,0.,1.));
#2337 = DIRECTION('',(-1.,0.,0.));
#2338 = ADVANCED_FACE('',(#2339),#2357,.F.);
#2339 = FACE_BOUND('',#2340,.F.);
#2340 = EDGE_LOOP('',(#2341,#2342,#2343,#2351));
#2341 = ORIENTED_EDGE('',*,*,#202,.T.);
#2342 = ORIENTED_EDGE('',*,*,#2319,.T.);
#2343 = ORIENTED_EDGE('',*,*,#2344,.T.);
#2344 = EDGE_CURVE('',#2320,#2345,#2347,.T.);
#2345 = VERTEX_POINT('',#2346);
#2346 = CARTESIAN_POINT('',(28.,145.7,-11.1));
#2347 = LINE('',#2348,#2349);
#2348 = CARTESIAN_POINT('',(-36.,145.7,-11.1));
#2349 = VECTOR('',#2350,1.);
#2350 = DIRECTION('',(1.,0.,0.));
#2351 = ORIENTED_EDGE('',*,*,#2352,.F.);
#2352 = EDGE_CURVE('',#203,#2345,#2353,.T.);
#2353 = LINE('',#2354,#2355);
#2354 = CARTESIAN_POINT('',(28.,145.7,-29.1));
#2355 = VECTOR('',#2356,1.);
#2356 = DIRECTION('',(0.,0.,1.));
#2357 = PLANE('',#2358);
#2358 = AXIS2_PLACEMENT_3D('',#2359,#2360,#2361);
#2359 = CARTESIAN_POINT('',(-36.,145.7,-29.1));
#2360 = DIRECTION('',(0.,1.,0.));
#2361 = DIRECTION('',(0.,0.,1.));
#2362 = ADVANCED_FACE('',(#2363),#2382,.F.);
#2363 = FACE_BOUND('',#2364,.F.);
#2364 = EDGE_LOOP('',(#2365,#2373,#2374,#2375));
#2365 = ORIENTED_EDGE('',*,*,#2366,.F.);
#2366 = EDGE_CURVE('',#211,#2367,#2369,.T.);
#2367 = VERTEX_POINT('',#2368);
#2368 = CARTESIAN_POINT('',(31.22291613248,145.02207700061,-11.1));
#2369 = LINE('',#2370,#2371);
#2370 = CARTESIAN_POINT('',(31.22291613248,145.02207700062,-29.1));
#2371 = VECTOR('',#2372,1.);
#2372 = DIRECTION('',(0.,0.,1.));
#2373 = ORIENTED_EDGE('',*,*,#210,.T.);
#2374 = ORIENTED_EDGE('',*,*,#2352,.T.);
#2375 = ORIENTED_EDGE('',*,*,#2376,.F.);
#2376 = EDGE_CURVE('',#2367,#2345,#2377,.T.);
#2377 = CIRCLE('',#2378,8.);
#2378 = AXIS2_PLACEMENT_3D('',#2379,#2380,#2381);
#2379 = CARTESIAN_POINT('',(28.,137.7,-11.1));
#2380 = DIRECTION('',(-0.,0.,1.));
#2381 = DIRECTION('',(0.,-1.,0.));
#2382 = CYLINDRICAL_SURFACE('',#2383,8.);
#2383 = AXIS2_PLACEMENT_3D('',#2384,#2385,#2386);
#2384 = CARTESIAN_POINT('',(28.,137.7,-29.1));
#2385 = DIRECTION('',(0.,0.,1.));
#2386 = DIRECTION('',(1.,0.,0.));
#2387 = ADVANCED_FACE('',(#2388),#2440,.F.);
#2388 = FACE_BOUND('',#2389,.F.);
#2389 = EDGE_LOOP('',(#2390,#2391,#2397,#2398,#2399,#2408,#2414,#2415,
    #2416,#2417,#2425,#2434));
#2390 = ORIENTED_EDGE('',*,*,#894,.F.);
#2391 = ORIENTED_EDGE('',*,*,#2392,.F.);
#2392 = EDGE_CURVE('',#220,#895,#2393,.T.);
#2393 = LINE('',#2394,#2395);
#2394 = CARTESIAN_POINT('',(34.2,143.9,-31.));
#2395 = VECTOR('',#2396,1.);
#2396 = DIRECTION('',(0.,0.,1.));
#2397 = ORIENTED_EDGE('',*,*,#219,.T.);
#2398 = ORIENTED_EDGE('',*,*,#2366,.T.);
#2399 = ORIENTED_EDGE('',*,*,#2400,.T.);
#2400 = EDGE_CURVE('',#2367,#2401,#2403,.T.);
#2401 = VERTEX_POINT('',#2402);
#2402 = CARTESIAN_POINT('',(33.962635068747,143.03357132107,-11.1));
#2403 = CIRCLE('',#2404,1.7);
#2404 = AXIS2_PLACEMENT_3D('',#2405,#2406,#2407);
#2405 = CARTESIAN_POINT('',(32.5,143.9,-11.1));
#2406 = DIRECTION('',(0.,0.,1.));
#2407 = DIRECTION('',(1.,0.,0.));
#2408 = ORIENTED_EDGE('',*,*,#2409,.F.);
#2409 = EDGE_CURVE('',#229,#2401,#2410,.T.);
#2410 = LINE('',#2411,#2412);
#2411 = CARTESIAN_POINT('',(33.962635068747,143.03357132107,-29.1));
#2412 = VECTOR('',#2413,1.);
#2413 = DIRECTION('',(0.,0.,1.));
#2414 = ORIENTED_EDGE('',*,*,#228,.T.);
#2415 = ORIENTED_EDGE('',*,*,#2392,.T.);
#2416 = ORIENTED_EDGE('',*,*,#903,.F.);
#2417 = ORIENTED_EDGE('',*,*,#2418,.F.);
#2418 = EDGE_CURVE('',#2419,#904,#2421,.T.);
#2419 = VERTEX_POINT('',#2420);
#2420 = CARTESIAN_POINT('',(32.368264000837,142.20511191327,-8.4));
#2421 = LINE('',#2422,#2423);
#2422 = CARTESIAN_POINT('',(32.36826400084,142.20511191327,-8.4));
#2423 = VECTOR('',#2424,1.);
#2424 = DIRECTION('',(0.,0.,1.));
#2425 = ORIENTED_EDGE('',*,*,#2426,.F.);
#2426 = EDGE_CURVE('',#2427,#2419,#2429,.T.);
#2427 = VERTEX_POINT('',#2428);
#2428 = CARTESIAN_POINT('',(30.85393107145,143.47519759598,-8.4));
#2429 = CIRCLE('',#2430,1.7);
#2430 = AXIS2_PLACEMENT_3D('',#2431,#2432,#2433);
#2431 = CARTESIAN_POINT('',(32.5,143.9,-8.4));
#2432 = DIRECTION('',(0.,0.,1.));
#2433 = DIRECTION('',(1.,0.,0.));
#2434 = ORIENTED_EDGE('',*,*,#2435,.T.);
#2435 = EDGE_CURVE('',#2427,#886,#2436,.T.);
#2436 = LINE('',#2437,#2438);
#2437 = CARTESIAN_POINT('',(30.853931071447,143.47519759599,-8.4));
#2438 = VECTOR('',#2439,1.);
#2439 = DIRECTION('',(0.,0.,1.));
#2440 = CYLINDRICAL_SURFACE('',#2441,1.7);
#2441 = AXIS2_PLACEMENT_3D('',#2442,#2443,#2444);
#2442 = CARTESIAN_POINT('',(32.5,143.9,-31.));
#2443 = DIRECTION('',(0.,0.,1.));
#2444 = DIRECTION('',(1.,0.,0.));
#2445 = ADVANCED_FACE('',(#2446),#2465,.F.);
#2446 = FACE_BOUND('',#2447,.F.);
#2447 = EDGE_LOOP('',(#2448,#2456,#2457,#2458));
#2448 = ORIENTED_EDGE('',*,*,#2449,.F.);
#2449 = EDGE_CURVE('',#238,#2450,#2452,.T.);
#2450 = VERTEX_POINT('',#2451);
#2451 = CARTESIAN_POINT('',(36.,137.7,-11.1));
#2452 = LINE('',#2453,#2454);
#2453 = CARTESIAN_POINT('',(36.,137.7,-29.1));
#2454 = VECTOR('',#2455,1.);
#2455 = DIRECTION('',(0.,0.,1.));
#2456 = ORIENTED_EDGE('',*,*,#237,.T.);
#2457 = ORIENTED_EDGE('',*,*,#2409,.T.);
#2458 = ORIENTED_EDGE('',*,*,#2459,.F.);
#2459 = EDGE_CURVE('',#2450,#2401,#2460,.T.);
#2460 = CIRCLE('',#2461,8.);
#2461 = AXIS2_PLACEMENT_3D('',#2462,#2463,#2464);
#2462 = CARTESIAN_POINT('',(28.,137.7,-11.1));
#2463 = DIRECTION('',(-0.,0.,1.));
#2464 = DIRECTION('',(0.,-1.,0.));
#2465 = CYLINDRICAL_SURFACE('',#2466,8.);
#2466 = AXIS2_PLACEMENT_3D('',#2467,#2468,#2469);
#2467 = CARTESIAN_POINT('',(28.,137.7,-29.1));
#2468 = DIRECTION('',(0.,0.,1.));
#2469 = DIRECTION('',(1.,0.,0.));
#2470 = ADVANCED_FACE('',(#2471,#2489,#2557,#2625,#2693,#2761,#2829),
  #2897,.F.);
#2471 = FACE_BOUND('',#2472,.F.);
#2472 = EDGE_LOOP('',(#2473,#2481,#2487,#2488));
#2473 = ORIENTED_EDGE('',*,*,#2474,.F.);
#2474 = EDGE_CURVE('',#2475,#2450,#2477,.T.);
#2475 = VERTEX_POINT('',#2476);
#2476 = CARTESIAN_POINT('',(36.,7.7,-11.1));
#2477 = LINE('',#2478,#2479);
#2478 = CARTESIAN_POINT('',(36.,-0.3,-11.1));
#2479 = VECTOR('',#2480,1.);
#2480 = DIRECTION('',(0.,1.,0.));
#2481 = ORIENTED_EDGE('',*,*,#2482,.F.);
#2482 = EDGE_CURVE('',#247,#2475,#2483,.T.);
#2483 = LINE('',#2484,#2485);
#2484 = CARTESIAN_POINT('',(36.,7.7,-29.1));
#2485 = VECTOR('',#2486,1.);
#2486 = DIRECTION('',(0.,0.,1.));
#2487 = ORIENTED_EDGE('',*,*,#246,.T.);
#2488 = ORIENTED_EDGE('',*,*,#2449,.T.);
#2489 = FACE_BOUND('',#2490,.F.);
#2490 = EDGE_LOOP('',(#2491,#2501,#2509,#2518,#2526,#2534,#2542,#2551));
#2491 = ORIENTED_EDGE('',*,*,#2492,.F.);
#2492 = EDGE_CURVE('',#2493,#2495,#2497,.T.);
#2493 = VERTEX_POINT('',#2494);
#2494 = CARTESIAN_POINT('',(36.,131.,-25.));
#2495 = VERTEX_POINT('',#2496);
#2496 = CARTESIAN_POINT('',(36.,131.,-17.));
#2497 = LINE('',#2498,#2499);
#2498 = CARTESIAN_POINT('',(36.,131.,-27.05));
#2499 = VECTOR('',#2500,1.);
#2500 = DIRECTION('',(0.,0.,1.));
#2501 = ORIENTED_EDGE('',*,*,#2502,.T.);
#2502 = EDGE_CURVE('',#2493,#2503,#2505,.T.);
#2503 = VERTEX_POINT('',#2504);
#2504 = CARTESIAN_POINT('',(36.,129.,-25.));
#2505 = LINE('',#2506,#2507);
#2506 = CARTESIAN_POINT('',(36.,62.35,-25.));
#2507 = VECTOR('',#2508,1.);
#2508 = DIRECTION('',(0.,-1.,0.));
#2509 = ORIENTED_EDGE('',*,*,#2510,.F.);
#2510 = EDGE_CURVE('',#2511,#2503,#2513,.T.);
#2511 = VERTEX_POINT('',#2512);
#2512 = CARTESIAN_POINT('',(36.,127.,-25.));
#2513 = CIRCLE('',#2514,2.6);
#2514 = AXIS2_PLACEMENT_3D('',#2515,#2516,#2517);
#2515 = CARTESIAN_POINT('',(36.,128.,-22.6));
#2516 = DIRECTION('',(1.,0.,-0.));
#2517 = DIRECTION('',(0.,0.,1.));
#2518 = ORIENTED_EDGE('',*,*,#2519,.T.);
#2519 = EDGE_CURVE('',#2511,#2520,#2522,.T.);
#2520 = VERTEX_POINT('',#2521);
#2521 = CARTESIAN_POINT('',(36.,125.,-25.));
#2522 = LINE('',#2523,#2524);
#2523 = CARTESIAN_POINT('',(36.,62.35,-25.));
#2524 = VECTOR('',#2525,1.);
#2525 = DIRECTION('',(0.,-1.,0.));
#2526 = ORIENTED_EDGE('',*,*,#2527,.T.);
#2527 = EDGE_CURVE('',#2520,#2528,#2530,.T.);
#2528 = VERTEX_POINT('',#2529);
#2529 = CARTESIAN_POINT('',(36.,125.,-17.));
#2530 = LINE('',#2531,#2532);
#2531 = CARTESIAN_POINT('',(36.,125.,-27.05));
#2532 = VECTOR('',#2533,1.);
#2533 = DIRECTION('',(0.,0.,1.));
#2534 = ORIENTED_EDGE('',*,*,#2535,.F.);
#2535 = EDGE_CURVE('',#2536,#2528,#2538,.T.);
#2536 = VERTEX_POINT('',#2537);
#2537 = CARTESIAN_POINT('',(36.,127.,-17.));
#2538 = LINE('',#2539,#2540);
#2539 = CARTESIAN_POINT('',(36.,62.35,-17.));
#2540 = VECTOR('',#2541,1.);
#2541 = DIRECTION('',(0.,-1.,0.));
#2542 = ORIENTED_EDGE('',*,*,#2543,.F.);
#2543 = EDGE_CURVE('',#2544,#2536,#2546,.T.);
#2544 = VERTEX_POINT('',#2545);
#2545 = CARTESIAN_POINT('',(36.,129.,-17.));
#2546 = CIRCLE('',#2547,2.6);
#2547 = AXIS2_PLACEMENT_3D('',#2548,#2549,#2550);
#2548 = CARTESIAN_POINT('',(36.,128.,-19.4));
#2549 = DIRECTION('',(1.,0.,-0.));
#2550 = DIRECTION('',(0.,0.,1.));
#2551 = ORIENTED_EDGE('',*,*,#2552,.F.);
#2552 = EDGE_CURVE('',#2495,#2544,#2553,.T.);
#2553 = LINE('',#2554,#2555);
#2554 = CARTESIAN_POINT('',(36.,62.35,-17.));
#2555 = VECTOR('',#2556,1.);
#2556 = DIRECTION('',(0.,-1.,0.));
#2557 = FACE_BOUND('',#2558,.F.);
#2558 = EDGE_LOOP('',(#2559,#2569,#2577,#2586,#2594,#2602,#2610,#2619));
#2559 = ORIENTED_EDGE('',*,*,#2560,.F.);
#2560 = EDGE_CURVE('',#2561,#2563,#2565,.T.);
#2561 = VERTEX_POINT('',#2562);
#2562 = CARTESIAN_POINT('',(36.,119.,-25.));
#2563 = VERTEX_POINT('',#2564);
#2564 = CARTESIAN_POINT('',(36.,119.,-17.));
#2565 = LINE('',#2566,#2567);
#2566 = CARTESIAN_POINT('',(36.,119.,-27.05));
#2567 = VECTOR('',#2568,1.);
#2568 = DIRECTION('',(0.,0.,1.));
#2569 = ORIENTED_EDGE('',*,*,#2570,.T.);
#2570 = EDGE_CURVE('',#2561,#2571,#2573,.T.);
#2571 = VERTEX_POINT('',#2572);
#2572 = CARTESIAN_POINT('',(36.,116.99999999999,-25.));
#2573 = LINE('',#2574,#2575);
#2574 = CARTESIAN_POINT('',(36.,56.35,-25.));
#2575 = VECTOR('',#2576,1.);
#2576 = DIRECTION('',(0.,-1.,0.));
#2577 = ORIENTED_EDGE('',*,*,#2578,.F.);
#2578 = EDGE_CURVE('',#2579,#2571,#2581,.T.);
#2579 = VERTEX_POINT('',#2580);
#2580 = CARTESIAN_POINT('',(36.,115.,-25.));
#2581 = CIRCLE('',#2582,2.6);
#2582 = AXIS2_PLACEMENT_3D('',#2583,#2584,#2585);
#2583 = CARTESIAN_POINT('',(36.,116.,-22.6));
#2584 = DIRECTION('',(1.,0.,-0.));
#2585 = DIRECTION('',(0.,0.,1.));
#2586 = ORIENTED_EDGE('',*,*,#2587,.T.);
#2587 = EDGE_CURVE('',#2579,#2588,#2590,.T.);
#2588 = VERTEX_POINT('',#2589);
#2589 = CARTESIAN_POINT('',(36.,113.,-25.));
#2590 = LINE('',#2591,#2592);
#2591 = CARTESIAN_POINT('',(36.,56.35,-25.));
#2592 = VECTOR('',#2593,1.);
#2593 = DIRECTION('',(0.,-1.,0.));
#2594 = ORIENTED_EDGE('',*,*,#2595,.T.);
#2595 = EDGE_CURVE('',#2588,#2596,#2598,.T.);
#2596 = VERTEX_POINT('',#2597);
#2597 = CARTESIAN_POINT('',(36.,113.,-17.));
#2598 = LINE('',#2599,#2600);
#2599 = CARTESIAN_POINT('',(36.,113.,-27.05));
#2600 = VECTOR('',#2601,1.);
#2601 = DIRECTION('',(0.,0.,1.));
#2602 = ORIENTED_EDGE('',*,*,#2603,.F.);
#2603 = EDGE_CURVE('',#2604,#2596,#2606,.T.);
#2604 = VERTEX_POINT('',#2605);
#2605 = CARTESIAN_POINT('',(36.,115.,-17.));
#2606 = LINE('',#2607,#2608);
#2607 = CARTESIAN_POINT('',(36.,56.35,-17.));
#2608 = VECTOR('',#2609,1.);
#2609 = DIRECTION('',(0.,-1.,0.));
#2610 = ORIENTED_EDGE('',*,*,#2611,.F.);
#2611 = EDGE_CURVE('',#2612,#2604,#2614,.T.);
#2612 = VERTEX_POINT('',#2613);
#2613 = CARTESIAN_POINT('',(36.,117.,-17.));
#2614 = CIRCLE('',#2615,2.6);
#2615 = AXIS2_PLACEMENT_3D('',#2616,#2617,#2618);
#2616 = CARTESIAN_POINT('',(36.,116.,-19.4));
#2617 = DIRECTION('',(1.,0.,-0.));
#2618 = DIRECTION('',(0.,0.,1.));
#2619 = ORIENTED_EDGE('',*,*,#2620,.F.);
#2620 = EDGE_CURVE('',#2563,#2612,#2621,.T.);
#2621 = LINE('',#2622,#2623);
#2622 = CARTESIAN_POINT('',(36.,56.35,-17.));
#2623 = VECTOR('',#2624,1.);
#2624 = DIRECTION('',(0.,-1.,0.));
#2625 = FACE_BOUND('',#2626,.F.);
#2626 = EDGE_LOOP('',(#2627,#2637,#2645,#2654,#2662,#2670,#2678,#2687));
#2627 = ORIENTED_EDGE('',*,*,#2628,.F.);
#2628 = EDGE_CURVE('',#2629,#2631,#2633,.T.);
#2629 = VERTEX_POINT('',#2630);
#2630 = CARTESIAN_POINT('',(36.,107.,-25.));
#2631 = VERTEX_POINT('',#2632);
#2632 = CARTESIAN_POINT('',(36.,107.,-17.));
#2633 = LINE('',#2634,#2635);
#2634 = CARTESIAN_POINT('',(36.,107.,-27.05));
#2635 = VECTOR('',#2636,1.);
#2636 = DIRECTION('',(0.,0.,1.));
#2637 = ORIENTED_EDGE('',*,*,#2638,.T.);
#2638 = EDGE_CURVE('',#2629,#2639,#2641,.T.);
#2639 = VERTEX_POINT('',#2640);
#2640 = CARTESIAN_POINT('',(36.,105.,-25.));
#2641 = LINE('',#2642,#2643);
#2642 = CARTESIAN_POINT('',(36.,50.35,-25.));
#2643 = VECTOR('',#2644,1.);
#2644 = DIRECTION('',(0.,-1.,0.));
#2645 = ORIENTED_EDGE('',*,*,#2646,.F.);
#2646 = EDGE_CURVE('',#2647,#2639,#2649,.T.);
#2647 = VERTEX_POINT('',#2648);
#2648 = CARTESIAN_POINT('',(36.,102.99999999999,-25.));
#2649 = CIRCLE('',#2650,2.6);
#2650 = AXIS2_PLACEMENT_3D('',#2651,#2652,#2653);
#2651 = CARTESIAN_POINT('',(36.,104.,-22.6));
#2652 = DIRECTION('',(1.,0.,-0.));
#2653 = DIRECTION('',(0.,0.,1.));
#2654 = ORIENTED_EDGE('',*,*,#2655,.T.);
#2655 = EDGE_CURVE('',#2647,#2656,#2658,.T.);
#2656 = VERTEX_POINT('',#2657);
#2657 = CARTESIAN_POINT('',(36.,101.,-25.));
#2658 = LINE('',#2659,#2660);
#2659 = CARTESIAN_POINT('',(36.,50.35,-25.));
#2660 = VECTOR('',#2661,1.);
#2661 = DIRECTION('',(0.,-1.,0.));
#2662 = ORIENTED_EDGE('',*,*,#2663,.T.);
#2663 = EDGE_CURVE('',#2656,#2664,#2666,.T.);
#2664 = VERTEX_POINT('',#2665);
#2665 = CARTESIAN_POINT('',(36.,101.,-17.));
#2666 = LINE('',#2667,#2668);
#2667 = CARTESIAN_POINT('',(36.,101.,-27.05));
#2668 = VECTOR('',#2669,1.);
#2669 = DIRECTION('',(0.,0.,1.));
#2670 = ORIENTED_EDGE('',*,*,#2671,.F.);
#2671 = EDGE_CURVE('',#2672,#2664,#2674,.T.);
#2672 = VERTEX_POINT('',#2673);
#2673 = CARTESIAN_POINT('',(36.,102.99999999999,-17.));
#2674 = LINE('',#2675,#2676);
#2675 = CARTESIAN_POINT('',(36.,50.35,-17.));
#2676 = VECTOR('',#2677,1.);
#2677 = DIRECTION('',(0.,-1.,0.));
#2678 = ORIENTED_EDGE('',*,*,#2679,.F.);
#2679 = EDGE_CURVE('',#2680,#2672,#2682,.T.);
#2680 = VERTEX_POINT('',#2681);
#2681 = CARTESIAN_POINT('',(36.,105.,-17.));
#2682 = CIRCLE('',#2683,2.6);
#2683 = AXIS2_PLACEMENT_3D('',#2684,#2685,#2686);
#2684 = CARTESIAN_POINT('',(36.,104.,-19.4));
#2685 = DIRECTION('',(1.,0.,-0.));
#2686 = DIRECTION('',(0.,0.,1.));
#2687 = ORIENTED_EDGE('',*,*,#2688,.F.);
#2688 = EDGE_CURVE('',#2631,#2680,#2689,.T.);
#2689 = LINE('',#2690,#2691);
#2690 = CARTESIAN_POINT('',(36.,50.35,-17.));
#2691 = VECTOR('',#2692,1.);
#2692 = DIRECTION('',(0.,-1.,0.));
#2693 = FACE_BOUND('',#2694,.F.);
#2694 = EDGE_LOOP('',(#2695,#2705,#2713,#2722,#2730,#2738,#2746,#2755));
#2695 = ORIENTED_EDGE('',*,*,#2696,.F.);
#2696 = EDGE_CURVE('',#2697,#2699,#2701,.T.);
#2697 = VERTEX_POINT('',#2698);
#2698 = CARTESIAN_POINT('',(36.,95.,-25.));
#2699 = VERTEX_POINT('',#2700);
#2700 = CARTESIAN_POINT('',(36.,95.,-17.));
#2701 = LINE('',#2702,#2703);
#2702 = CARTESIAN_POINT('',(36.,95.,-27.05));
#2703 = VECTOR('',#2704,1.);
#2704 = DIRECTION('',(0.,0.,1.));
#2705 = ORIENTED_EDGE('',*,*,#2706,.T.);
#2706 = EDGE_CURVE('',#2697,#2707,#2709,.T.);
#2707 = VERTEX_POINT('',#2708);
#2708 = CARTESIAN_POINT('',(36.,93.,-25.));
#2709 = LINE('',#2710,#2711);
#2710 = CARTESIAN_POINT('',(36.,44.35,-25.));
#2711 = VECTOR('',#2712,1.);
#2712 = DIRECTION('',(0.,-1.,0.));
#2713 = ORIENTED_EDGE('',*,*,#2714,.F.);
#2714 = EDGE_CURVE('',#2715,#2707,#2717,.T.);
#2715 = VERTEX_POINT('',#2716);
#2716 = CARTESIAN_POINT('',(36.,91.,-25.));
#2717 = CIRCLE('',#2718,2.6);
#2718 = AXIS2_PLACEMENT_3D('',#2719,#2720,#2721);
#2719 = CARTESIAN_POINT('',(36.,92.,-22.6));
#2720 = DIRECTION('',(1.,0.,-0.));
#2721 = DIRECTION('',(0.,0.,1.));
#2722 = ORIENTED_EDGE('',*,*,#2723,.T.);
#2723 = EDGE_CURVE('',#2715,#2724,#2726,.T.);
#2724 = VERTEX_POINT('',#2725);
#2725 = CARTESIAN_POINT('',(36.,89.,-25.));
#2726 = LINE('',#2727,#2728);
#2727 = CARTESIAN_POINT('',(36.,44.35,-25.));
#2728 = VECTOR('',#2729,1.);
#2729 = DIRECTION('',(0.,-1.,0.));
#2730 = ORIENTED_EDGE('',*,*,#2731,.T.);
#2731 = EDGE_CURVE('',#2724,#2732,#2734,.T.);
#2732 = VERTEX_POINT('',#2733);
#2733 = CARTESIAN_POINT('',(36.,89.,-17.));
#2734 = LINE('',#2735,#2736);
#2735 = CARTESIAN_POINT('',(36.,89.,-27.05));
#2736 = VECTOR('',#2737,1.);
#2737 = DIRECTION('',(0.,0.,1.));
#2738 = ORIENTED_EDGE('',*,*,#2739,.F.);
#2739 = EDGE_CURVE('',#2740,#2732,#2742,.T.);
#2740 = VERTEX_POINT('',#2741);
#2741 = CARTESIAN_POINT('',(36.,91.,-17.));
#2742 = LINE('',#2743,#2744);
#2743 = CARTESIAN_POINT('',(36.,44.35,-17.));
#2744 = VECTOR('',#2745,1.);
#2745 = DIRECTION('',(0.,-1.,0.));
#2746 = ORIENTED_EDGE('',*,*,#2747,.F.);
#2747 = EDGE_CURVE('',#2748,#2740,#2750,.T.);
#2748 = VERTEX_POINT('',#2749);
#2749 = CARTESIAN_POINT('',(36.,93.,-17.));
#2750 = CIRCLE('',#2751,2.6);
#2751 = AXIS2_PLACEMENT_3D('',#2752,#2753,#2754);
#2752 = CARTESIAN_POINT('',(36.,92.,-19.4));
#2753 = DIRECTION('',(1.,0.,-0.));
#2754 = DIRECTION('',(0.,0.,1.));
#2755 = ORIENTED_EDGE('',*,*,#2756,.F.);
#2756 = EDGE_CURVE('',#2699,#2748,#2757,.T.);
#2757 = LINE('',#2758,#2759);
#2758 = CARTESIAN_POINT('',(36.,44.35,-17.));
#2759 = VECTOR('',#2760,1.);
#2760 = DIRECTION('',(0.,-1.,0.));
#2761 = FACE_BOUND('',#2762,.F.);
#2762 = EDGE_LOOP('',(#2763,#2773,#2781,#2790,#2798,#2806,#2814,#2823));
#2763 = ORIENTED_EDGE('',*,*,#2764,.F.);
#2764 = EDGE_CURVE('',#2765,#2767,#2769,.T.);
#2765 = VERTEX_POINT('',#2766);
#2766 = CARTESIAN_POINT('',(36.,83.,-25.));
#2767 = VERTEX_POINT('',#2768);
#2768 = CARTESIAN_POINT('',(36.,83.,-17.));
#2769 = LINE('',#2770,#2771);
#2770 = CARTESIAN_POINT('',(36.,83.,-27.05));
#2771 = VECTOR('',#2772,1.);
#2772 = DIRECTION('',(0.,0.,1.));
#2773 = ORIENTED_EDGE('',*,*,#2774,.T.);
#2774 = EDGE_CURVE('',#2765,#2775,#2777,.T.);
#2775 = VERTEX_POINT('',#2776);
#2776 = CARTESIAN_POINT('',(36.,81.,-25.));
#2777 = LINE('',#2778,#2779);
#2778 = CARTESIAN_POINT('',(36.,38.35,-25.));
#2779 = VECTOR('',#2780,1.);
#2780 = DIRECTION('',(0.,-1.,0.));
#2781 = ORIENTED_EDGE('',*,*,#2782,.F.);
#2782 = EDGE_CURVE('',#2783,#2775,#2785,.T.);
#2783 = VERTEX_POINT('',#2784);
#2784 = CARTESIAN_POINT('',(36.,79.,-25.));
#2785 = CIRCLE('',#2786,2.6);
#2786 = AXIS2_PLACEMENT_3D('',#2787,#2788,#2789);
#2787 = CARTESIAN_POINT('',(36.,80.,-22.6));
#2788 = DIRECTION('',(1.,0.,-0.));
#2789 = DIRECTION('',(0.,0.,1.));
#2790 = ORIENTED_EDGE('',*,*,#2791,.T.);
#2791 = EDGE_CURVE('',#2783,#2792,#2794,.T.);
#2792 = VERTEX_POINT('',#2793);
#2793 = CARTESIAN_POINT('',(36.,77.,-25.));
#2794 = LINE('',#2795,#2796);
#2795 = CARTESIAN_POINT('',(36.,38.35,-25.));
#2796 = VECTOR('',#2797,1.);
#2797 = DIRECTION('',(0.,-1.,0.));
#2798 = ORIENTED_EDGE('',*,*,#2799,.T.);
#2799 = EDGE_CURVE('',#2792,#2800,#2802,.T.);
#2800 = VERTEX_POINT('',#2801);
#2801 = CARTESIAN_POINT('',(36.,77.,-17.));
#2802 = LINE('',#2803,#2804);
#2803 = CARTESIAN_POINT('',(36.,77.,-27.05));
#2804 = VECTOR('',#2805,1.);
#2805 = DIRECTION('',(0.,0.,1.));
#2806 = ORIENTED_EDGE('',*,*,#2807,.F.);
#2807 = EDGE_CURVE('',#2808,#2800,#2810,.T.);
#2808 = VERTEX_POINT('',#2809);
#2809 = CARTESIAN_POINT('',(36.,79.,-17.));
#2810 = LINE('',#2811,#2812);
#2811 = CARTESIAN_POINT('',(36.,38.35,-17.));
#2812 = VECTOR('',#2813,1.);
#2813 = DIRECTION('',(0.,-1.,0.));
#2814 = ORIENTED_EDGE('',*,*,#2815,.F.);
#2815 = EDGE_CURVE('',#2816,#2808,#2818,.T.);
#2816 = VERTEX_POINT('',#2817);
#2817 = CARTESIAN_POINT('',(36.,81.,-17.));
#2818 = CIRCLE('',#2819,2.6);
#2819 = AXIS2_PLACEMENT_3D('',#2820,#2821,#2822);
#2820 = CARTESIAN_POINT('',(36.,80.,-19.4));
#2821 = DIRECTION('',(1.,0.,-0.));
#2822 = DIRECTION('',(0.,0.,1.));
#2823 = ORIENTED_EDGE('',*,*,#2824,.F.);
#2824 = EDGE_CURVE('',#2767,#2816,#2825,.T.);
#2825 = LINE('',#2826,#2827);
#2826 = CARTESIAN_POINT('',(36.,38.35,-17.));
#2827 = VECTOR('',#2828,1.);
#2828 = DIRECTION('',(0.,-1.,0.));
#2829 = FACE_BOUND('',#2830,.F.);
#2830 = EDGE_LOOP('',(#2831,#2841,#2849,#2858,#2866,#2874,#2882,#2891));
#2831 = ORIENTED_EDGE('',*,*,#2832,.F.);
#2832 = EDGE_CURVE('',#2833,#2835,#2837,.T.);
#2833 = VERTEX_POINT('',#2834);
#2834 = CARTESIAN_POINT('',(36.,71.,-25.));
#2835 = VERTEX_POINT('',#2836);
#2836 = CARTESIAN_POINT('',(36.,71.,-17.));
#2837 = LINE('',#2838,#2839);
#2838 = CARTESIAN_POINT('',(36.,71.,-27.05));
#2839 = VECTOR('',#2840,1.);
#2840 = DIRECTION('',(0.,0.,1.));
#2841 = ORIENTED_EDGE('',*,*,#2842,.T.);
#2842 = EDGE_CURVE('',#2833,#2843,#2845,.T.);
#2843 = VERTEX_POINT('',#2844);
#2844 = CARTESIAN_POINT('',(36.,69.,-25.));
#2845 = LINE('',#2846,#2847);
#2846 = CARTESIAN_POINT('',(36.,32.35,-25.));
#2847 = VECTOR('',#2848,1.);
#2848 = DIRECTION('',(0.,-1.,0.));
#2849 = ORIENTED_EDGE('',*,*,#2850,.F.);
#2850 = EDGE_CURVE('',#2851,#2843,#2853,.T.);
#2851 = VERTEX_POINT('',#2852);
#2852 = CARTESIAN_POINT('',(36.,67.,-25.));
#2853 = CIRCLE('',#2854,2.6);
#2854 = AXIS2_PLACEMENT_3D('',#2855,#2856,#2857);
#2855 = CARTESIAN_POINT('',(36.,68.,-22.6));
#2856 = DIRECTION('',(1.,0.,-0.));
#2857 = DIRECTION('',(0.,0.,1.));
#2858 = ORIENTED_EDGE('',*,*,#2859,.T.);
#2859 = EDGE_CURVE('',#2851,#2860,#2862,.T.);
#2860 = VERTEX_POINT('',#2861);
#2861 = CARTESIAN_POINT('',(36.,65.,-25.));
#2862 = LINE('',#2863,#2864);
#2863 = CARTESIAN_POINT('',(36.,32.35,-25.));
#2864 = VECTOR('',#2865,1.);
#2865 = DIRECTION('',(0.,-1.,0.));
#2866 = ORIENTED_EDGE('',*,*,#2867,.T.);
#2867 = EDGE_CURVE('',#2860,#2868,#2870,.T.);
#2868 = VERTEX_POINT('',#2869);
#2869 = CARTESIAN_POINT('',(36.,65.,-17.));
#2870 = LINE('',#2871,#2872);
#2871 = CARTESIAN_POINT('',(36.,65.,-27.05));
#2872 = VECTOR('',#2873,1.);
#2873 = DIRECTION('',(0.,0.,1.));
#2874 = ORIENTED_EDGE('',*,*,#2875,.F.);
#2875 = EDGE_CURVE('',#2876,#2868,#2878,.T.);
#2876 = VERTEX_POINT('',#2877);
#2877 = CARTESIAN_POINT('',(36.,66.999999999999,-17.));
#2878 = LINE('',#2879,#2880);
#2879 = CARTESIAN_POINT('',(36.,32.35,-17.));
#2880 = VECTOR('',#2881,1.);
#2881 = DIRECTION('',(0.,-1.,0.));
#2882 = ORIENTED_EDGE('',*,*,#2883,.F.);
#2883 = EDGE_CURVE('',#2884,#2876,#2886,.T.);
#2884 = VERTEX_POINT('',#2885);
#2885 = CARTESIAN_POINT('',(36.,69.000000000001,-17.));
#2886 = CIRCLE('',#2887,2.6);
#2887 = AXIS2_PLACEMENT_3D('',#2888,#2889,#2890);
#2888 = CARTESIAN_POINT('',(36.,68.,-19.4));
#2889 = DIRECTION('',(1.,0.,-0.));
#2890 = DIRECTION('',(0.,0.,1.));
#2891 = ORIENTED_EDGE('',*,*,#2892,.F.);
#2892 = EDGE_CURVE('',#2835,#2884,#2893,.T.);
#2893 = LINE('',#2894,#2895);
#2894 = CARTESIAN_POINT('',(36.,32.35,-17.));
#2895 = VECTOR('',#2896,1.);
#2896 = DIRECTION('',(0.,-1.,0.));
#2897 = PLANE('',#2898);
#2898 = AXIS2_PLACEMENT_3D('',#2899,#2900,#2901);
#2899 = CARTESIAN_POINT('',(36.,-0.3,-29.1));
#2900 = DIRECTION('',(1.,0.,0.));
#2901 = DIRECTION('',(0.,0.,1.));
#2902 = ADVANCED_FACE('',(#2903),#2922,.F.);
#2903 = FACE_BOUND('',#2904,.T.);
#2904 = EDGE_LOOP('',(#2905,#2906,#2907,#2915));
#2905 = ORIENTED_EDGE('',*,*,#2482,.F.);
#2906 = ORIENTED_EDGE('',*,*,#254,.F.);
#2907 = ORIENTED_EDGE('',*,*,#2908,.T.);
#2908 = EDGE_CURVE('',#255,#2909,#2911,.T.);
#2909 = VERTEX_POINT('',#2910);
#2910 = CARTESIAN_POINT('',(33.962635068747,2.366428678929,-11.1));
#2911 = LINE('',#2912,#2913);
#2912 = CARTESIAN_POINT('',(33.962635068747,2.366428678929,-29.1));
#2913 = VECTOR('',#2914,1.);
#2914 = DIRECTION('',(0.,0.,1.));
#2915 = ORIENTED_EDGE('',*,*,#2916,.F.);
#2916 = EDGE_CURVE('',#2475,#2909,#2917,.T.);
#2917 = CIRCLE('',#2918,8.);
#2918 = AXIS2_PLACEMENT_3D('',#2919,#2920,#2921);
#2919 = CARTESIAN_POINT('',(28.,7.7,-11.1));
#2920 = DIRECTION('',(-0.,-0.,-1.));
#2921 = DIRECTION('',(0.,-1.,0.));
#2922 = CYLINDRICAL_SURFACE('',#2923,8.);
#2923 = AXIS2_PLACEMENT_3D('',#2924,#2925,#2926);
#2924 = CARTESIAN_POINT('',(28.,7.7,-29.1));
#2925 = DIRECTION('',(0.,0.,1.));
#2926 = DIRECTION('',(1.,0.,0.));
#2927 = ADVANCED_FACE('',(#2928),#2980,.F.);
#2928 = FACE_BOUND('',#2929,.F.);
#2929 = EDGE_LOOP('',(#2930,#2931,#2937,#2938,#2939,#2948,#2954,#2955,
    #2956,#2957,#2965,#2974));
#2930 = ORIENTED_EDGE('',*,*,#938,.F.);
#2931 = ORIENTED_EDGE('',*,*,#2932,.F.);
#2932 = EDGE_CURVE('',#264,#939,#2933,.T.);
#2933 = LINE('',#2934,#2935);
#2934 = CARTESIAN_POINT('',(34.2,1.5,-31.));
#2935 = VECTOR('',#2936,1.);
#2936 = DIRECTION('',(0.,0.,1.));
#2937 = ORIENTED_EDGE('',*,*,#263,.T.);
#2938 = ORIENTED_EDGE('',*,*,#2908,.T.);
#2939 = ORIENTED_EDGE('',*,*,#2940,.T.);
#2940 = EDGE_CURVE('',#2909,#2941,#2943,.T.);
#2941 = VERTEX_POINT('',#2942);
#2942 = CARTESIAN_POINT('',(31.22291613248,0.37792299938,-11.1));
#2943 = CIRCLE('',#2944,1.7);
#2944 = AXIS2_PLACEMENT_3D('',#2945,#2946,#2947);
#2945 = CARTESIAN_POINT('',(32.5,1.5,-11.1));
#2946 = DIRECTION('',(0.,0.,1.));
#2947 = DIRECTION('',(1.,0.,0.));
#2948 = ORIENTED_EDGE('',*,*,#2949,.F.);
#2949 = EDGE_CURVE('',#273,#2941,#2950,.T.);
#2950 = LINE('',#2951,#2952);
#2951 = CARTESIAN_POINT('',(31.22291613248,0.37792299938,-29.1));
#2952 = VECTOR('',#2953,1.);
#2953 = DIRECTION('',(0.,0.,1.));
#2954 = ORIENTED_EDGE('',*,*,#272,.T.);
#2955 = ORIENTED_EDGE('',*,*,#2932,.T.);
#2956 = ORIENTED_EDGE('',*,*,#947,.F.);
#2957 = ORIENTED_EDGE('',*,*,#2958,.F.);
#2958 = EDGE_CURVE('',#2959,#948,#2961,.T.);
#2959 = VERTEX_POINT('',#2960);
#2960 = CARTESIAN_POINT('',(30.853931071447,1.924802404009,-8.4));
#2961 = LINE('',#2962,#2963);
#2962 = CARTESIAN_POINT('',(30.853931071447,1.924802404009,-8.4));
#2963 = VECTOR('',#2964,1.);
#2964 = DIRECTION('',(0.,0.,1.));
#2965 = ORIENTED_EDGE('',*,*,#2966,.F.);
#2966 = EDGE_CURVE('',#2967,#2959,#2969,.T.);
#2967 = VERTEX_POINT('',#2968);
#2968 = CARTESIAN_POINT('',(32.36826400084,3.194888086726,-8.4));
#2969 = CIRCLE('',#2970,1.7);
#2970 = AXIS2_PLACEMENT_3D('',#2971,#2972,#2973);
#2971 = CARTESIAN_POINT('',(32.5,1.5,-8.4));
#2972 = DIRECTION('',(0.,0.,1.));
#2973 = DIRECTION('',(1.,0.,0.));
#2974 = ORIENTED_EDGE('',*,*,#2975,.T.);
#2975 = EDGE_CURVE('',#2967,#930,#2976,.T.);
#2976 = LINE('',#2977,#2978);
#2977 = CARTESIAN_POINT('',(32.36826400084,3.194888086726,-8.4));
#2978 = VECTOR('',#2979,1.);
#2979 = DIRECTION('',(0.,0.,1.));
#2980 = CYLINDRICAL_SURFACE('',#2981,1.7);
#2981 = AXIS2_PLACEMENT_3D('',#2982,#2983,#2984);
#2982 = CARTESIAN_POINT('',(32.5,1.5,-31.));
#2983 = DIRECTION('',(0.,0.,1.));
#2984 = DIRECTION('',(1.,0.,0.));
#2985 = ADVANCED_FACE('',(#2986),#3005,.F.);
#2986 = FACE_BOUND('',#2987,.T.);
#2987 = EDGE_LOOP('',(#2988,#2989,#2990,#2998));
#2988 = ORIENTED_EDGE('',*,*,#2949,.F.);
#2989 = ORIENTED_EDGE('',*,*,#281,.F.);
#2990 = ORIENTED_EDGE('',*,*,#2991,.T.);
#2991 = EDGE_CURVE('',#282,#2992,#2994,.T.);
#2992 = VERTEX_POINT('',#2993);
#2993 = CARTESIAN_POINT('',(28.,-0.3,-11.1));
#2994 = LINE('',#2995,#2996);
#2995 = CARTESIAN_POINT('',(28.,-0.3,-29.1));
#2996 = VECTOR('',#2997,1.);
#2997 = DIRECTION('',(0.,0.,1.));
#2998 = ORIENTED_EDGE('',*,*,#2999,.F.);
#2999 = EDGE_CURVE('',#2941,#2992,#3000,.T.);
#3000 = CIRCLE('',#3001,8.);
#3001 = AXIS2_PLACEMENT_3D('',#3002,#3003,#3004);
#3002 = CARTESIAN_POINT('',(28.,7.7,-11.1));
#3003 = DIRECTION('',(-0.,-0.,-1.));
#3004 = DIRECTION('',(0.,-1.,0.));
#3005 = CYLINDRICAL_SURFACE('',#3006,8.);
#3006 = AXIS2_PLACEMENT_3D('',#3007,#3008,#3009);
#3007 = CARTESIAN_POINT('',(28.,7.7,-29.1));
#3008 = DIRECTION('',(0.,0.,1.));
#3009 = DIRECTION('',(1.,0.,0.));
#3010 = ADVANCED_FACE('',(#3011,#3029),#3040,.T.);
#3011 = FACE_BOUND('',#3012,.T.);
#3012 = EDGE_LOOP('',(#3013,#3014,#3022,#3028));
#3013 = ORIENTED_EDGE('',*,*,#290,.T.);
#3014 = ORIENTED_EDGE('',*,*,#3015,.T.);
#3015 = EDGE_CURVE('',#291,#3016,#3018,.T.);
#3016 = VERTEX_POINT('',#3017);
#3017 = CARTESIAN_POINT('',(-28.,-0.3,-11.1));
#3018 = LINE('',#3019,#3020);
#3019 = CARTESIAN_POINT('',(-28.,-0.3,-29.1));
#3020 = VECTOR('',#3021,1.);
#3021 = DIRECTION('',(0.,0.,1.));
#3022 = ORIENTED_EDGE('',*,*,#3023,.T.);
#3023 = EDGE_CURVE('',#3016,#2992,#3024,.T.);
#3024 = LINE('',#3025,#3026);
#3025 = CARTESIAN_POINT('',(-36.,-0.3,-11.1));
#3026 = VECTOR('',#3027,1.);
#3027 = DIRECTION('',(1.,0.,0.));
#3028 = ORIENTED_EDGE('',*,*,#2991,.F.);
#3029 = FACE_BOUND('',#3030,.T.);
#3030 = EDGE_LOOP('',(#3031));
#3031 = ORIENTED_EDGE('',*,*,#3032,.F.);
#3032 = EDGE_CURVE('',#3033,#3033,#3035,.T.);
#3033 = VERTEX_POINT('',#3034);
#3034 = CARTESIAN_POINT('',(-22.,-0.3,-15.9));
#3035 = CIRCLE('',#3036,4.1);
#3036 = AXIS2_PLACEMENT_3D('',#3037,#3038,#3039);
#3037 = CARTESIAN_POINT('',(-22.,-0.3,-20.));
#3038 = DIRECTION('',(0.,1.,0.));
#3039 = DIRECTION('',(0.,0.,1.));
#3040 = PLANE('',#3041);
#3041 = AXIS2_PLACEMENT_3D('',#3042,#3043,#3044);
#3042 = CARTESIAN_POINT('',(-36.,-0.3,-29.1));
#3043 = DIRECTION('',(0.,1.,0.));
#3044 = DIRECTION('',(0.,0.,1.));
#3045 = ADVANCED_FACE('',(#3046),#3065,.F.);
#3046 = FACE_BOUND('',#3047,.F.);
#3047 = EDGE_LOOP('',(#3048,#3056,#3057,#3058));
#3048 = ORIENTED_EDGE('',*,*,#3049,.F.);
#3049 = EDGE_CURVE('',#299,#3050,#3052,.T.);
#3050 = VERTEX_POINT('',#3051);
#3051 = CARTESIAN_POINT('',(-31.22291613248,0.37792299938,-11.1));
#3052 = LINE('',#3053,#3054);
#3053 = CARTESIAN_POINT('',(-31.22291613248,0.37792299938,-29.1));
#3054 = VECTOR('',#3055,1.);
#3055 = DIRECTION('',(0.,0.,1.));
#3056 = ORIENTED_EDGE('',*,*,#298,.T.);
#3057 = ORIENTED_EDGE('',*,*,#3015,.T.);
#3058 = ORIENTED_EDGE('',*,*,#3059,.F.);
#3059 = EDGE_CURVE('',#3050,#3016,#3060,.T.);
#3060 = CIRCLE('',#3061,8.);
#3061 = AXIS2_PLACEMENT_3D('',#3062,#3063,#3064);
#3062 = CARTESIAN_POINT('',(-28.,7.7,-11.1));
#3063 = DIRECTION('',(-0.,0.,1.));
#3064 = DIRECTION('',(0.,-1.,0.));
#3065 = CYLINDRICAL_SURFACE('',#3066,8.);
#3066 = AXIS2_PLACEMENT_3D('',#3067,#3068,#3069);
#3067 = CARTESIAN_POINT('',(-28.,7.7,-29.1));
#3068 = DIRECTION('',(0.,0.,1.));
#3069 = DIRECTION('',(-1.,0.,0.));
#3070 = ADVANCED_FACE('',(#3071),#3131,.F.);
#3071 = FACE_BOUND('',#3072,.F.);
#3072 = EDGE_LOOP('',(#3073,#3074,#3082,#3091,#3097,#3098,#3099,#3106,
    #3107,#3108,#3116,#3125));
#3073 = ORIENTED_EDGE('',*,*,#982,.F.);
#3074 = ORIENTED_EDGE('',*,*,#3075,.F.);
#3075 = EDGE_CURVE('',#3076,#983,#3078,.T.);
#3076 = VERTEX_POINT('',#3077);
#3077 = CARTESIAN_POINT('',(-30.8,1.5,-11.1));
#3078 = LINE('',#3079,#3080);
#3079 = CARTESIAN_POINT('',(-30.8,1.5,-31.));
#3080 = VECTOR('',#3081,1.);
#3081 = DIRECTION('',(0.,0.,1.));
#3082 = ORIENTED_EDGE('',*,*,#3083,.T.);
#3083 = EDGE_CURVE('',#3076,#3084,#3086,.T.);
#3084 = VERTEX_POINT('',#3085);
#3085 = CARTESIAN_POINT('',(-33.96263506874,2.366428678929,-11.1));
#3086 = CIRCLE('',#3087,1.7);
#3087 = AXIS2_PLACEMENT_3D('',#3088,#3089,#3090);
#3088 = CARTESIAN_POINT('',(-32.5,1.5,-11.1));
#3089 = DIRECTION('',(0.,0.,1.));
#3090 = DIRECTION('',(1.,0.,0.));
#3091 = ORIENTED_EDGE('',*,*,#3092,.F.);
#3092 = EDGE_CURVE('',#308,#3084,#3093,.T.);
#3093 = LINE('',#3094,#3095);
#3094 = CARTESIAN_POINT('',(-33.96263506874,2.366428678929,-29.1));
#3095 = VECTOR('',#3096,1.);
#3096 = DIRECTION('',(0.,0.,1.));
#3097 = ORIENTED_EDGE('',*,*,#307,.T.);
#3098 = ORIENTED_EDGE('',*,*,#3049,.T.);
#3099 = ORIENTED_EDGE('',*,*,#3100,.T.);
#3100 = EDGE_CURVE('',#3050,#3076,#3101,.T.);
#3101 = CIRCLE('',#3102,1.7);
#3102 = AXIS2_PLACEMENT_3D('',#3103,#3104,#3105);
#3103 = CARTESIAN_POINT('',(-32.5,1.5,-11.1));
#3104 = DIRECTION('',(0.,0.,1.));
#3105 = DIRECTION('',(1.,0.,0.));
#3106 = ORIENTED_EDGE('',*,*,#3075,.T.);
#3107 = ORIENTED_EDGE('',*,*,#991,.F.);
#3108 = ORIENTED_EDGE('',*,*,#3109,.F.);
#3109 = EDGE_CURVE('',#3110,#992,#3112,.T.);
#3110 = VERTEX_POINT('',#3111);
#3111 = CARTESIAN_POINT('',(-32.36826400084,3.194888086726,-8.4));
#3112 = LINE('',#3113,#3114);
#3113 = CARTESIAN_POINT('',(-32.36826400084,3.194888086726,-8.4));
#3114 = VECTOR('',#3115,1.);
#3115 = DIRECTION('',(0.,0.,1.));
#3116 = ORIENTED_EDGE('',*,*,#3117,.F.);
#3117 = EDGE_CURVE('',#3118,#3110,#3120,.T.);
#3118 = VERTEX_POINT('',#3119);
#3119 = CARTESIAN_POINT('',(-30.85393107144,1.924802404009,-8.4));
#3120 = CIRCLE('',#3121,1.7);
#3121 = AXIS2_PLACEMENT_3D('',#3122,#3123,#3124);
#3122 = CARTESIAN_POINT('',(-32.5,1.5,-8.4));
#3123 = DIRECTION('',(0.,0.,1.));
#3124 = DIRECTION('',(1.,0.,0.));
#3125 = ORIENTED_EDGE('',*,*,#3126,.T.);
#3126 = EDGE_CURVE('',#3118,#974,#3127,.T.);
#3127 = LINE('',#3128,#3129);
#3128 = CARTESIAN_POINT('',(-30.85393107144,1.924802404009,-8.4));
#3129 = VECTOR('',#3130,1.);
#3130 = DIRECTION('',(0.,0.,1.));
#3131 = CYLINDRICAL_SURFACE('',#3132,1.7);
#3132 = AXIS2_PLACEMENT_3D('',#3133,#3134,#3135);
#3133 = CARTESIAN_POINT('',(-32.5,1.5,-31.));
#3134 = DIRECTION('',(0.,0.,1.));
#3135 = DIRECTION('',(1.,0.,0.));
#3136 = ADVANCED_FACE('',(#3137),#3156,.F.);
#3137 = FACE_BOUND('',#3138,.F.);
#3138 = EDGE_LOOP('',(#3139,#3147,#3148,#3149));
#3139 = ORIENTED_EDGE('',*,*,#3140,.F.);
#3140 = EDGE_CURVE('',#317,#3141,#3143,.T.);
#3141 = VERTEX_POINT('',#3142);
#3142 = CARTESIAN_POINT('',(-36.,7.7,-11.1));
#3143 = LINE('',#3144,#3145);
#3144 = CARTESIAN_POINT('',(-36.,7.7,-29.1));
#3145 = VECTOR('',#3146,1.);
#3146 = DIRECTION('',(0.,0.,1.));
#3147 = ORIENTED_EDGE('',*,*,#316,.T.);
#3148 = ORIENTED_EDGE('',*,*,#3092,.T.);
#3149 = ORIENTED_EDGE('',*,*,#3150,.F.);
#3150 = EDGE_CURVE('',#3141,#3084,#3151,.T.);
#3151 = CIRCLE('',#3152,8.);
#3152 = AXIS2_PLACEMENT_3D('',#3153,#3154,#3155);
#3153 = CARTESIAN_POINT('',(-28.,7.7,-11.1));
#3154 = DIRECTION('',(-0.,0.,1.));
#3155 = DIRECTION('',(0.,-1.,0.));
#3156 = CYLINDRICAL_SURFACE('',#3157,8.);
#3157 = AXIS2_PLACEMENT_3D('',#3158,#3159,#3160);
#3158 = CARTESIAN_POINT('',(-28.,7.7,-29.1));
#3159 = DIRECTION('',(0.,0.,1.));
#3160 = DIRECTION('',(-1.,0.,0.));
#3161 = ADVANCED_FACE('',(#3162,#3173),#3207,.T.);
#3162 = FACE_BOUND('',#3163,.T.);
#3163 = EDGE_LOOP('',(#3164,#3170,#3171,#3172));
#3164 = ORIENTED_EDGE('',*,*,#3165,.F.);
#3165 = EDGE_CURVE('',#3141,#2075,#3166,.T.);
#3166 = LINE('',#3167,#3168);
#3167 = CARTESIAN_POINT('',(-36.,-0.3,-11.1));
#3168 = VECTOR('',#3169,1.);
#3169 = DIRECTION('',(0.,1.,0.));
#3170 = ORIENTED_EDGE('',*,*,#3140,.F.);
#3171 = ORIENTED_EDGE('',*,*,#325,.T.);
#3172 = ORIENTED_EDGE('',*,*,#2074,.T.);
#3173 = FACE_BOUND('',#3174,.T.);
#3174 = EDGE_LOOP('',(#3175,#3185,#3193,#3201));
#3175 = ORIENTED_EDGE('',*,*,#3176,.T.);
#3176 = EDGE_CURVE('',#3177,#3179,#3181,.T.);
#3177 = VERTEX_POINT('',#3178);
#3178 = CARTESIAN_POINT('',(-36.,35.2,-25.25));
#3179 = VERTEX_POINT('',#3180);
#3180 = CARTESIAN_POINT('',(-36.,20.,-25.25));
#3181 = LINE('',#3182,#3183);
#3182 = CARTESIAN_POINT('',(-36.,9.85,-25.25));
#3183 = VECTOR('',#3184,1.);
#3184 = DIRECTION('',(0.,-1.,0.));
#3185 = ORIENTED_EDGE('',*,*,#3186,.T.);
#3186 = EDGE_CURVE('',#3179,#3187,#3189,.T.);
#3187 = VERTEX_POINT('',#3188);
#3188 = CARTESIAN_POINT('',(-36.,20.,-14.75));
#3189 = LINE('',#3190,#3191);
#3190 = CARTESIAN_POINT('',(-36.,20.,-27.175));
#3191 = VECTOR('',#3192,1.);
#3192 = DIRECTION('',(0.,0.,1.));
#3193 = ORIENTED_EDGE('',*,*,#3194,.F.);
#3194 = EDGE_CURVE('',#3195,#3187,#3197,.T.);
#3195 = VERTEX_POINT('',#3196);
#3196 = CARTESIAN_POINT('',(-36.,35.2,-14.75));
#3197 = LINE('',#3198,#3199);
#3198 = CARTESIAN_POINT('',(-36.,9.85,-14.75));
#3199 = VECTOR('',#3200,1.);
#3200 = DIRECTION('',(0.,-1.,0.));
#3201 = ORIENTED_EDGE('',*,*,#3202,.F.);
#3202 = EDGE_CURVE('',#3177,#3195,#3203,.T.);
#3203 = LINE('',#3204,#3205);
#3204 = CARTESIAN_POINT('',(-36.,35.2,-27.175));
#3205 = VECTOR('',#3206,1.);
#3206 = DIRECTION('',(0.,0.,1.));
#3207 = PLANE('',#3208);
#3208 = AXIS2_PLACEMENT_3D('',#3209,#3210,#3211);
#3209 = CARTESIAN_POINT('',(-36.,-0.3,-29.1));
#3210 = DIRECTION('',(1.,0.,0.));
#3211 = DIRECTION('',(0.,0.,1.));
#3212 = ADVANCED_FACE('',(#3213),#3238,.F.);
#3213 = FACE_BOUND('',#3214,.F.);
#3214 = EDGE_LOOP('',(#3215,#3216,#3224,#3232));
#3215 = ORIENTED_EDGE('',*,*,#357,.F.);
#3216 = ORIENTED_EDGE('',*,*,#3217,.T.);
#3217 = EDGE_CURVE('',#358,#3218,#3220,.T.);
#3218 = VERTEX_POINT('',#3219);
#3219 = CARTESIAN_POINT('',(-39.,98.6,-1.15));
#3220 = LINE('',#3221,#3222);
#3221 = CARTESIAN_POINT('',(-41.6,98.6,-1.15));
#3222 = VECTOR('',#3223,1.);
#3223 = DIRECTION('',(1.,0.,0.));
#3224 = ORIENTED_EDGE('',*,*,#3225,.T.);
#3225 = EDGE_CURVE('',#3218,#3226,#3228,.T.);
#3226 = VERTEX_POINT('',#3227);
#3227 = CARTESIAN_POINT('',(-39.,111.4,-1.15));
#3228 = LINE('',#3229,#3230);
#3229 = CARTESIAN_POINT('',(-39.,98.6,-1.15));
#3230 = VECTOR('',#3231,1.);
#3231 = DIRECTION('',(0.,1.,0.));
#3232 = ORIENTED_EDGE('',*,*,#3233,.F.);
#3233 = EDGE_CURVE('',#360,#3226,#3234,.T.);
#3234 = LINE('',#3235,#3236);
#3235 = CARTESIAN_POINT('',(-41.6,111.4,-1.15));
#3236 = VECTOR('',#3237,1.);
#3237 = DIRECTION('',(1.,0.,0.));
#3238 = PLANE('',#3239);
#3239 = AXIS2_PLACEMENT_3D('',#3240,#3241,#3242);
#3240 = CARTESIAN_POINT('',(-41.6,98.6,-1.15));
#3241 = DIRECTION('',(0.,0.,1.));
#3242 = DIRECTION('',(1.,0.,0.));
#3243 = ADVANCED_FACE('',(#3244),#3278,.T.);
#3244 = FACE_BOUND('',#3245,.T.);
#3245 = EDGE_LOOP('',(#3246,#3254,#3255,#3256,#3264,#3272));
#3246 = ORIENTED_EDGE('',*,*,#3247,.F.);
#3247 = EDGE_CURVE('',#368,#3248,#3250,.T.);
#3248 = VERTEX_POINT('',#3249);
#3249 = CARTESIAN_POINT('',(-39.5,98.6,-1.95));
#3250 = LINE('',#3251,#3252);
#3251 = CARTESIAN_POINT('',(-41.6,98.6,-1.95));
#3252 = VECTOR('',#3253,1.);
#3253 = DIRECTION('',(1.,0.,0.));
#3254 = ORIENTED_EDGE('',*,*,#367,.F.);
#3255 = ORIENTED_EDGE('',*,*,#3217,.T.);
#3256 = ORIENTED_EDGE('',*,*,#3257,.F.);
#3257 = EDGE_CURVE('',#3258,#3218,#3260,.T.);
#3258 = VERTEX_POINT('',#3259);
#3259 = CARTESIAN_POINT('',(-39.,98.6,-1.2));
#3260 = LINE('',#3261,#3262);
#3261 = CARTESIAN_POINT('',(-39.,98.6,-1.95));
#3262 = VECTOR('',#3263,1.);
#3263 = DIRECTION('',(0.,0.,1.));
#3264 = ORIENTED_EDGE('',*,*,#3265,.T.);
#3265 = EDGE_CURVE('',#3258,#3266,#3268,.T.);
#3266 = VERTEX_POINT('',#3267);
#3267 = CARTESIAN_POINT('',(-39.5,98.6,-1.2));
#3268 = LINE('',#3269,#3270);
#3269 = CARTESIAN_POINT('',(-40.55,98.6,-1.2));
#3270 = VECTOR('',#3271,1.);
#3271 = DIRECTION('',(-1.,0.,0.));
#3272 = ORIENTED_EDGE('',*,*,#3273,.F.);
#3273 = EDGE_CURVE('',#3248,#3266,#3274,.T.);
#3274 = LINE('',#3275,#3276);
#3275 = CARTESIAN_POINT('',(-39.5,98.6,-4.575));
#3276 = VECTOR('',#3277,1.);
#3277 = DIRECTION('',(0.,0.,1.));
#3278 = PLANE('',#3279);
#3279 = AXIS2_PLACEMENT_3D('',#3280,#3281,#3282);
#3280 = CARTESIAN_POINT('',(-41.6,98.6,-1.95));
#3281 = DIRECTION('',(0.,1.,0.));
#3282 = DIRECTION('',(0.,0.,1.));
#3283 = ADVANCED_FACE('',(#3284),#3334,.F.);
#3284 = FACE_BOUND('',#3285,.F.);
#3285 = EDGE_LOOP('',(#3286,#3296,#3304,#3310,#3311,#3312,#3320,#3328));
#3286 = ORIENTED_EDGE('',*,*,#3287,.F.);
#3287 = EDGE_CURVE('',#3288,#3290,#3292,.T.);
#3288 = VERTEX_POINT('',#3289);
#3289 = CARTESIAN_POINT('',(-39.,111.4,-7.2));
#3290 = VERTEX_POINT('',#3291);
#3291 = CARTESIAN_POINT('',(-35.5,111.4,-7.2));
#3292 = LINE('',#3293,#3294);
#3293 = CARTESIAN_POINT('',(-39.5,111.4,-7.2));
#3294 = VECTOR('',#3295,1.);
#3295 = DIRECTION('',(1.,0.,0.));
#3296 = ORIENTED_EDGE('',*,*,#3297,.F.);
#3297 = EDGE_CURVE('',#3298,#3288,#3300,.T.);
#3298 = VERTEX_POINT('',#3299);
#3299 = CARTESIAN_POINT('',(-39.,111.4,-7.25));
#3300 = LINE('',#3301,#3302);
#3301 = CARTESIAN_POINT('',(-39.,111.4,-7.25));
#3302 = VECTOR('',#3303,1.);
#3303 = DIRECTION('',(0.,0.,1.));
#3304 = ORIENTED_EDGE('',*,*,#3305,.F.);
#3305 = EDGE_CURVE('',#408,#3298,#3306,.T.);
#3306 = LINE('',#3307,#3308);
#3307 = CARTESIAN_POINT('',(-41.6,111.4,-7.25));
#3308 = VECTOR('',#3309,1.);
#3309 = DIRECTION('',(1.,0.,0.));
#3310 = ORIENTED_EDGE('',*,*,#415,.F.);
#3311 = ORIENTED_EDGE('',*,*,#3233,.T.);
#3312 = ORIENTED_EDGE('',*,*,#3313,.F.);
#3313 = EDGE_CURVE('',#3314,#3226,#3316,.T.);
#3314 = VERTEX_POINT('',#3315);
#3315 = CARTESIAN_POINT('',(-39.,111.4,-1.2));
#3316 = LINE('',#3317,#3318);
#3317 = CARTESIAN_POINT('',(-39.,111.4,-1.95));
#3318 = VECTOR('',#3319,1.);
#3319 = DIRECTION('',(0.,0.,1.));
#3320 = ORIENTED_EDGE('',*,*,#3321,.T.);
#3321 = EDGE_CURVE('',#3314,#3322,#3324,.T.);
#3322 = VERTEX_POINT('',#3323);
#3323 = CARTESIAN_POINT('',(-35.5,111.4,-1.2));
#3324 = LINE('',#3325,#3326);
#3325 = CARTESIAN_POINT('',(-39.5,111.4,-1.2));
#3326 = VECTOR('',#3327,1.);
#3327 = DIRECTION('',(1.,0.,0.));
#3328 = ORIENTED_EDGE('',*,*,#3329,.F.);
#3329 = EDGE_CURVE('',#3290,#3322,#3330,.T.);
#3330 = LINE('',#3331,#3332);
#3331 = CARTESIAN_POINT('',(-35.5,111.4,-4.2));
#3332 = VECTOR('',#3333,1.);
#3333 = DIRECTION('',(0.,0.,1.));
#3334 = PLANE('',#3335);
#3335 = AXIS2_PLACEMENT_3D('',#3336,#3337,#3338);
#3336 = CARTESIAN_POINT('',(-38.31574803149,111.4,-4.2));
#3337 = DIRECTION('',(-2.09E-15,1.,0.));
#3338 = DIRECTION('',(1.,2.09E-15,0.));
#3339 = ADVANCED_FACE('',(#3340),#3358,.T.);
#3340 = FACE_BOUND('',#3341,.T.);
#3341 = EDGE_LOOP('',(#3342,#3350,#3356,#3357));
#3342 = ORIENTED_EDGE('',*,*,#3343,.F.);
#3343 = EDGE_CURVE('',#3344,#3248,#3346,.T.);
#3344 = VERTEX_POINT('',#3345);
#3345 = CARTESIAN_POINT('',(-39.5,110.6,-1.95));
#3346 = LINE('',#3347,#3348);
#3347 = CARTESIAN_POINT('',(-39.5,98.3,-1.95));
#3348 = VECTOR('',#3349,1.);
#3349 = DIRECTION('',(0.,-1.,0.));
#3350 = ORIENTED_EDGE('',*,*,#3351,.T.);
#3351 = EDGE_CURVE('',#3344,#376,#3352,.T.);
#3352 = LINE('',#3353,#3354);
#3353 = CARTESIAN_POINT('',(-41.6,110.6,-1.95));
#3354 = VECTOR('',#3355,1.);
#3355 = DIRECTION('',(-1.,0.,0.));
#3356 = ORIENTED_EDGE('',*,*,#375,.F.);
#3357 = ORIENTED_EDGE('',*,*,#3247,.T.);
#3358 = PLANE('',#3359);
#3359 = AXIS2_PLACEMENT_3D('',#3360,#3361,#3362);
#3360 = CARTESIAN_POINT('',(-41.6,98.6,-1.95));
#3361 = DIRECTION('',(0.,0.,1.));
#3362 = DIRECTION('',(1.,0.,0.));
#3363 = ADVANCED_FACE('',(#3364),#3382,.T.);
#3364 = FACE_BOUND('',#3365,.T.);
#3365 = EDGE_LOOP('',(#3366,#3367,#3375,#3381));
#3366 = ORIENTED_EDGE('',*,*,#407,.F.);
#3367 = ORIENTED_EDGE('',*,*,#3368,.T.);
#3368 = EDGE_CURVE('',#400,#3369,#3371,.T.);
#3369 = VERTEX_POINT('',#3370);
#3370 = CARTESIAN_POINT('',(-39.,98.6,-7.25));
#3371 = LINE('',#3372,#3373);
#3372 = CARTESIAN_POINT('',(-41.6,98.6,-7.25));
#3373 = VECTOR('',#3374,1.);
#3374 = DIRECTION('',(1.,0.,0.));
#3375 = ORIENTED_EDGE('',*,*,#3376,.T.);
#3376 = EDGE_CURVE('',#3369,#3298,#3377,.T.);
#3377 = LINE('',#3378,#3379);
#3378 = CARTESIAN_POINT('',(-39.,98.6,-7.25));
#3379 = VECTOR('',#3380,1.);
#3380 = DIRECTION('',(0.,1.,0.));
#3381 = ORIENTED_EDGE('',*,*,#3305,.F.);
#3382 = PLANE('',#3383);
#3383 = AXIS2_PLACEMENT_3D('',#3384,#3385,#3386);
#3384 = CARTESIAN_POINT('',(-41.6,98.6,-7.25));
#3385 = DIRECTION('',(0.,0.,1.));
#3386 = DIRECTION('',(1.,0.,0.));
#3387 = ADVANCED_FACE('',(#3388),#3406,.T.);
#3388 = FACE_BOUND('',#3389,.T.);
#3389 = EDGE_LOOP('',(#3390,#3398,#3404,#3405));
#3390 = ORIENTED_EDGE('',*,*,#3391,.F.);
#3391 = EDGE_CURVE('',#3392,#3344,#3394,.T.);
#3392 = VERTEX_POINT('',#3393);
#3393 = CARTESIAN_POINT('',(-39.5,110.6,-6.45));
#3394 = LINE('',#3395,#3396);
#3395 = CARTESIAN_POINT('',(-39.5,110.6,-7.225));
#3396 = VECTOR('',#3397,1.);
#3397 = DIRECTION('',(0.,0.,1.));
#3398 = ORIENTED_EDGE('',*,*,#3399,.T.);
#3399 = EDGE_CURVE('',#3392,#384,#3400,.T.);
#3400 = LINE('',#3401,#3402);
#3401 = CARTESIAN_POINT('',(-41.6,110.6,-6.45));
#3402 = VECTOR('',#3403,1.);
#3403 = DIRECTION('',(-1.,0.,0.));
#3404 = ORIENTED_EDGE('',*,*,#383,.F.);
#3405 = ORIENTED_EDGE('',*,*,#3351,.F.);
#3406 = PLANE('',#3407);
#3407 = AXIS2_PLACEMENT_3D('',#3408,#3409,#3410);
#3408 = CARTESIAN_POINT('',(-41.6,110.6,-7.25));
#3409 = DIRECTION('',(0.,1.,0.));
#3410 = DIRECTION('',(0.,0.,1.));
#3411 = ADVANCED_FACE('',(#3412),#3446,.T.);
#3412 = FACE_BOUND('',#3413,.T.);
#3413 = EDGE_LOOP('',(#3414,#3422,#3423,#3424,#3432,#3440));
#3414 = ORIENTED_EDGE('',*,*,#3415,.F.);
#3415 = EDGE_CURVE('',#3369,#3416,#3418,.T.);
#3416 = VERTEX_POINT('',#3417);
#3417 = CARTESIAN_POINT('',(-39.,98.6,-7.2));
#3418 = LINE('',#3419,#3420);
#3419 = CARTESIAN_POINT('',(-39.,98.6,-7.25));
#3420 = VECTOR('',#3421,1.);
#3421 = DIRECTION('',(0.,0.,1.));
#3422 = ORIENTED_EDGE('',*,*,#3368,.F.);
#3423 = ORIENTED_EDGE('',*,*,#399,.F.);
#3424 = ORIENTED_EDGE('',*,*,#3425,.T.);
#3425 = EDGE_CURVE('',#392,#3426,#3428,.T.);
#3426 = VERTEX_POINT('',#3427);
#3427 = CARTESIAN_POINT('',(-39.5,98.6,-6.45));
#3428 = LINE('',#3429,#3430);
#3429 = CARTESIAN_POINT('',(-41.6,98.6,-6.45));
#3430 = VECTOR('',#3431,1.);
#3431 = DIRECTION('',(1.,0.,0.));
#3432 = ORIENTED_EDGE('',*,*,#3433,.F.);
#3433 = EDGE_CURVE('',#3434,#3426,#3436,.T.);
#3434 = VERTEX_POINT('',#3435);
#3435 = CARTESIAN_POINT('',(-39.5,98.6,-7.2));
#3436 = LINE('',#3437,#3438);
#3437 = CARTESIAN_POINT('',(-39.5,98.6,-7.225));
#3438 = VECTOR('',#3439,1.);
#3439 = DIRECTION('',(0.,0.,1.));
#3440 = ORIENTED_EDGE('',*,*,#3441,.F.);
#3441 = EDGE_CURVE('',#3416,#3434,#3442,.T.);
#3442 = LINE('',#3443,#3444);
#3443 = CARTESIAN_POINT('',(-40.55,98.6,-7.2));
#3444 = VECTOR('',#3445,1.);
#3445 = DIRECTION('',(-1.,0.,0.));
#3446 = PLANE('',#3447);
#3447 = AXIS2_PLACEMENT_3D('',#3448,#3449,#3450);
#3448 = CARTESIAN_POINT('',(-41.6,98.6,-7.25));
#3449 = DIRECTION('',(0.,1.,0.));
#3450 = DIRECTION('',(0.,0.,1.));
#3451 = ADVANCED_FACE('',(#3452),#3463,.F.);
#3452 = FACE_BOUND('',#3453,.F.);
#3453 = EDGE_LOOP('',(#3454,#3460,#3461,#3462));
#3454 = ORIENTED_EDGE('',*,*,#3455,.F.);
#3455 = EDGE_CURVE('',#3392,#3426,#3456,.T.);
#3456 = LINE('',#3457,#3458);
#3457 = CARTESIAN_POINT('',(-39.5,98.3,-6.45));
#3458 = VECTOR('',#3459,1.);
#3459 = DIRECTION('',(0.,-1.,0.));
#3460 = ORIENTED_EDGE('',*,*,#3399,.T.);
#3461 = ORIENTED_EDGE('',*,*,#391,.F.);
#3462 = ORIENTED_EDGE('',*,*,#3425,.T.);
#3463 = PLANE('',#3464);
#3464 = AXIS2_PLACEMENT_3D('',#3465,#3466,#3467);
#3465 = CARTESIAN_POINT('',(-41.6,98.6,-6.45));
#3466 = DIRECTION('',(0.,0.,1.));
#3467 = DIRECTION('',(1.,0.,0.));
#3468 = ADVANCED_FACE('',(#3469),#3494,.T.);
#3469 = FACE_BOUND('',#3470,.T.);
#3470 = EDGE_LOOP('',(#3471,#3481,#3487,#3488));
#3471 = ORIENTED_EDGE('',*,*,#3472,.F.);
#3472 = EDGE_CURVE('',#3473,#3475,#3477,.T.);
#3473 = VERTEX_POINT('',#3474);
#3474 = CARTESIAN_POINT('',(-42.2,101.3,-2.4));
#3475 = VERTEX_POINT('',#3476);
#3476 = CARTESIAN_POINT('',(-42.2,108.1,-2.4));
#3477 = LINE('',#3478,#3479);
#3478 = CARTESIAN_POINT('',(-42.2,101.3,-2.4));
#3479 = VECTOR('',#3480,1.);
#3480 = DIRECTION('',(0.,1.,0.));
#3481 = ORIENTED_EDGE('',*,*,#3482,.T.);
#3482 = EDGE_CURVE('',#3473,#424,#3483,.T.);
#3483 = LINE('',#3484,#3485);
#3484 = CARTESIAN_POINT('',(-42.2,101.3,-2.4));
#3485 = VECTOR('',#3486,1.);
#3486 = DIRECTION('',(1.,0.,0.));
#3487 = ORIENTED_EDGE('',*,*,#423,.T.);
#3488 = ORIENTED_EDGE('',*,*,#3489,.F.);
#3489 = EDGE_CURVE('',#3475,#426,#3490,.T.);
#3490 = LINE('',#3491,#3492);
#3491 = CARTESIAN_POINT('',(-42.2,108.1,-2.4));
#3492 = VECTOR('',#3493,1.);
#3493 = DIRECTION('',(1.,0.,0.));
#3494 = PLANE('',#3495);
#3495 = AXIS2_PLACEMENT_3D('',#3496,#3497,#3498);
#3496 = CARTESIAN_POINT('',(-42.2,101.3,-2.4));
#3497 = DIRECTION('',(0.,0.,1.));
#3498 = DIRECTION('',(1.,0.,0.));
#3499 = ADVANCED_FACE('',(#3500),#3519,.T.);
#3500 = FACE_BOUND('',#3501,.T.);
#3501 = EDGE_LOOP('',(#3502,#3503,#3504,#3512));
#3502 = ORIENTED_EDGE('',*,*,#3489,.T.);
#3503 = ORIENTED_EDGE('',*,*,#450,.F.);
#3504 = ORIENTED_EDGE('',*,*,#3505,.F.);
#3505 = EDGE_CURVE('',#3506,#443,#3508,.T.);
#3506 = VERTEX_POINT('',#3507);
#3507 = CARTESIAN_POINT('',(-42.2,108.1,-6.));
#3508 = LINE('',#3509,#3510);
#3509 = CARTESIAN_POINT('',(-42.2,108.1,-6.));
#3510 = VECTOR('',#3511,1.);
#3511 = DIRECTION('',(1.,0.,0.));
#3512 = ORIENTED_EDGE('',*,*,#3513,.T.);
#3513 = EDGE_CURVE('',#3506,#3475,#3514,.T.);
#3514 = CIRCLE('',#3515,1.8);
#3515 = AXIS2_PLACEMENT_3D('',#3516,#3517,#3518);
#3516 = CARTESIAN_POINT('',(-42.2,108.1,-4.2));
#3517 = DIRECTION('',(1.,0.,-0.));
#3518 = DIRECTION('',(0.,0.,1.));
#3519 = CYLINDRICAL_SURFACE('',#3520,1.8);
#3520 = AXIS2_PLACEMENT_3D('',#3521,#3522,#3523);
#3521 = CARTESIAN_POINT('',(-42.2,108.1,-4.2));
#3522 = DIRECTION('',(1.,0.,0.));
#3523 = DIRECTION('',(0.,0.,1.));
#3524 = ADVANCED_FACE('',(#3525),#3543,.F.);
#3525 = FACE_BOUND('',#3526,.F.);
#3526 = EDGE_LOOP('',(#3527,#3535,#3541,#3542));
#3527 = ORIENTED_EDGE('',*,*,#3528,.F.);
#3528 = EDGE_CURVE('',#3529,#3506,#3531,.T.);
#3529 = VERTEX_POINT('',#3530);
#3530 = CARTESIAN_POINT('',(-42.2,101.3,-6.));
#3531 = LINE('',#3532,#3533);
#3532 = CARTESIAN_POINT('',(-42.2,101.3,-6.));
#3533 = VECTOR('',#3534,1.);
#3534 = DIRECTION('',(0.,1.,0.));
#3535 = ORIENTED_EDGE('',*,*,#3536,.T.);
#3536 = EDGE_CURVE('',#3529,#434,#3537,.T.);
#3537 = LINE('',#3538,#3539);
#3538 = CARTESIAN_POINT('',(-42.2,101.3,-6.));
#3539 = VECTOR('',#3540,1.);
#3540 = DIRECTION('',(1.,0.,0.));
#3541 = ORIENTED_EDGE('',*,*,#442,.T.);
#3542 = ORIENTED_EDGE('',*,*,#3505,.F.);
#3543 = PLANE('',#3544);
#3544 = AXIS2_PLACEMENT_3D('',#3545,#3546,#3547);
#3545 = CARTESIAN_POINT('',(-42.2,101.3,-6.));
#3546 = DIRECTION('',(0.,0.,1.));
#3547 = DIRECTION('',(1.,0.,0.));
#3548 = ADVANCED_FACE('',(#3549),#3561,.T.);
#3549 = FACE_BOUND('',#3550,.T.);
#3550 = EDGE_LOOP('',(#3551,#3552,#3553,#3560));
#3551 = ORIENTED_EDGE('',*,*,#433,.F.);
#3552 = ORIENTED_EDGE('',*,*,#3482,.F.);
#3553 = ORIENTED_EDGE('',*,*,#3554,.T.);
#3554 = EDGE_CURVE('',#3473,#3529,#3555,.T.);
#3555 = CIRCLE('',#3556,1.8);
#3556 = AXIS2_PLACEMENT_3D('',#3557,#3558,#3559);
#3557 = CARTESIAN_POINT('',(-42.2,101.3,-4.2));
#3558 = DIRECTION('',(1.,0.,-0.));
#3559 = DIRECTION('',(0.,0.,1.));
#3560 = ORIENTED_EDGE('',*,*,#3536,.T.);
#3561 = CYLINDRICAL_SURFACE('',#3562,1.8);
#3562 = AXIS2_PLACEMENT_3D('',#3563,#3564,#3565);
#3563 = CARTESIAN_POINT('',(-42.2,101.3,-4.2));
#3564 = DIRECTION('',(1.,0.,0.));
#3565 = DIRECTION('',(0.,0.,1.));
#3566 = ADVANCED_FACE('',(#3567),#3608,.F.);
#3567 = FACE_BOUND('',#3568,.F.);
#3568 = EDGE_LOOP('',(#3569,#3577,#3578,#3586,#3594,#3602));
#3569 = ORIENTED_EDGE('',*,*,#3570,.F.);
#3570 = EDGE_CURVE('',#462,#3571,#3573,.T.);
#3571 = VERTEX_POINT('',#3572);
#3572 = CARTESIAN_POINT('',(-39.5,90.,-1.95));
#3573 = LINE('',#3574,#3575);
#3574 = CARTESIAN_POINT('',(-41.6,90.,-1.95));
#3575 = VECTOR('',#3576,1.);
#3576 = DIRECTION('',(1.,0.,0.));
#3577 = ORIENTED_EDGE('',*,*,#459,.F.);
#3578 = ORIENTED_EDGE('',*,*,#3579,.T.);
#3579 = EDGE_CURVE('',#460,#3580,#3582,.T.);
#3580 = VERTEX_POINT('',#3581);
#3581 = CARTESIAN_POINT('',(-39.,90.,-1.15));
#3582 = LINE('',#3583,#3584);
#3583 = CARTESIAN_POINT('',(-41.6,90.,-1.15));
#3584 = VECTOR('',#3585,1.);
#3585 = DIRECTION('',(1.,0.,0.));
#3586 = ORIENTED_EDGE('',*,*,#3587,.F.);
#3587 = EDGE_CURVE('',#3588,#3580,#3590,.T.);
#3588 = VERTEX_POINT('',#3589);
#3589 = CARTESIAN_POINT('',(-39.,90.,-1.2));
#3590 = LINE('',#3591,#3592);
#3591 = CARTESIAN_POINT('',(-39.,90.,-1.95));
#3592 = VECTOR('',#3593,1.);
#3593 = DIRECTION('',(0.,0.,1.));
#3594 = ORIENTED_EDGE('',*,*,#3595,.T.);
#3595 = EDGE_CURVE('',#3588,#3596,#3598,.T.);
#3596 = VERTEX_POINT('',#3597);
#3597 = CARTESIAN_POINT('',(-39.5,90.,-1.2));
#3598 = LINE('',#3599,#3600);
#3599 = CARTESIAN_POINT('',(-40.55,90.,-1.2));
#3600 = VECTOR('',#3601,1.);
#3601 = DIRECTION('',(-1.,0.,0.));
#3602 = ORIENTED_EDGE('',*,*,#3603,.F.);
#3603 = EDGE_CURVE('',#3571,#3596,#3604,.T.);
#3604 = LINE('',#3605,#3606);
#3605 = CARTESIAN_POINT('',(-39.5,90.,-4.575));
#3606 = VECTOR('',#3607,1.);
#3607 = DIRECTION('',(0.,0.,1.));
#3608 = PLANE('',#3609);
#3609 = AXIS2_PLACEMENT_3D('',#3610,#3611,#3612);
#3610 = CARTESIAN_POINT('',(-41.6,90.,-1.95));
#3611 = DIRECTION('',(0.,1.,0.));
#3612 = DIRECTION('',(0.,0.,1.));
#3613 = ADVANCED_FACE('',(#3614),#3632,.T.);
#3614 = FACE_BOUND('',#3615,.T.);
#3615 = EDGE_LOOP('',(#3616,#3617,#3618,#3626));
#3616 = ORIENTED_EDGE('',*,*,#3570,.F.);
#3617 = ORIENTED_EDGE('',*,*,#525,.F.);
#3618 = ORIENTED_EDGE('',*,*,#3619,.F.);
#3619 = EDGE_CURVE('',#3620,#518,#3622,.T.);
#3620 = VERTEX_POINT('',#3621);
#3621 = CARTESIAN_POINT('',(-39.5,81.4,-1.95));
#3622 = LINE('',#3623,#3624);
#3623 = CARTESIAN_POINT('',(-41.6,81.4,-1.95));
#3624 = VECTOR('',#3625,1.);
#3625 = DIRECTION('',(-1.,0.,0.));
#3626 = ORIENTED_EDGE('',*,*,#3627,.F.);
#3627 = EDGE_CURVE('',#3571,#3620,#3628,.T.);
#3628 = LINE('',#3629,#3630);
#3629 = CARTESIAN_POINT('',(-39.5,75.05,-1.95));
#3630 = VECTOR('',#3631,1.);
#3631 = DIRECTION('',(0.,-1.,0.));
#3632 = PLANE('',#3633);
#3633 = AXIS2_PLACEMENT_3D('',#3634,#3635,#3636);
#3634 = CARTESIAN_POINT('',(-41.6,80.6,-1.95));
#3635 = DIRECTION('',(0.,0.,1.));
#3636 = DIRECTION('',(1.,0.,0.));
#3637 = ADVANCED_FACE('',(#3638),#3657,.F.);
#3638 = FACE_BOUND('',#3639,.F.);
#3639 = EDGE_LOOP('',(#3640,#3648,#3654,#3655,#3656));
#3640 = ORIENTED_EDGE('',*,*,#3641,.F.);
#3641 = EDGE_CURVE('',#3642,#3620,#3644,.T.);
#3642 = VERTEX_POINT('',#3643);
#3643 = CARTESIAN_POINT('',(-39.5,81.4,-6.45));
#3644 = LINE('',#3645,#3646);
#3645 = CARTESIAN_POINT('',(-39.5,81.4,-7.225));
#3646 = VECTOR('',#3647,1.);
#3647 = DIRECTION('',(0.,0.,1.));
#3648 = ORIENTED_EDGE('',*,*,#3649,.T.);
#3649 = EDGE_CURVE('',#3642,#502,#3650,.T.);
#3650 = LINE('',#3651,#3652);
#3651 = CARTESIAN_POINT('',(-41.6,81.4,-6.45));
#3652 = VECTOR('',#3653,1.);
#3653 = DIRECTION('',(-1.,0.,0.));
#3654 = ORIENTED_EDGE('',*,*,#509,.F.);
#3655 = ORIENTED_EDGE('',*,*,#517,.F.);
#3656 = ORIENTED_EDGE('',*,*,#3619,.F.);
#3657 = PLANE('',#3658);
#3658 = AXIS2_PLACEMENT_3D('',#3659,#3660,#3661);
#3659 = CARTESIAN_POINT('',(-41.6,81.4,-7.25));
#3660 = DIRECTION('',(0.,1.,0.));
#3661 = DIRECTION('',(0.,0.,1.));
#3662 = ADVANCED_FACE('',(#3663),#3681,.F.);
#3663 = FACE_BOUND('',#3664,.F.);
#3664 = EDGE_LOOP('',(#3665,#3673,#3674,#3675));
#3665 = ORIENTED_EDGE('',*,*,#3666,.F.);
#3666 = EDGE_CURVE('',#494,#3667,#3669,.T.);
#3667 = VERTEX_POINT('',#3668);
#3668 = CARTESIAN_POINT('',(-39.5,90.,-6.45));
#3669 = LINE('',#3670,#3671);
#3670 = CARTESIAN_POINT('',(-41.6,90.,-6.45));
#3671 = VECTOR('',#3672,1.);
#3672 = DIRECTION('',(1.,0.,0.));
#3673 = ORIENTED_EDGE('',*,*,#501,.F.);
#3674 = ORIENTED_EDGE('',*,*,#3649,.F.);
#3675 = ORIENTED_EDGE('',*,*,#3676,.F.);
#3676 = EDGE_CURVE('',#3667,#3642,#3677,.T.);
#3677 = LINE('',#3678,#3679);
#3678 = CARTESIAN_POINT('',(-39.5,75.05,-6.45));
#3679 = VECTOR('',#3680,1.);
#3680 = DIRECTION('',(0.,-1.,0.));
#3681 = PLANE('',#3682);
#3682 = AXIS2_PLACEMENT_3D('',#3683,#3684,#3685);
#3683 = CARTESIAN_POINT('',(-41.6,80.6,-6.45));
#3684 = DIRECTION('',(0.,0.,1.));
#3685 = DIRECTION('',(1.,0.,0.));
#3686 = ADVANCED_FACE('',(#3687),#3721,.F.);
#3687 = FACE_BOUND('',#3688,.F.);
#3688 = EDGE_LOOP('',(#3689,#3699,#3705,#3706,#3707,#3715));
#3689 = ORIENTED_EDGE('',*,*,#3690,.F.);
#3690 = EDGE_CURVE('',#3691,#3693,#3695,.T.);
#3691 = VERTEX_POINT('',#3692);
#3692 = CARTESIAN_POINT('',(-39.,90.,-7.25));
#3693 = VERTEX_POINT('',#3694);
#3694 = CARTESIAN_POINT('',(-39.,90.,-7.2));
#3695 = LINE('',#3696,#3697);
#3696 = CARTESIAN_POINT('',(-39.,90.,-7.25));
#3697 = VECTOR('',#3698,1.);
#3698 = DIRECTION('',(0.,0.,1.));
#3699 = ORIENTED_EDGE('',*,*,#3700,.F.);
#3700 = EDGE_CURVE('',#486,#3691,#3701,.T.);
#3701 = LINE('',#3702,#3703);
#3702 = CARTESIAN_POINT('',(-41.6,90.,-7.25));
#3703 = VECTOR('',#3704,1.);
#3704 = DIRECTION('',(1.,0.,0.));
#3705 = ORIENTED_EDGE('',*,*,#493,.F.);
#3706 = ORIENTED_EDGE('',*,*,#3666,.T.);
#3707 = ORIENTED_EDGE('',*,*,#3708,.F.);
#3708 = EDGE_CURVE('',#3709,#3667,#3711,.T.);
#3709 = VERTEX_POINT('',#3710);
#3710 = CARTESIAN_POINT('',(-39.5,90.,-7.2));
#3711 = LINE('',#3712,#3713);
#3712 = CARTESIAN_POINT('',(-39.5,90.,-7.225));
#3713 = VECTOR('',#3714,1.);
#3714 = DIRECTION('',(0.,0.,1.));
#3715 = ORIENTED_EDGE('',*,*,#3716,.F.);
#3716 = EDGE_CURVE('',#3693,#3709,#3717,.T.);
#3717 = LINE('',#3718,#3719);
#3718 = CARTESIAN_POINT('',(-40.55,90.,-7.2));
#3719 = VECTOR('',#3720,1.);
#3720 = DIRECTION('',(-1.,0.,0.));
#3721 = PLANE('',#3722);
#3722 = AXIS2_PLACEMENT_3D('',#3723,#3724,#3725);
#3723 = CARTESIAN_POINT('',(-41.6,90.,-7.25));
#3724 = DIRECTION('',(0.,1.,0.));
#3725 = DIRECTION('',(0.,0.,1.));
#3726 = ADVANCED_FACE('',(#3727),#3745,.T.);
#3727 = FACE_BOUND('',#3728,.T.);
#3728 = EDGE_LOOP('',(#3729,#3730,#3738,#3744));
#3729 = ORIENTED_EDGE('',*,*,#485,.F.);
#3730 = ORIENTED_EDGE('',*,*,#3731,.T.);
#3731 = EDGE_CURVE('',#478,#3732,#3734,.T.);
#3732 = VERTEX_POINT('',#3733);
#3733 = CARTESIAN_POINT('',(-39.,80.6,-7.25));
#3734 = LINE('',#3735,#3736);
#3735 = CARTESIAN_POINT('',(-41.6,80.6,-7.25));
#3736 = VECTOR('',#3737,1.);
#3737 = DIRECTION('',(1.,0.,0.));
#3738 = ORIENTED_EDGE('',*,*,#3739,.T.);
#3739 = EDGE_CURVE('',#3732,#3691,#3740,.T.);
#3740 = LINE('',#3741,#3742);
#3741 = CARTESIAN_POINT('',(-39.,80.6,-7.25));
#3742 = VECTOR('',#3743,1.);
#3743 = DIRECTION('',(0.,1.,0.));
#3744 = ORIENTED_EDGE('',*,*,#3700,.F.);
#3745 = PLANE('',#3746);
#3746 = AXIS2_PLACEMENT_3D('',#3747,#3748,#3749);
#3747 = CARTESIAN_POINT('',(-41.6,80.6,-7.25));
#3748 = DIRECTION('',(0.,0.,1.));
#3749 = DIRECTION('',(1.,0.,0.));
#3750 = ADVANCED_FACE('',(#3751),#3801,.F.);
#3751 = FACE_BOUND('',#3752,.F.);
#3752 = EDGE_LOOP('',(#3753,#3763,#3771,#3779,#3787,#3793,#3794,#3795));
#3753 = ORIENTED_EDGE('',*,*,#3754,.T.);
#3754 = EDGE_CURVE('',#3755,#3757,#3759,.T.);
#3755 = VERTEX_POINT('',#3756);
#3756 = CARTESIAN_POINT('',(-39.,80.6,-7.2));
#3757 = VERTEX_POINT('',#3758);
#3758 = CARTESIAN_POINT('',(-39.5,80.6,-7.2));
#3759 = LINE('',#3760,#3761);
#3760 = CARTESIAN_POINT('',(-40.55,80.6,-7.2));
#3761 = VECTOR('',#3762,1.);
#3762 = DIRECTION('',(-1.,0.,0.));
#3763 = ORIENTED_EDGE('',*,*,#3764,.T.);
#3764 = EDGE_CURVE('',#3757,#3765,#3767,.T.);
#3765 = VERTEX_POINT('',#3766);
#3766 = CARTESIAN_POINT('',(-39.5,80.6,-1.2));
#3767 = LINE('',#3768,#3769);
#3768 = CARTESIAN_POINT('',(-39.5,80.6,-4.575));
#3769 = VECTOR('',#3770,1.);
#3770 = DIRECTION('',(0.,0.,1.));
#3771 = ORIENTED_EDGE('',*,*,#3772,.F.);
#3772 = EDGE_CURVE('',#3773,#3765,#3775,.T.);
#3773 = VERTEX_POINT('',#3774);
#3774 = CARTESIAN_POINT('',(-39.,80.6,-1.2));
#3775 = LINE('',#3776,#3777);
#3776 = CARTESIAN_POINT('',(-40.55,80.6,-1.2));
#3777 = VECTOR('',#3778,1.);
#3778 = DIRECTION('',(-1.,0.,0.));
#3779 = ORIENTED_EDGE('',*,*,#3780,.T.);
#3780 = EDGE_CURVE('',#3773,#3781,#3783,.T.);
#3781 = VERTEX_POINT('',#3782);
#3782 = CARTESIAN_POINT('',(-39.,80.6,-1.15));
#3783 = LINE('',#3784,#3785);
#3784 = CARTESIAN_POINT('',(-39.,80.6,-1.95));
#3785 = VECTOR('',#3786,1.);
#3786 = DIRECTION('',(0.,0.,1.));
#3787 = ORIENTED_EDGE('',*,*,#3788,.F.);
#3788 = EDGE_CURVE('',#470,#3781,#3789,.T.);
#3789 = LINE('',#3790,#3791);
#3790 = CARTESIAN_POINT('',(-41.6,80.6,-1.15));
#3791 = VECTOR('',#3792,1.);
#3792 = DIRECTION('',(1.,0.,0.));
#3793 = ORIENTED_EDGE('',*,*,#477,.F.);
#3794 = ORIENTED_EDGE('',*,*,#3731,.T.);
#3795 = ORIENTED_EDGE('',*,*,#3796,.T.);
#3796 = EDGE_CURVE('',#3732,#3755,#3797,.T.);
#3797 = LINE('',#3798,#3799);
#3798 = CARTESIAN_POINT('',(-39.,80.6,-7.25));
#3799 = VECTOR('',#3800,1.);
#3800 = DIRECTION('',(0.,0.,1.));
#3801 = PLANE('',#3802);
#3802 = AXIS2_PLACEMENT_3D('',#3803,#3804,#3805);
#3803 = CARTESIAN_POINT('',(-40.40597826087,80.6,-4.2));
#3804 = DIRECTION('',(-0.,-1.,-0.));
#3805 = DIRECTION('',(0.,0.,-1.));
#3806 = ADVANCED_FACE('',(#3807),#3818,.F.);
#3807 = FACE_BOUND('',#3808,.F.);
#3808 = EDGE_LOOP('',(#3809,#3810,#3811,#3817));
#3809 = ORIENTED_EDGE('',*,*,#469,.F.);
#3810 = ORIENTED_EDGE('',*,*,#3788,.T.);
#3811 = ORIENTED_EDGE('',*,*,#3812,.T.);
#3812 = EDGE_CURVE('',#3781,#3580,#3813,.T.);
#3813 = LINE('',#3814,#3815);
#3814 = CARTESIAN_POINT('',(-39.,80.6,-1.15));
#3815 = VECTOR('',#3816,1.);
#3816 = DIRECTION('',(0.,1.,0.));
#3817 = ORIENTED_EDGE('',*,*,#3579,.F.);
#3818 = PLANE('',#3819);
#3819 = AXIS2_PLACEMENT_3D('',#3820,#3821,#3822);
#3820 = CARTESIAN_POINT('',(-41.6,80.6,-1.15));
#3821 = DIRECTION('',(0.,0.,1.));
#3822 = DIRECTION('',(1.,0.,0.));
#3823 = ADVANCED_FACE('',(#3824),#3851,.T.);
#3824 = FACE_BOUND('',#3825,.T.);
#3825 = EDGE_LOOP('',(#3826,#3827,#3835,#3844,#3850));
#3826 = ORIENTED_EDGE('',*,*,#533,.F.);
#3827 = ORIENTED_EDGE('',*,*,#3828,.F.);
#3828 = EDGE_CURVE('',#3829,#534,#3831,.T.);
#3829 = VERTEX_POINT('',#3830);
#3830 = CARTESIAN_POINT('',(-42.2,83.2,-2.4));
#3831 = LINE('',#3832,#3833);
#3832 = CARTESIAN_POINT('',(-42.2,83.2,-2.4));
#3833 = VECTOR('',#3834,1.);
#3834 = DIRECTION('',(1.,0.,0.));
#3835 = ORIENTED_EDGE('',*,*,#3836,.T.);
#3836 = EDGE_CURVE('',#3829,#3837,#3839,.T.);
#3837 = VERTEX_POINT('',#3838);
#3838 = CARTESIAN_POINT('',(-42.2,83.2,-6.));
#3839 = CIRCLE('',#3840,1.8);
#3840 = AXIS2_PLACEMENT_3D('',#3841,#3842,#3843);
#3841 = CARTESIAN_POINT('',(-42.2,83.2,-4.2));
#3842 = DIRECTION('',(1.,0.,-0.));
#3843 = DIRECTION('',(0.,0.,1.));
#3844 = ORIENTED_EDGE('',*,*,#3845,.T.);
#3845 = EDGE_CURVE('',#3837,#543,#3846,.T.);
#3846 = LINE('',#3847,#3848);
#3847 = CARTESIAN_POINT('',(-42.2,83.2,-6.));
#3848 = VECTOR('',#3849,1.);
#3849 = DIRECTION('',(1.,0.,0.));
#3850 = ORIENTED_EDGE('',*,*,#542,.F.);
#3851 = CYLINDRICAL_SURFACE('',#3852,1.8);
#3852 = AXIS2_PLACEMENT_3D('',#3853,#3854,#3855);
#3853 = CARTESIAN_POINT('',(-42.2,83.2,-4.2));
#3854 = DIRECTION('',(1.,0.,0.));
#3855 = DIRECTION('',(0.,0.,1.));
#3856 = ADVANCED_FACE('',(#3857),#3875,.T.);
#3857 = FACE_BOUND('',#3858,.T.);
#3858 = EDGE_LOOP('',(#3859,#3867,#3868,#3869));
#3859 = ORIENTED_EDGE('',*,*,#3860,.F.);
#3860 = EDGE_CURVE('',#3829,#3861,#3863,.T.);
#3861 = VERTEX_POINT('',#3862);
#3862 = CARTESIAN_POINT('',(-42.2,87.2,-2.4));
#3863 = LINE('',#3864,#3865);
#3864 = CARTESIAN_POINT('',(-42.2,83.2,-2.4));
#3865 = VECTOR('',#3866,1.);
#3866 = DIRECTION('',(0.,1.,0.));
#3867 = ORIENTED_EDGE('',*,*,#3828,.T.);
#3868 = ORIENTED_EDGE('',*,*,#568,.T.);
#3869 = ORIENTED_EDGE('',*,*,#3870,.F.);
#3870 = EDGE_CURVE('',#3861,#560,#3871,.T.);
#3871 = LINE('',#3872,#3873);
#3872 = CARTESIAN_POINT('',(-42.2,87.2,-2.4));
#3873 = VECTOR('',#3874,1.);
#3874 = DIRECTION('',(1.,0.,0.));
#3875 = PLANE('',#3876);
#3876 = AXIS2_PLACEMENT_3D('',#3877,#3878,#3879);
#3877 = CARTESIAN_POINT('',(-42.2,83.2,-2.4));
#3878 = DIRECTION('',(0.,0.,1.));
#3879 = DIRECTION('',(1.,0.,0.));
#3880 = ADVANCED_FACE('',(#3881),#3900,.T.);
#3881 = FACE_BOUND('',#3882,.T.);
#3882 = EDGE_LOOP('',(#3883,#3884,#3885,#3893));
#3883 = ORIENTED_EDGE('',*,*,#3870,.T.);
#3884 = ORIENTED_EDGE('',*,*,#559,.F.);
#3885 = ORIENTED_EDGE('',*,*,#3886,.F.);
#3886 = EDGE_CURVE('',#3887,#552,#3889,.T.);
#3887 = VERTEX_POINT('',#3888);
#3888 = CARTESIAN_POINT('',(-42.2,87.2,-6.));
#3889 = LINE('',#3890,#3891);
#3890 = CARTESIAN_POINT('',(-42.2,87.2,-6.));
#3891 = VECTOR('',#3892,1.);
#3892 = DIRECTION('',(1.,0.,0.));
#3893 = ORIENTED_EDGE('',*,*,#3894,.T.);
#3894 = EDGE_CURVE('',#3887,#3861,#3895,.T.);
#3895 = CIRCLE('',#3896,1.8);
#3896 = AXIS2_PLACEMENT_3D('',#3897,#3898,#3899);
#3897 = CARTESIAN_POINT('',(-42.2,87.2,-4.2));
#3898 = DIRECTION('',(1.,0.,-0.));
#3899 = DIRECTION('',(0.,0.,1.));
#3900 = CYLINDRICAL_SURFACE('',#3901,1.8);
#3901 = AXIS2_PLACEMENT_3D('',#3902,#3903,#3904);
#3902 = CARTESIAN_POINT('',(-42.2,87.2,-4.2));
#3903 = DIRECTION('',(1.,0.,0.));
#3904 = DIRECTION('',(0.,0.,1.));
#3905 = ADVANCED_FACE('',(#3906),#3917,.F.);
#3906 = FACE_BOUND('',#3907,.F.);
#3907 = EDGE_LOOP('',(#3908,#3914,#3915,#3916));
#3908 = ORIENTED_EDGE('',*,*,#3909,.F.);
#3909 = EDGE_CURVE('',#3837,#3887,#3910,.T.);
#3910 = LINE('',#3911,#3912);
#3911 = CARTESIAN_POINT('',(-42.2,83.2,-6.));
#3912 = VECTOR('',#3913,1.);
#3913 = DIRECTION('',(0.,1.,0.));
#3914 = ORIENTED_EDGE('',*,*,#3845,.T.);
#3915 = ORIENTED_EDGE('',*,*,#551,.T.);
#3916 = ORIENTED_EDGE('',*,*,#3886,.F.);
#3917 = PLANE('',#3918);
#3918 = AXIS2_PLACEMENT_3D('',#3919,#3920,#3921);
#3919 = CARTESIAN_POINT('',(-42.2,83.2,-6.));
#3920 = DIRECTION('',(0.,0.,1.));
#3921 = DIRECTION('',(1.,0.,0.));
#3922 = ADVANCED_FACE('',(#3923),#3948,.F.);
#3923 = FACE_BOUND('',#3924,.F.);
#3924 = EDGE_LOOP('',(#3925,#3926,#3934,#3942));
#3925 = ORIENTED_EDGE('',*,*,#576,.F.);
#3926 = ORIENTED_EDGE('',*,*,#3927,.T.);
#3927 = EDGE_CURVE('',#577,#3928,#3930,.T.);
#3928 = VERTEX_POINT('',#3929);
#3929 = CARTESIAN_POINT('',(-39.,70.4,-1.15));
#3930 = LINE('',#3931,#3932);
#3931 = CARTESIAN_POINT('',(-41.6,70.4,-1.15));
#3932 = VECTOR('',#3933,1.);
#3933 = DIRECTION('',(1.,0.,0.));
#3934 = ORIENTED_EDGE('',*,*,#3935,.T.);
#3935 = EDGE_CURVE('',#3928,#3936,#3938,.T.);
#3936 = VERTEX_POINT('',#3937);
#3937 = CARTESIAN_POINT('',(-39.,79.8,-1.15));
#3938 = LINE('',#3939,#3940);
#3939 = CARTESIAN_POINT('',(-39.,70.4,-1.15));
#3940 = VECTOR('',#3941,1.);
#3941 = DIRECTION('',(0.,1.,0.));
#3942 = ORIENTED_EDGE('',*,*,#3943,.F.);
#3943 = EDGE_CURVE('',#579,#3936,#3944,.T.);
#3944 = LINE('',#3945,#3946);
#3945 = CARTESIAN_POINT('',(-41.6,79.8,-1.15));
#3946 = VECTOR('',#3947,1.);
#3947 = DIRECTION('',(1.,0.,0.));
#3948 = PLANE('',#3949);
#3949 = AXIS2_PLACEMENT_3D('',#3950,#3951,#3952);
#3950 = CARTESIAN_POINT('',(-41.6,70.4,-1.15));
#3951 = DIRECTION('',(0.,0.,1.));
#3952 = DIRECTION('',(1.,0.,0.));
#3953 = ADVANCED_FACE('',(#3954),#3988,.T.);
#3954 = FACE_BOUND('',#3955,.T.);
#3955 = EDGE_LOOP('',(#3956,#3964,#3965,#3966,#3974,#3982));
#3956 = ORIENTED_EDGE('',*,*,#3957,.F.);
#3957 = EDGE_CURVE('',#587,#3958,#3960,.T.);
#3958 = VERTEX_POINT('',#3959);
#3959 = CARTESIAN_POINT('',(-39.5,70.4,-1.95));
#3960 = LINE('',#3961,#3962);
#3961 = CARTESIAN_POINT('',(-41.6,70.4,-1.95));
#3962 = VECTOR('',#3963,1.);
#3963 = DIRECTION('',(1.,0.,0.));
#3964 = ORIENTED_EDGE('',*,*,#586,.F.);
#3965 = ORIENTED_EDGE('',*,*,#3927,.T.);
#3966 = ORIENTED_EDGE('',*,*,#3967,.F.);
#3967 = EDGE_CURVE('',#3968,#3928,#3970,.T.);
#3968 = VERTEX_POINT('',#3969);
#3969 = CARTESIAN_POINT('',(-39.,70.4,-1.2));
#3970 = LINE('',#3971,#3972);
#3971 = CARTESIAN_POINT('',(-39.,70.4,-1.95));
#3972 = VECTOR('',#3973,1.);
#3973 = DIRECTION('',(0.,0.,1.));
#3974 = ORIENTED_EDGE('',*,*,#3975,.T.);
#3975 = EDGE_CURVE('',#3968,#3976,#3978,.T.);
#3976 = VERTEX_POINT('',#3977);
#3977 = CARTESIAN_POINT('',(-39.5,70.4,-1.2));
#3978 = LINE('',#3979,#3980);
#3979 = CARTESIAN_POINT('',(-40.55,70.4,-1.2));
#3980 = VECTOR('',#3981,1.);
#3981 = DIRECTION('',(-1.,0.,0.));
#3982 = ORIENTED_EDGE('',*,*,#3983,.F.);
#3983 = EDGE_CURVE('',#3958,#3976,#3984,.T.);
#3984 = LINE('',#3985,#3986);
#3985 = CARTESIAN_POINT('',(-39.5,70.4,-4.575));
#3986 = VECTOR('',#3987,1.);
#3987 = DIRECTION('',(0.,0.,1.));
#3988 = PLANE('',#3989);
#3989 = AXIS2_PLACEMENT_3D('',#3990,#3991,#3992);
#3990 = CARTESIAN_POINT('',(-41.6,70.4,-1.95));
#3991 = DIRECTION('',(0.,1.,0.));
#3992 = DIRECTION('',(0.,0.,1.));
#3993 = ADVANCED_FACE('',(#3994),#4044,.F.);
#3994 = FACE_BOUND('',#3995,.F.);
#3995 = EDGE_LOOP('',(#3996,#4006,#4014,#4022,#4028,#4029,#4030,#4038));
#3996 = ORIENTED_EDGE('',*,*,#3997,.F.);
#3997 = EDGE_CURVE('',#3998,#4000,#4002,.T.);
#3998 = VERTEX_POINT('',#3999);
#3999 = CARTESIAN_POINT('',(-39.5,79.8,-7.2));
#4000 = VERTEX_POINT('',#4001);
#4001 = CARTESIAN_POINT('',(-39.5,79.8,-1.2));
#4002 = LINE('',#4003,#4004);
#4003 = CARTESIAN_POINT('',(-39.5,79.8,-7.225));
#4004 = VECTOR('',#4005,1.);
#4005 = DIRECTION('',(0.,0.,1.));
#4006 = ORIENTED_EDGE('',*,*,#4007,.F.);
#4007 = EDGE_CURVE('',#4008,#3998,#4010,.T.);
#4008 = VERTEX_POINT('',#4009);
#4009 = CARTESIAN_POINT('',(-39.,79.8,-7.2));
#4010 = LINE('',#4011,#4012);
#4011 = CARTESIAN_POINT('',(-40.55,79.8,-7.2));
#4012 = VECTOR('',#4013,1.);
#4013 = DIRECTION('',(-1.,0.,0.));
#4014 = ORIENTED_EDGE('',*,*,#4015,.F.);
#4015 = EDGE_CURVE('',#4016,#4008,#4018,.T.);
#4016 = VERTEX_POINT('',#4017);
#4017 = CARTESIAN_POINT('',(-39.,79.8,-7.25));
#4018 = LINE('',#4019,#4020);
#4019 = CARTESIAN_POINT('',(-39.,79.8,-7.25));
#4020 = VECTOR('',#4021,1.);
#4021 = DIRECTION('',(0.,0.,1.));
#4022 = ORIENTED_EDGE('',*,*,#4023,.F.);
#4023 = EDGE_CURVE('',#627,#4016,#4024,.T.);
#4024 = LINE('',#4025,#4026);
#4025 = CARTESIAN_POINT('',(-41.6,79.8,-7.25));
#4026 = VECTOR('',#4027,1.);
#4027 = DIRECTION('',(1.,0.,0.));
#4028 = ORIENTED_EDGE('',*,*,#634,.F.);
#4029 = ORIENTED_EDGE('',*,*,#3943,.T.);
#4030 = ORIENTED_EDGE('',*,*,#4031,.F.);
#4031 = EDGE_CURVE('',#4032,#3936,#4034,.T.);
#4032 = VERTEX_POINT('',#4033);
#4033 = CARTESIAN_POINT('',(-39.,79.8,-1.2));
#4034 = LINE('',#4035,#4036);
#4035 = CARTESIAN_POINT('',(-39.,79.8,-1.95));
#4036 = VECTOR('',#4037,1.);
#4037 = DIRECTION('',(0.,0.,1.));
#4038 = ORIENTED_EDGE('',*,*,#4039,.T.);
#4039 = EDGE_CURVE('',#4032,#4000,#4040,.T.);
#4040 = LINE('',#4041,#4042);
#4041 = CARTESIAN_POINT('',(-40.55,79.8,-1.2));
#4042 = VECTOR('',#4043,1.);
#4043 = DIRECTION('',(-1.,0.,0.));
#4044 = PLANE('',#4045);
#4045 = AXIS2_PLACEMENT_3D('',#4046,#4047,#4048);
#4046 = CARTESIAN_POINT('',(-40.40597826087,79.8,-4.2));
#4047 = DIRECTION('',(-7.7E-16,1.,0.));
#4048 = DIRECTION('',(1.,7.7E-16,0.));
#4049 = ADVANCED_FACE('',(#4050),#4068,.T.);
#4050 = FACE_BOUND('',#4051,.T.);
#4051 = EDGE_LOOP('',(#4052,#4060,#4066,#4067));
#4052 = ORIENTED_EDGE('',*,*,#4053,.F.);
#4053 = EDGE_CURVE('',#4054,#3958,#4056,.T.);
#4054 = VERTEX_POINT('',#4055);
#4055 = CARTESIAN_POINT('',(-39.5,79.,-1.95));
#4056 = LINE('',#4057,#4058);
#4057 = CARTESIAN_POINT('',(-39.5,69.95,-1.95));
#4058 = VECTOR('',#4059,1.);
#4059 = DIRECTION('',(0.,-1.,0.));
#4060 = ORIENTED_EDGE('',*,*,#4061,.T.);
#4061 = EDGE_CURVE('',#4054,#595,#4062,.T.);
#4062 = LINE('',#4063,#4064);
#4063 = CARTESIAN_POINT('',(-41.6,79.,-1.95));
#4064 = VECTOR('',#4065,1.);
#4065 = DIRECTION('',(-1.,0.,0.));
#4066 = ORIENTED_EDGE('',*,*,#594,.F.);
#4067 = ORIENTED_EDGE('',*,*,#3957,.T.);
#4068 = PLANE('',#4069);
#4069 = AXIS2_PLACEMENT_3D('',#4070,#4071,#4072);
#4070 = CARTESIAN_POINT('',(-41.6,70.4,-1.95));
#4071 = DIRECTION('',(0.,0.,1.));
#4072 = DIRECTION('',(1.,0.,0.));
#4073 = ADVANCED_FACE('',(#4074),#4092,.T.);
#4074 = FACE_BOUND('',#4075,.T.);
#4075 = EDGE_LOOP('',(#4076,#4077,#4085,#4091));
#4076 = ORIENTED_EDGE('',*,*,#626,.F.);
#4077 = ORIENTED_EDGE('',*,*,#4078,.T.);
#4078 = EDGE_CURVE('',#619,#4079,#4081,.T.);
#4079 = VERTEX_POINT('',#4080);
#4080 = CARTESIAN_POINT('',(-39.,70.4,-7.25));
#4081 = LINE('',#4082,#4083);
#4082 = CARTESIAN_POINT('',(-41.6,70.4,-7.25));
#4083 = VECTOR('',#4084,1.);
#4084 = DIRECTION('',(1.,0.,0.));
#4085 = ORIENTED_EDGE('',*,*,#4086,.T.);
#4086 = EDGE_CURVE('',#4079,#4016,#4087,.T.);
#4087 = LINE('',#4088,#4089);
#4088 = CARTESIAN_POINT('',(-39.,70.4,-7.25));
#4089 = VECTOR('',#4090,1.);
#4090 = DIRECTION('',(0.,1.,0.));
#4091 = ORIENTED_EDGE('',*,*,#4023,.F.);
#4092 = PLANE('',#4093);
#4093 = AXIS2_PLACEMENT_3D('',#4094,#4095,#4096);
#4094 = CARTESIAN_POINT('',(-41.6,70.4,-7.25));
#4095 = DIRECTION('',(0.,0.,1.));
#4096 = DIRECTION('',(1.,0.,0.));
#4097 = ADVANCED_FACE('',(#4098),#4116,.T.);
#4098 = FACE_BOUND('',#4099,.T.);
#4099 = EDGE_LOOP('',(#4100,#4108,#4114,#4115));
#4100 = ORIENTED_EDGE('',*,*,#4101,.F.);
#4101 = EDGE_CURVE('',#4102,#4054,#4104,.T.);
#4102 = VERTEX_POINT('',#4103);
#4103 = CARTESIAN_POINT('',(-39.5,79.,-6.45));
#4104 = LINE('',#4105,#4106);
#4105 = CARTESIAN_POINT('',(-39.5,79.,-7.225));
#4106 = VECTOR('',#4107,1.);
#4107 = DIRECTION('',(0.,0.,1.));
#4108 = ORIENTED_EDGE('',*,*,#4109,.T.);
#4109 = EDGE_CURVE('',#4102,#603,#4110,.T.);
#4110 = LINE('',#4111,#4112);
#4111 = CARTESIAN_POINT('',(-41.6,79.,-6.45));
#4112 = VECTOR('',#4113,1.);
#4113 = DIRECTION('',(-1.,0.,0.));
#4114 = ORIENTED_EDGE('',*,*,#602,.F.);
#4115 = ORIENTED_EDGE('',*,*,#4061,.F.);
#4116 = PLANE('',#4117);
#4117 = AXIS2_PLACEMENT_3D('',#4118,#4119,#4120);
#4118 = CARTESIAN_POINT('',(-41.6,79.,-7.25));
#4119 = DIRECTION('',(0.,1.,0.));
#4120 = DIRECTION('',(0.,0.,1.));
#4121 = ADVANCED_FACE('',(#4122),#4156,.T.);
#4122 = FACE_BOUND('',#4123,.T.);
#4123 = EDGE_LOOP('',(#4124,#4132,#4133,#4134,#4142,#4150));
#4124 = ORIENTED_EDGE('',*,*,#4125,.F.);
#4125 = EDGE_CURVE('',#4079,#4126,#4128,.T.);
#4126 = VERTEX_POINT('',#4127);
#4127 = CARTESIAN_POINT('',(-39.,70.4,-7.2));
#4128 = LINE('',#4129,#4130);
#4129 = CARTESIAN_POINT('',(-39.,70.4,-7.25));
#4130 = VECTOR('',#4131,1.);
#4131 = DIRECTION('',(0.,0.,1.));
#4132 = ORIENTED_EDGE('',*,*,#4078,.F.);
#4133 = ORIENTED_EDGE('',*,*,#618,.F.);
#4134 = ORIENTED_EDGE('',*,*,#4135,.T.);
#4135 = EDGE_CURVE('',#611,#4136,#4138,.T.);
#4136 = VERTEX_POINT('',#4137);
#4137 = CARTESIAN_POINT('',(-39.5,70.4,-6.45));
#4138 = LINE('',#4139,#4140);
#4139 = CARTESIAN_POINT('',(-41.6,70.4,-6.45));
#4140 = VECTOR('',#4141,1.);
#4141 = DIRECTION('',(1.,0.,0.));
#4142 = ORIENTED_EDGE('',*,*,#4143,.F.);
#4143 = EDGE_CURVE('',#4144,#4136,#4146,.T.);
#4144 = VERTEX_POINT('',#4145);
#4145 = CARTESIAN_POINT('',(-39.5,70.4,-7.2));
#4146 = LINE('',#4147,#4148);
#4147 = CARTESIAN_POINT('',(-39.5,70.4,-7.225));
#4148 = VECTOR('',#4149,1.);
#4149 = DIRECTION('',(0.,0.,1.));
#4150 = ORIENTED_EDGE('',*,*,#4151,.F.);
#4151 = EDGE_CURVE('',#4126,#4144,#4152,.T.);
#4152 = LINE('',#4153,#4154);
#4153 = CARTESIAN_POINT('',(-40.55,70.4,-7.2));
#4154 = VECTOR('',#4155,1.);
#4155 = DIRECTION('',(-1.,0.,0.));
#4156 = PLANE('',#4157);
#4157 = AXIS2_PLACEMENT_3D('',#4158,#4159,#4160);
#4158 = CARTESIAN_POINT('',(-41.6,70.4,-7.25));
#4159 = DIRECTION('',(0.,1.,0.));
#4160 = DIRECTION('',(0.,0.,1.));
#4161 = ADVANCED_FACE('',(#4162),#4173,.F.);
#4162 = FACE_BOUND('',#4163,.F.);
#4163 = EDGE_LOOP('',(#4164,#4170,#4171,#4172));
#4164 = ORIENTED_EDGE('',*,*,#4165,.F.);
#4165 = EDGE_CURVE('',#4102,#4136,#4166,.T.);
#4166 = LINE('',#4167,#4168);
#4167 = CARTESIAN_POINT('',(-39.5,69.95,-6.45));
#4168 = VECTOR('',#4169,1.);
#4169 = DIRECTION('',(0.,-1.,0.));
#4170 = ORIENTED_EDGE('',*,*,#4109,.T.);
#4171 = ORIENTED_EDGE('',*,*,#610,.F.);
#4172 = ORIENTED_EDGE('',*,*,#4135,.T.);
#4173 = PLANE('',#4174);
#4174 = AXIS2_PLACEMENT_3D('',#4175,#4176,#4177);
#4175 = CARTESIAN_POINT('',(-41.6,70.4,-6.45));
#4176 = DIRECTION('',(0.,0.,1.));
#4177 = DIRECTION('',(1.,0.,0.));
#4178 = ADVANCED_FACE('',(#4179),#4204,.T.);
#4179 = FACE_BOUND('',#4180,.T.);
#4180 = EDGE_LOOP('',(#4181,#4191,#4197,#4198));
#4181 = ORIENTED_EDGE('',*,*,#4182,.F.);
#4182 = EDGE_CURVE('',#4183,#4185,#4187,.T.);
#4183 = VERTEX_POINT('',#4184);
#4184 = CARTESIAN_POINT('',(-42.2,72.8,-2.4));
#4185 = VERTEX_POINT('',#4186);
#4186 = CARTESIAN_POINT('',(-42.2,76.8,-2.4));
#4187 = LINE('',#4188,#4189);
#4188 = CARTESIAN_POINT('',(-42.2,72.8,-2.4));
#4189 = VECTOR('',#4190,1.);
#4190 = DIRECTION('',(0.,1.,0.));
#4191 = ORIENTED_EDGE('',*,*,#4192,.T.);
#4192 = EDGE_CURVE('',#4183,#643,#4193,.T.);
#4193 = LINE('',#4194,#4195);
#4194 = CARTESIAN_POINT('',(-42.2,72.8,-2.4));
#4195 = VECTOR('',#4196,1.);
#4196 = DIRECTION('',(1.,0.,0.));
#4197 = ORIENTED_EDGE('',*,*,#642,.T.);
#4198 = ORIENTED_EDGE('',*,*,#4199,.F.);
#4199 = EDGE_CURVE('',#4185,#645,#4200,.T.);
#4200 = LINE('',#4201,#4202);
#4201 = CARTESIAN_POINT('',(-42.2,76.8,-2.4));
#4202 = VECTOR('',#4203,1.);
#4203 = DIRECTION('',(1.,0.,0.));
#4204 = PLANE('',#4205);
#4205 = AXIS2_PLACEMENT_3D('',#4206,#4207,#4208);
#4206 = CARTESIAN_POINT('',(-42.2,72.8,-2.4));
#4207 = DIRECTION('',(0.,0.,1.));
#4208 = DIRECTION('',(1.,0.,0.));
#4209 = ADVANCED_FACE('',(#4210),#4229,.T.);
#4210 = FACE_BOUND('',#4211,.T.);
#4211 = EDGE_LOOP('',(#4212,#4213,#4214,#4222));
#4212 = ORIENTED_EDGE('',*,*,#4199,.T.);
#4213 = ORIENTED_EDGE('',*,*,#669,.F.);
#4214 = ORIENTED_EDGE('',*,*,#4215,.F.);
#4215 = EDGE_CURVE('',#4216,#662,#4218,.T.);
#4216 = VERTEX_POINT('',#4217);
#4217 = CARTESIAN_POINT('',(-42.2,76.8,-6.));
#4218 = LINE('',#4219,#4220);
#4219 = CARTESIAN_POINT('',(-42.2,76.8,-6.));
#4220 = VECTOR('',#4221,1.);
#4221 = DIRECTION('',(1.,0.,0.));
#4222 = ORIENTED_EDGE('',*,*,#4223,.T.);
#4223 = EDGE_CURVE('',#4216,#4185,#4224,.T.);
#4224 = CIRCLE('',#4225,1.8);
#4225 = AXIS2_PLACEMENT_3D('',#4226,#4227,#4228);
#4226 = CARTESIAN_POINT('',(-42.2,76.8,-4.2));
#4227 = DIRECTION('',(1.,0.,-0.));
#4228 = DIRECTION('',(0.,0.,1.));
#4229 = CYLINDRICAL_SURFACE('',#4230,1.8);
#4230 = AXIS2_PLACEMENT_3D('',#4231,#4232,#4233);
#4231 = CARTESIAN_POINT('',(-42.2,76.8,-4.2));
#4232 = DIRECTION('',(1.,0.,0.));
#4233 = DIRECTION('',(0.,0.,1.));
#4234 = ADVANCED_FACE('',(#4235),#4253,.F.);
#4235 = FACE_BOUND('',#4236,.F.);
#4236 = EDGE_LOOP('',(#4237,#4245,#4251,#4252));
#4237 = ORIENTED_EDGE('',*,*,#4238,.F.);
#4238 = EDGE_CURVE('',#4239,#4216,#4241,.T.);
#4239 = VERTEX_POINT('',#4240);
#4240 = CARTESIAN_POINT('',(-42.2,72.8,-6.));
#4241 = LINE('',#4242,#4243);
#4242 = CARTESIAN_POINT('',(-42.2,72.8,-6.));
#4243 = VECTOR('',#4244,1.);
#4244 = DIRECTION('',(0.,1.,0.));
#4245 = ORIENTED_EDGE('',*,*,#4246,.T.);
#4246 = EDGE_CURVE('',#4239,#653,#4247,.T.);
#4247 = LINE('',#4248,#4249);
#4248 = CARTESIAN_POINT('',(-42.2,72.8,-6.));
#4249 = VECTOR('',#4250,1.);
#4250 = DIRECTION('',(1.,0.,0.));
#4251 = ORIENTED_EDGE('',*,*,#661,.T.);
#4252 = ORIENTED_EDGE('',*,*,#4215,.F.);
#4253 = PLANE('',#4254);
#4254 = AXIS2_PLACEMENT_3D('',#4255,#4256,#4257);
#4255 = CARTESIAN_POINT('',(-42.2,72.8,-6.));
#4256 = DIRECTION('',(0.,0.,1.));
#4257 = DIRECTION('',(1.,0.,0.));
#4258 = ADVANCED_FACE('',(#4259),#4271,.T.);
#4259 = FACE_BOUND('',#4260,.T.);
#4260 = EDGE_LOOP('',(#4261,#4262,#4263,#4270));
#4261 = ORIENTED_EDGE('',*,*,#652,.F.);
#4262 = ORIENTED_EDGE('',*,*,#4192,.F.);
#4263 = ORIENTED_EDGE('',*,*,#4264,.T.);
#4264 = EDGE_CURVE('',#4183,#4239,#4265,.T.);
#4265 = CIRCLE('',#4266,1.8);
#4266 = AXIS2_PLACEMENT_3D('',#4267,#4268,#4269);
#4267 = CARTESIAN_POINT('',(-42.2,72.8,-4.2));
#4268 = DIRECTION('',(1.,0.,-0.));
#4269 = DIRECTION('',(0.,0.,1.));
#4270 = ORIENTED_EDGE('',*,*,#4246,.T.);
#4271 = CYLINDRICAL_SURFACE('',#4272,1.8);
#4272 = AXIS2_PLACEMENT_3D('',#4273,#4274,#4275);
#4273 = CARTESIAN_POINT('',(-42.2,72.8,-4.2));
#4274 = DIRECTION('',(1.,0.,0.));
#4275 = DIRECTION('',(0.,0.,1.));
#4276 = ADVANCED_FACE('',(#4277),#4296,.F.);
#4277 = FACE_BOUND('',#4278,.F.);
#4278 = EDGE_LOOP('',(#4279,#4287,#4294,#4295));
#4279 = ORIENTED_EDGE('',*,*,#4280,.T.);
#4280 = EDGE_CURVE('',#679,#4281,#4283,.T.);
#4281 = VERTEX_POINT('',#4282);
#4282 = CARTESIAN_POINT('',(-31.,53.,-15.75));
#4283 = LINE('',#4284,#4285);
#4284 = CARTESIAN_POINT('',(-42.,53.,-15.75));
#4285 = VECTOR('',#4286,1.);
#4286 = DIRECTION('',(1.,0.,0.));
#4287 = ORIENTED_EDGE('',*,*,#4288,.F.);
#4288 = EDGE_CURVE('',#4281,#4281,#4289,.T.);
#4289 = CIRCLE('',#4290,4.25);
#4290 = AXIS2_PLACEMENT_3D('',#4291,#4292,#4293);
#4291 = CARTESIAN_POINT('',(-31.,53.,-20.));
#4292 = DIRECTION('',(1.,0.,-0.));
#4293 = DIRECTION('',(0.,0.,1.));
#4294 = ORIENTED_EDGE('',*,*,#4280,.F.);
#4295 = ORIENTED_EDGE('',*,*,#678,.T.);
#4296 = CYLINDRICAL_SURFACE('',#4297,4.25);
#4297 = AXIS2_PLACEMENT_3D('',#4298,#4299,#4300);
#4298 = CARTESIAN_POINT('',(-42.,53.,-20.));
#4299 = DIRECTION('',(1.,0.,0.));
#4300 = DIRECTION('',(0.,0.,1.));
#4301 = ADVANCED_FACE('',(#4302),#4318,.T.);
#4302 = FACE_BOUND('',#4303,.T.);
#4303 = EDGE_LOOP('',(#4304,#4310,#4311,#4317));
#4304 = ORIENTED_EDGE('',*,*,#4305,.F.);
#4305 = EDGE_CURVE('',#690,#3177,#4306,.T.);
#4306 = LINE('',#4307,#4308);
#4307 = CARTESIAN_POINT('',(-45.,35.2,-25.25));
#4308 = VECTOR('',#4309,1.);
#4309 = DIRECTION('',(1.,0.,0.));
#4310 = ORIENTED_EDGE('',*,*,#689,.T.);
#4311 = ORIENTED_EDGE('',*,*,#4312,.T.);
#4312 = EDGE_CURVE('',#692,#3179,#4313,.T.);
#4313 = LINE('',#4314,#4315);
#4314 = CARTESIAN_POINT('',(-45.,20.,-25.25));
#4315 = VECTOR('',#4316,1.);
#4316 = DIRECTION('',(1.,0.,0.));
#4317 = ORIENTED_EDGE('',*,*,#3176,.F.);
#4318 = PLANE('',#4319);
#4319 = AXIS2_PLACEMENT_3D('',#4320,#4321,#4322);
#4320 = CARTESIAN_POINT('',(-45.,20.,-25.25));
#4321 = DIRECTION('',(0.,0.,1.));
#4322 = DIRECTION('',(1.,0.,0.));
#4323 = ADVANCED_FACE('',(#4324),#4335,.F.);
#4324 = FACE_BOUND('',#4325,.F.);
#4325 = EDGE_LOOP('',(#4326,#4327,#4328,#4334));
#4326 = ORIENTED_EDGE('',*,*,#4305,.F.);
#4327 = ORIENTED_EDGE('',*,*,#699,.T.);
#4328 = ORIENTED_EDGE('',*,*,#4329,.T.);
#4329 = EDGE_CURVE('',#700,#3195,#4330,.T.);
#4330 = LINE('',#4331,#4332);
#4331 = CARTESIAN_POINT('',(-45.,35.2,-14.75));
#4332 = VECTOR('',#4333,1.);
#4333 = DIRECTION('',(1.,0.,0.));
#4334 = ORIENTED_EDGE('',*,*,#3202,.F.);
#4335 = PLANE('',#4336);
#4336 = AXIS2_PLACEMENT_3D('',#4337,#4338,#4339);
#4337 = CARTESIAN_POINT('',(-45.,35.2,-25.25));
#4338 = DIRECTION('',(0.,1.,0.));
#4339 = DIRECTION('',(0.,0.,1.));
#4340 = ADVANCED_FACE('',(#4341),#4352,.T.);
#4341 = FACE_BOUND('',#4342,.T.);
#4342 = EDGE_LOOP('',(#4343,#4344,#4345,#4351));
#4343 = ORIENTED_EDGE('',*,*,#4312,.F.);
#4344 = ORIENTED_EDGE('',*,*,#715,.T.);
#4345 = ORIENTED_EDGE('',*,*,#4346,.T.);
#4346 = EDGE_CURVE('',#708,#3187,#4347,.T.);
#4347 = LINE('',#4348,#4349);
#4348 = CARTESIAN_POINT('',(-45.,20.,-14.75));
#4349 = VECTOR('',#4350,1.);
#4350 = DIRECTION('',(1.,0.,0.));
#4351 = ORIENTED_EDGE('',*,*,#3186,.F.);
#4352 = PLANE('',#4353);
#4353 = AXIS2_PLACEMENT_3D('',#4354,#4355,#4356);
#4354 = CARTESIAN_POINT('',(-45.,20.,-25.25));
#4355 = DIRECTION('',(0.,1.,0.));
#4356 = DIRECTION('',(0.,0.,1.));
#4357 = ADVANCED_FACE('',(#4358),#4364,.F.);
#4358 = FACE_BOUND('',#4359,.F.);
#4359 = EDGE_LOOP('',(#4360,#4361,#4362,#4363));
#4360 = ORIENTED_EDGE('',*,*,#4329,.F.);
#4361 = ORIENTED_EDGE('',*,*,#707,.T.);
#4362 = ORIENTED_EDGE('',*,*,#4346,.T.);
#4363 = ORIENTED_EDGE('',*,*,#3194,.F.);
#4364 = PLANE('',#4365);
#4365 = AXIS2_PLACEMENT_3D('',#4366,#4367,#4368);
#4366 = CARTESIAN_POINT('',(-45.,20.,-14.75));
#4367 = DIRECTION('',(0.,0.,1.));
#4368 = DIRECTION('',(1.,0.,0.));
#4369 = ADVANCED_FACE('',(#4370),#4389,.F.);
#4370 = FACE_BOUND('',#4371,.F.);
#4371 = EDGE_LOOP('',(#4372,#4381,#4382,#4383));
#4372 = ORIENTED_EDGE('',*,*,#4373,.F.);
#4373 = EDGE_CURVE('',#780,#4374,#4376,.T.);
#4374 = VERTEX_POINT('',#4375);
#4375 = CARTESIAN_POINT('',(4.2,-4.8,-8.1));
#4376 = CIRCLE('',#4377,4.1);
#4377 = AXIS2_PLACEMENT_3D('',#4378,#4379,#4380);
#4378 = CARTESIAN_POINT('',(4.2,-4.8,-4.));
#4379 = DIRECTION('',(0.,1.,0.));
#4380 = DIRECTION('',(0.,0.,1.));
#4381 = ORIENTED_EDGE('',*,*,#787,.F.);
#4382 = ORIENTED_EDGE('',*,*,#1961,.T.);
#4383 = ORIENTED_EDGE('',*,*,#4384,.T.);
#4384 = EDGE_CURVE('',#1954,#4374,#4385,.T.);
#4385 = LINE('',#4386,#4387);
#4386 = CARTESIAN_POINT('',(4.2,-7.,-8.1));
#4387 = VECTOR('',#4388,1.);
#4388 = DIRECTION('',(0.,1.,0.));
#4389 = CYLINDRICAL_SURFACE('',#4390,4.1);
#4390 = AXIS2_PLACEMENT_3D('',#4391,#4392,#4393);
#4391 = CARTESIAN_POINT('',(4.2,-7.,-4.));
#4392 = DIRECTION('',(0.,1.,0.));
#4393 = DIRECTION('',(0.,0.,1.));
#4394 = ADVANCED_FACE('',(#4395,#4414),#4450,.F.);
#4395 = FACE_BOUND('',#4396,.F.);
#4396 = EDGE_LOOP('',(#4397,#4405,#4412,#4413));
#4397 = ORIENTED_EDGE('',*,*,#4398,.F.);
#4398 = EDGE_CURVE('',#4399,#4374,#4401,.T.);
#4399 = VERTEX_POINT('',#4400);
#4400 = CARTESIAN_POINT('',(-4.2,-4.8,-8.1));
#4401 = LINE('',#4402,#4403);
#4402 = CARTESIAN_POINT('',(-4.2,-4.8,-8.1));
#4403 = VECTOR('',#4404,1.);
#4404 = DIRECTION('',(1.,0.,0.));
#4405 = ORIENTED_EDGE('',*,*,#4406,.T.);
#4406 = EDGE_CURVE('',#4399,#772,#4407,.T.);
#4407 = CIRCLE('',#4408,4.1);
#4408 = AXIS2_PLACEMENT_3D('',#4409,#4410,#4411);
#4409 = CARTESIAN_POINT('',(-4.2,-4.8,-4.));
#4410 = DIRECTION('',(0.,1.,0.));
#4411 = DIRECTION('',(0.,0.,1.));
#4412 = ORIENTED_EDGE('',*,*,#779,.F.);
#4413 = ORIENTED_EDGE('',*,*,#4373,.T.);
#4414 = FACE_BOUND('',#4415,.F.);
#4415 = EDGE_LOOP('',(#4416,#4427,#4435,#4444));
#4416 = ORIENTED_EDGE('',*,*,#4417,.F.);
#4417 = EDGE_CURVE('',#4418,#4420,#4422,.T.);
#4418 = VERTEX_POINT('',#4419);
#4419 = CARTESIAN_POINT('',(3.5,-4.8,-0.7));
#4420 = VERTEX_POINT('',#4421);
#4421 = CARTESIAN_POINT('',(3.5,-4.8,-7.3));
#4422 = CIRCLE('',#4423,3.3);
#4423 = AXIS2_PLACEMENT_3D('',#4424,#4425,#4426);
#4424 = CARTESIAN_POINT('',(3.5,-4.8,-4.));
#4425 = DIRECTION('',(0.,1.,0.));
#4426 = DIRECTION('',(0.,0.,1.));
#4427 = ORIENTED_EDGE('',*,*,#4428,.T.);
#4428 = EDGE_CURVE('',#4418,#4429,#4431,.T.);
#4429 = VERTEX_POINT('',#4430);
#4430 = CARTESIAN_POINT('',(-3.5,-4.8,-0.7));
#4431 = LINE('',#4432,#4433);
#4432 = CARTESIAN_POINT('',(-1.75,-4.8,-0.7));
#4433 = VECTOR('',#4434,1.);
#4434 = DIRECTION('',(-1.,0.,0.));
#4435 = ORIENTED_EDGE('',*,*,#4436,.F.);
#4436 = EDGE_CURVE('',#4437,#4429,#4439,.T.);
#4437 = VERTEX_POINT('',#4438);
#4438 = CARTESIAN_POINT('',(-3.5,-4.8,-7.3));
#4439 = CIRCLE('',#4440,3.3);
#4440 = AXIS2_PLACEMENT_3D('',#4441,#4442,#4443);
#4441 = CARTESIAN_POINT('',(-3.5,-4.8,-4.));
#4442 = DIRECTION('',(0.,1.,0.));
#4443 = DIRECTION('',(0.,0.,1.));
#4444 = ORIENTED_EDGE('',*,*,#4445,.F.);
#4445 = EDGE_CURVE('',#4420,#4437,#4446,.T.);
#4446 = LINE('',#4447,#4448);
#4447 = CARTESIAN_POINT('',(-1.75,-4.8,-7.3));
#4448 = VECTOR('',#4449,1.);
#4449 = DIRECTION('',(-1.,0.,0.));
#4450 = PLANE('',#4451);
#4451 = AXIS2_PLACEMENT_3D('',#4452,#4453,#4454);
#4452 = CARTESIAN_POINT('',(2.6E-16,-4.8,-4.));
#4453 = DIRECTION('',(0.,1.,0.));
#4454 = DIRECTION('',(0.,0.,1.));
#4455 = ADVANCED_FACE('',(#4456),#4467,.F.);
#4456 = FACE_BOUND('',#4457,.F.);
#4457 = EDGE_LOOP('',(#4458,#4459,#4460,#4466));
#4458 = ORIENTED_EDGE('',*,*,#771,.T.);
#4459 = ORIENTED_EDGE('',*,*,#4406,.F.);
#4460 = ORIENTED_EDGE('',*,*,#4461,.F.);
#4461 = EDGE_CURVE('',#1945,#4399,#4462,.T.);
#4462 = LINE('',#4463,#4464);
#4463 = CARTESIAN_POINT('',(-4.2,-7.,-8.1));
#4464 = VECTOR('',#4465,1.);
#4465 = DIRECTION('',(0.,1.,0.));
#4466 = ORIENTED_EDGE('',*,*,#1944,.T.);
#4467 = CYLINDRICAL_SURFACE('',#4468,4.1);
#4468 = AXIS2_PLACEMENT_3D('',#4469,#4470,#4471);
#4469 = CARTESIAN_POINT('',(-4.2,-7.,-4.));
#4470 = DIRECTION('',(0.,1.,0.));
#4471 = DIRECTION('',(0.,0.,1.));
#4472 = ADVANCED_FACE('',(#4473,#4498,#4523),#4557,.T.);
#4473 = FACE_BOUND('',#4474,.T.);
#4474 = EDGE_LOOP('',(#4475,#4476,#4484,#4492));
#4475 = ORIENTED_EDGE('',*,*,#831,.F.);
#4476 = ORIENTED_EDGE('',*,*,#4477,.F.);
#4477 = EDGE_CURVE('',#4478,#832,#4480,.T.);
#4478 = VERTEX_POINT('',#4479);
#4479 = CARTESIAN_POINT('',(-35.5,10.8,-8.4));
#4480 = LINE('',#4481,#4482);
#4481 = CARTESIAN_POINT('',(-35.5,10.8,-8.4));
#4482 = VECTOR('',#4483,1.);
#4483 = DIRECTION('',(0.,0.,1.));
#4484 = ORIENTED_EDGE('',*,*,#4485,.T.);
#4485 = EDGE_CURVE('',#4478,#4486,#4488,.T.);
#4486 = VERTEX_POINT('',#4487);
#4487 = CARTESIAN_POINT('',(-35.5,134.6,-8.4));
#4488 = LINE('',#4489,#4490);
#4489 = CARTESIAN_POINT('',(-35.5,0.,-8.4));
#4490 = VECTOR('',#4491,1.);
#4491 = DIRECTION('',(0.,1.,0.));
#4492 = ORIENTED_EDGE('',*,*,#4493,.T.);
#4493 = EDGE_CURVE('',#4486,#834,#4494,.T.);
#4494 = LINE('',#4495,#4496);
#4495 = CARTESIAN_POINT('',(-35.5,134.6,-8.4));
#4496 = VECTOR('',#4497,1.);
#4497 = DIRECTION('',(0.,0.,1.));
#4498 = FACE_BOUND('',#4499,.T.);
#4499 = EDGE_LOOP('',(#4500,#4508,#4509,#4517));
#4500 = ORIENTED_EDGE('',*,*,#4501,.F.);
#4501 = EDGE_CURVE('',#3322,#4502,#4504,.T.);
#4502 = VERTEX_POINT('',#4503);
#4503 = CARTESIAN_POINT('',(-35.5,98.,-1.2));
#4504 = LINE('',#4505,#4506);
#4505 = CARTESIAN_POINT('',(-35.5,85.35,-1.2));
#4506 = VECTOR('',#4507,1.);
#4507 = DIRECTION('',(0.,-1.,0.));
#4508 = ORIENTED_EDGE('',*,*,#3329,.F.);
#4509 = ORIENTED_EDGE('',*,*,#4510,.T.);
#4510 = EDGE_CURVE('',#3290,#4511,#4513,.T.);
#4511 = VERTEX_POINT('',#4512);
#4512 = CARTESIAN_POINT('',(-35.5,98.,-7.2));
#4513 = LINE('',#4514,#4515);
#4514 = CARTESIAN_POINT('',(-35.5,85.35,-7.2));
#4515 = VECTOR('',#4516,1.);
#4516 = DIRECTION('',(0.,-1.,0.));
#4517 = ORIENTED_EDGE('',*,*,#4518,.T.);
#4518 = EDGE_CURVE('',#4511,#4502,#4519,.T.);
#4519 = LINE('',#4520,#4521);
#4520 = CARTESIAN_POINT('',(-35.5,98.,-5.7));
#4521 = VECTOR('',#4522,1.);
#4522 = DIRECTION('',(0.,0.,1.));
#4523 = FACE_BOUND('',#4524,.T.);
#4524 = EDGE_LOOP('',(#4525,#4535,#4543,#4551));
#4525 = ORIENTED_EDGE('',*,*,#4526,.F.);
#4526 = EDGE_CURVE('',#4527,#4529,#4531,.T.);
#4527 = VERTEX_POINT('',#4528);
#4528 = CARTESIAN_POINT('',(-35.5,90.5,-1.2));
#4529 = VERTEX_POINT('',#4530);
#4530 = CARTESIAN_POINT('',(-35.5,69.5,-1.2));
#4531 = LINE('',#4532,#4533);
#4532 = CARTESIAN_POINT('',(-35.5,71.1,-1.2));
#4533 = VECTOR('',#4534,1.);
#4534 = DIRECTION('',(0.,-1.,0.));
#4535 = ORIENTED_EDGE('',*,*,#4536,.F.);
#4536 = EDGE_CURVE('',#4537,#4527,#4539,.T.);
#4537 = VERTEX_POINT('',#4538);
#4538 = CARTESIAN_POINT('',(-35.5,90.5,-7.2));
#4539 = LINE('',#4540,#4541);
#4540 = CARTESIAN_POINT('',(-35.5,90.5,-5.7));
#4541 = VECTOR('',#4542,1.);
#4542 = DIRECTION('',(0.,0.,1.));
#4543 = ORIENTED_EDGE('',*,*,#4544,.T.);
#4544 = EDGE_CURVE('',#4537,#4545,#4547,.T.);
#4545 = VERTEX_POINT('',#4546);
#4546 = CARTESIAN_POINT('',(-35.5,69.5,-7.2));
#4547 = LINE('',#4548,#4549);
#4548 = CARTESIAN_POINT('',(-35.5,71.1,-7.2));
#4549 = VECTOR('',#4550,1.);
#4550 = DIRECTION('',(0.,-1.,0.));
#4551 = ORIENTED_EDGE('',*,*,#4552,.T.);
#4552 = EDGE_CURVE('',#4545,#4529,#4553,.T.);
#4553 = LINE('',#4554,#4555);
#4554 = CARTESIAN_POINT('',(-35.5,69.5,-5.7));
#4555 = VECTOR('',#4556,1.);
#4556 = DIRECTION('',(0.,0.,1.));
#4557 = PLANE('',#4558);
#4558 = AXIS2_PLACEMENT_3D('',#4559,#4560,#4561);
#4559 = CARTESIAN_POINT('',(-35.5,72.7,-4.2));
#4560 = DIRECTION('',(1.,0.,0.));
#4561 = DIRECTION('',(0.,0.,1.));
#4562 = ADVANCED_FACE('',(#4563),#4575,.F.);
#4563 = FACE_BOUND('',#4564,.F.);
#4564 = EDGE_LOOP('',(#4565,#4566,#4573,#4574));
#4565 = ORIENTED_EDGE('',*,*,#4477,.F.);
#4566 = ORIENTED_EDGE('',*,*,#4567,.T.);
#4567 = EDGE_CURVE('',#4478,#3110,#4568,.T.);
#4568 = CIRCLE('',#4569,10.8);
#4569 = AXIS2_PLACEMENT_3D('',#4570,#4571,#4572);
#4570 = CARTESIAN_POINT('',(-24.7,10.8,-8.4));
#4571 = DIRECTION('',(-0.,0.,1.));
#4572 = DIRECTION('',(0.,-1.,0.));
#4573 = ORIENTED_EDGE('',*,*,#3109,.T.);
#4574 = ORIENTED_EDGE('',*,*,#1000,.F.);
#4575 = CYLINDRICAL_SURFACE('',#4576,10.8);
#4576 = AXIS2_PLACEMENT_3D('',#4577,#4578,#4579);
#4577 = CARTESIAN_POINT('',(-24.7,10.8,-8.4));
#4578 = DIRECTION('',(0.,0.,1.));
#4579 = DIRECTION('',(-1.,0.,0.));
#4580 = ADVANCED_FACE('',(#4581),#4593,.F.);
#4581 = FACE_BOUND('',#4582,.T.);
#4582 = EDGE_LOOP('',(#4583,#4584,#4591,#4592));
#4583 = ORIENTED_EDGE('',*,*,#4493,.F.);
#4584 = ORIENTED_EDGE('',*,*,#4585,.T.);
#4585 = EDGE_CURVE('',#4486,#2295,#4586,.T.);
#4586 = CIRCLE('',#4587,10.8);
#4587 = AXIS2_PLACEMENT_3D('',#4588,#4589,#4590);
#4588 = CARTESIAN_POINT('',(-24.7,134.6,-8.4));
#4589 = DIRECTION('',(-0.,-0.,-1.));
#4590 = DIRECTION('',(0.,-1.,0.));
#4591 = ORIENTED_EDGE('',*,*,#2303,.T.);
#4592 = ORIENTED_EDGE('',*,*,#841,.T.);
#4593 = CYLINDRICAL_SURFACE('',#4594,10.8);
#4594 = AXIS2_PLACEMENT_3D('',#4595,#4596,#4597);
#4595 = CARTESIAN_POINT('',(-24.7,134.6,-8.4));
#4596 = DIRECTION('',(0.,0.,1.));
#4597 = DIRECTION('',(-1.,0.,0.));
#4598 = ADVANCED_FACE('',(#4599),#4652,.F.);
#4599 = FACE_BOUND('',#4600,.F.);
#4600 = EDGE_LOOP('',(#4601,#4602,#4611,#4619,#4628,#4636,#4645,#4651));
#4601 = ORIENTED_EDGE('',*,*,#3126,.F.);
#4602 = ORIENTED_EDGE('',*,*,#4603,.T.);
#4603 = EDGE_CURVE('',#3118,#4604,#4606,.T.);
#4604 = VERTEX_POINT('',#4605);
#4605 = CARTESIAN_POINT('',(-24.7,-2.E-15,-8.4));
#4606 = CIRCLE('',#4607,10.8);
#4607 = AXIS2_PLACEMENT_3D('',#4608,#4609,#4610);
#4608 = CARTESIAN_POINT('',(-24.7,10.8,-8.4));
#4609 = DIRECTION('',(-0.,0.,1.));
#4610 = DIRECTION('',(0.,-1.,0.));
#4611 = ORIENTED_EDGE('',*,*,#4612,.T.);
#4612 = EDGE_CURVE('',#4604,#4613,#4615,.T.);
#4613 = VERTEX_POINT('',#4614);
#4614 = CARTESIAN_POINT('',(-24.7,-2.E-15,-5.6));
#4615 = LINE('',#4616,#4617);
#4616 = CARTESIAN_POINT('',(-24.7,-1.78E-15,-8.4));
#4617 = VECTOR('',#4618,1.);
#4618 = DIRECTION('',(0.,0.,1.));
#4619 = ORIENTED_EDGE('',*,*,#4620,.F.);
#4620 = EDGE_CURVE('',#4621,#4613,#4623,.T.);
#4621 = VERTEX_POINT('',#4622);
#4622 = CARTESIAN_POINT('',(-25.5,2.9670385731E-02,-5.6));
#4623 = CIRCLE('',#4624,10.8);
#4624 = AXIS2_PLACEMENT_3D('',#4625,#4626,#4627);
#4625 = CARTESIAN_POINT('',(-24.7,10.8,-5.6));
#4626 = DIRECTION('',(0.,0.,1.));
#4627 = DIRECTION('',(-1.,0.,0.));
#4628 = ORIENTED_EDGE('',*,*,#4629,.T.);
#4629 = EDGE_CURVE('',#4621,#4630,#4632,.T.);
#4630 = VERTEX_POINT('',#4631);
#4631 = CARTESIAN_POINT('',(-25.5,2.9670385731E-02,-2.4));
#4632 = LINE('',#4633,#4634);
#4633 = CARTESIAN_POINT('',(-25.5,2.967038573099E-02,-8.4));
#4634 = VECTOR('',#4635,1.);
#4635 = DIRECTION('',(0.,0.,1.));
#4636 = ORIENTED_EDGE('',*,*,#4637,.T.);
#4637 = EDGE_CURVE('',#4630,#4638,#4640,.T.);
#4638 = VERTEX_POINT('',#4639);
#4639 = CARTESIAN_POINT('',(-24.7,-2.E-15,-2.4));
#4640 = CIRCLE('',#4641,10.8);
#4641 = AXIS2_PLACEMENT_3D('',#4642,#4643,#4644);
#4642 = CARTESIAN_POINT('',(-24.7,10.8,-2.4));
#4643 = DIRECTION('',(0.,0.,1.));
#4644 = DIRECTION('',(-1.,0.,0.));
#4645 = ORIENTED_EDGE('',*,*,#4646,.T.);
#4646 = EDGE_CURVE('',#4638,#966,#4647,.T.);
#4647 = LINE('',#4648,#4649);
#4648 = CARTESIAN_POINT('',(-24.7,-1.78E-15,-8.4));
#4649 = VECTOR('',#4650,1.);
#4650 = DIRECTION('',(0.,0.,1.));
#4651 = ORIENTED_EDGE('',*,*,#973,.F.);
#4652 = CYLINDRICAL_SURFACE('',#4653,10.8);
#4653 = AXIS2_PLACEMENT_3D('',#4654,#4655,#4656);
#4654 = CARTESIAN_POINT('',(-24.7,10.8,-8.4));
#4655 = DIRECTION('',(0.,0.,1.));
#4656 = DIRECTION('',(-1.,0.,0.));
#4657 = ADVANCED_FACE('',(#4658),#4677,.F.);
#4658 = FACE_BOUND('',#4659,.T.);
#4659 = EDGE_LOOP('',(#4660,#4661,#4670,#4676));
#4660 = ORIENTED_EDGE('',*,*,#2286,.F.);
#4661 = ORIENTED_EDGE('',*,*,#4662,.T.);
#4662 = EDGE_CURVE('',#2287,#4663,#4665,.T.);
#4663 = VERTEX_POINT('',#4664);
#4664 = CARTESIAN_POINT('',(-24.7,145.4,-8.4));
#4665 = CIRCLE('',#4666,10.8);
#4666 = AXIS2_PLACEMENT_3D('',#4667,#4668,#4669);
#4667 = CARTESIAN_POINT('',(-24.7,134.6,-8.4));
#4668 = DIRECTION('',(-0.,-0.,-1.));
#4669 = DIRECTION('',(0.,-1.,0.));
#4670 = ORIENTED_EDGE('',*,*,#4671,.T.);
#4671 = EDGE_CURVE('',#4663,#869,#4672,.T.);
#4672 = LINE('',#4673,#4674);
#4673 = CARTESIAN_POINT('',(-24.7,145.4,-8.4));
#4674 = VECTOR('',#4675,1.);
#4675 = DIRECTION('',(0.,0.,1.));
#4676 = ORIENTED_EDGE('',*,*,#868,.T.);
#4677 = CYLINDRICAL_SURFACE('',#4678,10.8);
#4678 = AXIS2_PLACEMENT_3D('',#4679,#4680,#4681);
#4679 = CARTESIAN_POINT('',(-24.7,134.6,-8.4));
#4680 = DIRECTION('',(0.,0.,1.));
#4681 = DIRECTION('',(-1.,0.,0.));
#4682 = ADVANCED_FACE('',(#4683,#4772,#4815,#4851),#4894,.T.);
#4683 = FACE_BOUND('',#4684,.T.);
#4684 = EDGE_LOOP('',(#4685,#4693,#4694,#4702,#4710,#4718,#4724,#4725,
    #4726,#4734,#4742,#4750,#4758,#4766));
#4685 = ORIENTED_EDGE('',*,*,#4686,.F.);
#4686 = EDGE_CURVE('',#4604,#4687,#4689,.T.);
#4687 = VERTEX_POINT('',#4688);
#4688 = CARTESIAN_POINT('',(24.7,-2.E-15,-8.4));
#4689 = LINE('',#4690,#4691);
#4690 = CARTESIAN_POINT('',(-35.5,0.,-8.4));
#4691 = VECTOR('',#4692,1.);
#4692 = DIRECTION('',(1.,0.,0.));
#4693 = ORIENTED_EDGE('',*,*,#4612,.T.);
#4694 = ORIENTED_EDGE('',*,*,#4695,.F.);
#4695 = EDGE_CURVE('',#4696,#4613,#4698,.T.);
#4696 = VERTEX_POINT('',#4697);
#4697 = CARTESIAN_POINT('',(-25.5,0.,-5.6));
#4698 = LINE('',#4699,#4700);
#4699 = CARTESIAN_POINT('',(-25.5,0.,-5.6));
#4700 = VECTOR('',#4701,1.);
#4701 = DIRECTION('',(1.,0.,0.));
#4702 = ORIENTED_EDGE('',*,*,#4703,.T.);
#4703 = EDGE_CURVE('',#4696,#4704,#4706,.T.);
#4704 = VERTEX_POINT('',#4705);
#4705 = CARTESIAN_POINT('',(-25.5,0.,-4.));
#4706 = LINE('',#4707,#4708);
#4707 = CARTESIAN_POINT('',(-25.5,0.,-5.6));
#4708 = VECTOR('',#4709,1.);
#4709 = DIRECTION('',(0.,0.,1.));
#4710 = ORIENTED_EDGE('',*,*,#4711,.T.);
#4711 = EDGE_CURVE('',#4704,#4712,#4714,.T.);
#4712 = VERTEX_POINT('',#4713);
#4713 = CARTESIAN_POINT('',(-25.5,0.,-2.4));
#4714 = LINE('',#4715,#4716);
#4715 = CARTESIAN_POINT('',(-25.5,0.,-5.6));
#4716 = VECTOR('',#4717,1.);
#4717 = DIRECTION('',(0.,0.,1.));
#4718 = ORIENTED_EDGE('',*,*,#4719,.T.);
#4719 = EDGE_CURVE('',#4712,#4638,#4720,.T.);
#4720 = LINE('',#4721,#4722);
#4721 = CARTESIAN_POINT('',(-25.5,0.,-2.4));
#4722 = VECTOR('',#4723,1.);
#4723 = DIRECTION('',(1.,0.,0.));
#4724 = ORIENTED_EDGE('',*,*,#4646,.T.);
#4725 = ORIENTED_EDGE('',*,*,#965,.F.);
#4726 = ORIENTED_EDGE('',*,*,#4727,.F.);
#4727 = EDGE_CURVE('',#4728,#957,#4730,.T.);
#4728 = VERTEX_POINT('',#4729);
#4729 = CARTESIAN_POINT('',(24.7,-2.E-15,-2.4));
#4730 = LINE('',#4731,#4732);
#4731 = CARTESIAN_POINT('',(24.7,-1.78E-15,-8.4));
#4732 = VECTOR('',#4733,1.);
#4733 = DIRECTION('',(0.,0.,1.));
#4734 = ORIENTED_EDGE('',*,*,#4735,.T.);
#4735 = EDGE_CURVE('',#4728,#4736,#4738,.T.);
#4736 = VERTEX_POINT('',#4737);
#4737 = CARTESIAN_POINT('',(25.5,0.,-2.4));
#4738 = LINE('',#4739,#4740);
#4739 = CARTESIAN_POINT('',(13.5,0.,-2.4));
#4740 = VECTOR('',#4741,1.);
#4741 = DIRECTION('',(1.,0.,0.));
#4742 = ORIENTED_EDGE('',*,*,#4743,.F.);
#4743 = EDGE_CURVE('',#4744,#4736,#4746,.T.);
#4744 = VERTEX_POINT('',#4745);
#4745 = CARTESIAN_POINT('',(25.5,0.,-4.));
#4746 = LINE('',#4747,#4748);
#4747 = CARTESIAN_POINT('',(25.5,0.,-5.6));
#4748 = VECTOR('',#4749,1.);
#4749 = DIRECTION('',(0.,0.,1.));
#4750 = ORIENTED_EDGE('',*,*,#4751,.F.);
#4751 = EDGE_CURVE('',#4752,#4744,#4754,.T.);
#4752 = VERTEX_POINT('',#4753);
#4753 = CARTESIAN_POINT('',(25.5,0.,-5.6));
#4754 = LINE('',#4755,#4756);
#4755 = CARTESIAN_POINT('',(25.5,0.,-5.6));
#4756 = VECTOR('',#4757,1.);
#4757 = DIRECTION('',(0.,0.,1.));
#4758 = ORIENTED_EDGE('',*,*,#4759,.F.);
#4759 = EDGE_CURVE('',#4760,#4752,#4762,.T.);
#4760 = VERTEX_POINT('',#4761);
#4761 = CARTESIAN_POINT('',(24.7,-2.E-15,-5.6));
#4762 = LINE('',#4763,#4764);
#4763 = CARTESIAN_POINT('',(13.5,0.,-5.6));
#4764 = VECTOR('',#4765,1.);
#4765 = DIRECTION('',(1.,0.,0.));
#4766 = ORIENTED_EDGE('',*,*,#4767,.F.);
#4767 = EDGE_CURVE('',#4687,#4760,#4768,.T.);
#4768 = LINE('',#4769,#4770);
#4769 = CARTESIAN_POINT('',(24.7,-1.78E-15,-8.4));
#4770 = VECTOR('',#4771,1.);
#4771 = DIRECTION('',(0.,0.,1.));
#4772 = FACE_BOUND('',#4773,.T.);
#4773 = EDGE_LOOP('',(#4774,#4783,#4792,#4800,#4809));
#4774 = ORIENTED_EDGE('',*,*,#4775,.F.);
#4775 = EDGE_CURVE('',#4704,#4776,#4778,.T.);
#4776 = VERTEX_POINT('',#4777);
#4777 = CARTESIAN_POINT('',(-23.6,0.,-2.1));
#4778 = CIRCLE('',#4779,1.9);
#4779 = AXIS2_PLACEMENT_3D('',#4780,#4781,#4782);
#4780 = CARTESIAN_POINT('',(-23.6,0.,-4.));
#4781 = DIRECTION('',(0.,1.,0.));
#4782 = DIRECTION('',(0.,0.,1.));
#4783 = ORIENTED_EDGE('',*,*,#4784,.F.);
#4784 = EDGE_CURVE('',#4785,#4704,#4787,.T.);
#4785 = VERTEX_POINT('',#4786);
#4786 = CARTESIAN_POINT('',(-23.6,0.,-5.9));
#4787 = CIRCLE('',#4788,1.9);
#4788 = AXIS2_PLACEMENT_3D('',#4789,#4790,#4791);
#4789 = CARTESIAN_POINT('',(-23.6,0.,-4.));
#4790 = DIRECTION('',(0.,1.,0.));
#4791 = DIRECTION('',(0.,0.,1.));
#4792 = ORIENTED_EDGE('',*,*,#4793,.T.);
#4793 = EDGE_CURVE('',#4785,#4794,#4796,.T.);
#4794 = VERTEX_POINT('',#4795);
#4795 = CARTESIAN_POINT('',(-15.4,0.,-5.9));
#4796 = LINE('',#4797,#4798);
#4797 = CARTESIAN_POINT('',(-11.8,-8.E-17,-5.9));
#4798 = VECTOR('',#4799,1.);
#4799 = DIRECTION('',(1.,0.,0.));
#4800 = ORIENTED_EDGE('',*,*,#4801,.F.);
#4801 = EDGE_CURVE('',#4802,#4794,#4804,.T.);
#4802 = VERTEX_POINT('',#4803);
#4803 = CARTESIAN_POINT('',(-15.4,0.,-2.1));
#4804 = CIRCLE('',#4805,1.9);
#4805 = AXIS2_PLACEMENT_3D('',#4806,#4807,#4808);
#4806 = CARTESIAN_POINT('',(-15.4,0.,-4.));
#4807 = DIRECTION('',(0.,1.,0.));
#4808 = DIRECTION('',(0.,0.,1.));
#4809 = ORIENTED_EDGE('',*,*,#4810,.F.);
#4810 = EDGE_CURVE('',#4776,#4802,#4811,.T.);
#4811 = LINE('',#4812,#4813);
#4812 = CARTESIAN_POINT('',(-11.8,-8.E-17,-2.1));
#4813 = VECTOR('',#4814,1.);
#4814 = DIRECTION('',(1.,0.,0.));
#4815 = FACE_BOUND('',#4816,.T.);
#4816 = EDGE_LOOP('',(#4817,#4828,#4836,#4845));
#4817 = ORIENTED_EDGE('',*,*,#4818,.F.);
#4818 = EDGE_CURVE('',#4819,#4821,#4823,.T.);
#4819 = VERTEX_POINT('',#4820);
#4820 = CARTESIAN_POINT('',(3.5,0.,-0.7));
#4821 = VERTEX_POINT('',#4822);
#4822 = CARTESIAN_POINT('',(3.5,0.,-7.3));
#4823 = CIRCLE('',#4824,3.3);
#4824 = AXIS2_PLACEMENT_3D('',#4825,#4826,#4827);
#4825 = CARTESIAN_POINT('',(3.5,0.,-4.));
#4826 = DIRECTION('',(0.,1.,0.));
#4827 = DIRECTION('',(0.,0.,1.));
#4828 = ORIENTED_EDGE('',*,*,#4829,.F.);
#4829 = EDGE_CURVE('',#4830,#4819,#4832,.T.);
#4830 = VERTEX_POINT('',#4831);
#4831 = CARTESIAN_POINT('',(-3.5,0.,-0.7));
#4832 = LINE('',#4833,#4834);
#4833 = CARTESIAN_POINT('',(-1.75,-8.E-17,-0.7));
#4834 = VECTOR('',#4835,1.);
#4835 = DIRECTION('',(1.,0.,0.));
#4836 = ORIENTED_EDGE('',*,*,#4837,.F.);
#4837 = EDGE_CURVE('',#4838,#4830,#4840,.T.);
#4838 = VERTEX_POINT('',#4839);
#4839 = CARTESIAN_POINT('',(-3.5,0.,-7.3));
#4840 = CIRCLE('',#4841,3.3);
#4841 = AXIS2_PLACEMENT_3D('',#4842,#4843,#4844);
#4842 = CARTESIAN_POINT('',(-3.5,0.,-4.));
#4843 = DIRECTION('',(0.,1.,0.));
#4844 = DIRECTION('',(0.,0.,1.));
#4845 = ORIENTED_EDGE('',*,*,#4846,.T.);
#4846 = EDGE_CURVE('',#4838,#4821,#4847,.T.);
#4847 = LINE('',#4848,#4849);
#4848 = CARTESIAN_POINT('',(-1.75,-8.E-17,-7.3));
#4849 = VECTOR('',#4850,1.);
#4850 = DIRECTION('',(1.,0.,0.));
#4851 = FACE_BOUND('',#4852,.T.);
#4852 = EDGE_LOOP('',(#4853,#4862,#4871,#4879,#4888));
#4853 = ORIENTED_EDGE('',*,*,#4854,.F.);
#4854 = EDGE_CURVE('',#4744,#4855,#4857,.T.);
#4855 = VERTEX_POINT('',#4856);
#4856 = CARTESIAN_POINT('',(23.6,0.,-5.9));
#4857 = CIRCLE('',#4858,1.9);
#4858 = AXIS2_PLACEMENT_3D('',#4859,#4860,#4861);
#4859 = CARTESIAN_POINT('',(23.6,0.,-4.));
#4860 = DIRECTION('',(0.,1.,0.));
#4861 = DIRECTION('',(0.,0.,1.));
#4862 = ORIENTED_EDGE('',*,*,#4863,.F.);
#4863 = EDGE_CURVE('',#4864,#4744,#4866,.T.);
#4864 = VERTEX_POINT('',#4865);
#4865 = CARTESIAN_POINT('',(23.6,0.,-2.1));
#4866 = CIRCLE('',#4867,1.9);
#4867 = AXIS2_PLACEMENT_3D('',#4868,#4869,#4870);
#4868 = CARTESIAN_POINT('',(23.6,0.,-4.));
#4869 = DIRECTION('',(0.,1.,0.));
#4870 = DIRECTION('',(0.,0.,1.));
#4871 = ORIENTED_EDGE('',*,*,#4872,.F.);
#4872 = EDGE_CURVE('',#4873,#4864,#4875,.T.);
#4873 = VERTEX_POINT('',#4874);
#4874 = CARTESIAN_POINT('',(15.4,0.,-2.1));
#4875 = LINE('',#4876,#4877);
#4876 = CARTESIAN_POINT('',(7.7,-8.E-17,-2.1));
#4877 = VECTOR('',#4878,1.);
#4878 = DIRECTION('',(1.,0.,0.));
#4879 = ORIENTED_EDGE('',*,*,#4880,.F.);
#4880 = EDGE_CURVE('',#4881,#4873,#4883,.T.);
#4881 = VERTEX_POINT('',#4882);
#4882 = CARTESIAN_POINT('',(15.4,0.,-5.9));
#4883 = CIRCLE('',#4884,1.9);
#4884 = AXIS2_PLACEMENT_3D('',#4885,#4886,#4887);
#4885 = CARTESIAN_POINT('',(15.4,0.,-4.));
#4886 = DIRECTION('',(0.,1.,0.));
#4887 = DIRECTION('',(0.,0.,1.));
#4888 = ORIENTED_EDGE('',*,*,#4889,.T.);
#4889 = EDGE_CURVE('',#4881,#4855,#4890,.T.);
#4890 = LINE('',#4891,#4892);
#4891 = CARTESIAN_POINT('',(7.7,-8.E-17,-5.9));
#4892 = VECTOR('',#4893,1.);
#4893 = DIRECTION('',(1.,0.,0.));
#4894 = PLANE('',#4895);
#4895 = AXIS2_PLACEMENT_3D('',#4896,#4897,#4898);
#4896 = CARTESIAN_POINT('',(0.,-1.6E-16,-4.194612794613));
#4897 = DIRECTION('',(0.,1.,0.));
#4898 = DIRECTION('',(0.,0.,1.));
#4899 = ADVANCED_FACE('',(#4900),#4918,.F.);
#4900 = FACE_BOUND('',#4901,.F.);
#4901 = EDGE_LOOP('',(#4902,#4910,#4911,#4912));
#4902 = ORIENTED_EDGE('',*,*,#4903,.F.);
#4903 = EDGE_CURVE('',#4663,#4904,#4906,.T.);
#4904 = VERTEX_POINT('',#4905);
#4905 = CARTESIAN_POINT('',(24.7,145.4,-8.4));
#4906 = LINE('',#4907,#4908);
#4907 = CARTESIAN_POINT('',(-35.5,145.4,-8.4));
#4908 = VECTOR('',#4909,1.);
#4909 = DIRECTION('',(1.,0.,0.));
#4910 = ORIENTED_EDGE('',*,*,#4671,.T.);
#4911 = ORIENTED_EDGE('',*,*,#877,.F.);
#4912 = ORIENTED_EDGE('',*,*,#4913,.F.);
#4913 = EDGE_CURVE('',#4904,#878,#4914,.T.);
#4914 = LINE('',#4915,#4916);
#4915 = CARTESIAN_POINT('',(24.7,145.4,-8.4));
#4916 = VECTOR('',#4917,1.);
#4917 = DIRECTION('',(0.,0.,1.));
#4918 = PLANE('',#4919);
#4919 = AXIS2_PLACEMENT_3D('',#4920,#4921,#4922);
#4920 = CARTESIAN_POINT('',(-35.5,145.4,-8.4));
#4921 = DIRECTION('',(0.,1.,0.));
#4922 = DIRECTION('',(0.,0.,1.));
#4923 = ADVANCED_FACE('',(#4924),#4961,.F.);
#4924 = FACE_BOUND('',#4925,.T.);
#4925 = EDGE_LOOP('',(#4926,#4927,#4934,#4935,#4944,#4952,#4959,#4960));
#4926 = ORIENTED_EDGE('',*,*,#2958,.F.);
#4927 = ORIENTED_EDGE('',*,*,#4928,.T.);
#4928 = EDGE_CURVE('',#2959,#4687,#4929,.T.);
#4929 = CIRCLE('',#4930,10.8);
#4930 = AXIS2_PLACEMENT_3D('',#4931,#4932,#4933);
#4931 = CARTESIAN_POINT('',(24.7,10.8,-8.4));
#4932 = DIRECTION('',(-0.,-0.,-1.));
#4933 = DIRECTION('',(0.,-1.,0.));
#4934 = ORIENTED_EDGE('',*,*,#4767,.T.);
#4935 = ORIENTED_EDGE('',*,*,#4936,.T.);
#4936 = EDGE_CURVE('',#4760,#4937,#4939,.T.);
#4937 = VERTEX_POINT('',#4938);
#4938 = CARTESIAN_POINT('',(25.5,2.9670385731E-02,-5.6));
#4939 = CIRCLE('',#4940,10.8);
#4940 = AXIS2_PLACEMENT_3D('',#4941,#4942,#4943);
#4941 = CARTESIAN_POINT('',(24.7,10.8,-5.6));
#4942 = DIRECTION('',(0.,0.,1.));
#4943 = DIRECTION('',(1.,0.,0.));
#4944 = ORIENTED_EDGE('',*,*,#4945,.T.);
#4945 = EDGE_CURVE('',#4937,#4946,#4948,.T.);
#4946 = VERTEX_POINT('',#4947);
#4947 = CARTESIAN_POINT('',(25.5,2.9670385731E-02,-2.4));
#4948 = LINE('',#4949,#4950);
#4949 = CARTESIAN_POINT('',(25.5,2.967038573099E-02,-8.4));
#4950 = VECTOR('',#4951,1.);
#4951 = DIRECTION('',(0.,0.,1.));
#4952 = ORIENTED_EDGE('',*,*,#4953,.F.);
#4953 = EDGE_CURVE('',#4728,#4946,#4954,.T.);
#4954 = CIRCLE('',#4955,10.8);
#4955 = AXIS2_PLACEMENT_3D('',#4956,#4957,#4958);
#4956 = CARTESIAN_POINT('',(24.7,10.8,-2.4));
#4957 = DIRECTION('',(0.,0.,1.));
#4958 = DIRECTION('',(1.,0.,0.));
#4959 = ORIENTED_EDGE('',*,*,#4727,.T.);
#4960 = ORIENTED_EDGE('',*,*,#956,.T.);
#4961 = CYLINDRICAL_SURFACE('',#4962,10.8);
#4962 = AXIS2_PLACEMENT_3D('',#4963,#4964,#4965);
#4963 = CARTESIAN_POINT('',(24.7,10.8,-8.4));
#4964 = DIRECTION('',(0.,0.,1.));
#4965 = DIRECTION('',(1.,0.,0.));
#4966 = ADVANCED_FACE('',(#4967),#4979,.F.);
#4967 = FACE_BOUND('',#4968,.F.);
#4968 = EDGE_LOOP('',(#4969,#4970,#4977,#4978));
#4969 = ORIENTED_EDGE('',*,*,#2435,.F.);
#4970 = ORIENTED_EDGE('',*,*,#4971,.T.);
#4971 = EDGE_CURVE('',#2427,#4904,#4972,.T.);
#4972 = CIRCLE('',#4973,10.8);
#4973 = AXIS2_PLACEMENT_3D('',#4974,#4975,#4976);
#4974 = CARTESIAN_POINT('',(24.7,134.6,-8.4));
#4975 = DIRECTION('',(-0.,0.,1.));
#4976 = DIRECTION('',(0.,-1.,0.));
#4977 = ORIENTED_EDGE('',*,*,#4913,.T.);
#4978 = ORIENTED_EDGE('',*,*,#885,.F.);
#4979 = CYLINDRICAL_SURFACE('',#4980,10.8);
#4980 = AXIS2_PLACEMENT_3D('',#4981,#4982,#4983);
#4981 = CARTESIAN_POINT('',(24.7,134.6,-8.4));
#4982 = DIRECTION('',(0.,0.,1.));
#4983 = DIRECTION('',(1.,0.,0.));
#4984 = ADVANCED_FACE('',(#4985),#5004,.F.);
#4985 = FACE_BOUND('',#4986,.T.);
#4986 = EDGE_LOOP('',(#4987,#4995,#5002,#5003));
#4987 = ORIENTED_EDGE('',*,*,#4988,.F.);
#4988 = EDGE_CURVE('',#4989,#922,#4991,.T.);
#4989 = VERTEX_POINT('',#4990);
#4990 = CARTESIAN_POINT('',(35.5,10.8,-8.4));
#4991 = LINE('',#4992,#4993);
#4992 = CARTESIAN_POINT('',(35.5,10.8,-8.4));
#4993 = VECTOR('',#4994,1.);
#4994 = DIRECTION('',(0.,0.,1.));
#4995 = ORIENTED_EDGE('',*,*,#4996,.T.);
#4996 = EDGE_CURVE('',#4989,#2967,#4997,.T.);
#4997 = CIRCLE('',#4998,10.8);
#4998 = AXIS2_PLACEMENT_3D('',#4999,#5000,#5001);
#4999 = CARTESIAN_POINT('',(24.7,10.8,-8.4));
#5000 = DIRECTION('',(-0.,-0.,-1.));
#5001 = DIRECTION('',(0.,-1.,0.));
#5002 = ORIENTED_EDGE('',*,*,#2975,.T.);
#5003 = ORIENTED_EDGE('',*,*,#929,.T.);
#5004 = CYLINDRICAL_SURFACE('',#5005,10.8);
#5005 = AXIS2_PLACEMENT_3D('',#5006,#5007,#5008);
#5006 = CARTESIAN_POINT('',(24.7,10.8,-8.4));
#5007 = DIRECTION('',(0.,0.,1.));
#5008 = DIRECTION('',(1.,0.,0.));
#5009 = ADVANCED_FACE('',(#5010),#5029,.F.);
#5010 = FACE_BOUND('',#5011,.F.);
#5011 = EDGE_LOOP('',(#5012,#5020,#5027,#5028));
#5012 = ORIENTED_EDGE('',*,*,#5013,.F.);
#5013 = EDGE_CURVE('',#5014,#913,#5016,.T.);
#5014 = VERTEX_POINT('',#5015);
#5015 = CARTESIAN_POINT('',(35.5,134.6,-8.4));
#5016 = LINE('',#5017,#5018);
#5017 = CARTESIAN_POINT('',(35.5,134.6,-8.4));
#5018 = VECTOR('',#5019,1.);
#5019 = DIRECTION('',(0.,0.,1.));
#5020 = ORIENTED_EDGE('',*,*,#5021,.T.);
#5021 = EDGE_CURVE('',#5014,#2419,#5022,.T.);
#5022 = CIRCLE('',#5023,10.8);
#5023 = AXIS2_PLACEMENT_3D('',#5024,#5025,#5026);
#5024 = CARTESIAN_POINT('',(24.7,134.6,-8.4));
#5025 = DIRECTION('',(-0.,0.,1.));
#5026 = DIRECTION('',(0.,-1.,0.));
#5027 = ORIENTED_EDGE('',*,*,#2418,.T.);
#5028 = ORIENTED_EDGE('',*,*,#912,.F.);
#5029 = CYLINDRICAL_SURFACE('',#5030,10.8);
#5030 = AXIS2_PLACEMENT_3D('',#5031,#5032,#5033);
#5031 = CARTESIAN_POINT('',(24.7,134.6,-8.4));
#5032 = DIRECTION('',(0.,0.,1.));
#5033 = DIRECTION('',(1.,0.,0.));
#5034 = ADVANCED_FACE('',(#5035,#5046),#5109,.F.);
#5035 = FACE_BOUND('',#5036,.F.);
#5036 = EDGE_LOOP('',(#5037,#5038,#5039,#5045));
#5037 = ORIENTED_EDGE('',*,*,#921,.F.);
#5038 = ORIENTED_EDGE('',*,*,#4988,.F.);
#5039 = ORIENTED_EDGE('',*,*,#5040,.T.);
#5040 = EDGE_CURVE('',#4989,#5014,#5041,.T.);
#5041 = LINE('',#5042,#5043);
#5042 = CARTESIAN_POINT('',(35.5,0.,-8.4));
#5043 = VECTOR('',#5044,1.);
#5044 = DIRECTION('',(0.,1.,0.));
#5045 = ORIENTED_EDGE('',*,*,#5013,.T.);
#5046 = FACE_BOUND('',#5047,.F.);
#5047 = EDGE_LOOP('',(#5048,#5058,#5067,#5075,#5084,#5093,#5102));
#5048 = ORIENTED_EDGE('',*,*,#5049,.F.);
#5049 = EDGE_CURVE('',#5050,#5052,#5054,.T.);
#5050 = VERTEX_POINT('',#5051);
#5051 = CARTESIAN_POINT('',(35.5,46.4,-2.1));
#5052 = VERTEX_POINT('',#5053);
#5053 = CARTESIAN_POINT('',(35.5,35.6,-2.1));
#5054 = LINE('',#5055,#5056);
#5055 = CARTESIAN_POINT('',(35.5,17.8,-2.1));
#5056 = VECTOR('',#5057,1.);
#5057 = DIRECTION('',(0.,-1.,0.));
#5058 = ORIENTED_EDGE('',*,*,#5059,.F.);
#5059 = EDGE_CURVE('',#5060,#5050,#5062,.T.);
#5060 = VERTEX_POINT('',#5061);
#5061 = CARTESIAN_POINT('',(35.5,46.4,-6.3));
#5062 = CIRCLE('',#5063,2.1);
#5063 = AXIS2_PLACEMENT_3D('',#5064,#5065,#5066);
#5064 = CARTESIAN_POINT('',(35.5,46.4,-4.2));
#5065 = DIRECTION('',(1.,0.,-0.));
#5066 = DIRECTION('',(0.,0.,1.));
#5067 = ORIENTED_EDGE('',*,*,#5068,.T.);
#5068 = EDGE_CURVE('',#5060,#5069,#5071,.T.);
#5069 = VERTEX_POINT('',#5070);
#5070 = CARTESIAN_POINT('',(35.5,35.6,-6.3));
#5071 = LINE('',#5072,#5073);
#5072 = CARTESIAN_POINT('',(35.5,17.8,-6.3));
#5073 = VECTOR('',#5074,1.);
#5074 = DIRECTION('',(0.,-1.,0.));
#5075 = ORIENTED_EDGE('',*,*,#5076,.F.);
#5076 = EDGE_CURVE('',#5077,#5069,#5079,.T.);
#5077 = VERTEX_POINT('',#5078);
#5078 = CARTESIAN_POINT('',(35.5,33.655325443787,-4.9926164712));
#5079 = CIRCLE('',#5080,2.1);
#5080 = AXIS2_PLACEMENT_3D('',#5081,#5082,#5083);
#5081 = CARTESIAN_POINT('',(35.5,35.6,-4.2));
#5082 = DIRECTION('',(1.,0.,-0.));
#5083 = DIRECTION('',(0.,0.,1.));
#5084 = ORIENTED_EDGE('',*,*,#5085,.T.);
#5085 = EDGE_CURVE('',#5077,#5086,#5088,.T.);
#5086 = VERTEX_POINT('',#5087);
#5087 = CARTESIAN_POINT('',(35.5,33.5,-5.007692307692));
#5088 = CIRCLE('',#5089,0.807692307692);
#5089 = AXIS2_PLACEMENT_3D('',#5090,#5091,#5092);
#5090 = CARTESIAN_POINT('',(35.5,33.5,-4.2));
#5091 = DIRECTION('',(-1.,0.,0.));
#5092 = DIRECTION('',(0.,0.,-1.));
#5093 = ORIENTED_EDGE('',*,*,#5094,.T.);
#5094 = EDGE_CURVE('',#5086,#5095,#5097,.T.);
#5095 = VERTEX_POINT('',#5096);
#5096 = CARTESIAN_POINT('',(35.5,33.655325443787,-3.4073835288));
#5097 = CIRCLE('',#5098,0.807692307692);
#5098 = AXIS2_PLACEMENT_3D('',#5099,#5100,#5101);
#5099 = CARTESIAN_POINT('',(35.5,33.5,-4.2));
#5100 = DIRECTION('',(-1.,0.,0.));
#5101 = DIRECTION('',(0.,0.,-1.));
#5102 = ORIENTED_EDGE('',*,*,#5103,.F.);
#5103 = EDGE_CURVE('',#5052,#5095,#5104,.T.);
#5104 = CIRCLE('',#5105,2.1);
#5105 = AXIS2_PLACEMENT_3D('',#5106,#5107,#5108);
#5106 = CARTESIAN_POINT('',(35.5,35.6,-4.2));
#5107 = DIRECTION('',(1.,0.,-0.));
#5108 = DIRECTION('',(0.,0.,1.));
#5109 = PLANE('',#5110);
#5110 = AXIS2_PLACEMENT_3D('',#5111,#5112,#5113);
#5111 = CARTESIAN_POINT('',(35.5,0.,-8.4));
#5112 = DIRECTION('',(1.,0.,0.));
#5113 = DIRECTION('',(0.,0.,1.));
#5114 = ADVANCED_FACE('',(#5115),#5140,.T.);
#5115 = FACE_BOUND('',#5116,.T.);
#5116 = EDGE_LOOP('',(#5117,#5125,#5126,#5134));
#5117 = ORIENTED_EDGE('',*,*,#5118,.F.);
#5118 = EDGE_CURVE('',#1044,#5119,#5121,.T.);
#5119 = VERTEX_POINT('',#5120);
#5120 = CARTESIAN_POINT('',(41.3,131.,-25.));
#5121 = LINE('',#5122,#5123);
#5122 = CARTESIAN_POINT('',(35.8,131.,-25.));
#5123 = VECTOR('',#5124,1.);
#5124 = DIRECTION('',(1.,0.,0.));
#5125 = ORIENTED_EDGE('',*,*,#1043,.T.);
#5126 = ORIENTED_EDGE('',*,*,#5127,.T.);
#5127 = EDGE_CURVE('',#1046,#5128,#5130,.T.);
#5128 = VERTEX_POINT('',#5129);
#5129 = CARTESIAN_POINT('',(41.3,131.,-24.2));
#5130 = LINE('',#5131,#5132);
#5131 = CARTESIAN_POINT('',(39.6,131.,-24.2));
#5132 = VECTOR('',#5133,1.);
#5133 = DIRECTION('',(1.,0.,0.));
#5134 = ORIENTED_EDGE('',*,*,#5135,.F.);
#5135 = EDGE_CURVE('',#5119,#5128,#5136,.T.);
#5136 = LINE('',#5137,#5138);
#5137 = CARTESIAN_POINT('',(41.3,131.,-25.));
#5138 = VECTOR('',#5139,1.);
#5139 = DIRECTION('',(0.,0.,1.));
#5140 = PLANE('',#5141);
#5141 = AXIS2_PLACEMENT_3D('',#5142,#5143,#5144);
#5142 = CARTESIAN_POINT('',(35.8,131.,-25.));
#5143 = DIRECTION('',(0.,1.,0.));
#5144 = DIRECTION('',(0.,0.,1.));
#5145 = ADVANCED_FACE('',(#5146),#5213,.F.);
#5146 = FACE_BOUND('',#5147,.F.);
#5147 = EDGE_LOOP('',(#5148,#5149,#5157,#5166,#5172,#5173,#5174,#5183,
    #5189,#5190,#5198,#5207));
#5148 = ORIENTED_EDGE('',*,*,#1086,.F.);
#5149 = ORIENTED_EDGE('',*,*,#5150,.F.);
#5150 = EDGE_CURVE('',#5151,#1087,#5153,.T.);
#5151 = VERTEX_POINT('',#5152);
#5152 = CARTESIAN_POINT('',(39.6,124.6,-22.6));
#5153 = LINE('',#5154,#5155);
#5154 = CARTESIAN_POINT('',(39.6,124.6,-22.6));
#5155 = VECTOR('',#5156,1.);
#5156 = DIRECTION('',(1.,0.,0.));
#5157 = ORIENTED_EDGE('',*,*,#5158,.T.);
#5158 = EDGE_CURVE('',#5151,#5159,#5161,.T.);
#5159 = VERTEX_POINT('',#5160);
#5160 = CARTESIAN_POINT('',(39.6,131.4,-22.6));
#5161 = CIRCLE('',#5162,3.4);
#5162 = AXIS2_PLACEMENT_3D('',#5163,#5164,#5165);
#5163 = CARTESIAN_POINT('',(39.6,128.,-22.6));
#5164 = DIRECTION('',(1.,0.,-0.));
#5165 = DIRECTION('',(0.,0.,1.));
#5166 = ORIENTED_EDGE('',*,*,#5167,.T.);
#5167 = EDGE_CURVE('',#5159,#1163,#5168,.T.);
#5168 = LINE('',#5169,#5170);
#5169 = CARTESIAN_POINT('',(39.6,131.4,-22.6));
#5170 = VECTOR('',#5171,1.);
#5171 = DIRECTION('',(1.,0.,0.));
#5172 = ORIENTED_EDGE('',*,*,#1170,.F.);
#5173 = ORIENTED_EDGE('',*,*,#5127,.T.);
#5174 = ORIENTED_EDGE('',*,*,#5175,.F.);
#5175 = EDGE_CURVE('',#5176,#5128,#5178,.T.);
#5176 = VERTEX_POINT('',#5177);
#5177 = CARTESIAN_POINT('',(41.3,130.40831891575,-25.));
#5178 = CIRCLE('',#5179,3.4);
#5179 = AXIS2_PLACEMENT_3D('',#5180,#5181,#5182);
#5180 = CARTESIAN_POINT('',(41.3,128.,-22.6));
#5181 = DIRECTION('',(1.,0.,-0.));
#5182 = DIRECTION('',(0.,0.,1.));
#5183 = ORIENTED_EDGE('',*,*,#5184,.F.);
#5184 = EDGE_CURVE('',#1054,#5176,#5185,.T.);
#5185 = LINE('',#5186,#5187);
#5186 = CARTESIAN_POINT('',(39.6,130.40831891575,-25.));
#5187 = VECTOR('',#5188,1.);
#5188 = DIRECTION('',(1.,0.,0.));
#5189 = ORIENTED_EDGE('',*,*,#1061,.F.);
#5190 = ORIENTED_EDGE('',*,*,#5191,.T.);
#5191 = EDGE_CURVE('',#1062,#5192,#5194,.T.);
#5192 = VERTEX_POINT('',#5193);
#5193 = CARTESIAN_POINT('',(41.3,125.59168108424,-25.));
#5194 = LINE('',#5195,#5196);
#5195 = CARTESIAN_POINT('',(39.6,125.59168108424,-25.));
#5196 = VECTOR('',#5197,1.);
#5197 = DIRECTION('',(1.,0.,0.));
#5198 = ORIENTED_EDGE('',*,*,#5199,.F.);
#5199 = EDGE_CURVE('',#5200,#5192,#5202,.T.);
#5200 = VERTEX_POINT('',#5201);
#5201 = CARTESIAN_POINT('',(41.3,125.,-24.2));
#5202 = CIRCLE('',#5203,3.4);
#5203 = AXIS2_PLACEMENT_3D('',#5204,#5205,#5206);
#5204 = CARTESIAN_POINT('',(41.3,128.,-22.6));
#5205 = DIRECTION('',(1.,0.,-0.));
#5206 = DIRECTION('',(0.,0.,1.));
#5207 = ORIENTED_EDGE('',*,*,#5208,.F.);
#5208 = EDGE_CURVE('',#1079,#5200,#5209,.T.);
#5209 = LINE('',#5210,#5211);
#5210 = CARTESIAN_POINT('',(39.6,125.,-24.2));
#5211 = VECTOR('',#5212,1.);
#5212 = DIRECTION('',(1.,0.,0.));
#5213 = CYLINDRICAL_SURFACE('',#5214,3.4);
#5214 = AXIS2_PLACEMENT_3D('',#5215,#5216,#5217);
#5215 = CARTESIAN_POINT('',(39.6,128.,-22.6));
#5216 = DIRECTION('',(1.,0.,0.));
#5217 = DIRECTION('',(0.,0.,1.));
#5218 = ADVANCED_FACE('',(#5219),#5237,.F.);
#5219 = FACE_BOUND('',#5220,.F.);
#5220 = EDGE_LOOP('',(#5221,#5222,#5230,#5236));
#5221 = ORIENTED_EDGE('',*,*,#5167,.F.);
#5222 = ORIENTED_EDGE('',*,*,#5223,.T.);
#5223 = EDGE_CURVE('',#5159,#5224,#5226,.T.);
#5224 = VERTEX_POINT('',#5225);
#5225 = CARTESIAN_POINT('',(39.6,131.4,-19.4));
#5226 = LINE('',#5227,#5228);
#5227 = CARTESIAN_POINT('',(39.6,131.4,-22.6));
#5228 = VECTOR('',#5229,1.);
#5229 = DIRECTION('',(0.,0.,1.));
#5230 = ORIENTED_EDGE('',*,*,#5231,.T.);
#5231 = EDGE_CURVE('',#5224,#1154,#5232,.T.);
#5232 = LINE('',#5233,#5234);
#5233 = CARTESIAN_POINT('',(39.6,131.4,-19.4));
#5234 = VECTOR('',#5235,1.);
#5235 = DIRECTION('',(1.,0.,0.));
#5236 = ORIENTED_EDGE('',*,*,#1162,.F.);
#5237 = PLANE('',#5238);
#5238 = AXIS2_PLACEMENT_3D('',#5239,#5240,#5241);
#5239 = CARTESIAN_POINT('',(39.6,131.4,-22.6));
#5240 = DIRECTION('',(0.,1.,0.));
#5241 = DIRECTION('',(0.,0.,1.));
#5242 = ADVANCED_FACE('',(#5243),#5319,.F.);
#5243 = FACE_BOUND('',#5244,.F.);
#5244 = EDGE_LOOP('',(#5245,#5254,#5263,#5269,#5270,#5278,#5287,#5293,
    #5294,#5302,#5311,#5317,#5318));
#5245 = ORIENTED_EDGE('',*,*,#5246,.T.);
#5246 = EDGE_CURVE('',#5224,#5247,#5249,.T.);
#5247 = VERTEX_POINT('',#5248);
#5248 = CARTESIAN_POINT('',(39.6,128.,-16.));
#5249 = CIRCLE('',#5250,3.4);
#5250 = AXIS2_PLACEMENT_3D('',#5251,#5252,#5253);
#5251 = CARTESIAN_POINT('',(39.6,128.,-19.4));
#5252 = DIRECTION('',(1.,0.,-0.));
#5253 = DIRECTION('',(0.,0.,1.));
#5254 = ORIENTED_EDGE('',*,*,#5255,.T.);
#5255 = EDGE_CURVE('',#5247,#5256,#5258,.T.);
#5256 = VERTEX_POINT('',#5257);
#5257 = CARTESIAN_POINT('',(39.6,124.6,-19.4));
#5258 = CIRCLE('',#5259,3.4);
#5259 = AXIS2_PLACEMENT_3D('',#5260,#5261,#5262);
#5260 = CARTESIAN_POINT('',(39.6,128.,-19.4));
#5261 = DIRECTION('',(1.,0.,-0.));
#5262 = DIRECTION('',(0.,0.,1.));
#5263 = ORIENTED_EDGE('',*,*,#5264,.T.);
#5264 = EDGE_CURVE('',#5256,#1096,#5265,.T.);
#5265 = LINE('',#5266,#5267);
#5266 = CARTESIAN_POINT('',(39.6,124.6,-19.4));
#5267 = VECTOR('',#5268,1.);
#5268 = DIRECTION('',(1.,0.,0.));
#5269 = ORIENTED_EDGE('',*,*,#1103,.F.);
#5270 = ORIENTED_EDGE('',*,*,#5271,.T.);
#5271 = EDGE_CURVE('',#1104,#5272,#5274,.T.);
#5272 = VERTEX_POINT('',#5273);
#5273 = CARTESIAN_POINT('',(41.3,125.,-17.8));
#5274 = LINE('',#5275,#5276);
#5275 = CARTESIAN_POINT('',(39.6,125.,-17.8));
#5276 = VECTOR('',#5277,1.);
#5277 = DIRECTION('',(1.,0.,0.));
#5278 = ORIENTED_EDGE('',*,*,#5279,.F.);
#5279 = EDGE_CURVE('',#5280,#5272,#5282,.T.);
#5280 = VERTEX_POINT('',#5281);
#5281 = CARTESIAN_POINT('',(41.3,125.59168108424,-17.));
#5282 = CIRCLE('',#5283,3.4);
#5283 = AXIS2_PLACEMENT_3D('',#5284,#5285,#5286);
#5284 = CARTESIAN_POINT('',(41.3,128.,-19.4));
#5285 = DIRECTION('',(1.,0.,-0.));
#5286 = DIRECTION('',(0.,0.,1.));
#5287 = ORIENTED_EDGE('',*,*,#5288,.F.);
#5288 = EDGE_CURVE('',#1121,#5280,#5289,.T.);
#5289 = LINE('',#5290,#5291);
#5290 = CARTESIAN_POINT('',(39.6,125.59168108424,-17.));
#5291 = VECTOR('',#5292,1.);
#5292 = DIRECTION('',(1.,0.,0.));
#5293 = ORIENTED_EDGE('',*,*,#1128,.F.);
#5294 = ORIENTED_EDGE('',*,*,#5295,.T.);
#5295 = EDGE_CURVE('',#1129,#5296,#5298,.T.);
#5296 = VERTEX_POINT('',#5297);
#5297 = CARTESIAN_POINT('',(41.3,130.40831891575,-17.));
#5298 = LINE('',#5299,#5300);
#5299 = CARTESIAN_POINT('',(39.6,130.40831891575,-17.));
#5300 = VECTOR('',#5301,1.);
#5301 = DIRECTION('',(1.,0.,0.));
#5302 = ORIENTED_EDGE('',*,*,#5303,.F.);
#5303 = EDGE_CURVE('',#5304,#5296,#5306,.T.);
#5304 = VERTEX_POINT('',#5305);
#5305 = CARTESIAN_POINT('',(41.3,131.,-17.8));
#5306 = CIRCLE('',#5307,3.4);
#5307 = AXIS2_PLACEMENT_3D('',#5308,#5309,#5310);
#5308 = CARTESIAN_POINT('',(41.3,128.,-19.4));
#5309 = DIRECTION('',(1.,0.,-0.));
#5310 = DIRECTION('',(0.,0.,1.));
#5311 = ORIENTED_EDGE('',*,*,#5312,.F.);
#5312 = EDGE_CURVE('',#1146,#5304,#5313,.T.);
#5313 = LINE('',#5314,#5315);
#5314 = CARTESIAN_POINT('',(39.6,131.,-17.8));
#5315 = VECTOR('',#5316,1.);
#5316 = DIRECTION('',(1.,0.,0.));
#5317 = ORIENTED_EDGE('',*,*,#1153,.F.);
#5318 = ORIENTED_EDGE('',*,*,#5231,.F.);
#5319 = CYLINDRICAL_SURFACE('',#5320,3.4);
#5320 = AXIS2_PLACEMENT_3D('',#5321,#5322,#5323);
#5321 = CARTESIAN_POINT('',(39.6,128.,-19.4));
#5322 = DIRECTION('',(1.,0.,0.));
#5323 = DIRECTION('',(0.,0.,1.));
#5324 = ADVANCED_FACE('',(#5325),#5343,.T.);
#5325 = FACE_BOUND('',#5326,.T.);
#5326 = EDGE_LOOP('',(#5327,#5328,#5329,#5337));
#5327 = ORIENTED_EDGE('',*,*,#5312,.F.);
#5328 = ORIENTED_EDGE('',*,*,#1145,.T.);
#5329 = ORIENTED_EDGE('',*,*,#5330,.T.);
#5330 = EDGE_CURVE('',#1138,#5331,#5333,.T.);
#5331 = VERTEX_POINT('',#5332);
#5332 = CARTESIAN_POINT('',(41.3,131.,-17.));
#5333 = LINE('',#5334,#5335);
#5334 = CARTESIAN_POINT('',(35.8,131.,-17.));
#5335 = VECTOR('',#5336,1.);
#5336 = DIRECTION('',(1.,0.,0.));
#5337 = ORIENTED_EDGE('',*,*,#5338,.F.);
#5338 = EDGE_CURVE('',#5304,#5331,#5339,.T.);
#5339 = LINE('',#5340,#5341);
#5340 = CARTESIAN_POINT('',(41.3,131.,-25.));
#5341 = VECTOR('',#5342,1.);
#5342 = DIRECTION('',(0.,0.,1.));
#5343 = PLANE('',#5344);
#5344 = AXIS2_PLACEMENT_3D('',#5345,#5346,#5347);
#5345 = CARTESIAN_POINT('',(35.8,131.,-25.));
#5346 = DIRECTION('',(0.,1.,0.));
#5347 = DIRECTION('',(0.,0.,1.));
#5348 = ADVANCED_FACE('',(#5349),#5360,.T.);
#5349 = FACE_BOUND('',#5350,.T.);
#5350 = EDGE_LOOP('',(#5351,#5352,#5353,#5354));
#5351 = ORIENTED_EDGE('',*,*,#5330,.F.);
#5352 = ORIENTED_EDGE('',*,*,#1137,.T.);
#5353 = ORIENTED_EDGE('',*,*,#5295,.T.);
#5354 = ORIENTED_EDGE('',*,*,#5355,.T.);
#5355 = EDGE_CURVE('',#5296,#5331,#5356,.T.);
#5356 = LINE('',#5357,#5358);
#5357 = CARTESIAN_POINT('',(41.3,125.,-17.));
#5358 = VECTOR('',#5359,1.);
#5359 = DIRECTION('',(0.,1.,0.));
#5360 = PLANE('',#5361);
#5361 = AXIS2_PLACEMENT_3D('',#5362,#5363,#5364);
#5362 = CARTESIAN_POINT('',(35.8,125.,-17.));
#5363 = DIRECTION('',(0.,0.,1.));
#5364 = DIRECTION('',(1.,0.,0.));
#5365 = ADVANCED_FACE('',(#5366),#5384,.T.);
#5366 = FACE_BOUND('',#5367,.T.);
#5367 = EDGE_LOOP('',(#5368,#5369,#5370,#5378));
#5368 = ORIENTED_EDGE('',*,*,#5288,.F.);
#5369 = ORIENTED_EDGE('',*,*,#1120,.T.);
#5370 = ORIENTED_EDGE('',*,*,#5371,.T.);
#5371 = EDGE_CURVE('',#1113,#5372,#5374,.T.);
#5372 = VERTEX_POINT('',#5373);
#5373 = CARTESIAN_POINT('',(41.3,125.,-17.));
#5374 = LINE('',#5375,#5376);
#5375 = CARTESIAN_POINT('',(35.8,125.,-17.));
#5376 = VECTOR('',#5377,1.);
#5377 = DIRECTION('',(1.,0.,0.));
#5378 = ORIENTED_EDGE('',*,*,#5379,.T.);
#5379 = EDGE_CURVE('',#5372,#5280,#5380,.T.);
#5380 = LINE('',#5381,#5382);
#5381 = CARTESIAN_POINT('',(41.3,125.,-17.));
#5382 = VECTOR('',#5383,1.);
#5383 = DIRECTION('',(0.,1.,0.));
#5384 = PLANE('',#5385);
#5385 = AXIS2_PLACEMENT_3D('',#5386,#5387,#5388);
#5386 = CARTESIAN_POINT('',(35.8,125.,-17.));
#5387 = DIRECTION('',(0.,0.,1.));
#5388 = DIRECTION('',(1.,0.,0.));
#5389 = ADVANCED_FACE('',(#5390),#5401,.F.);
#5390 = FACE_BOUND('',#5391,.F.);
#5391 = EDGE_LOOP('',(#5392,#5393,#5394,#5395));
#5392 = ORIENTED_EDGE('',*,*,#5271,.F.);
#5393 = ORIENTED_EDGE('',*,*,#1112,.T.);
#5394 = ORIENTED_EDGE('',*,*,#5371,.T.);
#5395 = ORIENTED_EDGE('',*,*,#5396,.F.);
#5396 = EDGE_CURVE('',#5272,#5372,#5397,.T.);
#5397 = LINE('',#5398,#5399);
#5398 = CARTESIAN_POINT('',(41.3,125.,-25.));
#5399 = VECTOR('',#5400,1.);
#5400 = DIRECTION('',(0.,0.,1.));
#5401 = PLANE('',#5402);
#5402 = AXIS2_PLACEMENT_3D('',#5403,#5404,#5405);
#5403 = CARTESIAN_POINT('',(35.8,125.,-25.));
#5404 = DIRECTION('',(0.,1.,0.));
#5405 = DIRECTION('',(0.,0.,1.));
#5406 = ADVANCED_FACE('',(#5407),#5418,.T.);
#5407 = FACE_BOUND('',#5408,.T.);
#5408 = EDGE_LOOP('',(#5409,#5410,#5416,#5417));
#5409 = ORIENTED_EDGE('',*,*,#5150,.F.);
#5410 = ORIENTED_EDGE('',*,*,#5411,.T.);
#5411 = EDGE_CURVE('',#5151,#5256,#5412,.T.);
#5412 = LINE('',#5413,#5414);
#5413 = CARTESIAN_POINT('',(39.6,124.6,-22.6));
#5414 = VECTOR('',#5415,1.);
#5415 = DIRECTION('',(0.,0.,1.));
#5416 = ORIENTED_EDGE('',*,*,#5264,.T.);
#5417 = ORIENTED_EDGE('',*,*,#1095,.F.);
#5418 = PLANE('',#5419);
#5419 = AXIS2_PLACEMENT_3D('',#5420,#5421,#5422);
#5420 = CARTESIAN_POINT('',(39.6,124.6,-22.6));
#5421 = DIRECTION('',(0.,1.,0.));
#5422 = DIRECTION('',(0.,0.,1.));
#5423 = ADVANCED_FACE('',(#5424),#5442,.F.);
#5424 = FACE_BOUND('',#5425,.F.);
#5425 = EDGE_LOOP('',(#5426,#5434,#5435,#5436));
#5426 = ORIENTED_EDGE('',*,*,#5427,.F.);
#5427 = EDGE_CURVE('',#1071,#5428,#5430,.T.);
#5428 = VERTEX_POINT('',#5429);
#5429 = CARTESIAN_POINT('',(41.3,125.,-25.));
#5430 = LINE('',#5431,#5432);
#5431 = CARTESIAN_POINT('',(35.8,125.,-25.));
#5432 = VECTOR('',#5433,1.);
#5433 = DIRECTION('',(1.,0.,0.));
#5434 = ORIENTED_EDGE('',*,*,#1078,.T.);
#5435 = ORIENTED_EDGE('',*,*,#5208,.T.);
#5436 = ORIENTED_EDGE('',*,*,#5437,.F.);
#5437 = EDGE_CURVE('',#5428,#5200,#5438,.T.);
#5438 = LINE('',#5439,#5440);
#5439 = CARTESIAN_POINT('',(41.3,125.,-25.));
#5440 = VECTOR('',#5441,1.);
#5441 = DIRECTION('',(0.,0.,1.));
#5442 = PLANE('',#5443);
#5443 = AXIS2_PLACEMENT_3D('',#5444,#5445,#5446);
#5444 = CARTESIAN_POINT('',(35.8,125.,-25.));
#5445 = DIRECTION('',(0.,1.,0.));
#5446 = DIRECTION('',(0.,0.,1.));
#5447 = ADVANCED_FACE('',(#5448),#5459,.F.);
#5448 = FACE_BOUND('',#5449,.F.);
#5449 = EDGE_LOOP('',(#5450,#5451,#5452,#5453));
#5450 = ORIENTED_EDGE('',*,*,#5191,.F.);
#5451 = ORIENTED_EDGE('',*,*,#1070,.T.);
#5452 = ORIENTED_EDGE('',*,*,#5427,.T.);
#5453 = ORIENTED_EDGE('',*,*,#5454,.T.);
#5454 = EDGE_CURVE('',#5428,#5192,#5455,.T.);
#5455 = LINE('',#5456,#5457);
#5456 = CARTESIAN_POINT('',(41.3,125.,-25.));
#5457 = VECTOR('',#5458,1.);
#5458 = DIRECTION('',(0.,1.,0.));
#5459 = PLANE('',#5460);
#5460 = AXIS2_PLACEMENT_3D('',#5461,#5462,#5463);
#5461 = CARTESIAN_POINT('',(35.8,125.,-25.));
#5462 = DIRECTION('',(0.,0.,1.));
#5463 = DIRECTION('',(1.,0.,0.));
#5464 = ADVANCED_FACE('',(#5465),#5476,.F.);
#5465 = FACE_BOUND('',#5466,.F.);
#5466 = EDGE_LOOP('',(#5467,#5468,#5469,#5470));
#5467 = ORIENTED_EDGE('',*,*,#5118,.F.);
#5468 = ORIENTED_EDGE('',*,*,#1053,.T.);
#5469 = ORIENTED_EDGE('',*,*,#5184,.T.);
#5470 = ORIENTED_EDGE('',*,*,#5471,.T.);
#5471 = EDGE_CURVE('',#5176,#5119,#5472,.T.);
#5472 = LINE('',#5473,#5474);
#5473 = CARTESIAN_POINT('',(41.3,125.,-25.));
#5474 = VECTOR('',#5475,1.);
#5475 = DIRECTION('',(0.,1.,0.));
#5476 = PLANE('',#5477);
#5477 = AXIS2_PLACEMENT_3D('',#5478,#5479,#5480);
#5478 = CARTESIAN_POINT('',(35.8,125.,-25.));
#5479 = DIRECTION('',(0.,0.,1.));
#5480 = DIRECTION('',(1.,0.,0.));
#5481 = ADVANCED_FACE('',(#5482),#5507,.T.);
#5482 = FACE_BOUND('',#5483,.T.);
#5483 = EDGE_LOOP('',(#5484,#5492,#5493,#5501));
#5484 = ORIENTED_EDGE('',*,*,#5485,.F.);
#5485 = EDGE_CURVE('',#1180,#5486,#5488,.T.);
#5486 = VERTEX_POINT('',#5487);
#5487 = CARTESIAN_POINT('',(41.3,119.,-25.));
#5488 = LINE('',#5489,#5490);
#5489 = CARTESIAN_POINT('',(35.8,119.,-25.));
#5490 = VECTOR('',#5491,1.);
#5491 = DIRECTION('',(1.,0.,0.));
#5492 = ORIENTED_EDGE('',*,*,#1179,.T.);
#5493 = ORIENTED_EDGE('',*,*,#5494,.T.);
#5494 = EDGE_CURVE('',#1182,#5495,#5497,.T.);
#5495 = VERTEX_POINT('',#5496);
#5496 = CARTESIAN_POINT('',(41.3,119.,-24.2));
#5497 = LINE('',#5498,#5499);
#5498 = CARTESIAN_POINT('',(39.6,119.,-24.2));
#5499 = VECTOR('',#5500,1.);
#5500 = DIRECTION('',(1.,0.,0.));
#5501 = ORIENTED_EDGE('',*,*,#5502,.F.);
#5502 = EDGE_CURVE('',#5486,#5495,#5503,.T.);
#5503 = LINE('',#5504,#5505);
#5504 = CARTESIAN_POINT('',(41.3,119.,-25.));
#5505 = VECTOR('',#5506,1.);
#5506 = DIRECTION('',(0.,0.,1.));
#5507 = PLANE('',#5508);
#5508 = AXIS2_PLACEMENT_3D('',#5509,#5510,#5511);
#5509 = CARTESIAN_POINT('',(35.8,119.,-25.));
#5510 = DIRECTION('',(0.,1.,0.));
#5511 = DIRECTION('',(0.,0.,1.));
#5512 = ADVANCED_FACE('',(#5513),#5580,.F.);
#5513 = FACE_BOUND('',#5514,.F.);
#5514 = EDGE_LOOP('',(#5515,#5516,#5524,#5533,#5539,#5540,#5541,#5550,
    #5556,#5557,#5565,#5574));
#5515 = ORIENTED_EDGE('',*,*,#1222,.F.);
#5516 = ORIENTED_EDGE('',*,*,#5517,.F.);
#5517 = EDGE_CURVE('',#5518,#1223,#5520,.T.);
#5518 = VERTEX_POINT('',#5519);
#5519 = CARTESIAN_POINT('',(39.6,112.6,-22.6));
#5520 = LINE('',#5521,#5522);
#5521 = CARTESIAN_POINT('',(39.6,112.6,-22.6));
#5522 = VECTOR('',#5523,1.);
#5523 = DIRECTION('',(1.,0.,0.));
#5524 = ORIENTED_EDGE('',*,*,#5525,.T.);
#5525 = EDGE_CURVE('',#5518,#5526,#5528,.T.);
#5526 = VERTEX_POINT('',#5527);
#5527 = CARTESIAN_POINT('',(39.6,119.4,-22.6));
#5528 = CIRCLE('',#5529,3.4);
#5529 = AXIS2_PLACEMENT_3D('',#5530,#5531,#5532);
#5530 = CARTESIAN_POINT('',(39.6,116.,-22.6));
#5531 = DIRECTION('',(1.,0.,-0.));
#5532 = DIRECTION('',(0.,0.,1.));
#5533 = ORIENTED_EDGE('',*,*,#5534,.T.);
#5534 = EDGE_CURVE('',#5526,#1299,#5535,.T.);
#5535 = LINE('',#5536,#5537);
#5536 = CARTESIAN_POINT('',(39.6,119.4,-22.6));
#5537 = VECTOR('',#5538,1.);
#5538 = DIRECTION('',(1.,0.,0.));
#5539 = ORIENTED_EDGE('',*,*,#1306,.F.);
#5540 = ORIENTED_EDGE('',*,*,#5494,.T.);
#5541 = ORIENTED_EDGE('',*,*,#5542,.F.);
#5542 = EDGE_CURVE('',#5543,#5495,#5545,.T.);
#5543 = VERTEX_POINT('',#5544);
#5544 = CARTESIAN_POINT('',(41.3,118.40831891575,-25.));
#5545 = CIRCLE('',#5546,3.4);
#5546 = AXIS2_PLACEMENT_3D('',#5547,#5548,#5549);
#5547 = CARTESIAN_POINT('',(41.3,116.,-22.6));
#5548 = DIRECTION('',(1.,0.,-0.));
#5549 = DIRECTION('',(0.,0.,1.));
#5550 = ORIENTED_EDGE('',*,*,#5551,.F.);
#5551 = EDGE_CURVE('',#1190,#5543,#5552,.T.);
#5552 = LINE('',#5553,#5554);
#5553 = CARTESIAN_POINT('',(39.6,118.40831891575,-25.));
#5554 = VECTOR('',#5555,1.);
#5555 = DIRECTION('',(1.,0.,0.));
#5556 = ORIENTED_EDGE('',*,*,#1197,.F.);
#5557 = ORIENTED_EDGE('',*,*,#5558,.T.);
#5558 = EDGE_CURVE('',#1198,#5559,#5561,.T.);
#5559 = VERTEX_POINT('',#5560);
#5560 = CARTESIAN_POINT('',(41.3,113.59168108424,-25.));
#5561 = LINE('',#5562,#5563);
#5562 = CARTESIAN_POINT('',(39.6,113.59168108424,-25.));
#5563 = VECTOR('',#5564,1.);
#5564 = DIRECTION('',(1.,0.,0.));
#5565 = ORIENTED_EDGE('',*,*,#5566,.F.);
#5566 = EDGE_CURVE('',#5567,#5559,#5569,.T.);
#5567 = VERTEX_POINT('',#5568);
#5568 = CARTESIAN_POINT('',(41.3,113.,-24.2));
#5569 = CIRCLE('',#5570,3.4);
#5570 = AXIS2_PLACEMENT_3D('',#5571,#5572,#5573);
#5571 = CARTESIAN_POINT('',(41.3,116.,-22.6));
#5572 = DIRECTION('',(1.,0.,-0.));
#5573 = DIRECTION('',(0.,0.,1.));
#5574 = ORIENTED_EDGE('',*,*,#5575,.F.);
#5575 = EDGE_CURVE('',#1215,#5567,#5576,.T.);
#5576 = LINE('',#5577,#5578);
#5577 = CARTESIAN_POINT('',(39.6,113.,-24.2));
#5578 = VECTOR('',#5579,1.);
#5579 = DIRECTION('',(1.,0.,0.));
#5580 = CYLINDRICAL_SURFACE('',#5581,3.4);
#5581 = AXIS2_PLACEMENT_3D('',#5582,#5583,#5584);
#5582 = CARTESIAN_POINT('',(39.6,116.,-22.6));
#5583 = DIRECTION('',(1.,0.,0.));
#5584 = DIRECTION('',(0.,0.,1.));
#5585 = ADVANCED_FACE('',(#5586),#5604,.F.);
#5586 = FACE_BOUND('',#5587,.F.);
#5587 = EDGE_LOOP('',(#5588,#5589,#5597,#5603));
#5588 = ORIENTED_EDGE('',*,*,#5534,.F.);
#5589 = ORIENTED_EDGE('',*,*,#5590,.T.);
#5590 = EDGE_CURVE('',#5526,#5591,#5593,.T.);
#5591 = VERTEX_POINT('',#5592);
#5592 = CARTESIAN_POINT('',(39.6,119.4,-19.4));
#5593 = LINE('',#5594,#5595);
#5594 = CARTESIAN_POINT('',(39.6,119.4,-22.6));
#5595 = VECTOR('',#5596,1.);
#5596 = DIRECTION('',(0.,0.,1.));
#5597 = ORIENTED_EDGE('',*,*,#5598,.T.);
#5598 = EDGE_CURVE('',#5591,#1290,#5599,.T.);
#5599 = LINE('',#5600,#5601);
#5600 = CARTESIAN_POINT('',(39.6,119.4,-19.4));
#5601 = VECTOR('',#5602,1.);
#5602 = DIRECTION('',(1.,0.,0.));
#5603 = ORIENTED_EDGE('',*,*,#1298,.F.);
#5604 = PLANE('',#5605);
#5605 = AXIS2_PLACEMENT_3D('',#5606,#5607,#5608);
#5606 = CARTESIAN_POINT('',(39.6,119.4,-22.6));
#5607 = DIRECTION('',(0.,1.,0.));
#5608 = DIRECTION('',(0.,0.,1.));
#5609 = ADVANCED_FACE('',(#5610),#5686,.F.);
#5610 = FACE_BOUND('',#5611,.F.);
#5611 = EDGE_LOOP('',(#5612,#5621,#5630,#5636,#5637,#5645,#5654,#5660,
    #5661,#5669,#5678,#5684,#5685));
#5612 = ORIENTED_EDGE('',*,*,#5613,.T.);
#5613 = EDGE_CURVE('',#5591,#5614,#5616,.T.);
#5614 = VERTEX_POINT('',#5615);
#5615 = CARTESIAN_POINT('',(39.6,116.,-16.));
#5616 = CIRCLE('',#5617,3.4);
#5617 = AXIS2_PLACEMENT_3D('',#5618,#5619,#5620);
#5618 = CARTESIAN_POINT('',(39.6,116.,-19.4));
#5619 = DIRECTION('',(1.,0.,-0.));
#5620 = DIRECTION('',(0.,0.,1.));
#5621 = ORIENTED_EDGE('',*,*,#5622,.T.);
#5622 = EDGE_CURVE('',#5614,#5623,#5625,.T.);
#5623 = VERTEX_POINT('',#5624);
#5624 = CARTESIAN_POINT('',(39.6,112.6,-19.4));
#5625 = CIRCLE('',#5626,3.4);
#5626 = AXIS2_PLACEMENT_3D('',#5627,#5628,#5629);
#5627 = CARTESIAN_POINT('',(39.6,116.,-19.4));
#5628 = DIRECTION('',(1.,0.,-0.));
#5629 = DIRECTION('',(0.,0.,1.));
#5630 = ORIENTED_EDGE('',*,*,#5631,.T.);
#5631 = EDGE_CURVE('',#5623,#1232,#5632,.T.);
#5632 = LINE('',#5633,#5634);
#5633 = CARTESIAN_POINT('',(39.6,112.6,-19.4));
#5634 = VECTOR('',#5635,1.);
#5635 = DIRECTION('',(1.,0.,0.));
#5636 = ORIENTED_EDGE('',*,*,#1239,.F.);
#5637 = ORIENTED_EDGE('',*,*,#5638,.T.);
#5638 = EDGE_CURVE('',#1240,#5639,#5641,.T.);
#5639 = VERTEX_POINT('',#5640);
#5640 = CARTESIAN_POINT('',(41.3,113.,-17.8));
#5641 = LINE('',#5642,#5643);
#5642 = CARTESIAN_POINT('',(39.6,113.,-17.8));
#5643 = VECTOR('',#5644,1.);
#5644 = DIRECTION('',(1.,0.,0.));
#5645 = ORIENTED_EDGE('',*,*,#5646,.F.);
#5646 = EDGE_CURVE('',#5647,#5639,#5649,.T.);
#5647 = VERTEX_POINT('',#5648);
#5648 = CARTESIAN_POINT('',(41.3,113.59168108424,-17.));
#5649 = CIRCLE('',#5650,3.4);
#5650 = AXIS2_PLACEMENT_3D('',#5651,#5652,#5653);
#5651 = CARTESIAN_POINT('',(41.3,116.,-19.4));
#5652 = DIRECTION('',(1.,0.,-0.));
#5653 = DIRECTION('',(0.,0.,1.));
#5654 = ORIENTED_EDGE('',*,*,#5655,.F.);
#5655 = EDGE_CURVE('',#1257,#5647,#5656,.T.);
#5656 = LINE('',#5657,#5658);
#5657 = CARTESIAN_POINT('',(39.6,113.59168108424,-17.));
#5658 = VECTOR('',#5659,1.);
#5659 = DIRECTION('',(1.,0.,0.));
#5660 = ORIENTED_EDGE('',*,*,#1264,.F.);
#5661 = ORIENTED_EDGE('',*,*,#5662,.T.);
#5662 = EDGE_CURVE('',#1265,#5663,#5665,.T.);
#5663 = VERTEX_POINT('',#5664);
#5664 = CARTESIAN_POINT('',(41.3,118.40831891575,-17.));
#5665 = LINE('',#5666,#5667);
#5666 = CARTESIAN_POINT('',(39.6,118.40831891575,-17.));
#5667 = VECTOR('',#5668,1.);
#5668 = DIRECTION('',(1.,0.,0.));
#5669 = ORIENTED_EDGE('',*,*,#5670,.F.);
#5670 = EDGE_CURVE('',#5671,#5663,#5673,.T.);
#5671 = VERTEX_POINT('',#5672);
#5672 = CARTESIAN_POINT('',(41.3,119.,-17.8));
#5673 = CIRCLE('',#5674,3.4);
#5674 = AXIS2_PLACEMENT_3D('',#5675,#5676,#5677);
#5675 = CARTESIAN_POINT('',(41.3,116.,-19.4));
#5676 = DIRECTION('',(1.,0.,-0.));
#5677 = DIRECTION('',(0.,0.,1.));
#5678 = ORIENTED_EDGE('',*,*,#5679,.F.);
#5679 = EDGE_CURVE('',#1282,#5671,#5680,.T.);
#5680 = LINE('',#5681,#5682);
#5681 = CARTESIAN_POINT('',(39.6,119.,-17.8));
#5682 = VECTOR('',#5683,1.);
#5683 = DIRECTION('',(1.,0.,0.));
#5684 = ORIENTED_EDGE('',*,*,#1289,.F.);
#5685 = ORIENTED_EDGE('',*,*,#5598,.F.);
#5686 = CYLINDRICAL_SURFACE('',#5687,3.4);
#5687 = AXIS2_PLACEMENT_3D('',#5688,#5689,#5690);
#5688 = CARTESIAN_POINT('',(39.6,116.,-19.4));
#5689 = DIRECTION('',(1.,0.,0.));
#5690 = DIRECTION('',(0.,0.,1.));
#5691 = ADVANCED_FACE('',(#5692),#5710,.T.);
#5692 = FACE_BOUND('',#5693,.T.);
#5693 = EDGE_LOOP('',(#5694,#5695,#5696,#5704));
#5694 = ORIENTED_EDGE('',*,*,#5679,.F.);
#5695 = ORIENTED_EDGE('',*,*,#1281,.T.);
#5696 = ORIENTED_EDGE('',*,*,#5697,.T.);
#5697 = EDGE_CURVE('',#1274,#5698,#5700,.T.);
#5698 = VERTEX_POINT('',#5699);
#5699 = CARTESIAN_POINT('',(41.3,119.,-17.));
#5700 = LINE('',#5701,#5702);
#5701 = CARTESIAN_POINT('',(35.8,119.,-17.));
#5702 = VECTOR('',#5703,1.);
#5703 = DIRECTION('',(1.,0.,0.));
#5704 = ORIENTED_EDGE('',*,*,#5705,.F.);
#5705 = EDGE_CURVE('',#5671,#5698,#5706,.T.);
#5706 = LINE('',#5707,#5708);
#5707 = CARTESIAN_POINT('',(41.3,119.,-25.));
#5708 = VECTOR('',#5709,1.);
#5709 = DIRECTION('',(0.,0.,1.));
#5710 = PLANE('',#5711);
#5711 = AXIS2_PLACEMENT_3D('',#5712,#5713,#5714);
#5712 = CARTESIAN_POINT('',(35.8,119.,-25.));
#5713 = DIRECTION('',(0.,1.,0.));
#5714 = DIRECTION('',(0.,0.,1.));
#5715 = ADVANCED_FACE('',(#5716),#5727,.T.);
#5716 = FACE_BOUND('',#5717,.T.);
#5717 = EDGE_LOOP('',(#5718,#5719,#5720,#5721));
#5718 = ORIENTED_EDGE('',*,*,#5697,.F.);
#5719 = ORIENTED_EDGE('',*,*,#1273,.T.);
#5720 = ORIENTED_EDGE('',*,*,#5662,.T.);
#5721 = ORIENTED_EDGE('',*,*,#5722,.T.);
#5722 = EDGE_CURVE('',#5663,#5698,#5723,.T.);
#5723 = LINE('',#5724,#5725);
#5724 = CARTESIAN_POINT('',(41.3,113.,-17.));
#5725 = VECTOR('',#5726,1.);
#5726 = DIRECTION('',(0.,1.,0.));
#5727 = PLANE('',#5728);
#5728 = AXIS2_PLACEMENT_3D('',#5729,#5730,#5731);
#5729 = CARTESIAN_POINT('',(35.8,113.,-17.));
#5730 = DIRECTION('',(0.,0.,1.));
#5731 = DIRECTION('',(1.,0.,0.));
#5732 = ADVANCED_FACE('',(#5733),#5751,.T.);
#5733 = FACE_BOUND('',#5734,.T.);
#5734 = EDGE_LOOP('',(#5735,#5736,#5737,#5745));
#5735 = ORIENTED_EDGE('',*,*,#5655,.F.);
#5736 = ORIENTED_EDGE('',*,*,#1256,.T.);
#5737 = ORIENTED_EDGE('',*,*,#5738,.T.);
#5738 = EDGE_CURVE('',#1249,#5739,#5741,.T.);
#5739 = VERTEX_POINT('',#5740);
#5740 = CARTESIAN_POINT('',(41.3,113.,-17.));
#5741 = LINE('',#5742,#5743);
#5742 = CARTESIAN_POINT('',(35.8,113.,-17.));
#5743 = VECTOR('',#5744,1.);
#5744 = DIRECTION('',(1.,0.,0.));
#5745 = ORIENTED_EDGE('',*,*,#5746,.T.);
#5746 = EDGE_CURVE('',#5739,#5647,#5747,.T.);
#5747 = LINE('',#5748,#5749);
#5748 = CARTESIAN_POINT('',(41.3,113.,-17.));
#5749 = VECTOR('',#5750,1.);
#5750 = DIRECTION('',(0.,1.,0.));
#5751 = PLANE('',#5752);
#5752 = AXIS2_PLACEMENT_3D('',#5753,#5754,#5755);
#5753 = CARTESIAN_POINT('',(35.8,113.,-17.));
#5754 = DIRECTION('',(0.,0.,1.));
#5755 = DIRECTION('',(1.,0.,0.));
#5756 = ADVANCED_FACE('',(#5757),#5768,.F.);
#5757 = FACE_BOUND('',#5758,.F.);
#5758 = EDGE_LOOP('',(#5759,#5760,#5761,#5762));
#5759 = ORIENTED_EDGE('',*,*,#5638,.F.);
#5760 = ORIENTED_EDGE('',*,*,#1248,.T.);
#5761 = ORIENTED_EDGE('',*,*,#5738,.T.);
#5762 = ORIENTED_EDGE('',*,*,#5763,.F.);
#5763 = EDGE_CURVE('',#5639,#5739,#5764,.T.);
#5764 = LINE('',#5765,#5766);
#5765 = CARTESIAN_POINT('',(41.3,113.,-25.));
#5766 = VECTOR('',#5767,1.);
#5767 = DIRECTION('',(0.,0.,1.));
#5768 = PLANE('',#5769);
#5769 = AXIS2_PLACEMENT_3D('',#5770,#5771,#5772);
#5770 = CARTESIAN_POINT('',(35.8,113.,-25.));
#5771 = DIRECTION('',(0.,1.,0.));
#5772 = DIRECTION('',(0.,0.,1.));
#5773 = ADVANCED_FACE('',(#5774),#5785,.T.);
#5774 = FACE_BOUND('',#5775,.T.);
#5775 = EDGE_LOOP('',(#5776,#5777,#5783,#5784));
#5776 = ORIENTED_EDGE('',*,*,#5517,.F.);
#5777 = ORIENTED_EDGE('',*,*,#5778,.T.);
#5778 = EDGE_CURVE('',#5518,#5623,#5779,.T.);
#5779 = LINE('',#5780,#5781);
#5780 = CARTESIAN_POINT('',(39.6,112.6,-22.6));
#5781 = VECTOR('',#5782,1.);
#5782 = DIRECTION('',(0.,0.,1.));
#5783 = ORIENTED_EDGE('',*,*,#5631,.T.);
#5784 = ORIENTED_EDGE('',*,*,#1231,.F.);
#5785 = PLANE('',#5786);
#5786 = AXIS2_PLACEMENT_3D('',#5787,#5788,#5789);
#5787 = CARTESIAN_POINT('',(39.6,112.6,-22.6));
#5788 = DIRECTION('',(0.,1.,0.));
#5789 = DIRECTION('',(0.,0.,1.));
#5790 = ADVANCED_FACE('',(#5791),#5809,.F.);
#5791 = FACE_BOUND('',#5792,.F.);
#5792 = EDGE_LOOP('',(#5793,#5801,#5802,#5803));
#5793 = ORIENTED_EDGE('',*,*,#5794,.F.);
#5794 = EDGE_CURVE('',#1207,#5795,#5797,.T.);
#5795 = VERTEX_POINT('',#5796);
#5796 = CARTESIAN_POINT('',(41.3,113.,-25.));
#5797 = LINE('',#5798,#5799);
#5798 = CARTESIAN_POINT('',(35.8,113.,-25.));
#5799 = VECTOR('',#5800,1.);
#5800 = DIRECTION('',(1.,0.,0.));
#5801 = ORIENTED_EDGE('',*,*,#1214,.T.);
#5802 = ORIENTED_EDGE('',*,*,#5575,.T.);
#5803 = ORIENTED_EDGE('',*,*,#5804,.F.);
#5804 = EDGE_CURVE('',#5795,#5567,#5805,.T.);
#5805 = LINE('',#5806,#5807);
#5806 = CARTESIAN_POINT('',(41.3,113.,-25.));
#5807 = VECTOR('',#5808,1.);
#5808 = DIRECTION('',(0.,0.,1.));
#5809 = PLANE('',#5810);
#5810 = AXIS2_PLACEMENT_3D('',#5811,#5812,#5813);
#5811 = CARTESIAN_POINT('',(35.8,113.,-25.));
#5812 = DIRECTION('',(0.,1.,0.));
#5813 = DIRECTION('',(0.,0.,1.));
#5814 = ADVANCED_FACE('',(#5815),#5826,.F.);
#5815 = FACE_BOUND('',#5816,.F.);
#5816 = EDGE_LOOP('',(#5817,#5818,#5819,#5820));
#5817 = ORIENTED_EDGE('',*,*,#5558,.F.);
#5818 = ORIENTED_EDGE('',*,*,#1206,.T.);
#5819 = ORIENTED_EDGE('',*,*,#5794,.T.);
#5820 = ORIENTED_EDGE('',*,*,#5821,.T.);
#5821 = EDGE_CURVE('',#5795,#5559,#5822,.T.);
#5822 = LINE('',#5823,#5824);
#5823 = CARTESIAN_POINT('',(41.3,113.,-25.));
#5824 = VECTOR('',#5825,1.);
#5825 = DIRECTION('',(0.,1.,0.));
#5826 = PLANE('',#5827);
#5827 = AXIS2_PLACEMENT_3D('',#5828,#5829,#5830);
#5828 = CARTESIAN_POINT('',(35.8,113.,-25.));
#5829 = DIRECTION('',(0.,0.,1.));
#5830 = DIRECTION('',(1.,0.,0.));
#5831 = ADVANCED_FACE('',(#5832),#5843,.F.);
#5832 = FACE_BOUND('',#5833,.F.);
#5833 = EDGE_LOOP('',(#5834,#5835,#5836,#5837));
#5834 = ORIENTED_EDGE('',*,*,#5485,.F.);
#5835 = ORIENTED_EDGE('',*,*,#1189,.T.);
#5836 = ORIENTED_EDGE('',*,*,#5551,.T.);
#5837 = ORIENTED_EDGE('',*,*,#5838,.T.);
#5838 = EDGE_CURVE('',#5543,#5486,#5839,.T.);
#5839 = LINE('',#5840,#5841);
#5840 = CARTESIAN_POINT('',(41.3,113.,-25.));
#5841 = VECTOR('',#5842,1.);
#5842 = DIRECTION('',(0.,1.,0.));
#5843 = PLANE('',#5844);
#5844 = AXIS2_PLACEMENT_3D('',#5845,#5846,#5847);
#5845 = CARTESIAN_POINT('',(35.8,113.,-25.));
#5846 = DIRECTION('',(0.,0.,1.));
#5847 = DIRECTION('',(1.,0.,0.));
#5848 = ADVANCED_FACE('',(#5849),#5874,.T.);
#5849 = FACE_BOUND('',#5850,.T.);
#5850 = EDGE_LOOP('',(#5851,#5859,#5860,#5868));
#5851 = ORIENTED_EDGE('',*,*,#5852,.F.);
#5852 = EDGE_CURVE('',#1316,#5853,#5855,.T.);
#5853 = VERTEX_POINT('',#5854);
#5854 = CARTESIAN_POINT('',(41.3,107.,-25.));
#5855 = LINE('',#5856,#5857);
#5856 = CARTESIAN_POINT('',(35.8,107.,-25.));
#5857 = VECTOR('',#5858,1.);
#5858 = DIRECTION('',(1.,0.,0.));
#5859 = ORIENTED_EDGE('',*,*,#1315,.T.);
#5860 = ORIENTED_EDGE('',*,*,#5861,.T.);
#5861 = EDGE_CURVE('',#1318,#5862,#5864,.T.);
#5862 = VERTEX_POINT('',#5863);
#5863 = CARTESIAN_POINT('',(41.3,107.,-24.2));
#5864 = LINE('',#5865,#5866);
#5865 = CARTESIAN_POINT('',(39.6,107.,-24.2));
#5866 = VECTOR('',#5867,1.);
#5867 = DIRECTION('',(1.,0.,0.));
#5868 = ORIENTED_EDGE('',*,*,#5869,.F.);
#5869 = EDGE_CURVE('',#5853,#5862,#5870,.T.);
#5870 = LINE('',#5871,#5872);
#5871 = CARTESIAN_POINT('',(41.3,107.,-25.));
#5872 = VECTOR('',#5873,1.);
#5873 = DIRECTION('',(0.,0.,1.));
#5874 = PLANE('',#5875);
#5875 = AXIS2_PLACEMENT_3D('',#5876,#5877,#5878);
#5876 = CARTESIAN_POINT('',(35.8,107.,-25.));
#5877 = DIRECTION('',(0.,1.,0.));
#5878 = DIRECTION('',(0.,0.,1.));
#5879 = ADVANCED_FACE('',(#5880),#5947,.F.);
#5880 = FACE_BOUND('',#5881,.F.);
#5881 = EDGE_LOOP('',(#5882,#5883,#5891,#5900,#5906,#5907,#5908,#5917,
    #5923,#5924,#5932,#5941));
#5882 = ORIENTED_EDGE('',*,*,#1358,.F.);
#5883 = ORIENTED_EDGE('',*,*,#5884,.F.);
#5884 = EDGE_CURVE('',#5885,#1359,#5887,.T.);
#5885 = VERTEX_POINT('',#5886);
#5886 = CARTESIAN_POINT('',(39.6,100.6,-22.6));
#5887 = LINE('',#5888,#5889);
#5888 = CARTESIAN_POINT('',(39.6,100.6,-22.6));
#5889 = VECTOR('',#5890,1.);
#5890 = DIRECTION('',(1.,0.,0.));
#5891 = ORIENTED_EDGE('',*,*,#5892,.T.);
#5892 = EDGE_CURVE('',#5885,#5893,#5895,.T.);
#5893 = VERTEX_POINT('',#5894);
#5894 = CARTESIAN_POINT('',(39.6,107.4,-22.6));
#5895 = CIRCLE('',#5896,3.4);
#5896 = AXIS2_PLACEMENT_3D('',#5897,#5898,#5899);
#5897 = CARTESIAN_POINT('',(39.6,104.,-22.6));
#5898 = DIRECTION('',(1.,0.,-0.));
#5899 = DIRECTION('',(0.,0.,1.));
#5900 = ORIENTED_EDGE('',*,*,#5901,.T.);
#5901 = EDGE_CURVE('',#5893,#1435,#5902,.T.);
#5902 = LINE('',#5903,#5904);
#5903 = CARTESIAN_POINT('',(39.6,107.4,-22.6));
#5904 = VECTOR('',#5905,1.);
#5905 = DIRECTION('',(1.,0.,0.));
#5906 = ORIENTED_EDGE('',*,*,#1442,.F.);
#5907 = ORIENTED_EDGE('',*,*,#5861,.T.);
#5908 = ORIENTED_EDGE('',*,*,#5909,.F.);
#5909 = EDGE_CURVE('',#5910,#5862,#5912,.T.);
#5910 = VERTEX_POINT('',#5911);
#5911 = CARTESIAN_POINT('',(41.3,106.40831891575,-25.));
#5912 = CIRCLE('',#5913,3.4);
#5913 = AXIS2_PLACEMENT_3D('',#5914,#5915,#5916);
#5914 = CARTESIAN_POINT('',(41.3,104.,-22.6));
#5915 = DIRECTION('',(1.,0.,-0.));
#5916 = DIRECTION('',(0.,0.,1.));
#5917 = ORIENTED_EDGE('',*,*,#5918,.F.);
#5918 = EDGE_CURVE('',#1326,#5910,#5919,.T.);
#5919 = LINE('',#5920,#5921);
#5920 = CARTESIAN_POINT('',(39.6,106.40831891575,-25.));
#5921 = VECTOR('',#5922,1.);
#5922 = DIRECTION('',(1.,0.,0.));
#5923 = ORIENTED_EDGE('',*,*,#1333,.F.);
#5924 = ORIENTED_EDGE('',*,*,#5925,.T.);
#5925 = EDGE_CURVE('',#1334,#5926,#5928,.T.);
#5926 = VERTEX_POINT('',#5927);
#5927 = CARTESIAN_POINT('',(41.3,101.59168108424,-25.));
#5928 = LINE('',#5929,#5930);
#5929 = CARTESIAN_POINT('',(39.6,101.59168108424,-25.));
#5930 = VECTOR('',#5931,1.);
#5931 = DIRECTION('',(1.,0.,0.));
#5932 = ORIENTED_EDGE('',*,*,#5933,.F.);
#5933 = EDGE_CURVE('',#5934,#5926,#5936,.T.);
#5934 = VERTEX_POINT('',#5935);
#5935 = CARTESIAN_POINT('',(41.3,101.,-24.2));
#5936 = CIRCLE('',#5937,3.4);
#5937 = AXIS2_PLACEMENT_3D('',#5938,#5939,#5940);
#5938 = CARTESIAN_POINT('',(41.3,104.,-22.6));
#5939 = DIRECTION('',(1.,0.,-0.));
#5940 = DIRECTION('',(0.,0.,1.));
#5941 = ORIENTED_EDGE('',*,*,#5942,.F.);
#5942 = EDGE_CURVE('',#1351,#5934,#5943,.T.);
#5943 = LINE('',#5944,#5945);
#5944 = CARTESIAN_POINT('',(39.6,101.,-24.2));
#5945 = VECTOR('',#5946,1.);
#5946 = DIRECTION('',(1.,0.,0.));
#5947 = CYLINDRICAL_SURFACE('',#5948,3.4);
#5948 = AXIS2_PLACEMENT_3D('',#5949,#5950,#5951);
#5949 = CARTESIAN_POINT('',(39.6,104.,-22.6));
#5950 = DIRECTION('',(1.,0.,0.));
#5951 = DIRECTION('',(0.,0.,1.));
#5952 = ADVANCED_FACE('',(#5953),#5971,.F.);
#5953 = FACE_BOUND('',#5954,.F.);
#5954 = EDGE_LOOP('',(#5955,#5956,#5964,#5970));
#5955 = ORIENTED_EDGE('',*,*,#5901,.F.);
#5956 = ORIENTED_EDGE('',*,*,#5957,.T.);
#5957 = EDGE_CURVE('',#5893,#5958,#5960,.T.);
#5958 = VERTEX_POINT('',#5959);
#5959 = CARTESIAN_POINT('',(39.6,107.4,-19.4));
#5960 = LINE('',#5961,#5962);
#5961 = CARTESIAN_POINT('',(39.6,107.4,-22.6));
#5962 = VECTOR('',#5963,1.);
#5963 = DIRECTION('',(0.,0.,1.));
#5964 = ORIENTED_EDGE('',*,*,#5965,.T.);
#5965 = EDGE_CURVE('',#5958,#1426,#5966,.T.);
#5966 = LINE('',#5967,#5968);
#5967 = CARTESIAN_POINT('',(39.6,107.4,-19.4));
#5968 = VECTOR('',#5969,1.);
#5969 = DIRECTION('',(1.,0.,0.));
#5970 = ORIENTED_EDGE('',*,*,#1434,.F.);
#5971 = PLANE('',#5972);
#5972 = AXIS2_PLACEMENT_3D('',#5973,#5974,#5975);
#5973 = CARTESIAN_POINT('',(39.6,107.4,-22.6));
#5974 = DIRECTION('',(0.,1.,0.));
#5975 = DIRECTION('',(0.,0.,1.));
#5976 = ADVANCED_FACE('',(#5977),#6053,.F.);
#5977 = FACE_BOUND('',#5978,.F.);
#5978 = EDGE_LOOP('',(#5979,#5988,#5997,#6003,#6004,#6012,#6021,#6027,
    #6028,#6036,#6045,#6051,#6052));
#5979 = ORIENTED_EDGE('',*,*,#5980,.T.);
#5980 = EDGE_CURVE('',#5958,#5981,#5983,.T.);
#5981 = VERTEX_POINT('',#5982);
#5982 = CARTESIAN_POINT('',(39.6,104.,-16.));
#5983 = CIRCLE('',#5984,3.4);
#5984 = AXIS2_PLACEMENT_3D('',#5985,#5986,#5987);
#5985 = CARTESIAN_POINT('',(39.6,104.,-19.4));
#5986 = DIRECTION('',(1.,0.,-0.));
#5987 = DIRECTION('',(0.,0.,1.));
#5988 = ORIENTED_EDGE('',*,*,#5989,.T.);
#5989 = EDGE_CURVE('',#5981,#5990,#5992,.T.);
#5990 = VERTEX_POINT('',#5991);
#5991 = CARTESIAN_POINT('',(39.6,100.6,-19.4));
#5992 = CIRCLE('',#5993,3.4);
#5993 = AXIS2_PLACEMENT_3D('',#5994,#5995,#5996);
#5994 = CARTESIAN_POINT('',(39.6,104.,-19.4));
#5995 = DIRECTION('',(1.,0.,-0.));
#5996 = DIRECTION('',(0.,0.,1.));
#5997 = ORIENTED_EDGE('',*,*,#5998,.T.);
#5998 = EDGE_CURVE('',#5990,#1368,#5999,.T.);
#5999 = LINE('',#6000,#6001);
#6000 = CARTESIAN_POINT('',(39.6,100.6,-19.4));
#6001 = VECTOR('',#6002,1.);
#6002 = DIRECTION('',(1.,0.,0.));
#6003 = ORIENTED_EDGE('',*,*,#1375,.F.);
#6004 = ORIENTED_EDGE('',*,*,#6005,.T.);
#6005 = EDGE_CURVE('',#1376,#6006,#6008,.T.);
#6006 = VERTEX_POINT('',#6007);
#6007 = CARTESIAN_POINT('',(41.3,101.,-17.8));
#6008 = LINE('',#6009,#6010);
#6009 = CARTESIAN_POINT('',(39.6,101.,-17.8));
#6010 = VECTOR('',#6011,1.);
#6011 = DIRECTION('',(1.,0.,0.));
#6012 = ORIENTED_EDGE('',*,*,#6013,.F.);
#6013 = EDGE_CURVE('',#6014,#6006,#6016,.T.);
#6014 = VERTEX_POINT('',#6015);
#6015 = CARTESIAN_POINT('',(41.3,101.59168108424,-17.));
#6016 = CIRCLE('',#6017,3.4);
#6017 = AXIS2_PLACEMENT_3D('',#6018,#6019,#6020);
#6018 = CARTESIAN_POINT('',(41.3,104.,-19.4));
#6019 = DIRECTION('',(1.,0.,-0.));
#6020 = DIRECTION('',(0.,0.,1.));
#6021 = ORIENTED_EDGE('',*,*,#6022,.F.);
#6022 = EDGE_CURVE('',#1393,#6014,#6023,.T.);
#6023 = LINE('',#6024,#6025);
#6024 = CARTESIAN_POINT('',(39.6,101.59168108424,-17.));
#6025 = VECTOR('',#6026,1.);
#6026 = DIRECTION('',(1.,0.,0.));
#6027 = ORIENTED_EDGE('',*,*,#1400,.F.);
#6028 = ORIENTED_EDGE('',*,*,#6029,.T.);
#6029 = EDGE_CURVE('',#1401,#6030,#6032,.T.);
#6030 = VERTEX_POINT('',#6031);
#6031 = CARTESIAN_POINT('',(41.3,106.40831891575,-17.));
#6032 = LINE('',#6033,#6034);
#6033 = CARTESIAN_POINT('',(39.6,106.40831891575,-17.));
#6034 = VECTOR('',#6035,1.);
#6035 = DIRECTION('',(1.,0.,0.));
#6036 = ORIENTED_EDGE('',*,*,#6037,.F.);
#6037 = EDGE_CURVE('',#6038,#6030,#6040,.T.);
#6038 = VERTEX_POINT('',#6039);
#6039 = CARTESIAN_POINT('',(41.3,107.,-17.8));
#6040 = CIRCLE('',#6041,3.4);
#6041 = AXIS2_PLACEMENT_3D('',#6042,#6043,#6044);
#6042 = CARTESIAN_POINT('',(41.3,104.,-19.4));
#6043 = DIRECTION('',(1.,0.,-0.));
#6044 = DIRECTION('',(0.,0.,1.));
#6045 = ORIENTED_EDGE('',*,*,#6046,.F.);
#6046 = EDGE_CURVE('',#1418,#6038,#6047,.T.);
#6047 = LINE('',#6048,#6049);
#6048 = CARTESIAN_POINT('',(39.6,107.,-17.8));
#6049 = VECTOR('',#6050,1.);
#6050 = DIRECTION('',(1.,0.,0.));
#6051 = ORIENTED_EDGE('',*,*,#1425,.F.);
#6052 = ORIENTED_EDGE('',*,*,#5965,.F.);
#6053 = CYLINDRICAL_SURFACE('',#6054,3.4);
#6054 = AXIS2_PLACEMENT_3D('',#6055,#6056,#6057);
#6055 = CARTESIAN_POINT('',(39.6,104.,-19.4));
#6056 = DIRECTION('',(1.,0.,0.));
#6057 = DIRECTION('',(0.,0.,1.));
#6058 = ADVANCED_FACE('',(#6059),#6077,.T.);
#6059 = FACE_BOUND('',#6060,.T.);
#6060 = EDGE_LOOP('',(#6061,#6062,#6063,#6071));
#6061 = ORIENTED_EDGE('',*,*,#6046,.F.);
#6062 = ORIENTED_EDGE('',*,*,#1417,.T.);
#6063 = ORIENTED_EDGE('',*,*,#6064,.T.);
#6064 = EDGE_CURVE('',#1410,#6065,#6067,.T.);
#6065 = VERTEX_POINT('',#6066);
#6066 = CARTESIAN_POINT('',(41.3,107.,-17.));
#6067 = LINE('',#6068,#6069);
#6068 = CARTESIAN_POINT('',(35.8,107.,-17.));
#6069 = VECTOR('',#6070,1.);
#6070 = DIRECTION('',(1.,0.,0.));
#6071 = ORIENTED_EDGE('',*,*,#6072,.F.);
#6072 = EDGE_CURVE('',#6038,#6065,#6073,.T.);
#6073 = LINE('',#6074,#6075);
#6074 = CARTESIAN_POINT('',(41.3,107.,-25.));
#6075 = VECTOR('',#6076,1.);
#6076 = DIRECTION('',(0.,0.,1.));
#6077 = PLANE('',#6078);
#6078 = AXIS2_PLACEMENT_3D('',#6079,#6080,#6081);
#6079 = CARTESIAN_POINT('',(35.8,107.,-25.));
#6080 = DIRECTION('',(0.,1.,0.));
#6081 = DIRECTION('',(0.,0.,1.));
#6082 = ADVANCED_FACE('',(#6083),#6094,.T.);
#6083 = FACE_BOUND('',#6084,.T.);
#6084 = EDGE_LOOP('',(#6085,#6086,#6087,#6088));
#6085 = ORIENTED_EDGE('',*,*,#6064,.F.);
#6086 = ORIENTED_EDGE('',*,*,#1409,.T.);
#6087 = ORIENTED_EDGE('',*,*,#6029,.T.);
#6088 = ORIENTED_EDGE('',*,*,#6089,.T.);
#6089 = EDGE_CURVE('',#6030,#6065,#6090,.T.);
#6090 = LINE('',#6091,#6092);
#6091 = CARTESIAN_POINT('',(41.3,101.,-17.));
#6092 = VECTOR('',#6093,1.);
#6093 = DIRECTION('',(0.,1.,0.));
#6094 = PLANE('',#6095);
#6095 = AXIS2_PLACEMENT_3D('',#6096,#6097,#6098);
#6096 = CARTESIAN_POINT('',(35.8,101.,-17.));
#6097 = DIRECTION('',(0.,0.,1.));
#6098 = DIRECTION('',(1.,0.,0.));
#6099 = ADVANCED_FACE('',(#6100),#6118,.T.);
#6100 = FACE_BOUND('',#6101,.T.);
#6101 = EDGE_LOOP('',(#6102,#6103,#6104,#6112));
#6102 = ORIENTED_EDGE('',*,*,#6022,.F.);
#6103 = ORIENTED_EDGE('',*,*,#1392,.T.);
#6104 = ORIENTED_EDGE('',*,*,#6105,.T.);
#6105 = EDGE_CURVE('',#1385,#6106,#6108,.T.);
#6106 = VERTEX_POINT('',#6107);
#6107 = CARTESIAN_POINT('',(41.3,101.,-17.));
#6108 = LINE('',#6109,#6110);
#6109 = CARTESIAN_POINT('',(35.8,101.,-17.));
#6110 = VECTOR('',#6111,1.);
#6111 = DIRECTION('',(1.,0.,0.));
#6112 = ORIENTED_EDGE('',*,*,#6113,.T.);
#6113 = EDGE_CURVE('',#6106,#6014,#6114,.T.);
#6114 = LINE('',#6115,#6116);
#6115 = CARTESIAN_POINT('',(41.3,101.,-17.));
#6116 = VECTOR('',#6117,1.);
#6117 = DIRECTION('',(0.,1.,0.));
#6118 = PLANE('',#6119);
#6119 = AXIS2_PLACEMENT_3D('',#6120,#6121,#6122);
#6120 = CARTESIAN_POINT('',(35.8,101.,-17.));
#6121 = DIRECTION('',(0.,0.,1.));
#6122 = DIRECTION('',(1.,0.,0.));
#6123 = ADVANCED_FACE('',(#6124),#6135,.F.);
#6124 = FACE_BOUND('',#6125,.F.);
#6125 = EDGE_LOOP('',(#6126,#6127,#6128,#6129));
#6126 = ORIENTED_EDGE('',*,*,#6005,.F.);
#6127 = ORIENTED_EDGE('',*,*,#1384,.T.);
#6128 = ORIENTED_EDGE('',*,*,#6105,.T.);
#6129 = ORIENTED_EDGE('',*,*,#6130,.F.);
#6130 = EDGE_CURVE('',#6006,#6106,#6131,.T.);
#6131 = LINE('',#6132,#6133);
#6132 = CARTESIAN_POINT('',(41.3,101.,-25.));
#6133 = VECTOR('',#6134,1.);
#6134 = DIRECTION('',(0.,0.,1.));
#6135 = PLANE('',#6136);
#6136 = AXIS2_PLACEMENT_3D('',#6137,#6138,#6139);
#6137 = CARTESIAN_POINT('',(35.8,101.,-25.));
#6138 = DIRECTION('',(0.,1.,0.));
#6139 = DIRECTION('',(0.,0.,1.));
#6140 = ADVANCED_FACE('',(#6141),#6152,.T.);
#6141 = FACE_BOUND('',#6142,.T.);
#6142 = EDGE_LOOP('',(#6143,#6144,#6150,#6151));
#6143 = ORIENTED_EDGE('',*,*,#5884,.F.);
#6144 = ORIENTED_EDGE('',*,*,#6145,.T.);
#6145 = EDGE_CURVE('',#5885,#5990,#6146,.T.);
#6146 = LINE('',#6147,#6148);
#6147 = CARTESIAN_POINT('',(39.6,100.6,-22.6));
#6148 = VECTOR('',#6149,1.);
#6149 = DIRECTION('',(0.,0.,1.));
#6150 = ORIENTED_EDGE('',*,*,#5998,.T.);
#6151 = ORIENTED_EDGE('',*,*,#1367,.F.);
#6152 = PLANE('',#6153);
#6153 = AXIS2_PLACEMENT_3D('',#6154,#6155,#6156);
#6154 = CARTESIAN_POINT('',(39.6,100.6,-22.6));
#6155 = DIRECTION('',(0.,1.,0.));
#6156 = DIRECTION('',(0.,0.,1.));
#6157 = ADVANCED_FACE('',(#6158),#6176,.F.);
#6158 = FACE_BOUND('',#6159,.F.);
#6159 = EDGE_LOOP('',(#6160,#6168,#6169,#6170));
#6160 = ORIENTED_EDGE('',*,*,#6161,.F.);
#6161 = EDGE_CURVE('',#1343,#6162,#6164,.T.);
#6162 = VERTEX_POINT('',#6163);
#6163 = CARTESIAN_POINT('',(41.3,101.,-25.));
#6164 = LINE('',#6165,#6166);
#6165 = CARTESIAN_POINT('',(35.8,101.,-25.));
#6166 = VECTOR('',#6167,1.);
#6167 = DIRECTION('',(1.,0.,0.));
#6168 = ORIENTED_EDGE('',*,*,#1350,.T.);
#6169 = ORIENTED_EDGE('',*,*,#5942,.T.);
#6170 = ORIENTED_EDGE('',*,*,#6171,.F.);
#6171 = EDGE_CURVE('',#6162,#5934,#6172,.T.);
#6172 = LINE('',#6173,#6174);
#6173 = CARTESIAN_POINT('',(41.3,101.,-25.));
#6174 = VECTOR('',#6175,1.);
#6175 = DIRECTION('',(0.,0.,1.));
#6176 = PLANE('',#6177);
#6177 = AXIS2_PLACEMENT_3D('',#6178,#6179,#6180);
#6178 = CARTESIAN_POINT('',(35.8,101.,-25.));
#6179 = DIRECTION('',(0.,1.,0.));
#6180 = DIRECTION('',(0.,0.,1.));
#6181 = ADVANCED_FACE('',(#6182),#6193,.F.);
#6182 = FACE_BOUND('',#6183,.F.);
#6183 = EDGE_LOOP('',(#6184,#6185,#6186,#6187));
#6184 = ORIENTED_EDGE('',*,*,#5925,.F.);
#6185 = ORIENTED_EDGE('',*,*,#1342,.T.);
#6186 = ORIENTED_EDGE('',*,*,#6161,.T.);
#6187 = ORIENTED_EDGE('',*,*,#6188,.T.);
#6188 = EDGE_CURVE('',#6162,#5926,#6189,.T.);
#6189 = LINE('',#6190,#6191);
#6190 = CARTESIAN_POINT('',(41.3,101.,-25.));
#6191 = VECTOR('',#6192,1.);
#6192 = DIRECTION('',(0.,1.,0.));
#6193 = PLANE('',#6194);
#6194 = AXIS2_PLACEMENT_3D('',#6195,#6196,#6197);
#6195 = CARTESIAN_POINT('',(35.8,101.,-25.));
#6196 = DIRECTION('',(0.,0.,1.));
#6197 = DIRECTION('',(1.,0.,0.));
#6198 = ADVANCED_FACE('',(#6199),#6210,.F.);
#6199 = FACE_BOUND('',#6200,.F.);
#6200 = EDGE_LOOP('',(#6201,#6202,#6203,#6204));
#6201 = ORIENTED_EDGE('',*,*,#5852,.F.);
#6202 = ORIENTED_EDGE('',*,*,#1325,.T.);
#6203 = ORIENTED_EDGE('',*,*,#5918,.T.);
#6204 = ORIENTED_EDGE('',*,*,#6205,.T.);
#6205 = EDGE_CURVE('',#5910,#5853,#6206,.T.);
#6206 = LINE('',#6207,#6208);
#6207 = CARTESIAN_POINT('',(41.3,101.,-25.));
#6208 = VECTOR('',#6209,1.);
#6209 = DIRECTION('',(0.,1.,0.));
#6210 = PLANE('',#6211);
#6211 = AXIS2_PLACEMENT_3D('',#6212,#6213,#6214);
#6212 = CARTESIAN_POINT('',(35.8,101.,-25.));
#6213 = DIRECTION('',(0.,0.,1.));
#6214 = DIRECTION('',(1.,0.,0.));
#6215 = ADVANCED_FACE('',(#6216),#6241,.T.);
#6216 = FACE_BOUND('',#6217,.T.);
#6217 = EDGE_LOOP('',(#6218,#6226,#6227,#6235));
#6218 = ORIENTED_EDGE('',*,*,#6219,.F.);
#6219 = EDGE_CURVE('',#1452,#6220,#6222,.T.);
#6220 = VERTEX_POINT('',#6221);
#6221 = CARTESIAN_POINT('',(41.3,95.,-25.));
#6222 = LINE('',#6223,#6224);
#6223 = CARTESIAN_POINT('',(35.8,95.,-25.));
#6224 = VECTOR('',#6225,1.);
#6225 = DIRECTION('',(1.,0.,0.));
#6226 = ORIENTED_EDGE('',*,*,#1451,.T.);
#6227 = ORIENTED_EDGE('',*,*,#6228,.T.);
#6228 = EDGE_CURVE('',#1454,#6229,#6231,.T.);
#6229 = VERTEX_POINT('',#6230);
#6230 = CARTESIAN_POINT('',(41.3,95.,-24.2));
#6231 = LINE('',#6232,#6233);
#6232 = CARTESIAN_POINT('',(39.6,95.,-24.2));
#6233 = VECTOR('',#6234,1.);
#6234 = DIRECTION('',(1.,0.,0.));
#6235 = ORIENTED_EDGE('',*,*,#6236,.F.);
#6236 = EDGE_CURVE('',#6220,#6229,#6237,.T.);
#6237 = LINE('',#6238,#6239);
#6238 = CARTESIAN_POINT('',(41.3,95.,-25.));
#6239 = VECTOR('',#6240,1.);
#6240 = DIRECTION('',(0.,0.,1.));
#6241 = PLANE('',#6242);
#6242 = AXIS2_PLACEMENT_3D('',#6243,#6244,#6245);
#6243 = CARTESIAN_POINT('',(35.8,95.,-25.));
#6244 = DIRECTION('',(0.,1.,0.));
#6245 = DIRECTION('',(0.,0.,1.));
#6246 = ADVANCED_FACE('',(#6247),#6314,.F.);
#6247 = FACE_BOUND('',#6248,.F.);
#6248 = EDGE_LOOP('',(#6249,#6250,#6258,#6267,#6273,#6274,#6275,#6284,
    #6290,#6291,#6299,#6308));
#6249 = ORIENTED_EDGE('',*,*,#1494,.F.);
#6250 = ORIENTED_EDGE('',*,*,#6251,.F.);
#6251 = EDGE_CURVE('',#6252,#1495,#6254,.T.);
#6252 = VERTEX_POINT('',#6253);
#6253 = CARTESIAN_POINT('',(39.6,88.6,-22.6));
#6254 = LINE('',#6255,#6256);
#6255 = CARTESIAN_POINT('',(39.6,88.6,-22.6));
#6256 = VECTOR('',#6257,1.);
#6257 = DIRECTION('',(1.,0.,0.));
#6258 = ORIENTED_EDGE('',*,*,#6259,.T.);
#6259 = EDGE_CURVE('',#6252,#6260,#6262,.T.);
#6260 = VERTEX_POINT('',#6261);
#6261 = CARTESIAN_POINT('',(39.6,95.4,-22.6));
#6262 = CIRCLE('',#6263,3.4);
#6263 = AXIS2_PLACEMENT_3D('',#6264,#6265,#6266);
#6264 = CARTESIAN_POINT('',(39.6,92.,-22.6));
#6265 = DIRECTION('',(1.,0.,-0.));
#6266 = DIRECTION('',(0.,0.,1.));
#6267 = ORIENTED_EDGE('',*,*,#6268,.T.);
#6268 = EDGE_CURVE('',#6260,#1571,#6269,.T.);
#6269 = LINE('',#6270,#6271);
#6270 = CARTESIAN_POINT('',(39.6,95.4,-22.6));
#6271 = VECTOR('',#6272,1.);
#6272 = DIRECTION('',(1.,0.,0.));
#6273 = ORIENTED_EDGE('',*,*,#1578,.F.);
#6274 = ORIENTED_EDGE('',*,*,#6228,.T.);
#6275 = ORIENTED_EDGE('',*,*,#6276,.F.);
#6276 = EDGE_CURVE('',#6277,#6229,#6279,.T.);
#6277 = VERTEX_POINT('',#6278);
#6278 = CARTESIAN_POINT('',(41.3,94.408318915758,-25.));
#6279 = CIRCLE('',#6280,3.4);
#6280 = AXIS2_PLACEMENT_3D('',#6281,#6282,#6283);
#6281 = CARTESIAN_POINT('',(41.3,92.,-22.6));
#6282 = DIRECTION('',(1.,0.,-0.));
#6283 = DIRECTION('',(0.,0.,1.));
#6284 = ORIENTED_EDGE('',*,*,#6285,.F.);
#6285 = EDGE_CURVE('',#1462,#6277,#6286,.T.);
#6286 = LINE('',#6287,#6288);
#6287 = CARTESIAN_POINT('',(39.6,94.408318915758,-25.));
#6288 = VECTOR('',#6289,1.);
#6289 = DIRECTION('',(1.,0.,0.));
#6290 = ORIENTED_EDGE('',*,*,#1469,.F.);
#6291 = ORIENTED_EDGE('',*,*,#6292,.T.);
#6292 = EDGE_CURVE('',#1470,#6293,#6295,.T.);
#6293 = VERTEX_POINT('',#6294);
#6294 = CARTESIAN_POINT('',(41.3,89.591681084242,-25.));
#6295 = LINE('',#6296,#6297);
#6296 = CARTESIAN_POINT('',(39.6,89.591681084242,-25.));
#6297 = VECTOR('',#6298,1.);
#6298 = DIRECTION('',(1.,0.,0.));
#6299 = ORIENTED_EDGE('',*,*,#6300,.F.);
#6300 = EDGE_CURVE('',#6301,#6293,#6303,.T.);
#6301 = VERTEX_POINT('',#6302);
#6302 = CARTESIAN_POINT('',(41.3,89.,-24.2));
#6303 = CIRCLE('',#6304,3.4);
#6304 = AXIS2_PLACEMENT_3D('',#6305,#6306,#6307);
#6305 = CARTESIAN_POINT('',(41.3,92.,-22.6));
#6306 = DIRECTION('',(1.,0.,-0.));
#6307 = DIRECTION('',(0.,0.,1.));
#6308 = ORIENTED_EDGE('',*,*,#6309,.F.);
#6309 = EDGE_CURVE('',#1487,#6301,#6310,.T.);
#6310 = LINE('',#6311,#6312);
#6311 = CARTESIAN_POINT('',(39.6,89.,-24.2));
#6312 = VECTOR('',#6313,1.);
#6313 = DIRECTION('',(1.,0.,0.));
#6314 = CYLINDRICAL_SURFACE('',#6315,3.4);
#6315 = AXIS2_PLACEMENT_3D('',#6316,#6317,#6318);
#6316 = CARTESIAN_POINT('',(39.6,92.,-22.6));
#6317 = DIRECTION('',(1.,0.,0.));
#6318 = DIRECTION('',(0.,0.,1.));
#6319 = ADVANCED_FACE('',(#6320),#6338,.F.);
#6320 = FACE_BOUND('',#6321,.F.);
#6321 = EDGE_LOOP('',(#6322,#6323,#6331,#6337));
#6322 = ORIENTED_EDGE('',*,*,#6268,.F.);
#6323 = ORIENTED_EDGE('',*,*,#6324,.T.);
#6324 = EDGE_CURVE('',#6260,#6325,#6327,.T.);
#6325 = VERTEX_POINT('',#6326);
#6326 = CARTESIAN_POINT('',(39.6,95.4,-19.4));
#6327 = LINE('',#6328,#6329);
#6328 = CARTESIAN_POINT('',(39.6,95.4,-22.6));
#6329 = VECTOR('',#6330,1.);
#6330 = DIRECTION('',(0.,0.,1.));
#6331 = ORIENTED_EDGE('',*,*,#6332,.T.);
#6332 = EDGE_CURVE('',#6325,#1562,#6333,.T.);
#6333 = LINE('',#6334,#6335);
#6334 = CARTESIAN_POINT('',(39.6,95.4,-19.4));
#6335 = VECTOR('',#6336,1.);
#6336 = DIRECTION('',(1.,0.,0.));
#6337 = ORIENTED_EDGE('',*,*,#1570,.F.);
#6338 = PLANE('',#6339);
#6339 = AXIS2_PLACEMENT_3D('',#6340,#6341,#6342);
#6340 = CARTESIAN_POINT('',(39.6,95.4,-22.6));
#6341 = DIRECTION('',(0.,1.,0.));
#6342 = DIRECTION('',(0.,0.,1.));
#6343 = ADVANCED_FACE('',(#6344),#6420,.F.);
#6344 = FACE_BOUND('',#6345,.F.);
#6345 = EDGE_LOOP('',(#6346,#6355,#6364,#6370,#6371,#6379,#6388,#6394,
    #6395,#6403,#6412,#6418,#6419));
#6346 = ORIENTED_EDGE('',*,*,#6347,.T.);
#6347 = EDGE_CURVE('',#6325,#6348,#6350,.T.);
#6348 = VERTEX_POINT('',#6349);
#6349 = CARTESIAN_POINT('',(39.6,92.,-16.));
#6350 = CIRCLE('',#6351,3.4);
#6351 = AXIS2_PLACEMENT_3D('',#6352,#6353,#6354);
#6352 = CARTESIAN_POINT('',(39.6,92.,-19.4));
#6353 = DIRECTION('',(1.,0.,-0.));
#6354 = DIRECTION('',(0.,0.,1.));
#6355 = ORIENTED_EDGE('',*,*,#6356,.T.);
#6356 = EDGE_CURVE('',#6348,#6357,#6359,.T.);
#6357 = VERTEX_POINT('',#6358);
#6358 = CARTESIAN_POINT('',(39.6,88.6,-19.4));
#6359 = CIRCLE('',#6360,3.4);
#6360 = AXIS2_PLACEMENT_3D('',#6361,#6362,#6363);
#6361 = CARTESIAN_POINT('',(39.6,92.,-19.4));
#6362 = DIRECTION('',(1.,0.,-0.));
#6363 = DIRECTION('',(0.,0.,1.));
#6364 = ORIENTED_EDGE('',*,*,#6365,.T.);
#6365 = EDGE_CURVE('',#6357,#1504,#6366,.T.);
#6366 = LINE('',#6367,#6368);
#6367 = CARTESIAN_POINT('',(39.6,88.6,-19.4));
#6368 = VECTOR('',#6369,1.);
#6369 = DIRECTION('',(1.,0.,0.));
#6370 = ORIENTED_EDGE('',*,*,#1511,.F.);
#6371 = ORIENTED_EDGE('',*,*,#6372,.T.);
#6372 = EDGE_CURVE('',#1512,#6373,#6375,.T.);
#6373 = VERTEX_POINT('',#6374);
#6374 = CARTESIAN_POINT('',(41.3,89.,-17.8));
#6375 = LINE('',#6376,#6377);
#6376 = CARTESIAN_POINT('',(39.6,89.,-17.8));
#6377 = VECTOR('',#6378,1.);
#6378 = DIRECTION('',(1.,0.,0.));
#6379 = ORIENTED_EDGE('',*,*,#6380,.F.);
#6380 = EDGE_CURVE('',#6381,#6373,#6383,.T.);
#6381 = VERTEX_POINT('',#6382);
#6382 = CARTESIAN_POINT('',(41.3,89.591681084242,-17.));
#6383 = CIRCLE('',#6384,3.4);
#6384 = AXIS2_PLACEMENT_3D('',#6385,#6386,#6387);
#6385 = CARTESIAN_POINT('',(41.3,92.,-19.4));
#6386 = DIRECTION('',(1.,0.,-0.));
#6387 = DIRECTION('',(0.,0.,1.));
#6388 = ORIENTED_EDGE('',*,*,#6389,.F.);
#6389 = EDGE_CURVE('',#1529,#6381,#6390,.T.);
#6390 = LINE('',#6391,#6392);
#6391 = CARTESIAN_POINT('',(39.6,89.591681084242,-17.));
#6392 = VECTOR('',#6393,1.);
#6393 = DIRECTION('',(1.,0.,0.));
#6394 = ORIENTED_EDGE('',*,*,#1536,.F.);
#6395 = ORIENTED_EDGE('',*,*,#6396,.T.);
#6396 = EDGE_CURVE('',#1537,#6397,#6399,.T.);
#6397 = VERTEX_POINT('',#6398);
#6398 = CARTESIAN_POINT('',(41.3,94.408318915758,-17.));
#6399 = LINE('',#6400,#6401);
#6400 = CARTESIAN_POINT('',(39.6,94.408318915758,-17.));
#6401 = VECTOR('',#6402,1.);
#6402 = DIRECTION('',(1.,0.,0.));
#6403 = ORIENTED_EDGE('',*,*,#6404,.F.);
#6404 = EDGE_CURVE('',#6405,#6397,#6407,.T.);
#6405 = VERTEX_POINT('',#6406);
#6406 = CARTESIAN_POINT('',(41.3,95.,-17.8));
#6407 = CIRCLE('',#6408,3.4);
#6408 = AXIS2_PLACEMENT_3D('',#6409,#6410,#6411);
#6409 = CARTESIAN_POINT('',(41.3,92.,-19.4));
#6410 = DIRECTION('',(1.,0.,-0.));
#6411 = DIRECTION('',(0.,0.,1.));
#6412 = ORIENTED_EDGE('',*,*,#6413,.F.);
#6413 = EDGE_CURVE('',#1554,#6405,#6414,.T.);
#6414 = LINE('',#6415,#6416);
#6415 = CARTESIAN_POINT('',(39.6,95.,-17.8));
#6416 = VECTOR('',#6417,1.);
#6417 = DIRECTION('',(1.,0.,0.));
#6418 = ORIENTED_EDGE('',*,*,#1561,.F.);
#6419 = ORIENTED_EDGE('',*,*,#6332,.F.);
#6420 = CYLINDRICAL_SURFACE('',#6421,3.4);
#6421 = AXIS2_PLACEMENT_3D('',#6422,#6423,#6424);
#6422 = CARTESIAN_POINT('',(39.6,92.,-19.4));
#6423 = DIRECTION('',(1.,0.,0.));
#6424 = DIRECTION('',(0.,0.,1.));
#6425 = ADVANCED_FACE('',(#6426),#6444,.T.);
#6426 = FACE_BOUND('',#6427,.T.);
#6427 = EDGE_LOOP('',(#6428,#6429,#6430,#6438));
#6428 = ORIENTED_EDGE('',*,*,#6413,.F.);
#6429 = ORIENTED_EDGE('',*,*,#1553,.T.);
#6430 = ORIENTED_EDGE('',*,*,#6431,.T.);
#6431 = EDGE_CURVE('',#1546,#6432,#6434,.T.);
#6432 = VERTEX_POINT('',#6433);
#6433 = CARTESIAN_POINT('',(41.3,95.,-17.));
#6434 = LINE('',#6435,#6436);
#6435 = CARTESIAN_POINT('',(35.8,95.,-17.));
#6436 = VECTOR('',#6437,1.);
#6437 = DIRECTION('',(1.,0.,0.));
#6438 = ORIENTED_EDGE('',*,*,#6439,.F.);
#6439 = EDGE_CURVE('',#6405,#6432,#6440,.T.);
#6440 = LINE('',#6441,#6442);
#6441 = CARTESIAN_POINT('',(41.3,95.,-25.));
#6442 = VECTOR('',#6443,1.);
#6443 = DIRECTION('',(0.,0.,1.));
#6444 = PLANE('',#6445);
#6445 = AXIS2_PLACEMENT_3D('',#6446,#6447,#6448);
#6446 = CARTESIAN_POINT('',(35.8,95.,-25.));
#6447 = DIRECTION('',(0.,1.,0.));
#6448 = DIRECTION('',(0.,0.,1.));
#6449 = ADVANCED_FACE('',(#6450),#6461,.T.);
#6450 = FACE_BOUND('',#6451,.T.);
#6451 = EDGE_LOOP('',(#6452,#6453,#6454,#6455));
#6452 = ORIENTED_EDGE('',*,*,#6431,.F.);
#6453 = ORIENTED_EDGE('',*,*,#1545,.T.);
#6454 = ORIENTED_EDGE('',*,*,#6396,.T.);
#6455 = ORIENTED_EDGE('',*,*,#6456,.T.);
#6456 = EDGE_CURVE('',#6397,#6432,#6457,.T.);
#6457 = LINE('',#6458,#6459);
#6458 = CARTESIAN_POINT('',(41.3,89.,-17.));
#6459 = VECTOR('',#6460,1.);
#6460 = DIRECTION('',(0.,1.,0.));
#6461 = PLANE('',#6462);
#6462 = AXIS2_PLACEMENT_3D('',#6463,#6464,#6465);
#6463 = CARTESIAN_POINT('',(35.8,89.,-17.));
#6464 = DIRECTION('',(0.,0.,1.));
#6465 = DIRECTION('',(1.,0.,0.));
#6466 = ADVANCED_FACE('',(#6467),#6485,.T.);
#6467 = FACE_BOUND('',#6468,.T.);
#6468 = EDGE_LOOP('',(#6469,#6470,#6471,#6479));
#6469 = ORIENTED_EDGE('',*,*,#6389,.F.);
#6470 = ORIENTED_EDGE('',*,*,#1528,.T.);
#6471 = ORIENTED_EDGE('',*,*,#6472,.T.);
#6472 = EDGE_CURVE('',#1521,#6473,#6475,.T.);
#6473 = VERTEX_POINT('',#6474);
#6474 = CARTESIAN_POINT('',(41.3,89.,-17.));
#6475 = LINE('',#6476,#6477);
#6476 = CARTESIAN_POINT('',(35.8,89.,-17.));
#6477 = VECTOR('',#6478,1.);
#6478 = DIRECTION('',(1.,0.,0.));
#6479 = ORIENTED_EDGE('',*,*,#6480,.T.);
#6480 = EDGE_CURVE('',#6473,#6381,#6481,.T.);
#6481 = LINE('',#6482,#6483);
#6482 = CARTESIAN_POINT('',(41.3,89.,-17.));
#6483 = VECTOR('',#6484,1.);
#6484 = DIRECTION('',(0.,1.,0.));
#6485 = PLANE('',#6486);
#6486 = AXIS2_PLACEMENT_3D('',#6487,#6488,#6489);
#6487 = CARTESIAN_POINT('',(35.8,89.,-17.));
#6488 = DIRECTION('',(0.,0.,1.));
#6489 = DIRECTION('',(1.,0.,0.));
#6490 = ADVANCED_FACE('',(#6491),#6502,.F.);
#6491 = FACE_BOUND('',#6492,.F.);
#6492 = EDGE_LOOP('',(#6493,#6494,#6495,#6496));
#6493 = ORIENTED_EDGE('',*,*,#6372,.F.);
#6494 = ORIENTED_EDGE('',*,*,#1520,.T.);
#6495 = ORIENTED_EDGE('',*,*,#6472,.T.);
#6496 = ORIENTED_EDGE('',*,*,#6497,.F.);
#6497 = EDGE_CURVE('',#6373,#6473,#6498,.T.);
#6498 = LINE('',#6499,#6500);
#6499 = CARTESIAN_POINT('',(41.3,89.,-25.));
#6500 = VECTOR('',#6501,1.);
#6501 = DIRECTION('',(0.,0.,1.));
#6502 = PLANE('',#6503);
#6503 = AXIS2_PLACEMENT_3D('',#6504,#6505,#6506);
#6504 = CARTESIAN_POINT('',(35.8,89.,-25.));
#6505 = DIRECTION('',(0.,1.,0.));
#6506 = DIRECTION('',(0.,0.,1.));
#6507 = ADVANCED_FACE('',(#6508),#6519,.T.);
#6508 = FACE_BOUND('',#6509,.T.);
#6509 = EDGE_LOOP('',(#6510,#6511,#6517,#6518));
#6510 = ORIENTED_EDGE('',*,*,#6251,.F.);
#6511 = ORIENTED_EDGE('',*,*,#6512,.T.);
#6512 = EDGE_CURVE('',#6252,#6357,#6513,.T.);
#6513 = LINE('',#6514,#6515);
#6514 = CARTESIAN_POINT('',(39.6,88.6,-22.6));
#6515 = VECTOR('',#6516,1.);
#6516 = DIRECTION('',(0.,0.,1.));
#6517 = ORIENTED_EDGE('',*,*,#6365,.T.);
#6518 = ORIENTED_EDGE('',*,*,#1503,.F.);
#6519 = PLANE('',#6520);
#6520 = AXIS2_PLACEMENT_3D('',#6521,#6522,#6523);
#6521 = CARTESIAN_POINT('',(39.6,88.6,-22.6));
#6522 = DIRECTION('',(0.,1.,0.));
#6523 = DIRECTION('',(0.,0.,1.));
#6524 = ADVANCED_FACE('',(#6525),#6543,.F.);
#6525 = FACE_BOUND('',#6526,.F.);
#6526 = EDGE_LOOP('',(#6527,#6535,#6536,#6537));
#6527 = ORIENTED_EDGE('',*,*,#6528,.F.);
#6528 = EDGE_CURVE('',#1479,#6529,#6531,.T.);
#6529 = VERTEX_POINT('',#6530);
#6530 = CARTESIAN_POINT('',(41.3,89.,-25.));
#6531 = LINE('',#6532,#6533);
#6532 = CARTESIAN_POINT('',(35.8,89.,-25.));
#6533 = VECTOR('',#6534,1.);
#6534 = DIRECTION('',(1.,0.,0.));
#6535 = ORIENTED_EDGE('',*,*,#1486,.T.);
#6536 = ORIENTED_EDGE('',*,*,#6309,.T.);
#6537 = ORIENTED_EDGE('',*,*,#6538,.F.);
#6538 = EDGE_CURVE('',#6529,#6301,#6539,.T.);
#6539 = LINE('',#6540,#6541);
#6540 = CARTESIAN_POINT('',(41.3,89.,-25.));
#6541 = VECTOR('',#6542,1.);
#6542 = DIRECTION('',(0.,0.,1.));
#6543 = PLANE('',#6544);
#6544 = AXIS2_PLACEMENT_3D('',#6545,#6546,#6547);
#6545 = CARTESIAN_POINT('',(35.8,89.,-25.));
#6546 = DIRECTION('',(0.,1.,0.));
#6547 = DIRECTION('',(0.,0.,1.));
#6548 = ADVANCED_FACE('',(#6549),#6560,.F.);
#6549 = FACE_BOUND('',#6550,.F.);
#6550 = EDGE_LOOP('',(#6551,#6552,#6553,#6554));
#6551 = ORIENTED_EDGE('',*,*,#6292,.F.);
#6552 = ORIENTED_EDGE('',*,*,#1478,.T.);
#6553 = ORIENTED_EDGE('',*,*,#6528,.T.);
#6554 = ORIENTED_EDGE('',*,*,#6555,.T.);
#6555 = EDGE_CURVE('',#6529,#6293,#6556,.T.);
#6556 = LINE('',#6557,#6558);
#6557 = CARTESIAN_POINT('',(41.3,89.,-25.));
#6558 = VECTOR('',#6559,1.);
#6559 = DIRECTION('',(0.,1.,0.));
#6560 = PLANE('',#6561);
#6561 = AXIS2_PLACEMENT_3D('',#6562,#6563,#6564);
#6562 = CARTESIAN_POINT('',(35.8,89.,-25.));
#6563 = DIRECTION('',(0.,0.,1.));
#6564 = DIRECTION('',(1.,0.,0.));
#6565 = ADVANCED_FACE('',(#6566),#6577,.F.);
#6566 = FACE_BOUND('',#6567,.F.);
#6567 = EDGE_LOOP('',(#6568,#6569,#6570,#6571));
#6568 = ORIENTED_EDGE('',*,*,#6219,.F.);
#6569 = ORIENTED_EDGE('',*,*,#1461,.T.);
#6570 = ORIENTED_EDGE('',*,*,#6285,.T.);
#6571 = ORIENTED_EDGE('',*,*,#6572,.T.);
#6572 = EDGE_CURVE('',#6277,#6220,#6573,.T.);
#6573 = LINE('',#6574,#6575);
#6574 = CARTESIAN_POINT('',(41.3,89.,-25.));
#6575 = VECTOR('',#6576,1.);
#6576 = DIRECTION('',(0.,1.,0.));
#6577 = PLANE('',#6578);
#6578 = AXIS2_PLACEMENT_3D('',#6579,#6580,#6581);
#6579 = CARTESIAN_POINT('',(35.8,89.,-25.));
#6580 = DIRECTION('',(0.,0.,1.));
#6581 = DIRECTION('',(1.,0.,0.));
#6582 = ADVANCED_FACE('',(#6583),#6608,.T.);
#6583 = FACE_BOUND('',#6584,.T.);
#6584 = EDGE_LOOP('',(#6585,#6593,#6594,#6602));
#6585 = ORIENTED_EDGE('',*,*,#6586,.F.);
#6586 = EDGE_CURVE('',#1588,#6587,#6589,.T.);
#6587 = VERTEX_POINT('',#6588);
#6588 = CARTESIAN_POINT('',(41.3,83.,-25.));
#6589 = LINE('',#6590,#6591);
#6590 = CARTESIAN_POINT('',(35.8,83.,-25.));
#6591 = VECTOR('',#6592,1.);
#6592 = DIRECTION('',(1.,0.,0.));
#6593 = ORIENTED_EDGE('',*,*,#1587,.T.);
#6594 = ORIENTED_EDGE('',*,*,#6595,.T.);
#6595 = EDGE_CURVE('',#1590,#6596,#6598,.T.);
#6596 = VERTEX_POINT('',#6597);
#6597 = CARTESIAN_POINT('',(41.3,83.,-24.2));
#6598 = LINE('',#6599,#6600);
#6599 = CARTESIAN_POINT('',(39.6,83.,-24.2));
#6600 = VECTOR('',#6601,1.);
#6601 = DIRECTION('',(1.,0.,0.));
#6602 = ORIENTED_EDGE('',*,*,#6603,.F.);
#6603 = EDGE_CURVE('',#6587,#6596,#6604,.T.);
#6604 = LINE('',#6605,#6606);
#6605 = CARTESIAN_POINT('',(41.3,83.,-25.));
#6606 = VECTOR('',#6607,1.);
#6607 = DIRECTION('',(0.,0.,1.));
#6608 = PLANE('',#6609);
#6609 = AXIS2_PLACEMENT_3D('',#6610,#6611,#6612);
#6610 = CARTESIAN_POINT('',(35.8,83.,-25.));
#6611 = DIRECTION('',(0.,1.,0.));
#6612 = DIRECTION('',(0.,0.,1.));
#6613 = ADVANCED_FACE('',(#6614),#6681,.F.);
#6614 = FACE_BOUND('',#6615,.F.);
#6615 = EDGE_LOOP('',(#6616,#6617,#6625,#6634,#6640,#6641,#6642,#6651,
    #6657,#6658,#6666,#6675));
#6616 = ORIENTED_EDGE('',*,*,#1630,.F.);
#6617 = ORIENTED_EDGE('',*,*,#6618,.F.);
#6618 = EDGE_CURVE('',#6619,#1631,#6621,.T.);
#6619 = VERTEX_POINT('',#6620);
#6620 = CARTESIAN_POINT('',(39.6,76.6,-22.6));
#6621 = LINE('',#6622,#6623);
#6622 = CARTESIAN_POINT('',(39.6,76.6,-22.6));
#6623 = VECTOR('',#6624,1.);
#6624 = DIRECTION('',(1.,0.,0.));
#6625 = ORIENTED_EDGE('',*,*,#6626,.T.);
#6626 = EDGE_CURVE('',#6619,#6627,#6629,.T.);
#6627 = VERTEX_POINT('',#6628);
#6628 = CARTESIAN_POINT('',(39.6,83.4,-22.6));
#6629 = CIRCLE('',#6630,3.4);
#6630 = AXIS2_PLACEMENT_3D('',#6631,#6632,#6633);
#6631 = CARTESIAN_POINT('',(39.6,80.,-22.6));
#6632 = DIRECTION('',(1.,0.,-0.));
#6633 = DIRECTION('',(0.,0.,1.));
#6634 = ORIENTED_EDGE('',*,*,#6635,.T.);
#6635 = EDGE_CURVE('',#6627,#1707,#6636,.T.);
#6636 = LINE('',#6637,#6638);
#6637 = CARTESIAN_POINT('',(39.6,83.4,-22.6));
#6638 = VECTOR('',#6639,1.);
#6639 = DIRECTION('',(1.,0.,0.));
#6640 = ORIENTED_EDGE('',*,*,#1714,.F.);
#6641 = ORIENTED_EDGE('',*,*,#6595,.T.);
#6642 = ORIENTED_EDGE('',*,*,#6643,.F.);
#6643 = EDGE_CURVE('',#6644,#6596,#6646,.T.);
#6644 = VERTEX_POINT('',#6645);
#6645 = CARTESIAN_POINT('',(41.3,82.408318915758,-25.));
#6646 = CIRCLE('',#6647,3.4);
#6647 = AXIS2_PLACEMENT_3D('',#6648,#6649,#6650);
#6648 = CARTESIAN_POINT('',(41.3,80.,-22.6));
#6649 = DIRECTION('',(1.,0.,-0.));
#6650 = DIRECTION('',(0.,0.,1.));
#6651 = ORIENTED_EDGE('',*,*,#6652,.F.);
#6652 = EDGE_CURVE('',#1598,#6644,#6653,.T.);
#6653 = LINE('',#6654,#6655);
#6654 = CARTESIAN_POINT('',(39.6,82.408318915758,-25.));
#6655 = VECTOR('',#6656,1.);
#6656 = DIRECTION('',(1.,0.,0.));
#6657 = ORIENTED_EDGE('',*,*,#1605,.F.);
#6658 = ORIENTED_EDGE('',*,*,#6659,.T.);
#6659 = EDGE_CURVE('',#1606,#6660,#6662,.T.);
#6660 = VERTEX_POINT('',#6661);
#6661 = CARTESIAN_POINT('',(41.3,77.591681084242,-25.));
#6662 = LINE('',#6663,#6664);
#6663 = CARTESIAN_POINT('',(39.6,77.591681084242,-25.));
#6664 = VECTOR('',#6665,1.);
#6665 = DIRECTION('',(1.,0.,0.));
#6666 = ORIENTED_EDGE('',*,*,#6667,.F.);
#6667 = EDGE_CURVE('',#6668,#6660,#6670,.T.);
#6668 = VERTEX_POINT('',#6669);
#6669 = CARTESIAN_POINT('',(41.3,77.,-24.2));
#6670 = CIRCLE('',#6671,3.4);
#6671 = AXIS2_PLACEMENT_3D('',#6672,#6673,#6674);
#6672 = CARTESIAN_POINT('',(41.3,80.,-22.6));
#6673 = DIRECTION('',(1.,0.,-0.));
#6674 = DIRECTION('',(0.,0.,1.));
#6675 = ORIENTED_EDGE('',*,*,#6676,.F.);
#6676 = EDGE_CURVE('',#1623,#6668,#6677,.T.);
#6677 = LINE('',#6678,#6679);
#6678 = CARTESIAN_POINT('',(39.6,77.,-24.2));
#6679 = VECTOR('',#6680,1.);
#6680 = DIRECTION('',(1.,0.,0.));
#6681 = CYLINDRICAL_SURFACE('',#6682,3.4);
#6682 = AXIS2_PLACEMENT_3D('',#6683,#6684,#6685);
#6683 = CARTESIAN_POINT('',(39.6,80.,-22.6));
#6684 = DIRECTION('',(1.,0.,0.));
#6685 = DIRECTION('',(0.,0.,1.));
#6686 = ADVANCED_FACE('',(#6687),#6705,.F.);
#6687 = FACE_BOUND('',#6688,.F.);
#6688 = EDGE_LOOP('',(#6689,#6690,#6698,#6704));
#6689 = ORIENTED_EDGE('',*,*,#6635,.F.);
#6690 = ORIENTED_EDGE('',*,*,#6691,.T.);
#6691 = EDGE_CURVE('',#6627,#6692,#6694,.T.);
#6692 = VERTEX_POINT('',#6693);
#6693 = CARTESIAN_POINT('',(39.6,83.4,-19.4));
#6694 = LINE('',#6695,#6696);
#6695 = CARTESIAN_POINT('',(39.6,83.4,-22.6));
#6696 = VECTOR('',#6697,1.);
#6697 = DIRECTION('',(0.,0.,1.));
#6698 = ORIENTED_EDGE('',*,*,#6699,.T.);
#6699 = EDGE_CURVE('',#6692,#1698,#6700,.T.);
#6700 = LINE('',#6701,#6702);
#6701 = CARTESIAN_POINT('',(39.6,83.4,-19.4));
#6702 = VECTOR('',#6703,1.);
#6703 = DIRECTION('',(1.,0.,0.));
#6704 = ORIENTED_EDGE('',*,*,#1706,.F.);
#6705 = PLANE('',#6706);
#6706 = AXIS2_PLACEMENT_3D('',#6707,#6708,#6709);
#6707 = CARTESIAN_POINT('',(39.6,83.4,-22.6));
#6708 = DIRECTION('',(0.,1.,0.));
#6709 = DIRECTION('',(0.,0.,1.));
#6710 = ADVANCED_FACE('',(#6711),#6787,.F.);
#6711 = FACE_BOUND('',#6712,.F.);
#6712 = EDGE_LOOP('',(#6713,#6722,#6731,#6737,#6738,#6746,#6755,#6761,
    #6762,#6770,#6779,#6785,#6786));
#6713 = ORIENTED_EDGE('',*,*,#6714,.T.);
#6714 = EDGE_CURVE('',#6692,#6715,#6717,.T.);
#6715 = VERTEX_POINT('',#6716);
#6716 = CARTESIAN_POINT('',(39.6,80.,-16.));
#6717 = CIRCLE('',#6718,3.4);
#6718 = AXIS2_PLACEMENT_3D('',#6719,#6720,#6721);
#6719 = CARTESIAN_POINT('',(39.6,80.,-19.4));
#6720 = DIRECTION('',(1.,0.,-0.));
#6721 = DIRECTION('',(0.,0.,1.));
#6722 = ORIENTED_EDGE('',*,*,#6723,.T.);
#6723 = EDGE_CURVE('',#6715,#6724,#6726,.T.);
#6724 = VERTEX_POINT('',#6725);
#6725 = CARTESIAN_POINT('',(39.6,76.6,-19.4));
#6726 = CIRCLE('',#6727,3.4);
#6727 = AXIS2_PLACEMENT_3D('',#6728,#6729,#6730);
#6728 = CARTESIAN_POINT('',(39.6,80.,-19.4));
#6729 = DIRECTION('',(1.,0.,-0.));
#6730 = DIRECTION('',(0.,0.,1.));
#6731 = ORIENTED_EDGE('',*,*,#6732,.T.);
#6732 = EDGE_CURVE('',#6724,#1640,#6733,.T.);
#6733 = LINE('',#6734,#6735);
#6734 = CARTESIAN_POINT('',(39.6,76.6,-19.4));
#6735 = VECTOR('',#6736,1.);
#6736 = DIRECTION('',(1.,0.,0.));
#6737 = ORIENTED_EDGE('',*,*,#1647,.F.);
#6738 = ORIENTED_EDGE('',*,*,#6739,.T.);
#6739 = EDGE_CURVE('',#1648,#6740,#6742,.T.);
#6740 = VERTEX_POINT('',#6741);
#6741 = CARTESIAN_POINT('',(41.3,77.,-17.8));
#6742 = LINE('',#6743,#6744);
#6743 = CARTESIAN_POINT('',(39.6,77.,-17.8));
#6744 = VECTOR('',#6745,1.);
#6745 = DIRECTION('',(1.,0.,0.));
#6746 = ORIENTED_EDGE('',*,*,#6747,.F.);
#6747 = EDGE_CURVE('',#6748,#6740,#6750,.T.);
#6748 = VERTEX_POINT('',#6749);
#6749 = CARTESIAN_POINT('',(41.3,77.591681084241,-17.));
#6750 = CIRCLE('',#6751,3.4);
#6751 = AXIS2_PLACEMENT_3D('',#6752,#6753,#6754);
#6752 = CARTESIAN_POINT('',(41.3,80.,-19.4));
#6753 = DIRECTION('',(1.,0.,-0.));
#6754 = DIRECTION('',(0.,0.,1.));
#6755 = ORIENTED_EDGE('',*,*,#6756,.F.);
#6756 = EDGE_CURVE('',#1665,#6748,#6757,.T.);
#6757 = LINE('',#6758,#6759);
#6758 = CARTESIAN_POINT('',(39.6,77.591681084242,-17.));
#6759 = VECTOR('',#6760,1.);
#6760 = DIRECTION('',(1.,0.,0.));
#6761 = ORIENTED_EDGE('',*,*,#1672,.F.);
#6762 = ORIENTED_EDGE('',*,*,#6763,.T.);
#6763 = EDGE_CURVE('',#1673,#6764,#6766,.T.);
#6764 = VERTEX_POINT('',#6765);
#6765 = CARTESIAN_POINT('',(41.3,82.408318915759,-17.));
#6766 = LINE('',#6767,#6768);
#6767 = CARTESIAN_POINT('',(39.6,82.408318915758,-17.));
#6768 = VECTOR('',#6769,1.);
#6769 = DIRECTION('',(1.,0.,0.));
#6770 = ORIENTED_EDGE('',*,*,#6771,.F.);
#6771 = EDGE_CURVE('',#6772,#6764,#6774,.T.);
#6772 = VERTEX_POINT('',#6773);
#6773 = CARTESIAN_POINT('',(41.3,83.,-17.8));
#6774 = CIRCLE('',#6775,3.4);
#6775 = AXIS2_PLACEMENT_3D('',#6776,#6777,#6778);
#6776 = CARTESIAN_POINT('',(41.3,80.,-19.4));
#6777 = DIRECTION('',(1.,0.,-0.));
#6778 = DIRECTION('',(0.,0.,1.));
#6779 = ORIENTED_EDGE('',*,*,#6780,.F.);
#6780 = EDGE_CURVE('',#1690,#6772,#6781,.T.);
#6781 = LINE('',#6782,#6783);
#6782 = CARTESIAN_POINT('',(39.6,83.,-17.8));
#6783 = VECTOR('',#6784,1.);
#6784 = DIRECTION('',(1.,0.,0.));
#6785 = ORIENTED_EDGE('',*,*,#1697,.F.);
#6786 = ORIENTED_EDGE('',*,*,#6699,.F.);
#6787 = CYLINDRICAL_SURFACE('',#6788,3.4);
#6788 = AXIS2_PLACEMENT_3D('',#6789,#6790,#6791);
#6789 = CARTESIAN_POINT('',(39.6,80.,-19.4));
#6790 = DIRECTION('',(1.,0.,0.));
#6791 = DIRECTION('',(0.,0.,1.));
#6792 = ADVANCED_FACE('',(#6793),#6811,.T.);
#6793 = FACE_BOUND('',#6794,.T.);
#6794 = EDGE_LOOP('',(#6795,#6796,#6797,#6805));
#6795 = ORIENTED_EDGE('',*,*,#6780,.F.);
#6796 = ORIENTED_EDGE('',*,*,#1689,.T.);
#6797 = ORIENTED_EDGE('',*,*,#6798,.T.);
#6798 = EDGE_CURVE('',#1682,#6799,#6801,.T.);
#6799 = VERTEX_POINT('',#6800);
#6800 = CARTESIAN_POINT('',(41.3,83.,-17.));
#6801 = LINE('',#6802,#6803);
#6802 = CARTESIAN_POINT('',(35.8,83.,-17.));
#6803 = VECTOR('',#6804,1.);
#6804 = DIRECTION('',(1.,0.,0.));
#6805 = ORIENTED_EDGE('',*,*,#6806,.F.);
#6806 = EDGE_CURVE('',#6772,#6799,#6807,.T.);
#6807 = LINE('',#6808,#6809);
#6808 = CARTESIAN_POINT('',(41.3,83.,-25.));
#6809 = VECTOR('',#6810,1.);
#6810 = DIRECTION('',(0.,0.,1.));
#6811 = PLANE('',#6812);
#6812 = AXIS2_PLACEMENT_3D('',#6813,#6814,#6815);
#6813 = CARTESIAN_POINT('',(35.8,83.,-25.));
#6814 = DIRECTION('',(0.,1.,0.));
#6815 = DIRECTION('',(0.,0.,1.));
#6816 = ADVANCED_FACE('',(#6817),#6828,.T.);
#6817 = FACE_BOUND('',#6818,.T.);
#6818 = EDGE_LOOP('',(#6819,#6820,#6821,#6822));
#6819 = ORIENTED_EDGE('',*,*,#6798,.F.);
#6820 = ORIENTED_EDGE('',*,*,#1681,.T.);
#6821 = ORIENTED_EDGE('',*,*,#6763,.T.);
#6822 = ORIENTED_EDGE('',*,*,#6823,.T.);
#6823 = EDGE_CURVE('',#6764,#6799,#6824,.T.);
#6824 = LINE('',#6825,#6826);
#6825 = CARTESIAN_POINT('',(41.3,77.,-17.));
#6826 = VECTOR('',#6827,1.);
#6827 = DIRECTION('',(0.,1.,0.));
#6828 = PLANE('',#6829);
#6829 = AXIS2_PLACEMENT_3D('',#6830,#6831,#6832);
#6830 = CARTESIAN_POINT('',(35.8,77.,-17.));
#6831 = DIRECTION('',(0.,0.,1.));
#6832 = DIRECTION('',(1.,0.,0.));
#6833 = ADVANCED_FACE('',(#6834),#6852,.T.);
#6834 = FACE_BOUND('',#6835,.T.);
#6835 = EDGE_LOOP('',(#6836,#6837,#6838,#6846));
#6836 = ORIENTED_EDGE('',*,*,#6756,.F.);
#6837 = ORIENTED_EDGE('',*,*,#1664,.T.);
#6838 = ORIENTED_EDGE('',*,*,#6839,.T.);
#6839 = EDGE_CURVE('',#1657,#6840,#6842,.T.);
#6840 = VERTEX_POINT('',#6841);
#6841 = CARTESIAN_POINT('',(41.3,77.,-17.));
#6842 = LINE('',#6843,#6844);
#6843 = CARTESIAN_POINT('',(35.8,77.,-17.));
#6844 = VECTOR('',#6845,1.);
#6845 = DIRECTION('',(1.,0.,0.));
#6846 = ORIENTED_EDGE('',*,*,#6847,.T.);
#6847 = EDGE_CURVE('',#6840,#6748,#6848,.T.);
#6848 = LINE('',#6849,#6850);
#6849 = CARTESIAN_POINT('',(41.3,77.,-17.));
#6850 = VECTOR('',#6851,1.);
#6851 = DIRECTION('',(0.,1.,0.));
#6852 = PLANE('',#6853);
#6853 = AXIS2_PLACEMENT_3D('',#6854,#6855,#6856);
#6854 = CARTESIAN_POINT('',(35.8,77.,-17.));
#6855 = DIRECTION('',(0.,0.,1.));
#6856 = DIRECTION('',(1.,0.,0.));
#6857 = ADVANCED_FACE('',(#6858),#6869,.F.);
#6858 = FACE_BOUND('',#6859,.F.);
#6859 = EDGE_LOOP('',(#6860,#6861,#6862,#6863));
#6860 = ORIENTED_EDGE('',*,*,#6739,.F.);
#6861 = ORIENTED_EDGE('',*,*,#1656,.T.);
#6862 = ORIENTED_EDGE('',*,*,#6839,.T.);
#6863 = ORIENTED_EDGE('',*,*,#6864,.F.);
#6864 = EDGE_CURVE('',#6740,#6840,#6865,.T.);
#6865 = LINE('',#6866,#6867);
#6866 = CARTESIAN_POINT('',(41.3,77.,-25.));
#6867 = VECTOR('',#6868,1.);
#6868 = DIRECTION('',(0.,0.,1.));
#6869 = PLANE('',#6870);
#6870 = AXIS2_PLACEMENT_3D('',#6871,#6872,#6873);
#6871 = CARTESIAN_POINT('',(35.8,77.,-25.));
#6872 = DIRECTION('',(0.,1.,0.));
#6873 = DIRECTION('',(0.,0.,1.));
#6874 = ADVANCED_FACE('',(#6875),#6886,.T.);
#6875 = FACE_BOUND('',#6876,.T.);
#6876 = EDGE_LOOP('',(#6877,#6878,#6884,#6885));
#6877 = ORIENTED_EDGE('',*,*,#6618,.F.);
#6878 = ORIENTED_EDGE('',*,*,#6879,.T.);
#6879 = EDGE_CURVE('',#6619,#6724,#6880,.T.);
#6880 = LINE('',#6881,#6882);
#6881 = CARTESIAN_POINT('',(39.6,76.6,-22.6));
#6882 = VECTOR('',#6883,1.);
#6883 = DIRECTION('',(0.,0.,1.));
#6884 = ORIENTED_EDGE('',*,*,#6732,.T.);
#6885 = ORIENTED_EDGE('',*,*,#1639,.F.);
#6886 = PLANE('',#6887);
#6887 = AXIS2_PLACEMENT_3D('',#6888,#6889,#6890);
#6888 = CARTESIAN_POINT('',(39.6,76.6,-22.6));
#6889 = DIRECTION('',(0.,1.,0.));
#6890 = DIRECTION('',(0.,0.,1.));
#6891 = ADVANCED_FACE('',(#6892),#6910,.F.);
#6892 = FACE_BOUND('',#6893,.F.);
#6893 = EDGE_LOOP('',(#6894,#6902,#6903,#6904));
#6894 = ORIENTED_EDGE('',*,*,#6895,.F.);
#6895 = EDGE_CURVE('',#1615,#6896,#6898,.T.);
#6896 = VERTEX_POINT('',#6897);
#6897 = CARTESIAN_POINT('',(41.3,77.,-25.));
#6898 = LINE('',#6899,#6900);
#6899 = CARTESIAN_POINT('',(35.8,77.,-25.));
#6900 = VECTOR('',#6901,1.);
#6901 = DIRECTION('',(1.,0.,0.));
#6902 = ORIENTED_EDGE('',*,*,#1622,.T.);
#6903 = ORIENTED_EDGE('',*,*,#6676,.T.);
#6904 = ORIENTED_EDGE('',*,*,#6905,.F.);
#6905 = EDGE_CURVE('',#6896,#6668,#6906,.T.);
#6906 = LINE('',#6907,#6908);
#6907 = CARTESIAN_POINT('',(41.3,77.,-25.));
#6908 = VECTOR('',#6909,1.);
#6909 = DIRECTION('',(0.,0.,1.));
#6910 = PLANE('',#6911);
#6911 = AXIS2_PLACEMENT_3D('',#6912,#6913,#6914);
#6912 = CARTESIAN_POINT('',(35.8,77.,-25.));
#6913 = DIRECTION('',(0.,1.,0.));
#6914 = DIRECTION('',(0.,0.,1.));
#6915 = ADVANCED_FACE('',(#6916),#6927,.F.);
#6916 = FACE_BOUND('',#6917,.F.);
#6917 = EDGE_LOOP('',(#6918,#6919,#6920,#6921));
#6918 = ORIENTED_EDGE('',*,*,#6659,.F.);
#6919 = ORIENTED_EDGE('',*,*,#1614,.T.);
#6920 = ORIENTED_EDGE('',*,*,#6895,.T.);
#6921 = ORIENTED_EDGE('',*,*,#6922,.T.);
#6922 = EDGE_CURVE('',#6896,#6660,#6923,.T.);
#6923 = LINE('',#6924,#6925);
#6924 = CARTESIAN_POINT('',(41.3,77.,-25.));
#6925 = VECTOR('',#6926,1.);
#6926 = DIRECTION('',(0.,1.,0.));
#6927 = PLANE('',#6928);
#6928 = AXIS2_PLACEMENT_3D('',#6929,#6930,#6931);
#6929 = CARTESIAN_POINT('',(35.8,77.,-25.));
#6930 = DIRECTION('',(0.,0.,1.));
#6931 = DIRECTION('',(1.,0.,0.));
#6932 = ADVANCED_FACE('',(#6933),#6944,.F.);
#6933 = FACE_BOUND('',#6934,.F.);
#6934 = EDGE_LOOP('',(#6935,#6936,#6937,#6938));
#6935 = ORIENTED_EDGE('',*,*,#6586,.F.);
#6936 = ORIENTED_EDGE('',*,*,#1597,.T.);
#6937 = ORIENTED_EDGE('',*,*,#6652,.T.);
#6938 = ORIENTED_EDGE('',*,*,#6939,.T.);
#6939 = EDGE_CURVE('',#6644,#6587,#6940,.T.);
#6940 = LINE('',#6941,#6942);
#6941 = CARTESIAN_POINT('',(41.3,77.,-25.));
#6942 = VECTOR('',#6943,1.);
#6943 = DIRECTION('',(0.,1.,0.));
#6944 = PLANE('',#6945);
#6945 = AXIS2_PLACEMENT_3D('',#6946,#6947,#6948);
#6946 = CARTESIAN_POINT('',(35.8,77.,-25.));
#6947 = DIRECTION('',(0.,0.,1.));
#6948 = DIRECTION('',(1.,0.,0.));
#6949 = ADVANCED_FACE('',(#6950),#6975,.T.);
#6950 = FACE_BOUND('',#6951,.T.);
#6951 = EDGE_LOOP('',(#6952,#6960,#6961,#6969));
#6952 = ORIENTED_EDGE('',*,*,#6953,.F.);
#6953 = EDGE_CURVE('',#1724,#6954,#6956,.T.);
#6954 = VERTEX_POINT('',#6955);
#6955 = CARTESIAN_POINT('',(41.3,71.,-25.));
#6956 = LINE('',#6957,#6958);
#6957 = CARTESIAN_POINT('',(35.8,71.,-25.));
#6958 = VECTOR('',#6959,1.);
#6959 = DIRECTION('',(1.,0.,0.));
#6960 = ORIENTED_EDGE('',*,*,#1723,.T.);
#6961 = ORIENTED_EDGE('',*,*,#6962,.T.);
#6962 = EDGE_CURVE('',#1726,#6963,#6965,.T.);
#6963 = VERTEX_POINT('',#6964);
#6964 = CARTESIAN_POINT('',(41.3,71.,-24.2));
#6965 = LINE('',#6966,#6967);
#6966 = CARTESIAN_POINT('',(39.6,71.,-24.2));
#6967 = VECTOR('',#6968,1.);
#6968 = DIRECTION('',(1.,0.,0.));
#6969 = ORIENTED_EDGE('',*,*,#6970,.F.);
#6970 = EDGE_CURVE('',#6954,#6963,#6971,.T.);
#6971 = LINE('',#6972,#6973);
#6972 = CARTESIAN_POINT('',(41.3,71.,-25.));
#6973 = VECTOR('',#6974,1.);
#6974 = DIRECTION('',(0.,0.,1.));
#6975 = PLANE('',#6976);
#6976 = AXIS2_PLACEMENT_3D('',#6977,#6978,#6979);
#6977 = CARTESIAN_POINT('',(35.8,71.,-25.));
#6978 = DIRECTION('',(0.,1.,0.));
#6979 = DIRECTION('',(0.,0.,1.));
#6980 = ADVANCED_FACE('',(#6981),#7048,.F.);
#6981 = FACE_BOUND('',#6982,.F.);
#6982 = EDGE_LOOP('',(#6983,#6984,#6992,#7001,#7007,#7008,#7009,#7018,
    #7024,#7025,#7033,#7042));
#6983 = ORIENTED_EDGE('',*,*,#1766,.F.);
#6984 = ORIENTED_EDGE('',*,*,#6985,.F.);
#6985 = EDGE_CURVE('',#6986,#1767,#6988,.T.);
#6986 = VERTEX_POINT('',#6987);
#6987 = CARTESIAN_POINT('',(39.6,64.6,-22.6));
#6988 = LINE('',#6989,#6990);
#6989 = CARTESIAN_POINT('',(39.6,64.6,-22.6));
#6990 = VECTOR('',#6991,1.);
#6991 = DIRECTION('',(1.,0.,0.));
#6992 = ORIENTED_EDGE('',*,*,#6993,.T.);
#6993 = EDGE_CURVE('',#6986,#6994,#6996,.T.);
#6994 = VERTEX_POINT('',#6995);
#6995 = CARTESIAN_POINT('',(39.6,71.4,-22.6));
#6996 = CIRCLE('',#6997,3.4);
#6997 = AXIS2_PLACEMENT_3D('',#6998,#6999,#7000);
#6998 = CARTESIAN_POINT('',(39.6,68.,-22.6));
#6999 = DIRECTION('',(1.,0.,-0.));
#7000 = DIRECTION('',(0.,0.,1.));
#7001 = ORIENTED_EDGE('',*,*,#7002,.T.);
#7002 = EDGE_CURVE('',#6994,#1843,#7003,.T.);
#7003 = LINE('',#7004,#7005);
#7004 = CARTESIAN_POINT('',(39.6,71.4,-22.6));
#7005 = VECTOR('',#7006,1.);
#7006 = DIRECTION('',(1.,0.,0.));
#7007 = ORIENTED_EDGE('',*,*,#1850,.F.);
#7008 = ORIENTED_EDGE('',*,*,#6962,.T.);
#7009 = ORIENTED_EDGE('',*,*,#7010,.F.);
#7010 = EDGE_CURVE('',#7011,#6963,#7013,.T.);
#7011 = VERTEX_POINT('',#7012);
#7012 = CARTESIAN_POINT('',(41.3,70.408318915758,-25.));
#7013 = CIRCLE('',#7014,3.4);
#7014 = AXIS2_PLACEMENT_3D('',#7015,#7016,#7017);
#7015 = CARTESIAN_POINT('',(41.3,68.,-22.6));
#7016 = DIRECTION('',(1.,0.,-0.));
#7017 = DIRECTION('',(0.,0.,1.));
#7018 = ORIENTED_EDGE('',*,*,#7019,.F.);
#7019 = EDGE_CURVE('',#1734,#7011,#7020,.T.);
#7020 = LINE('',#7021,#7022);
#7021 = CARTESIAN_POINT('',(39.6,70.408318915758,-25.));
#7022 = VECTOR('',#7023,1.);
#7023 = DIRECTION('',(1.,0.,0.));
#7024 = ORIENTED_EDGE('',*,*,#1741,.F.);
#7025 = ORIENTED_EDGE('',*,*,#7026,.T.);
#7026 = EDGE_CURVE('',#1742,#7027,#7029,.T.);
#7027 = VERTEX_POINT('',#7028);
#7028 = CARTESIAN_POINT('',(41.3,65.591681084242,-25.));
#7029 = LINE('',#7030,#7031);
#7030 = CARTESIAN_POINT('',(39.6,65.591681084242,-25.));
#7031 = VECTOR('',#7032,1.);
#7032 = DIRECTION('',(1.,0.,0.));
#7033 = ORIENTED_EDGE('',*,*,#7034,.F.);
#7034 = EDGE_CURVE('',#7035,#7027,#7037,.T.);
#7035 = VERTEX_POINT('',#7036);
#7036 = CARTESIAN_POINT('',(41.3,65.,-24.2));
#7037 = CIRCLE('',#7038,3.4);
#7038 = AXIS2_PLACEMENT_3D('',#7039,#7040,#7041);
#7039 = CARTESIAN_POINT('',(41.3,68.,-22.6));
#7040 = DIRECTION('',(1.,0.,-0.));
#7041 = DIRECTION('',(0.,0.,1.));
#7042 = ORIENTED_EDGE('',*,*,#7043,.F.);
#7043 = EDGE_CURVE('',#1759,#7035,#7044,.T.);
#7044 = LINE('',#7045,#7046);
#7045 = CARTESIAN_POINT('',(39.6,65.,-24.2));
#7046 = VECTOR('',#7047,1.);
#7047 = DIRECTION('',(1.,0.,0.));
#7048 = CYLINDRICAL_SURFACE('',#7049,3.4);
#7049 = AXIS2_PLACEMENT_3D('',#7050,#7051,#7052);
#7050 = CARTESIAN_POINT('',(39.6,68.,-22.6));
#7051 = DIRECTION('',(1.,0.,0.));
#7052 = DIRECTION('',(0.,0.,1.));
#7053 = ADVANCED_FACE('',(#7054),#7072,.F.);
#7054 = FACE_BOUND('',#7055,.F.);
#7055 = EDGE_LOOP('',(#7056,#7057,#7065,#7071));
#7056 = ORIENTED_EDGE('',*,*,#7002,.F.);
#7057 = ORIENTED_EDGE('',*,*,#7058,.T.);
#7058 = EDGE_CURVE('',#6994,#7059,#7061,.T.);
#7059 = VERTEX_POINT('',#7060);
#7060 = CARTESIAN_POINT('',(39.6,71.4,-19.4));
#7061 = LINE('',#7062,#7063);
#7062 = CARTESIAN_POINT('',(39.6,71.4,-22.6));
#7063 = VECTOR('',#7064,1.);
#7064 = DIRECTION('',(0.,0.,1.));
#7065 = ORIENTED_EDGE('',*,*,#7066,.T.);
#7066 = EDGE_CURVE('',#7059,#1834,#7067,.T.);
#7067 = LINE('',#7068,#7069);
#7068 = CARTESIAN_POINT('',(39.6,71.4,-19.4));
#7069 = VECTOR('',#7070,1.);
#7070 = DIRECTION('',(1.,0.,0.));
#7071 = ORIENTED_EDGE('',*,*,#1842,.F.);
#7072 = PLANE('',#7073);
#7073 = AXIS2_PLACEMENT_3D('',#7074,#7075,#7076);
#7074 = CARTESIAN_POINT('',(39.6,71.4,-22.6));
#7075 = DIRECTION('',(0.,1.,0.));
#7076 = DIRECTION('',(0.,0.,1.));
#7077 = ADVANCED_FACE('',(#7078),#7154,.F.);
#7078 = FACE_BOUND('',#7079,.F.);
#7079 = EDGE_LOOP('',(#7080,#7089,#7098,#7104,#7105,#7113,#7122,#7128,
    #7129,#7137,#7146,#7152,#7153));
#7080 = ORIENTED_EDGE('',*,*,#7081,.T.);
#7081 = EDGE_CURVE('',#7059,#7082,#7084,.T.);
#7082 = VERTEX_POINT('',#7083);
#7083 = CARTESIAN_POINT('',(39.6,68.,-16.));
#7084 = CIRCLE('',#7085,3.4);
#7085 = AXIS2_PLACEMENT_3D('',#7086,#7087,#7088);
#7086 = CARTESIAN_POINT('',(39.6,68.,-19.4));
#7087 = DIRECTION('',(1.,0.,-0.));
#7088 = DIRECTION('',(0.,0.,1.));
#7089 = ORIENTED_EDGE('',*,*,#7090,.T.);
#7090 = EDGE_CURVE('',#7082,#7091,#7093,.T.);
#7091 = VERTEX_POINT('',#7092);
#7092 = CARTESIAN_POINT('',(39.6,64.6,-19.4));
#7093 = CIRCLE('',#7094,3.4);
#7094 = AXIS2_PLACEMENT_3D('',#7095,#7096,#7097);
#7095 = CARTESIAN_POINT('',(39.6,68.,-19.4));
#7096 = DIRECTION('',(1.,0.,-0.));
#7097 = DIRECTION('',(0.,0.,1.));
#7098 = ORIENTED_EDGE('',*,*,#7099,.T.);
#7099 = EDGE_CURVE('',#7091,#1776,#7100,.T.);
#7100 = LINE('',#7101,#7102);
#7101 = CARTESIAN_POINT('',(39.6,64.6,-19.4));
#7102 = VECTOR('',#7103,1.);
#7103 = DIRECTION('',(1.,0.,0.));
#7104 = ORIENTED_EDGE('',*,*,#1783,.F.);
#7105 = ORIENTED_EDGE('',*,*,#7106,.T.);
#7106 = EDGE_CURVE('',#1784,#7107,#7109,.T.);
#7107 = VERTEX_POINT('',#7108);
#7108 = CARTESIAN_POINT('',(41.3,65.,-17.8));
#7109 = LINE('',#7110,#7111);
#7110 = CARTESIAN_POINT('',(39.6,65.,-17.8));
#7111 = VECTOR('',#7112,1.);
#7112 = DIRECTION('',(1.,0.,0.));
#7113 = ORIENTED_EDGE('',*,*,#7114,.F.);
#7114 = EDGE_CURVE('',#7115,#7107,#7117,.T.);
#7115 = VERTEX_POINT('',#7116);
#7116 = CARTESIAN_POINT('',(41.3,65.591681084241,-17.));
#7117 = CIRCLE('',#7118,3.4);
#7118 = AXIS2_PLACEMENT_3D('',#7119,#7120,#7121);
#7119 = CARTESIAN_POINT('',(41.3,68.,-19.4));
#7120 = DIRECTION('',(1.,0.,-0.));
#7121 = DIRECTION('',(0.,0.,1.));
#7122 = ORIENTED_EDGE('',*,*,#7123,.F.);
#7123 = EDGE_CURVE('',#1801,#7115,#7124,.T.);
#7124 = LINE('',#7125,#7126);
#7125 = CARTESIAN_POINT('',(39.6,65.591681084242,-17.));
#7126 = VECTOR('',#7127,1.);
#7127 = DIRECTION('',(1.,0.,0.));
#7128 = ORIENTED_EDGE('',*,*,#1808,.F.);
#7129 = ORIENTED_EDGE('',*,*,#7130,.T.);
#7130 = EDGE_CURVE('',#1809,#7131,#7133,.T.);
#7131 = VERTEX_POINT('',#7132);
#7132 = CARTESIAN_POINT('',(41.3,70.408318915759,-17.));
#7133 = LINE('',#7134,#7135);
#7134 = CARTESIAN_POINT('',(39.6,70.408318915758,-17.));
#7135 = VECTOR('',#7136,1.);
#7136 = DIRECTION('',(1.,0.,0.));
#7137 = ORIENTED_EDGE('',*,*,#7138,.F.);
#7138 = EDGE_CURVE('',#7139,#7131,#7141,.T.);
#7139 = VERTEX_POINT('',#7140);
#7140 = CARTESIAN_POINT('',(41.3,71.,-17.8));
#7141 = CIRCLE('',#7142,3.4);
#7142 = AXIS2_PLACEMENT_3D('',#7143,#7144,#7145);
#7143 = CARTESIAN_POINT('',(41.3,68.,-19.4));
#7144 = DIRECTION('',(1.,0.,-0.));
#7145 = DIRECTION('',(0.,0.,1.));
#7146 = ORIENTED_EDGE('',*,*,#7147,.F.);
#7147 = EDGE_CURVE('',#1826,#7139,#7148,.T.);
#7148 = LINE('',#7149,#7150);
#7149 = CARTESIAN_POINT('',(39.6,71.,-17.8));
#7150 = VECTOR('',#7151,1.);
#7151 = DIRECTION('',(1.,0.,0.));
#7152 = ORIENTED_EDGE('',*,*,#1833,.F.);
#7153 = ORIENTED_EDGE('',*,*,#7066,.F.);
#7154 = CYLINDRICAL_SURFACE('',#7155,3.4);
#7155 = AXIS2_PLACEMENT_3D('',#7156,#7157,#7158);
#7156 = CARTESIAN_POINT('',(39.6,68.,-19.4));
#7157 = DIRECTION('',(1.,0.,0.));
#7158 = DIRECTION('',(0.,0.,1.));
#7159 = ADVANCED_FACE('',(#7160),#7178,.T.);
#7160 = FACE_BOUND('',#7161,.T.);
#7161 = EDGE_LOOP('',(#7162,#7163,#7164,#7172));
#7162 = ORIENTED_EDGE('',*,*,#7147,.F.);
#7163 = ORIENTED_EDGE('',*,*,#1825,.T.);
#7164 = ORIENTED_EDGE('',*,*,#7165,.T.);
#7165 = EDGE_CURVE('',#1818,#7166,#7168,.T.);
#7166 = VERTEX_POINT('',#7167);
#7167 = CARTESIAN_POINT('',(41.3,71.,-17.));
#7168 = LINE('',#7169,#7170);
#7169 = CARTESIAN_POINT('',(35.8,71.,-17.));
#7170 = VECTOR('',#7171,1.);
#7171 = DIRECTION('',(1.,0.,0.));
#7172 = ORIENTED_EDGE('',*,*,#7173,.F.);
#7173 = EDGE_CURVE('',#7139,#7166,#7174,.T.);
#7174 = LINE('',#7175,#7176);
#7175 = CARTESIAN_POINT('',(41.3,71.,-25.));
#7176 = VECTOR('',#7177,1.);
#7177 = DIRECTION('',(0.,0.,1.));
#7178 = PLANE('',#7179);
#7179 = AXIS2_PLACEMENT_3D('',#7180,#7181,#7182);
#7180 = CARTESIAN_POINT('',(35.8,71.,-25.));
#7181 = DIRECTION('',(0.,1.,0.));
#7182 = DIRECTION('',(0.,0.,1.));
#7183 = ADVANCED_FACE('',(#7184),#7195,.T.);
#7184 = FACE_BOUND('',#7185,.T.);
#7185 = EDGE_LOOP('',(#7186,#7187,#7188,#7189));
#7186 = ORIENTED_EDGE('',*,*,#7165,.F.);
#7187 = ORIENTED_EDGE('',*,*,#1817,.T.);
#7188 = ORIENTED_EDGE('',*,*,#7130,.T.);
#7189 = ORIENTED_EDGE('',*,*,#7190,.T.);
#7190 = EDGE_CURVE('',#7131,#7166,#7191,.T.);
#7191 = LINE('',#7192,#7193);
#7192 = CARTESIAN_POINT('',(41.3,65.,-17.));
#7193 = VECTOR('',#7194,1.);
#7194 = DIRECTION('',(0.,1.,0.));
#7195 = PLANE('',#7196);
#7196 = AXIS2_PLACEMENT_3D('',#7197,#7198,#7199);
#7197 = CARTESIAN_POINT('',(35.8,65.,-17.));
#7198 = DIRECTION('',(0.,0.,1.));
#7199 = DIRECTION('',(1.,0.,0.));
#7200 = ADVANCED_FACE('',(#7201),#7219,.T.);
#7201 = FACE_BOUND('',#7202,.T.);
#7202 = EDGE_LOOP('',(#7203,#7204,#7205,#7213));
#7203 = ORIENTED_EDGE('',*,*,#7123,.F.);
#7204 = ORIENTED_EDGE('',*,*,#1800,.T.);
#7205 = ORIENTED_EDGE('',*,*,#7206,.T.);
#7206 = EDGE_CURVE('',#1793,#7207,#7209,.T.);
#7207 = VERTEX_POINT('',#7208);
#7208 = CARTESIAN_POINT('',(41.3,65.,-17.));
#7209 = LINE('',#7210,#7211);
#7210 = CARTESIAN_POINT('',(35.8,65.,-17.));
#7211 = VECTOR('',#7212,1.);
#7212 = DIRECTION('',(1.,0.,0.));
#7213 = ORIENTED_EDGE('',*,*,#7214,.T.);
#7214 = EDGE_CURVE('',#7207,#7115,#7215,.T.);
#7215 = LINE('',#7216,#7217);
#7216 = CARTESIAN_POINT('',(41.3,65.,-17.));
#7217 = VECTOR('',#7218,1.);
#7218 = DIRECTION('',(0.,1.,0.));
#7219 = PLANE('',#7220);
#7220 = AXIS2_PLACEMENT_3D('',#7221,#7222,#7223);
#7221 = CARTESIAN_POINT('',(35.8,65.,-17.));
#7222 = DIRECTION('',(0.,0.,1.));
#7223 = DIRECTION('',(1.,0.,0.));
#7224 = ADVANCED_FACE('',(#7225),#7236,.F.);
#7225 = FACE_BOUND('',#7226,.F.);
#7226 = EDGE_LOOP('',(#7227,#7228,#7229,#7230));
#7227 = ORIENTED_EDGE('',*,*,#7106,.F.);
#7228 = ORIENTED_EDGE('',*,*,#1792,.T.);
#7229 = ORIENTED_EDGE('',*,*,#7206,.T.);
#7230 = ORIENTED_EDGE('',*,*,#7231,.F.);
#7231 = EDGE_CURVE('',#7107,#7207,#7232,.T.);
#7232 = LINE('',#7233,#7234);
#7233 = CARTESIAN_POINT('',(41.3,65.,-25.));
#7234 = VECTOR('',#7235,1.);
#7235 = DIRECTION('',(0.,0.,1.));
#7236 = PLANE('',#7237);
#7237 = AXIS2_PLACEMENT_3D('',#7238,#7239,#7240);
#7238 = CARTESIAN_POINT('',(35.8,65.,-25.));
#7239 = DIRECTION('',(0.,1.,0.));
#7240 = DIRECTION('',(0.,0.,1.));
#7241 = ADVANCED_FACE('',(#7242),#7253,.T.);
#7242 = FACE_BOUND('',#7243,.T.);
#7243 = EDGE_LOOP('',(#7244,#7245,#7251,#7252));
#7244 = ORIENTED_EDGE('',*,*,#6985,.F.);
#7245 = ORIENTED_EDGE('',*,*,#7246,.T.);
#7246 = EDGE_CURVE('',#6986,#7091,#7247,.T.);
#7247 = LINE('',#7248,#7249);
#7248 = CARTESIAN_POINT('',(39.6,64.6,-22.6));
#7249 = VECTOR('',#7250,1.);
#7250 = DIRECTION('',(0.,0.,1.));
#7251 = ORIENTED_EDGE('',*,*,#7099,.T.);
#7252 = ORIENTED_EDGE('',*,*,#1775,.F.);
#7253 = PLANE('',#7254);
#7254 = AXIS2_PLACEMENT_3D('',#7255,#7256,#7257);
#7255 = CARTESIAN_POINT('',(39.6,64.6,-22.6));
#7256 = DIRECTION('',(0.,1.,0.));
#7257 = DIRECTION('',(0.,0.,1.));
#7258 = ADVANCED_FACE('',(#7259),#7277,.F.);
#7259 = FACE_BOUND('',#7260,.F.);
#7260 = EDGE_LOOP('',(#7261,#7269,#7270,#7271));
#7261 = ORIENTED_EDGE('',*,*,#7262,.F.);
#7262 = EDGE_CURVE('',#1751,#7263,#7265,.T.);
#7263 = VERTEX_POINT('',#7264);
#7264 = CARTESIAN_POINT('',(41.3,65.,-25.));
#7265 = LINE('',#7266,#7267);
#7266 = CARTESIAN_POINT('',(35.8,65.,-25.));
#7267 = VECTOR('',#7268,1.);
#7268 = DIRECTION('',(1.,0.,0.));
#7269 = ORIENTED_EDGE('',*,*,#1758,.T.);
#7270 = ORIENTED_EDGE('',*,*,#7043,.T.);
#7271 = ORIENTED_EDGE('',*,*,#7272,.F.);
#7272 = EDGE_CURVE('',#7263,#7035,#7273,.T.);
#7273 = LINE('',#7274,#7275);
#7274 = CARTESIAN_POINT('',(41.3,65.,-25.));
#7275 = VECTOR('',#7276,1.);
#7276 = DIRECTION('',(0.,0.,1.));
#7277 = PLANE('',#7278);
#7278 = AXIS2_PLACEMENT_3D('',#7279,#7280,#7281);
#7279 = CARTESIAN_POINT('',(35.8,65.,-25.));
#7280 = DIRECTION('',(0.,1.,0.));
#7281 = DIRECTION('',(0.,0.,1.));
#7282 = ADVANCED_FACE('',(#7283),#7294,.F.);
#7283 = FACE_BOUND('',#7284,.F.);
#7284 = EDGE_LOOP('',(#7285,#7286,#7287,#7288));
#7285 = ORIENTED_EDGE('',*,*,#7026,.F.);
#7286 = ORIENTED_EDGE('',*,*,#1750,.T.);
#7287 = ORIENTED_EDGE('',*,*,#7262,.T.);
#7288 = ORIENTED_EDGE('',*,*,#7289,.T.);
#7289 = EDGE_CURVE('',#7263,#7027,#7290,.T.);
#7290 = LINE('',#7291,#7292);
#7291 = CARTESIAN_POINT('',(41.3,65.,-25.));
#7292 = VECTOR('',#7293,1.);
#7293 = DIRECTION('',(0.,1.,0.));
#7294 = PLANE('',#7295);
#7295 = AXIS2_PLACEMENT_3D('',#7296,#7297,#7298);
#7296 = CARTESIAN_POINT('',(35.8,65.,-25.));
#7297 = DIRECTION('',(0.,0.,1.));
#7298 = DIRECTION('',(1.,0.,0.));
#7299 = ADVANCED_FACE('',(#7300),#7311,.F.);
#7300 = FACE_BOUND('',#7301,.F.);
#7301 = EDGE_LOOP('',(#7302,#7303,#7304,#7305));
#7302 = ORIENTED_EDGE('',*,*,#6953,.F.);
#7303 = ORIENTED_EDGE('',*,*,#1733,.T.);
#7304 = ORIENTED_EDGE('',*,*,#7019,.T.);
#7305 = ORIENTED_EDGE('',*,*,#7306,.T.);
#7306 = EDGE_CURVE('',#7011,#6954,#7307,.T.);
#7307 = LINE('',#7308,#7309);
#7308 = CARTESIAN_POINT('',(41.3,65.,-25.));
#7309 = VECTOR('',#7310,1.);
#7310 = DIRECTION('',(0.,1.,0.));
#7311 = PLANE('',#7312);
#7312 = AXIS2_PLACEMENT_3D('',#7313,#7314,#7315);
#7313 = CARTESIAN_POINT('',(35.8,65.,-25.));
#7314 = DIRECTION('',(0.,0.,1.));
#7315 = DIRECTION('',(1.,0.,0.));
#7316 = ADVANCED_FACE('',(#7317),#7342,.F.);
#7317 = FACE_BOUND('',#7318,.F.);
#7318 = EDGE_LOOP('',(#7319,#7329,#7335,#7336));
#7319 = ORIENTED_EDGE('',*,*,#7320,.F.);
#7320 = EDGE_CURVE('',#7321,#7323,#7325,.T.);
#7321 = VERTEX_POINT('',#7322);
#7322 = CARTESIAN_POINT('',(39.8,35.2,-1.3));
#7323 = VERTEX_POINT('',#7324);
#7324 = CARTESIAN_POINT('',(39.8,46.8,-1.3));
#7325 = LINE('',#7326,#7327);
#7326 = CARTESIAN_POINT('',(39.8,35.2,-1.3));
#7327 = VECTOR('',#7328,1.);
#7328 = DIRECTION('',(0.,1.,0.));
#7329 = ORIENTED_EDGE('',*,*,#7330,.T.);
#7330 = EDGE_CURVE('',#7321,#1862,#7331,.T.);
#7331 = LINE('',#7332,#7333);
#7332 = CARTESIAN_POINT('',(39.8,35.2,-1.3));
#7333 = VECTOR('',#7334,1.);
#7334 = DIRECTION('',(1.,0.,0.));
#7335 = ORIENTED_EDGE('',*,*,#1859,.F.);
#7336 = ORIENTED_EDGE('',*,*,#7337,.F.);
#7337 = EDGE_CURVE('',#7323,#1860,#7338,.T.);
#7338 = LINE('',#7339,#7340);
#7339 = CARTESIAN_POINT('',(39.8,46.8,-1.3));
#7340 = VECTOR('',#7341,1.);
#7341 = DIRECTION('',(1.,0.,0.));
#7342 = PLANE('',#7343);
#7343 = AXIS2_PLACEMENT_3D('',#7344,#7345,#7346);
#7344 = CARTESIAN_POINT('',(39.8,35.2,-1.3));
#7345 = DIRECTION('',(0.,0.,1.));
#7346 = DIRECTION('',(1.,0.,0.));
#7347 = ADVANCED_FACE('',(#7348),#7367,.F.);
#7348 = FACE_BOUND('',#7349,.F.);
#7349 = EDGE_LOOP('',(#7350,#7359,#7360,#7361));
#7350 = ORIENTED_EDGE('',*,*,#7351,.T.);
#7351 = EDGE_CURVE('',#7352,#7323,#7354,.T.);
#7352 = VERTEX_POINT('',#7353);
#7353 = CARTESIAN_POINT('',(39.8,46.8,-7.1));
#7354 = CIRCLE('',#7355,2.9);
#7355 = AXIS2_PLACEMENT_3D('',#7356,#7357,#7358);
#7356 = CARTESIAN_POINT('',(39.8,46.8,-4.2));
#7357 = DIRECTION('',(1.,0.,-0.));
#7358 = DIRECTION('',(0.,0.,1.));
#7359 = ORIENTED_EDGE('',*,*,#7337,.T.);
#7360 = ORIENTED_EDGE('',*,*,#1869,.F.);
#7361 = ORIENTED_EDGE('',*,*,#7362,.F.);
#7362 = EDGE_CURVE('',#7352,#1870,#7363,.T.);
#7363 = LINE('',#7364,#7365);
#7364 = CARTESIAN_POINT('',(39.8,46.8,-7.1));
#7365 = VECTOR('',#7366,1.);
#7366 = DIRECTION('',(1.,0.,0.));
#7367 = CYLINDRICAL_SURFACE('',#7368,2.9);
#7368 = AXIS2_PLACEMENT_3D('',#7369,#7370,#7371);
#7369 = CARTESIAN_POINT('',(39.8,46.8,-4.2));
#7370 = DIRECTION('',(1.,0.,0.));
#7371 = DIRECTION('',(0.,0.,1.));
#7372 = ADVANCED_FACE('',(#7373),#7398,.F.);
#7373 = FACE_BOUND('',#7374,.F.);
#7374 = EDGE_LOOP('',(#7375,#7376,#7377,#7386));
#7375 = ORIENTED_EDGE('',*,*,#1904,.F.);
#7376 = ORIENTED_EDGE('',*,*,#7330,.F.);
#7377 = ORIENTED_EDGE('',*,*,#7378,.T.);
#7378 = EDGE_CURVE('',#7321,#7379,#7381,.T.);
#7379 = VERTEX_POINT('',#7380);
#7380 = CARTESIAN_POINT('',(39.8,32.376474939088,-3.538406295071));
#7381 = CIRCLE('',#7382,2.9);
#7382 = AXIS2_PLACEMENT_3D('',#7383,#7384,#7385);
#7383 = CARTESIAN_POINT('',(39.8,35.2,-4.2));
#7384 = DIRECTION('',(1.,0.,-0.));
#7385 = DIRECTION('',(0.,0.,1.));
#7386 = ORIENTED_EDGE('',*,*,#7387,.F.);
#7387 = EDGE_CURVE('',#1896,#7379,#7388,.T.);
#7388 = B_SPLINE_CURVE_WITH_KNOTS('',8,(#7389,#7390,#7391,#7392,#7393,
    #7394,#7395,#7396,#7397),.UNSPECIFIED.,.F.,.F.,(9,9),(0.,1.),
  .PIECEWISE_BEZIER_KNOTS.);
#7389 = CARTESIAN_POINT('',(41.0000006,32.488309317351,-3.172024493659)
  );
#7390 = CARTESIAN_POINT('',(40.848838943407,32.473511469124,
    -3.211059652488));
#7391 = CARTESIAN_POINT('',(40.697906779664,32.45894059866,
    -3.251434066233));
#7392 = CARTESIAN_POINT('',(40.547203884676,32.444595611527,
    -3.293336972669));
#7393 = CARTESIAN_POINT('',(40.396767860799,32.430479051236,
    -3.337023137455));
#7394 = CARTESIAN_POINT('',(40.246665398825,32.416596065567,
    -3.382775179611));
#7395 = CARTESIAN_POINT('',(40.097027906908,32.40295693634,
    -3.431082067914));
#7396 = CARTESIAN_POINT('',(39.948023977515,32.389574519417,
    -3.482500372093));
#7397 = CARTESIAN_POINT('',(39.7999994,32.37647488599,-3.538406521679));
#7398 = CYLINDRICAL_SURFACE('',#7399,2.9);
#7399 = AXIS2_PLACEMENT_3D('',#7400,#7401,#7402);
#7400 = CARTESIAN_POINT('',(39.8,35.2,-4.2));
#7401 = DIRECTION('',(1.,0.,0.));
#7402 = DIRECTION('',(0.,0.,1.));
#7403 = ADVANCED_FACE('',(#7404),#7422,.T.);
#7404 = FACE_BOUND('',#7405,.T.);
#7405 = EDGE_LOOP('',(#7406,#7414,#7420,#7421));
#7406 = ORIENTED_EDGE('',*,*,#7407,.F.);
#7407 = EDGE_CURVE('',#7408,#7352,#7410,.T.);
#7408 = VERTEX_POINT('',#7409);
#7409 = CARTESIAN_POINT('',(39.8,35.2,-7.1));
#7410 = LINE('',#7411,#7412);
#7411 = CARTESIAN_POINT('',(39.8,35.2,-7.1));
#7412 = VECTOR('',#7413,1.);
#7413 = DIRECTION('',(0.,1.,0.));
#7414 = ORIENTED_EDGE('',*,*,#7415,.T.);
#7415 = EDGE_CURVE('',#7408,#1879,#7416,.T.);
#7416 = LINE('',#7417,#7418);
#7417 = CARTESIAN_POINT('',(39.8,35.2,-7.1));
#7418 = VECTOR('',#7419,1.);
#7419 = DIRECTION('',(1.,0.,0.));
#7420 = ORIENTED_EDGE('',*,*,#1878,.F.);
#7421 = ORIENTED_EDGE('',*,*,#7362,.F.);
#7422 = PLANE('',#7423);
#7423 = AXIS2_PLACEMENT_3D('',#7424,#7425,#7426);
#7424 = CARTESIAN_POINT('',(39.8,35.2,-7.1));
#7425 = DIRECTION('',(0.,0.,1.));
#7426 = DIRECTION('',(1.,0.,0.));
#7427 = ADVANCED_FACE('',(#7428),#7480,.F.);
#7428 = FACE_BOUND('',#7429,.F.);
#7429 = EDGE_LOOP('',(#7430,#7431,#7439,#7448,#7460,#7461,#7462,#7471));
#7430 = ORIENTED_EDGE('',*,*,#5094,.F.);
#7431 = ORIENTED_EDGE('',*,*,#7432,.F.);
#7432 = EDGE_CURVE('',#7433,#5086,#7435,.T.);
#7433 = VERTEX_POINT('',#7434);
#7434 = CARTESIAN_POINT('',(39.8,33.5,-5.503846153846));
#7435 = LINE('',#7436,#7437);
#7436 = CARTESIAN_POINT('',(41.5,33.5,-5.7));
#7437 = VECTOR('',#7438,1.);
#7438 = DIRECTION('',(-0.993408935871,-3.E-17,0.114624107985));
#7439 = ORIENTED_EDGE('',*,*,#7440,.T.);
#7440 = EDGE_CURVE('',#7433,#7441,#7443,.T.);
#7441 = VERTEX_POINT('',#7442);
#7442 = CARTESIAN_POINT('',(39.8,32.376474939088,-4.861593704929));
#7443 = CIRCLE('',#7444,1.303846153846);
#7444 = AXIS2_PLACEMENT_3D('',#7445,#7446,#7447);
#7445 = CARTESIAN_POINT('',(39.8,33.5,-4.2));
#7446 = DIRECTION('',(-1.,0.,0.));
#7447 = DIRECTION('',(0.,0.,-1.));
#7448 = ORIENTED_EDGE('',*,*,#7449,.T.);
#7449 = EDGE_CURVE('',#7441,#1887,#7450,.T.);
#7450 = B_SPLINE_CURVE_WITH_KNOTS('',8,(#7451,#7452,#7453,#7454,#7455,
    #7456,#7457,#7458,#7459),.UNSPECIFIED.,.F.,.F.,(9,9),(0.,1.),
  .PIECEWISE_BEZIER_KNOTS.);
#7451 = CARTESIAN_POINT('',(39.799999399999,32.37647488599,
    -4.861593478321));
#7452 = CARTESIAN_POINT('',(39.948023977126,32.389574519383,
    -4.917499627761));
#7453 = CARTESIAN_POINT('',(40.097027898605,32.402956935602,
    -4.968917929001));
#7454 = CARTESIAN_POINT('',(40.24666539083,32.41659606483,
    -5.017224818123));
#7455 = CARTESIAN_POINT('',(40.396767850766,32.430479050298,
    -5.062976859422));
#7456 = CARTESIAN_POINT('',(40.547203879245,32.444595611005,
    -5.106663025971));
#7457 = CARTESIAN_POINT('',(40.697906776643,32.458940598364,
    -5.148565932957));
#7458 = CARTESIAN_POINT('',(40.848838943753,32.473511469158,
    -5.188940347602));
#7459 = CARTESIAN_POINT('',(41.0000006,32.488309317351,-5.227975506341)
  );
#7460 = ORIENTED_EDGE('',*,*,#1895,.T.);
#7461 = ORIENTED_EDGE('',*,*,#7387,.T.);
#7462 = ORIENTED_EDGE('',*,*,#7463,.T.);
#7463 = EDGE_CURVE('',#7379,#7464,#7466,.T.);
#7464 = VERTEX_POINT('',#7465);
#7465 = CARTESIAN_POINT('',(39.8,33.904765426881,-2.960572816943));
#7466 = CIRCLE('',#7467,1.303846153846);
#7467 = AXIS2_PLACEMENT_3D('',#7468,#7469,#7470);
#7468 = CARTESIAN_POINT('',(39.8,33.5,-4.2));
#7469 = DIRECTION('',(-1.,0.,0.));
#7470 = DIRECTION('',(0.,0.,-1.));
#7471 = ORIENTED_EDGE('',*,*,#7472,.T.);
#7472 = EDGE_CURVE('',#7464,#5095,#7473,.T.);
#7473 = B_SPLINE_CURVE_WITH_KNOTS('',5,(#7474,#7475,#7476,#7477,#7478,
    #7479),.UNSPECIFIED.,.F.,.F.,(6,6),(0.,1.),
  .PIECEWISE_BEZIER_KNOTS.);
#7474 = CARTESIAN_POINT('',(39.800000599999,33.904765469865,
    -2.960572758151));
#7475 = CARTESIAN_POINT('',(38.940091236807,33.843161647041,
    -3.044831780474));
#7476 = CARTESIAN_POINT('',(38.080127595023,33.787413858043,
    -3.132068675205));
#7477 = CARTESIAN_POINT('',(37.22011912356,33.737524261681,
    -3.221837712041));
#7478 = CARTESIAN_POINT('',(36.360074172764,33.69349441268,
    -3.313736434053));
#7479 = CARTESIAN_POINT('',(35.4999994,33.65532541716,-3.407383594129));
#7480 = CONICAL_SURFACE('',#7481,1.5,0.114876605417);
#7481 = AXIS2_PLACEMENT_3D('',#7482,#7483,#7484);
#7482 = CARTESIAN_POINT('',(41.5,33.5,-4.2));
#7483 = DIRECTION('',(1.,0.,0.));
#7484 = DIRECTION('',(0.,0.,-1.));
#7485 = ADVANCED_FACE('',(#7486),#7498,.F.);
#7486 = FACE_BOUND('',#7487,.F.);
#7487 = EDGE_LOOP('',(#7488,#7489,#7490,#7497));
#7488 = ORIENTED_EDGE('',*,*,#1886,.F.);
#7489 = ORIENTED_EDGE('',*,*,#7449,.F.);
#7490 = ORIENTED_EDGE('',*,*,#7491,.T.);
#7491 = EDGE_CURVE('',#7441,#7408,#7492,.T.);
#7492 = CIRCLE('',#7493,2.9);
#7493 = AXIS2_PLACEMENT_3D('',#7494,#7495,#7496);
#7494 = CARTESIAN_POINT('',(39.8,35.2,-4.2));
#7495 = DIRECTION('',(1.,0.,-0.));
#7496 = DIRECTION('',(0.,0.,1.));
#7497 = ORIENTED_EDGE('',*,*,#7415,.T.);
#7498 = CYLINDRICAL_SURFACE('',#7499,2.9);
#7499 = AXIS2_PLACEMENT_3D('',#7500,#7501,#7502);
#7500 = CARTESIAN_POINT('',(39.8,35.2,-4.2));
#7501 = DIRECTION('',(1.,0.,0.));
#7502 = DIRECTION('',(0.,0.,1.));
#7503 = ADVANCED_FACE('',(#7504),#7510,.T.);
#7504 = FACE_BOUND('',#7505,.T.);
#7505 = EDGE_LOOP('',(#7506,#7507,#7508,#7509));
#7506 = ORIENTED_EDGE('',*,*,#4461,.F.);
#7507 = ORIENTED_EDGE('',*,*,#1953,.T.);
#7508 = ORIENTED_EDGE('',*,*,#4384,.T.);
#7509 = ORIENTED_EDGE('',*,*,#4398,.F.);
#7510 = PLANE('',#7511);
#7511 = AXIS2_PLACEMENT_3D('',#7512,#7513,#7514);
#7512 = CARTESIAN_POINT('',(-4.2,-7.,-8.1));
#7513 = DIRECTION('',(0.,0.,1.));
#7514 = DIRECTION('',(1.,0.,0.));
#7515 = ADVANCED_FACE('',(#7516),#7527,.F.);
#7516 = FACE_BOUND('',#7517,.F.);
#7517 = EDGE_LOOP('',(#7518,#7519,#7525,#7526));
#7518 = ORIENTED_EDGE('',*,*,#3032,.F.);
#7519 = ORIENTED_EDGE('',*,*,#7520,.F.);
#7520 = EDGE_CURVE('',#1973,#3033,#7521,.T.);
#7521 = LINE('',#7522,#7523);
#7522 = CARTESIAN_POINT('',(-22.,-12.,-15.9));
#7523 = VECTOR('',#7524,1.);
#7524 = DIRECTION('',(0.,1.,0.));
#7525 = ORIENTED_EDGE('',*,*,#1972,.T.);
#7526 = ORIENTED_EDGE('',*,*,#7520,.T.);
#7527 = CYLINDRICAL_SURFACE('',#7528,4.1);
#7528 = AXIS2_PLACEMENT_3D('',#7529,#7530,#7531);
#7529 = CARTESIAN_POINT('',(-22.,-12.,-20.));
#7530 = DIRECTION('',(0.,1.,0.));
#7531 = DIRECTION('',(0.,0.,1.));
#7532 = ADVANCED_FACE('',(#7533),#7559,.F.);
#7533 = FACE_BOUND('',#7534,.F.);
#7534 = EDGE_LOOP('',(#7535,#7536,#7544,#7553));
#7535 = ORIENTED_EDGE('',*,*,#1983,.T.);
#7536 = ORIENTED_EDGE('',*,*,#7537,.T.);
#7537 = EDGE_CURVE('',#1986,#7538,#7540,.T.);
#7538 = VERTEX_POINT('',#7539);
#7539 = CARTESIAN_POINT('',(-24.,-5.2,-1.3));
#7540 = LINE('',#7541,#7542);
#7541 = CARTESIAN_POINT('',(-24.,-7.,-1.3));
#7542 = VECTOR('',#7543,1.);
#7543 = DIRECTION('',(0.,1.,0.));
#7544 = ORIENTED_EDGE('',*,*,#7545,.F.);
#7545 = EDGE_CURVE('',#7546,#7538,#7548,.T.);
#7546 = VERTEX_POINT('',#7547);
#7547 = CARTESIAN_POINT('',(-24.,-5.2,-6.7));
#7548 = CIRCLE('',#7549,2.7);
#7549 = AXIS2_PLACEMENT_3D('',#7550,#7551,#7552);
#7550 = CARTESIAN_POINT('',(-24.,-5.2,-4.));
#7551 = DIRECTION('',(0.,1.,0.));
#7552 = DIRECTION('',(0.,0.,1.));
#7553 = ORIENTED_EDGE('',*,*,#7554,.F.);
#7554 = EDGE_CURVE('',#1984,#7546,#7555,.T.);
#7555 = LINE('',#7556,#7557);
#7556 = CARTESIAN_POINT('',(-24.,-7.,-6.7));
#7557 = VECTOR('',#7558,1.);
#7558 = DIRECTION('',(0.,1.,0.));
#7559 = CYLINDRICAL_SURFACE('',#7560,2.7);
#7560 = AXIS2_PLACEMENT_3D('',#7561,#7562,#7563);
#7561 = CARTESIAN_POINT('',(-24.,-7.,-4.));
#7562 = DIRECTION('',(0.,1.,0.));
#7563 = DIRECTION('',(0.,0.,1.));
#7564 = ADVANCED_FACE('',(#7565),#7583,.F.);
#7565 = FACE_BOUND('',#7566,.F.);
#7566 = EDGE_LOOP('',(#7567,#7568,#7569,#7577));
#7567 = ORIENTED_EDGE('',*,*,#7537,.F.);
#7568 = ORIENTED_EDGE('',*,*,#2011,.T.);
#7569 = ORIENTED_EDGE('',*,*,#7570,.T.);
#7570 = EDGE_CURVE('',#2003,#7571,#7573,.T.);
#7571 = VERTEX_POINT('',#7572);
#7572 = CARTESIAN_POINT('',(-15.,-5.2,-1.3));
#7573 = LINE('',#7574,#7575);
#7574 = CARTESIAN_POINT('',(-15.,-7.,-1.3));
#7575 = VECTOR('',#7576,1.);
#7576 = DIRECTION('',(0.,1.,0.));
#7577 = ORIENTED_EDGE('',*,*,#7578,.F.);
#7578 = EDGE_CURVE('',#7538,#7571,#7579,.T.);
#7579 = LINE('',#7580,#7581);
#7580 = CARTESIAN_POINT('',(-24.,-5.2,-1.3));
#7581 = VECTOR('',#7582,1.);
#7582 = DIRECTION('',(1.,0.,0.));
#7583 = PLANE('',#7584);
#7584 = AXIS2_PLACEMENT_3D('',#7585,#7586,#7587);
#7585 = CARTESIAN_POINT('',(-24.,-7.,-1.3));
#7586 = DIRECTION('',(0.,0.,1.));
#7587 = DIRECTION('',(1.,0.,0.));
#7588 = ADVANCED_FACE('',(#7589),#7608,.F.);
#7589 = FACE_BOUND('',#7590,.F.);
#7590 = EDGE_LOOP('',(#7591,#7600,#7601,#7602));
#7591 = ORIENTED_EDGE('',*,*,#7592,.F.);
#7592 = EDGE_CURVE('',#7571,#7593,#7595,.T.);
#7593 = VERTEX_POINT('',#7594);
#7594 = CARTESIAN_POINT('',(-15.,-5.2,-6.7));
#7595 = CIRCLE('',#7596,2.7);
#7596 = AXIS2_PLACEMENT_3D('',#7597,#7598,#7599);
#7597 = CARTESIAN_POINT('',(-15.,-5.2,-4.));
#7598 = DIRECTION('',(0.,1.,0.));
#7599 = DIRECTION('',(0.,0.,1.));
#7600 = ORIENTED_EDGE('',*,*,#7570,.F.);
#7601 = ORIENTED_EDGE('',*,*,#2002,.T.);
#7602 = ORIENTED_EDGE('',*,*,#7603,.T.);
#7603 = EDGE_CURVE('',#1995,#7593,#7604,.T.);
#7604 = LINE('',#7605,#7606);
#7605 = CARTESIAN_POINT('',(-15.,-7.,-6.7));
#7606 = VECTOR('',#7607,1.);
#7607 = DIRECTION('',(0.,1.,0.));
#7608 = CYLINDRICAL_SURFACE('',#7609,2.7);
#7609 = AXIS2_PLACEMENT_3D('',#7610,#7611,#7612);
#7610 = CARTESIAN_POINT('',(-15.,-7.,-4.));
#7611 = DIRECTION('',(0.,1.,0.));
#7612 = DIRECTION('',(0.,0.,1.));
#7613 = ADVANCED_FACE('',(#7614),#7625,.T.);
#7614 = FACE_BOUND('',#7615,.T.);
#7615 = EDGE_LOOP('',(#7616,#7617,#7618,#7619));
#7616 = ORIENTED_EDGE('',*,*,#7554,.F.);
#7617 = ORIENTED_EDGE('',*,*,#1994,.T.);
#7618 = ORIENTED_EDGE('',*,*,#7603,.T.);
#7619 = ORIENTED_EDGE('',*,*,#7620,.F.);
#7620 = EDGE_CURVE('',#7546,#7593,#7621,.T.);
#7621 = LINE('',#7622,#7623);
#7622 = CARTESIAN_POINT('',(-24.,-5.2,-6.7));
#7623 = VECTOR('',#7624,1.);
#7624 = DIRECTION('',(1.,0.,0.));
#7625 = PLANE('',#7626);
#7626 = AXIS2_PLACEMENT_3D('',#7627,#7628,#7629);
#7627 = CARTESIAN_POINT('',(-24.,-7.,-6.7));
#7628 = DIRECTION('',(0.,0.,1.));
#7629 = DIRECTION('',(1.,0.,0.));
#7630 = ADVANCED_FACE('',(#7631),#7657,.F.);
#7631 = FACE_BOUND('',#7632,.F.);
#7632 = EDGE_LOOP('',(#7633,#7634,#7642,#7651));
#7633 = ORIENTED_EDGE('',*,*,#2019,.T.);
#7634 = ORIENTED_EDGE('',*,*,#7635,.T.);
#7635 = EDGE_CURVE('',#2022,#7636,#7638,.T.);
#7636 = VERTEX_POINT('',#7637);
#7637 = CARTESIAN_POINT('',(15.,-5.2,-1.3));
#7638 = LINE('',#7639,#7640);
#7639 = CARTESIAN_POINT('',(15.,-7.,-1.3));
#7640 = VECTOR('',#7641,1.);
#7641 = DIRECTION('',(0.,1.,0.));
#7642 = ORIENTED_EDGE('',*,*,#7643,.F.);
#7643 = EDGE_CURVE('',#7644,#7636,#7646,.T.);
#7644 = VERTEX_POINT('',#7645);
#7645 = CARTESIAN_POINT('',(15.,-5.2,-6.7));
#7646 = CIRCLE('',#7647,2.7);
#7647 = AXIS2_PLACEMENT_3D('',#7648,#7649,#7650);
#7648 = CARTESIAN_POINT('',(15.,-5.2,-4.));
#7649 = DIRECTION('',(0.,1.,0.));
#7650 = DIRECTION('',(0.,0.,1.));
#7651 = ORIENTED_EDGE('',*,*,#7652,.F.);
#7652 = EDGE_CURVE('',#2020,#7644,#7653,.T.);
#7653 = LINE('',#7654,#7655);
#7654 = CARTESIAN_POINT('',(15.,-7.,-6.7));
#7655 = VECTOR('',#7656,1.);
#7656 = DIRECTION('',(0.,1.,0.));
#7657 = CYLINDRICAL_SURFACE('',#7658,2.7);
#7658 = AXIS2_PLACEMENT_3D('',#7659,#7660,#7661);
#7659 = CARTESIAN_POINT('',(15.,-7.,-4.));
#7660 = DIRECTION('',(0.,1.,0.));
#7661 = DIRECTION('',(0.,0.,1.));
#7662 = ADVANCED_FACE('',(#7663),#7681,.F.);
#7663 = FACE_BOUND('',#7664,.F.);
#7664 = EDGE_LOOP('',(#7665,#7666,#7667,#7675));
#7665 = ORIENTED_EDGE('',*,*,#7635,.F.);
#7666 = ORIENTED_EDGE('',*,*,#2047,.T.);
#7667 = ORIENTED_EDGE('',*,*,#7668,.T.);
#7668 = EDGE_CURVE('',#2039,#7669,#7671,.T.);
#7669 = VERTEX_POINT('',#7670);
#7670 = CARTESIAN_POINT('',(24.,-5.2,-1.3));
#7671 = LINE('',#7672,#7673);
#7672 = CARTESIAN_POINT('',(24.,-7.,-1.3));
#7673 = VECTOR('',#7674,1.);
#7674 = DIRECTION('',(0.,1.,0.));
#7675 = ORIENTED_EDGE('',*,*,#7676,.F.);
#7676 = EDGE_CURVE('',#7636,#7669,#7677,.T.);
#7677 = LINE('',#7678,#7679);
#7678 = CARTESIAN_POINT('',(15.,-5.2,-1.3));
#7679 = VECTOR('',#7680,1.);
#7680 = DIRECTION('',(1.,0.,0.));
#7681 = PLANE('',#7682);
#7682 = AXIS2_PLACEMENT_3D('',#7683,#7684,#7685);
#7683 = CARTESIAN_POINT('',(15.,-7.,-1.3));
#7684 = DIRECTION('',(0.,0.,1.));
#7685 = DIRECTION('',(1.,0.,0.));
#7686 = ADVANCED_FACE('',(#7687),#7706,.F.);
#7687 = FACE_BOUND('',#7688,.F.);
#7688 = EDGE_LOOP('',(#7689,#7698,#7699,#7700));
#7689 = ORIENTED_EDGE('',*,*,#7690,.F.);
#7690 = EDGE_CURVE('',#7669,#7691,#7693,.T.);
#7691 = VERTEX_POINT('',#7692);
#7692 = CARTESIAN_POINT('',(24.,-5.2,-6.7));
#7693 = CIRCLE('',#7694,2.7);
#7694 = AXIS2_PLACEMENT_3D('',#7695,#7696,#7697);
#7695 = CARTESIAN_POINT('',(24.,-5.2,-4.));
#7696 = DIRECTION('',(0.,1.,0.));
#7697 = DIRECTION('',(0.,0.,1.));
#7698 = ORIENTED_EDGE('',*,*,#7668,.F.);
#7699 = ORIENTED_EDGE('',*,*,#2038,.T.);
#7700 = ORIENTED_EDGE('',*,*,#7701,.T.);
#7701 = EDGE_CURVE('',#2031,#7691,#7702,.T.);
#7702 = LINE('',#7703,#7704);
#7703 = CARTESIAN_POINT('',(24.,-7.,-6.7));
#7704 = VECTOR('',#7705,1.);
#7705 = DIRECTION('',(0.,1.,0.));
#7706 = CYLINDRICAL_SURFACE('',#7707,2.7);
#7707 = AXIS2_PLACEMENT_3D('',#7708,#7709,#7710);
#7708 = CARTESIAN_POINT('',(24.,-7.,-4.));
#7709 = DIRECTION('',(0.,1.,0.));
#7710 = DIRECTION('',(0.,0.,1.));
#7711 = ADVANCED_FACE('',(#7712),#7723,.T.);
#7712 = FACE_BOUND('',#7713,.T.);
#7713 = EDGE_LOOP('',(#7714,#7715,#7716,#7717));
#7714 = ORIENTED_EDGE('',*,*,#7652,.F.);
#7715 = ORIENTED_EDGE('',*,*,#2030,.T.);
#7716 = ORIENTED_EDGE('',*,*,#7701,.T.);
#7717 = ORIENTED_EDGE('',*,*,#7718,.F.);
#7718 = EDGE_CURVE('',#7644,#7691,#7719,.T.);
#7719 = LINE('',#7720,#7721);
#7720 = CARTESIAN_POINT('',(15.,-5.2,-6.7));
#7721 = VECTOR('',#7722,1.);
#7722 = DIRECTION('',(1.,0.,0.));
#7723 = PLANE('',#7724);
#7724 = AXIS2_PLACEMENT_3D('',#7725,#7726,#7727);
#7725 = CARTESIAN_POINT('',(15.,-7.,-6.7));
#7726 = DIRECTION('',(0.,0.,1.));
#7727 = DIRECTION('',(1.,0.,0.));
#7728 = ADVANCED_FACE('',(#7729,#7755,#7789,#7859,#7893,#7963),#8033,.F.
  );
#7729 = FACE_BOUND('',#7730,.F.);
#7730 = EDGE_LOOP('',(#7731,#7732,#7733,#7734,#7735,#7736,#7737,#7738,
    #7739,#7740,#7741,#7742,#7743,#7744,#7745,#7746,#7747,#7748,#7749,
    #7750,#7751,#7752,#7753,#7754));
#7731 = ORIENTED_EDGE('',*,*,#3165,.F.);
#7732 = ORIENTED_EDGE('',*,*,#3150,.T.);
#7733 = ORIENTED_EDGE('',*,*,#3083,.F.);
#7734 = ORIENTED_EDGE('',*,*,#3100,.F.);
#7735 = ORIENTED_EDGE('',*,*,#3059,.T.);
#7736 = ORIENTED_EDGE('',*,*,#3023,.T.);
#7737 = ORIENTED_EDGE('',*,*,#2999,.F.);
#7738 = ORIENTED_EDGE('',*,*,#2940,.F.);
#7739 = ORIENTED_EDGE('',*,*,#2916,.F.);
#7740 = ORIENTED_EDGE('',*,*,#2474,.T.);
#7741 = ORIENTED_EDGE('',*,*,#2459,.T.);
#7742 = ORIENTED_EDGE('',*,*,#2400,.F.);
#7743 = ORIENTED_EDGE('',*,*,#2376,.T.);
#7744 = ORIENTED_EDGE('',*,*,#2344,.F.);
#7745 = ORIENTED_EDGE('',*,*,#2327,.F.);
#7746 = ORIENTED_EDGE('',*,*,#2260,.F.);
#7747 = ORIENTED_EDGE('',*,*,#2277,.F.);
#7748 = ORIENTED_EDGE('',*,*,#2236,.F.);
#7749 = ORIENTED_EDGE('',*,*,#2202,.F.);
#7750 = ORIENTED_EDGE('',*,*,#2187,.F.);
#7751 = ORIENTED_EDGE('',*,*,#2163,.F.);
#7752 = ORIENTED_EDGE('',*,*,#2129,.F.);
#7753 = ORIENTED_EDGE('',*,*,#2114,.F.);
#7754 = ORIENTED_EDGE('',*,*,#2082,.T.);
#7755 = FACE_BOUND('',#7756,.F.);
#7756 = EDGE_LOOP('',(#7757,#7767,#7775,#7783));
#7757 = ORIENTED_EDGE('',*,*,#7758,.T.);
#7758 = EDGE_CURVE('',#7759,#7761,#7763,.T.);
#7759 = VERTEX_POINT('',#7760);
#7760 = CARTESIAN_POINT('',(-4.25,34.,-11.1));
#7761 = VERTEX_POINT('',#7762);
#7762 = CARTESIAN_POINT('',(-7.75,34.,-11.1));
#7763 = LINE('',#7764,#7765);
#7764 = CARTESIAN_POINT('',(-21.875,34.,-11.1));
#7765 = VECTOR('',#7766,1.);
#7766 = DIRECTION('',(-1.,0.,0.));
#7767 = ORIENTED_EDGE('',*,*,#7768,.T.);
#7768 = EDGE_CURVE('',#7761,#7769,#7771,.T.);
#7769 = VERTEX_POINT('',#7770);
#7770 = CARTESIAN_POINT('',(-7.75,42.,-11.1));
#7771 = LINE('',#7772,#7773);
#7772 = CARTESIAN_POINT('',(-7.75,16.85,-11.1));
#7773 = VECTOR('',#7774,1.);
#7774 = DIRECTION('',(0.,1.,0.));
#7775 = ORIENTED_EDGE('',*,*,#7776,.F.);
#7776 = EDGE_CURVE('',#7777,#7769,#7779,.T.);
#7777 = VERTEX_POINT('',#7778);
#7778 = CARTESIAN_POINT('',(-4.25,42.,-11.1));
#7779 = LINE('',#7780,#7781);
#7780 = CARTESIAN_POINT('',(-21.875,42.,-11.1));
#7781 = VECTOR('',#7782,1.);
#7782 = DIRECTION('',(-1.,0.,0.));
#7783 = ORIENTED_EDGE('',*,*,#7784,.F.);
#7784 = EDGE_CURVE('',#7759,#7777,#7785,.T.);
#7785 = LINE('',#7786,#7787);
#7786 = CARTESIAN_POINT('',(-4.25,16.85,-11.1));
#7787 = VECTOR('',#7788,1.);
#7788 = DIRECTION('',(0.,1.,0.));
#7789 = FACE_BOUND('',#7790,.F.);
#7790 = EDGE_LOOP('',(#7791,#7802,#7810,#7819,#7827,#7836,#7844,#7853));
#7791 = ORIENTED_EDGE('',*,*,#7792,.F.);
#7792 = EDGE_CURVE('',#7793,#7795,#7797,.T.);
#7793 = VERTEX_POINT('',#7794);
#7794 = CARTESIAN_POINT('',(6.5,34.5,-11.1));
#7795 = VERTEX_POINT('',#7796);
#7796 = CARTESIAN_POINT('',(9.,32.,-11.1));
#7797 = CIRCLE('',#7798,2.5);
#7798 = AXIS2_PLACEMENT_3D('',#7799,#7800,#7801);
#7799 = CARTESIAN_POINT('',(9.,34.5,-11.1));
#7800 = DIRECTION('',(0.,0.,1.));
#7801 = DIRECTION('',(-1.,0.,0.));
#7802 = ORIENTED_EDGE('',*,*,#7803,.T.);
#7803 = EDGE_CURVE('',#7793,#7804,#7806,.T.);
#7804 = VERTEX_POINT('',#7805);
#7805 = CARTESIAN_POINT('',(6.5,101.5,-11.1));
#7806 = LINE('',#7807,#7808);
#7807 = CARTESIAN_POINT('',(6.5,15.85,-11.1));
#7808 = VECTOR('',#7809,1.);
#7809 = DIRECTION('',(0.,1.,0.));
#7810 = ORIENTED_EDGE('',*,*,#7811,.F.);
#7811 = EDGE_CURVE('',#7812,#7804,#7814,.T.);
#7812 = VERTEX_POINT('',#7813);
#7813 = CARTESIAN_POINT('',(9.,104.,-11.1));
#7814 = CIRCLE('',#7815,2.5);
#7815 = AXIS2_PLACEMENT_3D('',#7816,#7817,#7818);
#7816 = CARTESIAN_POINT('',(9.,101.5,-11.1));
#7817 = DIRECTION('',(0.,0.,1.));
#7818 = DIRECTION('',(-1.,0.,0.));
#7819 = ORIENTED_EDGE('',*,*,#7820,.F.);
#7820 = EDGE_CURVE('',#7821,#7812,#7823,.T.);
#7821 = VERTEX_POINT('',#7822);
#7822 = CARTESIAN_POINT('',(28.,104.,-11.1));
#7823 = LINE('',#7824,#7825);
#7824 = CARTESIAN_POINT('',(-14.75,104.,-11.1));
#7825 = VECTOR('',#7826,1.);
#7826 = DIRECTION('',(-1.,0.,0.));
#7827 = ORIENTED_EDGE('',*,*,#7828,.F.);
#7828 = EDGE_CURVE('',#7829,#7821,#7831,.T.);
#7829 = VERTEX_POINT('',#7830);
#7830 = CARTESIAN_POINT('',(30.5,101.5,-11.1));
#7831 = CIRCLE('',#7832,2.5);
#7832 = AXIS2_PLACEMENT_3D('',#7833,#7834,#7835);
#7833 = CARTESIAN_POINT('',(28.,101.5,-11.1));
#7834 = DIRECTION('',(0.,0.,1.));
#7835 = DIRECTION('',(1.,0.,0.));
#7836 = ORIENTED_EDGE('',*,*,#7837,.F.);
#7837 = EDGE_CURVE('',#7838,#7829,#7840,.T.);
#7838 = VERTEX_POINT('',#7839);
#7839 = CARTESIAN_POINT('',(30.5,34.5,-11.1));
#7840 = LINE('',#7841,#7842);
#7841 = CARTESIAN_POINT('',(30.5,15.85,-11.1));
#7842 = VECTOR('',#7843,1.);
#7843 = DIRECTION('',(0.,1.,0.));
#7844 = ORIENTED_EDGE('',*,*,#7845,.F.);
#7845 = EDGE_CURVE('',#7846,#7838,#7848,.T.);
#7846 = VERTEX_POINT('',#7847);
#7847 = CARTESIAN_POINT('',(28.,32.,-11.1));
#7848 = CIRCLE('',#7849,2.5);
#7849 = AXIS2_PLACEMENT_3D('',#7850,#7851,#7852);
#7850 = CARTESIAN_POINT('',(28.,34.5,-11.1));
#7851 = DIRECTION('',(0.,0.,1.));
#7852 = DIRECTION('',(1.,0.,0.));
#7853 = ORIENTED_EDGE('',*,*,#7854,.T.);
#7854 = EDGE_CURVE('',#7846,#7795,#7855,.T.);
#7855 = LINE('',#7856,#7857);
#7856 = CARTESIAN_POINT('',(-14.75,32.,-11.1));
#7857 = VECTOR('',#7858,1.);
#7858 = DIRECTION('',(-1.,0.,0.));
#7859 = FACE_BOUND('',#7860,.F.);
#7860 = EDGE_LOOP('',(#7861,#7871,#7879,#7887));
#7861 = ORIENTED_EDGE('',*,*,#7862,.T.);
#7862 = EDGE_CURVE('',#7863,#7865,#7867,.T.);
#7863 = VERTEX_POINT('',#7864);
#7864 = CARTESIAN_POINT('',(-4.25,88.,-11.1));
#7865 = VERTEX_POINT('',#7866);
#7866 = CARTESIAN_POINT('',(-7.75,88.,-11.1));
#7867 = LINE('',#7868,#7869);
#7868 = CARTESIAN_POINT('',(-21.875,88.,-11.1));
#7869 = VECTOR('',#7870,1.);
#7870 = DIRECTION('',(-1.,0.,0.));
#7871 = ORIENTED_EDGE('',*,*,#7872,.T.);
#7872 = EDGE_CURVE('',#7865,#7873,#7875,.T.);
#7873 = VERTEX_POINT('',#7874);
#7874 = CARTESIAN_POINT('',(-7.75,96.,-11.1));
#7875 = LINE('',#7876,#7877);
#7876 = CARTESIAN_POINT('',(-7.75,43.85,-11.1));
#7877 = VECTOR('',#7878,1.);
#7878 = DIRECTION('',(0.,1.,0.));
#7879 = ORIENTED_EDGE('',*,*,#7880,.F.);
#7880 = EDGE_CURVE('',#7881,#7873,#7883,.T.);
#7881 = VERTEX_POINT('',#7882);
#7882 = CARTESIAN_POINT('',(-4.25,96.,-11.1));
#7883 = LINE('',#7884,#7885);
#7884 = CARTESIAN_POINT('',(-21.875,96.,-11.1));
#7885 = VECTOR('',#7886,1.);
#7886 = DIRECTION('',(-1.,0.,0.));
#7887 = ORIENTED_EDGE('',*,*,#7888,.F.);
#7888 = EDGE_CURVE('',#7863,#7881,#7889,.T.);
#7889 = LINE('',#7890,#7891);
#7890 = CARTESIAN_POINT('',(-4.25,43.85,-11.1));
#7891 = VECTOR('',#7892,1.);
#7892 = DIRECTION('',(0.,1.,0.));
#7893 = FACE_BOUND('',#7894,.F.);
#7894 = EDGE_LOOP('',(#7895,#7906,#7914,#7923,#7931,#7940,#7948,#7957));
#7895 = ORIENTED_EDGE('',*,*,#7896,.F.);
#7896 = EDGE_CURVE('',#7897,#7899,#7901,.T.);
#7897 = VERTEX_POINT('',#7898);
#7898 = CARTESIAN_POINT('',(-32.25,115.65,-11.1));
#7899 = VERTEX_POINT('',#7900);
#7900 = CARTESIAN_POINT('',(-28.25,111.65,-11.1));
#7901 = CIRCLE('',#7902,4.);
#7902 = AXIS2_PLACEMENT_3D('',#7903,#7904,#7905);
#7903 = CARTESIAN_POINT('',(-28.25,115.65,-11.1));
#7904 = DIRECTION('',(0.,0.,1.));
#7905 = DIRECTION('',(-1.,0.,0.));
#7906 = ORIENTED_EDGE('',*,*,#7907,.T.);
#7907 = EDGE_CURVE('',#7897,#7908,#7910,.T.);
#7908 = VERTEX_POINT('',#7909);
#7909 = CARTESIAN_POINT('',(-32.25,138.15,-11.1));
#7910 = LINE('',#7911,#7912);
#7911 = CARTESIAN_POINT('',(-32.25,55.675,-11.1));
#7912 = VECTOR('',#7913,1.);
#7913 = DIRECTION('',(0.,1.,0.));
#7914 = ORIENTED_EDGE('',*,*,#7915,.F.);
#7915 = EDGE_CURVE('',#7916,#7908,#7918,.T.);
#7916 = VERTEX_POINT('',#7917);
#7917 = CARTESIAN_POINT('',(-28.25,142.15,-11.1));
#7918 = CIRCLE('',#7919,4.);
#7919 = AXIS2_PLACEMENT_3D('',#7920,#7921,#7922);
#7920 = CARTESIAN_POINT('',(-28.25,138.15,-11.1));
#7921 = DIRECTION('',(0.,0.,1.));
#7922 = DIRECTION('',(-1.,0.,0.));
#7923 = ORIENTED_EDGE('',*,*,#7924,.F.);
#7924 = EDGE_CURVE('',#7925,#7916,#7927,.T.);
#7925 = VERTEX_POINT('',#7926);
#7926 = CARTESIAN_POINT('',(-5.75,142.15,-11.1));
#7927 = LINE('',#7928,#7929);
#7928 = CARTESIAN_POINT('',(-34.125,142.15,-11.1));
#7929 = VECTOR('',#7930,1.);
#7930 = DIRECTION('',(-1.,0.,0.));
#7931 = ORIENTED_EDGE('',*,*,#7932,.F.);
#7932 = EDGE_CURVE('',#7933,#7925,#7935,.T.);
#7933 = VERTEX_POINT('',#7934);
#7934 = CARTESIAN_POINT('',(-1.75,138.15,-11.1));
#7935 = CIRCLE('',#7936,4.);
#7936 = AXIS2_PLACEMENT_3D('',#7937,#7938,#7939);
#7937 = CARTESIAN_POINT('',(-5.75,138.15,-11.1));
#7938 = DIRECTION('',(0.,0.,1.));
#7939 = DIRECTION('',(1.,0.,0.));
#7940 = ORIENTED_EDGE('',*,*,#7941,.F.);
#7941 = EDGE_CURVE('',#7942,#7933,#7944,.T.);
#7942 = VERTEX_POINT('',#7943);
#7943 = CARTESIAN_POINT('',(-1.75,115.65,-11.1));
#7944 = LINE('',#7945,#7946);
#7945 = CARTESIAN_POINT('',(-1.75,55.675,-11.1));
#7946 = VECTOR('',#7947,1.);
#7947 = DIRECTION('',(0.,1.,0.));
#7948 = ORIENTED_EDGE('',*,*,#7949,.F.);
#7949 = EDGE_CURVE('',#7950,#7942,#7952,.T.);
#7950 = VERTEX_POINT('',#7951);
#7951 = CARTESIAN_POINT('',(-5.75,111.65,-11.1));
#7952 = CIRCLE('',#7953,4.);
#7953 = AXIS2_PLACEMENT_3D('',#7954,#7955,#7956);
#7954 = CARTESIAN_POINT('',(-5.75,115.65,-11.1));
#7955 = DIRECTION('',(0.,0.,1.));
#7956 = DIRECTION('',(1.,0.,0.));
#7957 = ORIENTED_EDGE('',*,*,#7958,.T.);
#7958 = EDGE_CURVE('',#7950,#7899,#7959,.T.);
#7959 = LINE('',#7960,#7961);
#7960 = CARTESIAN_POINT('',(-34.125,111.65,-11.1));
#7961 = VECTOR('',#7962,1.);
#7962 = DIRECTION('',(-1.,0.,0.));
#7963 = FACE_BOUND('',#7964,.F.);
#7964 = EDGE_LOOP('',(#7965,#7976,#7984,#7993,#8001,#8010,#8018,#8027));
#7965 = ORIENTED_EDGE('',*,*,#7966,.F.);
#7966 = EDGE_CURVE('',#7967,#7969,#7971,.T.);
#7967 = VERTEX_POINT('',#7968);
#7968 = CARTESIAN_POINT('',(5.5,109.,-11.1));
#7969 = VERTEX_POINT('',#7970);
#7970 = CARTESIAN_POINT('',(8.5,106.,-11.1));
#7971 = CIRCLE('',#7972,3.);
#7972 = AXIS2_PLACEMENT_3D('',#7973,#7974,#7975);
#7973 = CARTESIAN_POINT('',(8.5,109.,-11.1));
#7974 = DIRECTION('',(0.,0.,1.));
#7975 = DIRECTION('',(-1.,0.,0.));
#7976 = ORIENTED_EDGE('',*,*,#7977,.T.);
#7977 = EDGE_CURVE('',#7967,#7978,#7980,.T.);
#7978 = VERTEX_POINT('',#7979);
#7979 = CARTESIAN_POINT('',(5.5,138.,-11.1));
#7980 = LINE('',#7981,#7982);
#7981 = CARTESIAN_POINT('',(5.5,52.85,-11.1));
#7982 = VECTOR('',#7983,1.);
#7983 = DIRECTION('',(0.,1.,0.));
#7984 = ORIENTED_EDGE('',*,*,#7985,.F.);
#7985 = EDGE_CURVE('',#7986,#7978,#7988,.T.);
#7986 = VERTEX_POINT('',#7987);
#7987 = CARTESIAN_POINT('',(8.5,141.,-11.1));
#7988 = CIRCLE('',#7989,3.);
#7989 = AXIS2_PLACEMENT_3D('',#7990,#7991,#7992);
#7990 = CARTESIAN_POINT('',(8.5,138.,-11.1));
#7991 = DIRECTION('',(0.,0.,1.));
#7992 = DIRECTION('',(-1.,0.,0.));
#7993 = ORIENTED_EDGE('',*,*,#7994,.F.);
#7994 = EDGE_CURVE('',#7995,#7986,#7997,.T.);
#7995 = VERTEX_POINT('',#7996);
#7996 = CARTESIAN_POINT('',(28.5,141.,-11.1));
#7997 = LINE('',#7998,#7999);
#7998 = CARTESIAN_POINT('',(-15.25,141.,-11.1));
#7999 = VECTOR('',#8000,1.);
#8000 = DIRECTION('',(-1.,0.,0.));
#8001 = ORIENTED_EDGE('',*,*,#8002,.F.);
#8002 = EDGE_CURVE('',#8003,#7995,#8005,.T.);
#8003 = VERTEX_POINT('',#8004);
#8004 = CARTESIAN_POINT('',(31.5,138.,-11.1));
#8005 = CIRCLE('',#8006,3.);
#8006 = AXIS2_PLACEMENT_3D('',#8007,#8008,#8009);
#8007 = CARTESIAN_POINT('',(28.5,138.,-11.1));
#8008 = DIRECTION('',(0.,0.,1.));
#8009 = DIRECTION('',(1.,0.,0.));
#8010 = ORIENTED_EDGE('',*,*,#8011,.F.);
#8011 = EDGE_CURVE('',#8012,#8003,#8014,.T.);
#8012 = VERTEX_POINT('',#8013);
#8013 = CARTESIAN_POINT('',(31.5,109.,-11.1));
#8014 = LINE('',#8015,#8016);
#8015 = CARTESIAN_POINT('',(31.5,52.85,-11.1));
#8016 = VECTOR('',#8017,1.);
#8017 = DIRECTION('',(0.,1.,0.));
#8018 = ORIENTED_EDGE('',*,*,#8019,.F.);
#8019 = EDGE_CURVE('',#8020,#8012,#8022,.T.);
#8020 = VERTEX_POINT('',#8021);
#8021 = CARTESIAN_POINT('',(28.5,106.,-11.1));
#8022 = CIRCLE('',#8023,3.);
#8023 = AXIS2_PLACEMENT_3D('',#8024,#8025,#8026);
#8024 = CARTESIAN_POINT('',(28.5,109.,-11.1));
#8025 = DIRECTION('',(0.,0.,1.));
#8026 = DIRECTION('',(1.,0.,0.));
#8027 = ORIENTED_EDGE('',*,*,#8028,.T.);
#8028 = EDGE_CURVE('',#8020,#7969,#8029,.T.);
#8029 = LINE('',#8030,#8031);
#8030 = CARTESIAN_POINT('',(-15.25,106.,-11.1));
#8031 = VECTOR('',#8032,1.);
#8032 = DIRECTION('',(-1.,0.,0.));
#8033 = PLANE('',#8034);
#8034 = AXIS2_PLACEMENT_3D('',#8035,#8036,#8037);
#8035 = CARTESIAN_POINT('',(-36.,-0.3,-11.1));
#8036 = DIRECTION('',(0.,0.,1.));
#8037 = DIRECTION('',(1.,0.,0.));
#8038 = ADVANCED_FACE('',(#8039,#8057,#8127,#8197),#8267,.T.);
#8039 = FACE_BOUND('',#8040,.T.);
#8040 = EDGE_LOOP('',(#8041,#8042,#8043,#8044,#8045,#8046,#8047,#8048,
    #8049,#8050,#8051,#8052,#8053,#8054,#8055,#8056));
#8041 = ORIENTED_EDGE('',*,*,#4485,.F.);
#8042 = ORIENTED_EDGE('',*,*,#4567,.T.);
#8043 = ORIENTED_EDGE('',*,*,#3117,.F.);
#8044 = ORIENTED_EDGE('',*,*,#4603,.T.);
#8045 = ORIENTED_EDGE('',*,*,#4686,.T.);
#8046 = ORIENTED_EDGE('',*,*,#4928,.F.);
#8047 = ORIENTED_EDGE('',*,*,#2966,.F.);
#8048 = ORIENTED_EDGE('',*,*,#4996,.F.);
#8049 = ORIENTED_EDGE('',*,*,#5040,.T.);
#8050 = ORIENTED_EDGE('',*,*,#5021,.T.);
#8051 = ORIENTED_EDGE('',*,*,#2426,.F.);
#8052 = ORIENTED_EDGE('',*,*,#4971,.T.);
#8053 = ORIENTED_EDGE('',*,*,#4903,.F.);
#8054 = ORIENTED_EDGE('',*,*,#4662,.F.);
#8055 = ORIENTED_EDGE('',*,*,#2294,.F.);
#8056 = ORIENTED_EDGE('',*,*,#4585,.F.);
#8057 = FACE_BOUND('',#8058,.T.);
#8058 = EDGE_LOOP('',(#8059,#8070,#8078,#8087,#8095,#8104,#8112,#8121));
#8059 = ORIENTED_EDGE('',*,*,#8060,.F.);
#8060 = EDGE_CURVE('',#8061,#8063,#8065,.T.);
#8061 = VERTEX_POINT('',#8062);
#8062 = CARTESIAN_POINT('',(6.5,34.5,-8.4));
#8063 = VERTEX_POINT('',#8064);
#8064 = CARTESIAN_POINT('',(9.,32.,-8.4));
#8065 = CIRCLE('',#8066,2.5);
#8066 = AXIS2_PLACEMENT_3D('',#8067,#8068,#8069);
#8067 = CARTESIAN_POINT('',(9.,34.5,-8.4));
#8068 = DIRECTION('',(0.,0.,1.));
#8069 = DIRECTION('',(-1.,0.,0.));
#8070 = ORIENTED_EDGE('',*,*,#8071,.T.);
#8071 = EDGE_CURVE('',#8061,#8072,#8074,.T.);
#8072 = VERTEX_POINT('',#8073);
#8073 = CARTESIAN_POINT('',(6.5,101.5,-8.4));
#8074 = LINE('',#8075,#8076);
#8075 = CARTESIAN_POINT('',(6.5,16.,-8.4));
#8076 = VECTOR('',#8077,1.);
#8077 = DIRECTION('',(0.,1.,0.));
#8078 = ORIENTED_EDGE('',*,*,#8079,.F.);
#8079 = EDGE_CURVE('',#8080,#8072,#8082,.T.);
#8080 = VERTEX_POINT('',#8081);
#8081 = CARTESIAN_POINT('',(9.,104.,-8.4));
#8082 = CIRCLE('',#8083,2.5);
#8083 = AXIS2_PLACEMENT_3D('',#8084,#8085,#8086);
#8084 = CARTESIAN_POINT('',(9.,101.5,-8.4));
#8085 = DIRECTION('',(0.,0.,1.));
#8086 = DIRECTION('',(-1.,0.,0.));
#8087 = ORIENTED_EDGE('',*,*,#8088,.F.);
#8088 = EDGE_CURVE('',#8089,#8080,#8091,.T.);
#8089 = VERTEX_POINT('',#8090);
#8090 = CARTESIAN_POINT('',(28.,104.,-8.4));
#8091 = LINE('',#8092,#8093);
#8092 = CARTESIAN_POINT('',(-14.5,104.,-8.4));
#8093 = VECTOR('',#8094,1.);
#8094 = DIRECTION('',(-1.,0.,0.));
#8095 = ORIENTED_EDGE('',*,*,#8096,.F.);
#8096 = EDGE_CURVE('',#8097,#8089,#8099,.T.);
#8097 = VERTEX_POINT('',#8098);
#8098 = CARTESIAN_POINT('',(30.5,101.5,-8.4));
#8099 = CIRCLE('',#8100,2.5);
#8100 = AXIS2_PLACEMENT_3D('',#8101,#8102,#8103);
#8101 = CARTESIAN_POINT('',(28.,101.5,-8.4));
#8102 = DIRECTION('',(0.,0.,1.));
#8103 = DIRECTION('',(1.,0.,0.));
#8104 = ORIENTED_EDGE('',*,*,#8105,.F.);
#8105 = EDGE_CURVE('',#8106,#8097,#8108,.T.);
#8106 = VERTEX_POINT('',#8107);
#8107 = CARTESIAN_POINT('',(30.5,34.5,-8.4));
#8108 = LINE('',#8109,#8110);
#8109 = CARTESIAN_POINT('',(30.5,16.,-8.4));
#8110 = VECTOR('',#8111,1.);
#8111 = DIRECTION('',(0.,1.,0.));
#8112 = ORIENTED_EDGE('',*,*,#8113,.F.);
#8113 = EDGE_CURVE('',#8114,#8106,#8116,.T.);
#8114 = VERTEX_POINT('',#8115);
#8115 = CARTESIAN_POINT('',(28.,32.,-8.4));
#8116 = CIRCLE('',#8117,2.5);
#8117 = AXIS2_PLACEMENT_3D('',#8118,#8119,#8120);
#8118 = CARTESIAN_POINT('',(28.,34.5,-8.4));
#8119 = DIRECTION('',(0.,0.,1.));
#8120 = DIRECTION('',(1.,0.,0.));
#8121 = ORIENTED_EDGE('',*,*,#8122,.T.);
#8122 = EDGE_CURVE('',#8114,#8063,#8123,.T.);
#8123 = LINE('',#8124,#8125);
#8124 = CARTESIAN_POINT('',(-14.5,32.,-8.4));
#8125 = VECTOR('',#8126,1.);
#8126 = DIRECTION('',(-1.,0.,0.));
#8127 = FACE_BOUND('',#8128,.T.);
#8128 = EDGE_LOOP('',(#8129,#8140,#8148,#8157,#8165,#8174,#8182,#8191));
#8129 = ORIENTED_EDGE('',*,*,#8130,.F.);
#8130 = EDGE_CURVE('',#8131,#8133,#8135,.T.);
#8131 = VERTEX_POINT('',#8132);
#8132 = CARTESIAN_POINT('',(5.5,109.,-8.4));
#8133 = VERTEX_POINT('',#8134);
#8134 = CARTESIAN_POINT('',(8.5,106.,-8.4));
#8135 = CIRCLE('',#8136,3.);
#8136 = AXIS2_PLACEMENT_3D('',#8137,#8138,#8139);
#8137 = CARTESIAN_POINT('',(8.5,109.,-8.4));
#8138 = DIRECTION('',(0.,0.,1.));
#8139 = DIRECTION('',(-1.,0.,0.));
#8140 = ORIENTED_EDGE('',*,*,#8141,.T.);
#8141 = EDGE_CURVE('',#8131,#8142,#8144,.T.);
#8142 = VERTEX_POINT('',#8143);
#8143 = CARTESIAN_POINT('',(5.5,138.,-8.4));
#8144 = LINE('',#8145,#8146);
#8145 = CARTESIAN_POINT('',(5.5,53.,-8.4));
#8146 = VECTOR('',#8147,1.);
#8147 = DIRECTION('',(0.,1.,0.));
#8148 = ORIENTED_EDGE('',*,*,#8149,.F.);
#8149 = EDGE_CURVE('',#8150,#8142,#8152,.T.);
#8150 = VERTEX_POINT('',#8151);
#8151 = CARTESIAN_POINT('',(8.5,141.,-8.4));
#8152 = CIRCLE('',#8153,3.);
#8153 = AXIS2_PLACEMENT_3D('',#8154,#8155,#8156);
#8154 = CARTESIAN_POINT('',(8.5,138.,-8.4));
#8155 = DIRECTION('',(0.,0.,1.));
#8156 = DIRECTION('',(-1.,0.,0.));
#8157 = ORIENTED_EDGE('',*,*,#8158,.F.);
#8158 = EDGE_CURVE('',#8159,#8150,#8161,.T.);
#8159 = VERTEX_POINT('',#8160);
#8160 = CARTESIAN_POINT('',(28.5,141.,-8.4));
#8161 = LINE('',#8162,#8163);
#8162 = CARTESIAN_POINT('',(-15.,141.,-8.4));
#8163 = VECTOR('',#8164,1.);
#8164 = DIRECTION('',(-1.,0.,0.));
#8165 = ORIENTED_EDGE('',*,*,#8166,.F.);
#8166 = EDGE_CURVE('',#8167,#8159,#8169,.T.);
#8167 = VERTEX_POINT('',#8168);
#8168 = CARTESIAN_POINT('',(31.5,138.,-8.4));
#8169 = CIRCLE('',#8170,3.);
#8170 = AXIS2_PLACEMENT_3D('',#8171,#8172,#8173);
#8171 = CARTESIAN_POINT('',(28.5,138.,-8.4));
#8172 = DIRECTION('',(0.,0.,1.));
#8173 = DIRECTION('',(1.,0.,0.));
#8174 = ORIENTED_EDGE('',*,*,#8175,.F.);
#8175 = EDGE_CURVE('',#8176,#8167,#8178,.T.);
#8176 = VERTEX_POINT('',#8177);
#8177 = CARTESIAN_POINT('',(31.5,109.,-8.4));
#8178 = LINE('',#8179,#8180);
#8179 = CARTESIAN_POINT('',(31.5,53.,-8.4));
#8180 = VECTOR('',#8181,1.);
#8181 = DIRECTION('',(0.,1.,0.));
#8182 = ORIENTED_EDGE('',*,*,#8183,.F.);
#8183 = EDGE_CURVE('',#8184,#8176,#8186,.T.);
#8184 = VERTEX_POINT('',#8185);
#8185 = CARTESIAN_POINT('',(28.5,106.,-8.4));
#8186 = CIRCLE('',#8187,3.);
#8187 = AXIS2_PLACEMENT_3D('',#8188,#8189,#8190);
#8188 = CARTESIAN_POINT('',(28.5,109.,-8.4));
#8189 = DIRECTION('',(0.,0.,1.));
#8190 = DIRECTION('',(1.,0.,0.));
#8191 = ORIENTED_EDGE('',*,*,#8192,.T.);
#8192 = EDGE_CURVE('',#8184,#8133,#8193,.T.);
#8193 = LINE('',#8194,#8195);
#8194 = CARTESIAN_POINT('',(-15.,106.,-8.4));
#8195 = VECTOR('',#8196,1.);
#8196 = DIRECTION('',(-1.,0.,0.));
#8197 = FACE_BOUND('',#8198,.T.);
#8198 = EDGE_LOOP('',(#8199,#8210,#8218,#8227,#8235,#8244,#8252,#8261));
#8199 = ORIENTED_EDGE('',*,*,#8200,.F.);
#8200 = EDGE_CURVE('',#8201,#8203,#8205,.T.);
#8201 = VERTEX_POINT('',#8202);
#8202 = CARTESIAN_POINT('',(-32.25,115.65,-8.4));
#8203 = VERTEX_POINT('',#8204);
#8204 = CARTESIAN_POINT('',(-28.25,111.65,-8.4));
#8205 = CIRCLE('',#8206,4.);
#8206 = AXIS2_PLACEMENT_3D('',#8207,#8208,#8209);
#8207 = CARTESIAN_POINT('',(-28.25,115.65,-8.4));
#8208 = DIRECTION('',(0.,0.,1.));
#8209 = DIRECTION('',(-1.,0.,0.));
#8210 = ORIENTED_EDGE('',*,*,#8211,.T.);
#8211 = EDGE_CURVE('',#8201,#8212,#8214,.T.);
#8212 = VERTEX_POINT('',#8213);
#8213 = CARTESIAN_POINT('',(-32.25,138.15,-8.4));
#8214 = LINE('',#8215,#8216);
#8215 = CARTESIAN_POINT('',(-32.25,55.825,-8.4));
#8216 = VECTOR('',#8217,1.);
#8217 = DIRECTION('',(0.,1.,0.));
#8218 = ORIENTED_EDGE('',*,*,#8219,.F.);
#8219 = EDGE_CURVE('',#8220,#8212,#8222,.T.);
#8220 = VERTEX_POINT('',#8221);
#8221 = CARTESIAN_POINT('',(-28.25,142.15,-8.4));
#8222 = CIRCLE('',#8223,4.);
#8223 = AXIS2_PLACEMENT_3D('',#8224,#8225,#8226);
#8224 = CARTESIAN_POINT('',(-28.25,138.15,-8.4));
#8225 = DIRECTION('',(0.,0.,1.));
#8226 = DIRECTION('',(-1.,0.,0.));
#8227 = ORIENTED_EDGE('',*,*,#8228,.F.);
#8228 = EDGE_CURVE('',#8229,#8220,#8231,.T.);
#8229 = VERTEX_POINT('',#8230);
#8230 = CARTESIAN_POINT('',(-5.75,142.15,-8.4));
#8231 = LINE('',#8232,#8233);
#8232 = CARTESIAN_POINT('',(-33.875,142.15,-8.4));
#8233 = VECTOR('',#8234,1.);
#8234 = DIRECTION('',(-1.,0.,0.));
#8235 = ORIENTED_EDGE('',*,*,#8236,.F.);
#8236 = EDGE_CURVE('',#8237,#8229,#8239,.T.);
#8237 = VERTEX_POINT('',#8238);
#8238 = CARTESIAN_POINT('',(-1.75,138.15,-8.4));
#8239 = CIRCLE('',#8240,4.);
#8240 = AXIS2_PLACEMENT_3D('',#8241,#8242,#8243);
#8241 = CARTESIAN_POINT('',(-5.75,138.15,-8.4));
#8242 = DIRECTION('',(0.,0.,1.));
#8243 = DIRECTION('',(1.,0.,0.));
#8244 = ORIENTED_EDGE('',*,*,#8245,.F.);
#8245 = EDGE_CURVE('',#8246,#8237,#8248,.T.);
#8246 = VERTEX_POINT('',#8247);
#8247 = CARTESIAN_POINT('',(-1.75,115.65,-8.4));
#8248 = LINE('',#8249,#8250);
#8249 = CARTESIAN_POINT('',(-1.75,55.825,-8.4));
#8250 = VECTOR('',#8251,1.);
#8251 = DIRECTION('',(0.,1.,0.));
#8252 = ORIENTED_EDGE('',*,*,#8253,.F.);
#8253 = EDGE_CURVE('',#8254,#8246,#8256,.T.);
#8254 = VERTEX_POINT('',#8255);
#8255 = CARTESIAN_POINT('',(-5.75,111.65,-8.4));
#8256 = CIRCLE('',#8257,4.);
#8257 = AXIS2_PLACEMENT_3D('',#8258,#8259,#8260);
#8258 = CARTESIAN_POINT('',(-5.75,115.65,-8.4));
#8259 = DIRECTION('',(0.,0.,1.));
#8260 = DIRECTION('',(1.,0.,0.));
#8261 = ORIENTED_EDGE('',*,*,#8262,.T.);
#8262 = EDGE_CURVE('',#8254,#8203,#8263,.T.);
#8263 = LINE('',#8264,#8265);
#8264 = CARTESIAN_POINT('',(-33.875,111.65,-8.4));
#8265 = VECTOR('',#8266,1.);
#8266 = DIRECTION('',(-1.,0.,0.));
#8267 = PLANE('',#8268);
#8268 = AXIS2_PLACEMENT_3D('',#8269,#8270,#8271);
#8269 = CARTESIAN_POINT('',(-35.5,0.,-8.4));
#8270 = DIRECTION('',(0.,0.,1.));
#8271 = DIRECTION('',(1.,0.,0.));
#8272 = ADVANCED_FACE('',(#8273),#8298,.T.);
#8273 = FACE_BOUND('',#8274,.T.);
#8274 = EDGE_LOOP('',(#8275,#8283,#8291,#8297));
#8275 = ORIENTED_EDGE('',*,*,#8276,.F.);
#8276 = EDGE_CURVE('',#8277,#2493,#8279,.T.);
#8277 = VERTEX_POINT('',#8278);
#8278 = CARTESIAN_POINT('',(35.8,131.,-25.));
#8279 = LINE('',#8280,#8281);
#8280 = CARTESIAN_POINT('',(35.8,131.,-25.));
#8281 = VECTOR('',#8282,1.);
#8282 = DIRECTION('',(1.,0.,0.));
#8283 = ORIENTED_EDGE('',*,*,#8284,.T.);
#8284 = EDGE_CURVE('',#8277,#8285,#8287,.T.);
#8285 = VERTEX_POINT('',#8286);
#8286 = CARTESIAN_POINT('',(35.8,131.,-17.));
#8287 = LINE('',#8288,#8289);
#8288 = CARTESIAN_POINT('',(35.8,131.,-25.));
#8289 = VECTOR('',#8290,1.);
#8290 = DIRECTION('',(0.,0.,1.));
#8291 = ORIENTED_EDGE('',*,*,#8292,.T.);
#8292 = EDGE_CURVE('',#8285,#2495,#8293,.T.);
#8293 = LINE('',#8294,#8295);
#8294 = CARTESIAN_POINT('',(35.8,131.,-17.));
#8295 = VECTOR('',#8296,1.);
#8296 = DIRECTION('',(1.,0.,0.));
#8297 = ORIENTED_EDGE('',*,*,#2492,.F.);
#8298 = PLANE('',#8299);
#8299 = AXIS2_PLACEMENT_3D('',#8300,#8301,#8302);
#8300 = CARTESIAN_POINT('',(35.8,131.,-25.));
#8301 = DIRECTION('',(0.,1.,0.));
#8302 = DIRECTION('',(0.,0.,1.));
#8303 = ADVANCED_FACE('',(#8304),#8322,.T.);
#8304 = FACE_BOUND('',#8305,.T.);
#8305 = EDGE_LOOP('',(#8306,#8307,#8315,#8321));
#8306 = ORIENTED_EDGE('',*,*,#8292,.F.);
#8307 = ORIENTED_EDGE('',*,*,#8308,.F.);
#8308 = EDGE_CURVE('',#8309,#8285,#8311,.T.);
#8309 = VERTEX_POINT('',#8310);
#8310 = CARTESIAN_POINT('',(35.8,128.99999999999,-17.));
#8311 = LINE('',#8312,#8313);
#8312 = CARTESIAN_POINT('',(35.8,125.,-17.));
#8313 = VECTOR('',#8314,1.);
#8314 = DIRECTION('',(0.,1.,0.));
#8315 = ORIENTED_EDGE('',*,*,#8316,.T.);
#8316 = EDGE_CURVE('',#8309,#2544,#8317,.T.);
#8317 = LINE('',#8318,#8319);
#8318 = CARTESIAN_POINT('',(35.,129.,-17.));
#8319 = VECTOR('',#8320,1.);
#8320 = DIRECTION('',(1.,0.,0.));
#8321 = ORIENTED_EDGE('',*,*,#2552,.F.);
#8322 = PLANE('',#8323);
#8323 = AXIS2_PLACEMENT_3D('',#8324,#8325,#8326);
#8324 = CARTESIAN_POINT('',(35.8,125.,-17.));
#8325 = DIRECTION('',(0.,0.,1.));
#8326 = DIRECTION('',(1.,0.,0.));
#8327 = ADVANCED_FACE('',(#8328),#8381,.F.);
#8328 = FACE_BOUND('',#8329,.F.);
#8329 = EDGE_LOOP('',(#8330,#8340,#8347,#8348,#8349,#8357,#8366,#8374));
#8330 = ORIENTED_EDGE('',*,*,#8331,.F.);
#8331 = EDGE_CURVE('',#8332,#8334,#8336,.T.);
#8332 = VERTEX_POINT('',#8333);
#8333 = CARTESIAN_POINT('',(35.8,130.6,-19.4));
#8334 = VERTEX_POINT('',#8335);
#8335 = CARTESIAN_POINT('',(39.6,130.6,-19.4));
#8336 = LINE('',#8337,#8338);
#8337 = CARTESIAN_POINT('',(35.,130.6,-19.4));
#8338 = VECTOR('',#8339,1.);
#8339 = DIRECTION('',(1.,0.,0.));
#8340 = ORIENTED_EDGE('',*,*,#8341,.T.);
#8341 = EDGE_CURVE('',#8332,#8309,#8342,.T.);
#8342 = CIRCLE('',#8343,2.6);
#8343 = AXIS2_PLACEMENT_3D('',#8344,#8345,#8346);
#8344 = CARTESIAN_POINT('',(35.8,128.,-19.4));
#8345 = DIRECTION('',(1.,0.,-0.));
#8346 = DIRECTION('',(0.,0.,1.));
#8347 = ORIENTED_EDGE('',*,*,#8316,.T.);
#8348 = ORIENTED_EDGE('',*,*,#2543,.T.);
#8349 = ORIENTED_EDGE('',*,*,#8350,.F.);
#8350 = EDGE_CURVE('',#8351,#2536,#8353,.T.);
#8351 = VERTEX_POINT('',#8352);
#8352 = CARTESIAN_POINT('',(35.8,127.,-17.));
#8353 = LINE('',#8354,#8355);
#8354 = CARTESIAN_POINT('',(35.,127.,-17.));
#8355 = VECTOR('',#8356,1.);
#8356 = DIRECTION('',(1.,0.,0.));
#8357 = ORIENTED_EDGE('',*,*,#8358,.T.);
#8358 = EDGE_CURVE('',#8351,#8359,#8361,.T.);
#8359 = VERTEX_POINT('',#8360);
#8360 = CARTESIAN_POINT('',(35.8,125.4,-19.4));
#8361 = CIRCLE('',#8362,2.6);
#8362 = AXIS2_PLACEMENT_3D('',#8363,#8364,#8365);
#8363 = CARTESIAN_POINT('',(35.8,128.,-19.4));
#8364 = DIRECTION('',(1.,0.,-0.));
#8365 = DIRECTION('',(0.,0.,1.));
#8366 = ORIENTED_EDGE('',*,*,#8367,.T.);
#8367 = EDGE_CURVE('',#8359,#8368,#8370,.T.);
#8368 = VERTEX_POINT('',#8369);
#8369 = CARTESIAN_POINT('',(39.6,125.4,-19.4));
#8370 = LINE('',#8371,#8372);
#8371 = CARTESIAN_POINT('',(35.,125.4,-19.4));
#8372 = VECTOR('',#8373,1.);
#8373 = DIRECTION('',(1.,0.,0.));
#8374 = ORIENTED_EDGE('',*,*,#8375,.F.);
#8375 = EDGE_CURVE('',#8334,#8368,#8376,.T.);
#8376 = CIRCLE('',#8377,2.6);
#8377 = AXIS2_PLACEMENT_3D('',#8378,#8379,#8380);
#8378 = CARTESIAN_POINT('',(39.6,128.,-19.4));
#8379 = DIRECTION('',(1.,0.,-0.));
#8380 = DIRECTION('',(0.,0.,1.));
#8381 = CYLINDRICAL_SURFACE('',#8382,2.6);
#8382 = AXIS2_PLACEMENT_3D('',#8383,#8384,#8385);
#8383 = CARTESIAN_POINT('',(35.,128.,-19.4));
#8384 = DIRECTION('',(1.,0.,0.));
#8385 = DIRECTION('',(0.,0.,1.));
#8386 = ADVANCED_FACE('',(#8387),#8405,.T.);
#8387 = FACE_BOUND('',#8388,.T.);
#8388 = EDGE_LOOP('',(#8389,#8390,#8398,#8404));
#8389 = ORIENTED_EDGE('',*,*,#8350,.F.);
#8390 = ORIENTED_EDGE('',*,*,#8391,.F.);
#8391 = EDGE_CURVE('',#8392,#8351,#8394,.T.);
#8392 = VERTEX_POINT('',#8393);
#8393 = CARTESIAN_POINT('',(35.8,125.,-17.));
#8394 = LINE('',#8395,#8396);
#8395 = CARTESIAN_POINT('',(35.8,125.,-17.));
#8396 = VECTOR('',#8397,1.);
#8397 = DIRECTION('',(0.,1.,0.));
#8398 = ORIENTED_EDGE('',*,*,#8399,.T.);
#8399 = EDGE_CURVE('',#8392,#2528,#8400,.T.);
#8400 = LINE('',#8401,#8402);
#8401 = CARTESIAN_POINT('',(35.8,125.,-17.));
#8402 = VECTOR('',#8403,1.);
#8403 = DIRECTION('',(1.,0.,0.));
#8404 = ORIENTED_EDGE('',*,*,#2535,.F.);
#8405 = PLANE('',#8406);
#8406 = AXIS2_PLACEMENT_3D('',#8407,#8408,#8409);
#8407 = CARTESIAN_POINT('',(35.8,125.,-17.));
#8408 = DIRECTION('',(0.,0.,1.));
#8409 = DIRECTION('',(1.,0.,0.));
#8410 = ADVANCED_FACE('',(#8411),#8429,.F.);
#8411 = FACE_BOUND('',#8412,.F.);
#8412 = EDGE_LOOP('',(#8413,#8421,#8427,#8428));
#8413 = ORIENTED_EDGE('',*,*,#8414,.F.);
#8414 = EDGE_CURVE('',#8415,#2520,#8417,.T.);
#8415 = VERTEX_POINT('',#8416);
#8416 = CARTESIAN_POINT('',(35.8,125.,-25.));
#8417 = LINE('',#8418,#8419);
#8418 = CARTESIAN_POINT('',(35.8,125.,-25.));
#8419 = VECTOR('',#8420,1.);
#8420 = DIRECTION('',(1.,0.,0.));
#8421 = ORIENTED_EDGE('',*,*,#8422,.T.);
#8422 = EDGE_CURVE('',#8415,#8392,#8423,.T.);
#8423 = LINE('',#8424,#8425);
#8424 = CARTESIAN_POINT('',(35.8,125.,-25.));
#8425 = VECTOR('',#8426,1.);
#8426 = DIRECTION('',(0.,0.,1.));
#8427 = ORIENTED_EDGE('',*,*,#8399,.T.);
#8428 = ORIENTED_EDGE('',*,*,#2527,.F.);
#8429 = PLANE('',#8430);
#8430 = AXIS2_PLACEMENT_3D('',#8431,#8432,#8433);
#8431 = CARTESIAN_POINT('',(35.8,125.,-25.));
#8432 = DIRECTION('',(0.,1.,0.));
#8433 = DIRECTION('',(0.,0.,1.));
#8434 = ADVANCED_FACE('',(#8435),#8453,.F.);
#8435 = FACE_BOUND('',#8436,.F.);
#8436 = EDGE_LOOP('',(#8437,#8445,#8451,#8452));
#8437 = ORIENTED_EDGE('',*,*,#8438,.F.);
#8438 = EDGE_CURVE('',#8439,#2511,#8441,.T.);
#8439 = VERTEX_POINT('',#8440);
#8440 = CARTESIAN_POINT('',(35.8,127.,-25.));
#8441 = LINE('',#8442,#8443);
#8442 = CARTESIAN_POINT('',(35.,127.,-25.));
#8443 = VECTOR('',#8444,1.);
#8444 = DIRECTION('',(1.,0.,0.));
#8445 = ORIENTED_EDGE('',*,*,#8446,.F.);
#8446 = EDGE_CURVE('',#8415,#8439,#8447,.T.);
#8447 = LINE('',#8448,#8449);
#8448 = CARTESIAN_POINT('',(35.8,125.,-25.));
#8449 = VECTOR('',#8450,1.);
#8450 = DIRECTION('',(0.,1.,0.));
#8451 = ORIENTED_EDGE('',*,*,#8414,.T.);
#8452 = ORIENTED_EDGE('',*,*,#2519,.F.);
#8453 = PLANE('',#8454);
#8454 = AXIS2_PLACEMENT_3D('',#8455,#8456,#8457);
#8455 = CARTESIAN_POINT('',(35.8,125.,-25.));
#8456 = DIRECTION('',(0.,0.,1.));
#8457 = DIRECTION('',(1.,0.,0.));
#8458 = ADVANCED_FACE('',(#8459),#8512,.F.);
#8459 = FACE_BOUND('',#8460,.F.);
#8460 = EDGE_LOOP('',(#8461,#8472,#8480,#8487,#8488,#8489,#8497,#8506));
#8461 = ORIENTED_EDGE('',*,*,#8462,.F.);
#8462 = EDGE_CURVE('',#8463,#8465,#8467,.T.);
#8463 = VERTEX_POINT('',#8464);
#8464 = CARTESIAN_POINT('',(39.6,125.4,-22.6));
#8465 = VERTEX_POINT('',#8466);
#8466 = CARTESIAN_POINT('',(39.6,130.6,-22.6));
#8467 = CIRCLE('',#8468,2.6);
#8468 = AXIS2_PLACEMENT_3D('',#8469,#8470,#8471);
#8469 = CARTESIAN_POINT('',(39.6,128.,-22.6));
#8470 = DIRECTION('',(1.,0.,-0.));
#8471 = DIRECTION('',(0.,0.,1.));
#8472 = ORIENTED_EDGE('',*,*,#8473,.F.);
#8473 = EDGE_CURVE('',#8474,#8463,#8476,.T.);
#8474 = VERTEX_POINT('',#8475);
#8475 = CARTESIAN_POINT('',(35.8,125.4,-22.6));
#8476 = LINE('',#8477,#8478);
#8477 = CARTESIAN_POINT('',(35.,125.4,-22.6));
#8478 = VECTOR('',#8479,1.);
#8479 = DIRECTION('',(1.,0.,0.));
#8480 = ORIENTED_EDGE('',*,*,#8481,.T.);
#8481 = EDGE_CURVE('',#8474,#8439,#8482,.T.);
#8482 = CIRCLE('',#8483,2.6);
#8483 = AXIS2_PLACEMENT_3D('',#8484,#8485,#8486);
#8484 = CARTESIAN_POINT('',(35.8,128.,-22.6));
#8485 = DIRECTION('',(1.,0.,-0.));
#8486 = DIRECTION('',(0.,0.,1.));
#8487 = ORIENTED_EDGE('',*,*,#8438,.T.);
#8488 = ORIENTED_EDGE('',*,*,#2510,.T.);
#8489 = ORIENTED_EDGE('',*,*,#8490,.F.);
#8490 = EDGE_CURVE('',#8491,#2503,#8493,.T.);
#8491 = VERTEX_POINT('',#8492);
#8492 = CARTESIAN_POINT('',(35.8,129.,-25.));
#8493 = LINE('',#8494,#8495);
#8494 = CARTESIAN_POINT('',(35.,129.,-25.));
#8495 = VECTOR('',#8496,1.);
#8496 = DIRECTION('',(1.,0.,0.));
#8497 = ORIENTED_EDGE('',*,*,#8498,.T.);
#8498 = EDGE_CURVE('',#8491,#8499,#8501,.T.);
#8499 = VERTEX_POINT('',#8500);
#8500 = CARTESIAN_POINT('',(35.8,130.6,-22.6));
#8501 = CIRCLE('',#8502,2.6);
#8502 = AXIS2_PLACEMENT_3D('',#8503,#8504,#8505);
#8503 = CARTESIAN_POINT('',(35.8,128.,-22.6));
#8504 = DIRECTION('',(1.,0.,-0.));
#8505 = DIRECTION('',(0.,0.,1.));
#8506 = ORIENTED_EDGE('',*,*,#8507,.T.);
#8507 = EDGE_CURVE('',#8499,#8465,#8508,.T.);
#8508 = LINE('',#8509,#8510);
#8509 = CARTESIAN_POINT('',(35.,130.6,-22.6));
#8510 = VECTOR('',#8511,1.);
#8511 = DIRECTION('',(1.,0.,0.));
#8512 = CYLINDRICAL_SURFACE('',#8513,2.6);
#8513 = AXIS2_PLACEMENT_3D('',#8514,#8515,#8516);
#8514 = CARTESIAN_POINT('',(35.,128.,-22.6));
#8515 = DIRECTION('',(1.,0.,0.));
#8516 = DIRECTION('',(0.,0.,1.));
#8517 = ADVANCED_FACE('',(#8518),#8529,.F.);
#8518 = FACE_BOUND('',#8519,.F.);
#8519 = EDGE_LOOP('',(#8520,#8521,#8527,#8528));
#8520 = ORIENTED_EDGE('',*,*,#8276,.F.);
#8521 = ORIENTED_EDGE('',*,*,#8522,.F.);
#8522 = EDGE_CURVE('',#8491,#8277,#8523,.T.);
#8523 = LINE('',#8524,#8525);
#8524 = CARTESIAN_POINT('',(35.8,125.,-25.));
#8525 = VECTOR('',#8526,1.);
#8526 = DIRECTION('',(0.,1.,0.));
#8527 = ORIENTED_EDGE('',*,*,#8490,.T.);
#8528 = ORIENTED_EDGE('',*,*,#2502,.F.);
#8529 = PLANE('',#8530);
#8530 = AXIS2_PLACEMENT_3D('',#8531,#8532,#8533);
#8531 = CARTESIAN_POINT('',(35.8,125.,-25.));
#8532 = DIRECTION('',(0.,0.,1.));
#8533 = DIRECTION('',(1.,0.,0.));
#8534 = ADVANCED_FACE('',(#8535),#8560,.T.);
#8535 = FACE_BOUND('',#8536,.T.);
#8536 = EDGE_LOOP('',(#8537,#8545,#8553,#8559));
#8537 = ORIENTED_EDGE('',*,*,#8538,.F.);
#8538 = EDGE_CURVE('',#8539,#2561,#8541,.T.);
#8539 = VERTEX_POINT('',#8540);
#8540 = CARTESIAN_POINT('',(35.8,119.,-25.));
#8541 = LINE('',#8542,#8543);
#8542 = CARTESIAN_POINT('',(35.8,119.,-25.));
#8543 = VECTOR('',#8544,1.);
#8544 = DIRECTION('',(1.,0.,0.));
#8545 = ORIENTED_EDGE('',*,*,#8546,.T.);
#8546 = EDGE_CURVE('',#8539,#8547,#8549,.T.);
#8547 = VERTEX_POINT('',#8548);
#8548 = CARTESIAN_POINT('',(35.8,119.,-17.));
#8549 = LINE('',#8550,#8551);
#8550 = CARTESIAN_POINT('',(35.8,119.,-25.));
#8551 = VECTOR('',#8552,1.);
#8552 = DIRECTION('',(0.,0.,1.));
#8553 = ORIENTED_EDGE('',*,*,#8554,.T.);
#8554 = EDGE_CURVE('',#8547,#2563,#8555,.T.);
#8555 = LINE('',#8556,#8557);
#8556 = CARTESIAN_POINT('',(35.8,119.,-17.));
#8557 = VECTOR('',#8558,1.);
#8558 = DIRECTION('',(1.,0.,0.));
#8559 = ORIENTED_EDGE('',*,*,#2560,.F.);
#8560 = PLANE('',#8561);
#8561 = AXIS2_PLACEMENT_3D('',#8562,#8563,#8564);
#8562 = CARTESIAN_POINT('',(35.8,119.,-25.));
#8563 = DIRECTION('',(0.,1.,0.));
#8564 = DIRECTION('',(0.,0.,1.));
#8565 = ADVANCED_FACE('',(#8566),#8584,.T.);
#8566 = FACE_BOUND('',#8567,.T.);
#8567 = EDGE_LOOP('',(#8568,#8569,#8577,#8583));
#8568 = ORIENTED_EDGE('',*,*,#8554,.F.);
#8569 = ORIENTED_EDGE('',*,*,#8570,.F.);
#8570 = EDGE_CURVE('',#8571,#8547,#8573,.T.);
#8571 = VERTEX_POINT('',#8572);
#8572 = CARTESIAN_POINT('',(35.8,117.,-17.));
#8573 = LINE('',#8574,#8575);
#8574 = CARTESIAN_POINT('',(35.8,113.,-17.));
#8575 = VECTOR('',#8576,1.);
#8576 = DIRECTION('',(0.,1.,0.));
#8577 = ORIENTED_EDGE('',*,*,#8578,.T.);
#8578 = EDGE_CURVE('',#8571,#2612,#8579,.T.);
#8579 = LINE('',#8580,#8581);
#8580 = CARTESIAN_POINT('',(35.,117.,-17.));
#8581 = VECTOR('',#8582,1.);
#8582 = DIRECTION('',(1.,0.,0.));
#8583 = ORIENTED_EDGE('',*,*,#2620,.F.);
#8584 = PLANE('',#8585);
#8585 = AXIS2_PLACEMENT_3D('',#8586,#8587,#8588);
#8586 = CARTESIAN_POINT('',(35.8,113.,-17.));
#8587 = DIRECTION('',(0.,0.,1.));
#8588 = DIRECTION('',(1.,0.,0.));
#8589 = ADVANCED_FACE('',(#8590),#8643,.F.);
#8590 = FACE_BOUND('',#8591,.F.);
#8591 = EDGE_LOOP('',(#8592,#8602,#8609,#8610,#8611,#8619,#8628,#8636));
#8592 = ORIENTED_EDGE('',*,*,#8593,.F.);
#8593 = EDGE_CURVE('',#8594,#8596,#8598,.T.);
#8594 = VERTEX_POINT('',#8595);
#8595 = CARTESIAN_POINT('',(35.8,118.6,-19.4));
#8596 = VERTEX_POINT('',#8597);
#8597 = CARTESIAN_POINT('',(39.6,118.6,-19.4));
#8598 = LINE('',#8599,#8600);
#8599 = CARTESIAN_POINT('',(35.,118.6,-19.4));
#8600 = VECTOR('',#8601,1.);
#8601 = DIRECTION('',(1.,0.,0.));
#8602 = ORIENTED_EDGE('',*,*,#8603,.T.);
#8603 = EDGE_CURVE('',#8594,#8571,#8604,.T.);
#8604 = CIRCLE('',#8605,2.6);
#8605 = AXIS2_PLACEMENT_3D('',#8606,#8607,#8608);
#8606 = CARTESIAN_POINT('',(35.8,116.,-19.4));
#8607 = DIRECTION('',(1.,0.,-0.));
#8608 = DIRECTION('',(0.,0.,1.));
#8609 = ORIENTED_EDGE('',*,*,#8578,.T.);
#8610 = ORIENTED_EDGE('',*,*,#2611,.T.);
#8611 = ORIENTED_EDGE('',*,*,#8612,.F.);
#8612 = EDGE_CURVE('',#8613,#2604,#8615,.T.);
#8613 = VERTEX_POINT('',#8614);
#8614 = CARTESIAN_POINT('',(35.8,115.,-17.));
#8615 = LINE('',#8616,#8617);
#8616 = CARTESIAN_POINT('',(35.,115.,-17.));
#8617 = VECTOR('',#8618,1.);
#8618 = DIRECTION('',(1.,0.,0.));
#8619 = ORIENTED_EDGE('',*,*,#8620,.T.);
#8620 = EDGE_CURVE('',#8613,#8621,#8623,.T.);
#8621 = VERTEX_POINT('',#8622);
#8622 = CARTESIAN_POINT('',(35.8,113.4,-19.4));
#8623 = CIRCLE('',#8624,2.6);
#8624 = AXIS2_PLACEMENT_3D('',#8625,#8626,#8627);
#8625 = CARTESIAN_POINT('',(35.8,116.,-19.4));
#8626 = DIRECTION('',(1.,0.,-0.));
#8627 = DIRECTION('',(0.,0.,1.));
#8628 = ORIENTED_EDGE('',*,*,#8629,.T.);
#8629 = EDGE_CURVE('',#8621,#8630,#8632,.T.);
#8630 = VERTEX_POINT('',#8631);
#8631 = CARTESIAN_POINT('',(39.6,113.4,-19.4));
#8632 = LINE('',#8633,#8634);
#8633 = CARTESIAN_POINT('',(35.,113.4,-19.4));
#8634 = VECTOR('',#8635,1.);
#8635 = DIRECTION('',(1.,0.,0.));
#8636 = ORIENTED_EDGE('',*,*,#8637,.F.);
#8637 = EDGE_CURVE('',#8596,#8630,#8638,.T.);
#8638 = CIRCLE('',#8639,2.6);
#8639 = AXIS2_PLACEMENT_3D('',#8640,#8641,#8642);
#8640 = CARTESIAN_POINT('',(39.6,116.,-19.4));
#8641 = DIRECTION('',(1.,0.,-0.));
#8642 = DIRECTION('',(0.,0.,1.));
#8643 = CYLINDRICAL_SURFACE('',#8644,2.6);
#8644 = AXIS2_PLACEMENT_3D('',#8645,#8646,#8647);
#8645 = CARTESIAN_POINT('',(35.,116.,-19.4));
#8646 = DIRECTION('',(1.,0.,0.));
#8647 = DIRECTION('',(0.,0.,1.));
#8648 = ADVANCED_FACE('',(#8649),#8667,.T.);
#8649 = FACE_BOUND('',#8650,.T.);
#8650 = EDGE_LOOP('',(#8651,#8652,#8660,#8666));
#8651 = ORIENTED_EDGE('',*,*,#8612,.F.);
#8652 = ORIENTED_EDGE('',*,*,#8653,.F.);
#8653 = EDGE_CURVE('',#8654,#8613,#8656,.T.);
#8654 = VERTEX_POINT('',#8655);
#8655 = CARTESIAN_POINT('',(35.8,113.,-17.));
#8656 = LINE('',#8657,#8658);
#8657 = CARTESIAN_POINT('',(35.8,113.,-17.));
#8658 = VECTOR('',#8659,1.);
#8659 = DIRECTION('',(0.,1.,0.));
#8660 = ORIENTED_EDGE('',*,*,#8661,.T.);
#8661 = EDGE_CURVE('',#8654,#2596,#8662,.T.);
#8662 = LINE('',#8663,#8664);
#8663 = CARTESIAN_POINT('',(35.8,113.,-17.));
#8664 = VECTOR('',#8665,1.);
#8665 = DIRECTION('',(1.,0.,0.));
#8666 = ORIENTED_EDGE('',*,*,#2603,.F.);
#8667 = PLANE('',#8668);
#8668 = AXIS2_PLACEMENT_3D('',#8669,#8670,#8671);
#8669 = CARTESIAN_POINT('',(35.8,113.,-17.));
#8670 = DIRECTION('',(0.,0.,1.));
#8671 = DIRECTION('',(1.,0.,0.));
#8672 = ADVANCED_FACE('',(#8673),#8691,.F.);
#8673 = FACE_BOUND('',#8674,.F.);
#8674 = EDGE_LOOP('',(#8675,#8683,#8689,#8690));
#8675 = ORIENTED_EDGE('',*,*,#8676,.F.);
#8676 = EDGE_CURVE('',#8677,#2588,#8679,.T.);
#8677 = VERTEX_POINT('',#8678);
#8678 = CARTESIAN_POINT('',(35.8,113.,-25.));
#8679 = LINE('',#8680,#8681);
#8680 = CARTESIAN_POINT('',(35.8,113.,-25.));
#8681 = VECTOR('',#8682,1.);
#8682 = DIRECTION('',(1.,0.,0.));
#8683 = ORIENTED_EDGE('',*,*,#8684,.T.);
#8684 = EDGE_CURVE('',#8677,#8654,#8685,.T.);
#8685 = LINE('',#8686,#8687);
#8686 = CARTESIAN_POINT('',(35.8,113.,-25.));
#8687 = VECTOR('',#8688,1.);
#8688 = DIRECTION('',(0.,0.,1.));
#8689 = ORIENTED_EDGE('',*,*,#8661,.T.);
#8690 = ORIENTED_EDGE('',*,*,#2595,.F.);
#8691 = PLANE('',#8692);
#8692 = AXIS2_PLACEMENT_3D('',#8693,#8694,#8695);
#8693 = CARTESIAN_POINT('',(35.8,113.,-25.));
#8694 = DIRECTION('',(0.,1.,0.));
#8695 = DIRECTION('',(0.,0.,1.));
#8696 = ADVANCED_FACE('',(#8697),#8715,.F.);
#8697 = FACE_BOUND('',#8698,.F.);
#8698 = EDGE_LOOP('',(#8699,#8707,#8713,#8714));
#8699 = ORIENTED_EDGE('',*,*,#8700,.F.);
#8700 = EDGE_CURVE('',#8701,#2579,#8703,.T.);
#8701 = VERTEX_POINT('',#8702);
#8702 = CARTESIAN_POINT('',(35.8,115.,-25.));
#8703 = LINE('',#8704,#8705);
#8704 = CARTESIAN_POINT('',(35.,115.,-25.));
#8705 = VECTOR('',#8706,1.);
#8706 = DIRECTION('',(1.,0.,0.));
#8707 = ORIENTED_EDGE('',*,*,#8708,.F.);
#8708 = EDGE_CURVE('',#8677,#8701,#8709,.T.);
#8709 = LINE('',#8710,#8711);
#8710 = CARTESIAN_POINT('',(35.8,113.,-25.));
#8711 = VECTOR('',#8712,1.);
#8712 = DIRECTION('',(0.,1.,0.));
#8713 = ORIENTED_EDGE('',*,*,#8676,.T.);
#8714 = ORIENTED_EDGE('',*,*,#2587,.F.);
#8715 = PLANE('',#8716);
#8716 = AXIS2_PLACEMENT_3D('',#8717,#8718,#8719);
#8717 = CARTESIAN_POINT('',(35.8,113.,-25.));
#8718 = DIRECTION('',(0.,0.,1.));
#8719 = DIRECTION('',(1.,0.,0.));
#8720 = ADVANCED_FACE('',(#8721),#8774,.F.);
#8721 = FACE_BOUND('',#8722,.F.);
#8722 = EDGE_LOOP('',(#8723,#8734,#8742,#8749,#8750,#8751,#8759,#8768));
#8723 = ORIENTED_EDGE('',*,*,#8724,.F.);
#8724 = EDGE_CURVE('',#8725,#8727,#8729,.T.);
#8725 = VERTEX_POINT('',#8726);
#8726 = CARTESIAN_POINT('',(39.6,113.4,-22.6));
#8727 = VERTEX_POINT('',#8728);
#8728 = CARTESIAN_POINT('',(39.6,118.6,-22.6));
#8729 = CIRCLE('',#8730,2.6);
#8730 = AXIS2_PLACEMENT_3D('',#8731,#8732,#8733);
#8731 = CARTESIAN_POINT('',(39.6,116.,-22.6));
#8732 = DIRECTION('',(1.,0.,-0.));
#8733 = DIRECTION('',(0.,0.,1.));
#8734 = ORIENTED_EDGE('',*,*,#8735,.F.);
#8735 = EDGE_CURVE('',#8736,#8725,#8738,.T.);
#8736 = VERTEX_POINT('',#8737);
#8737 = CARTESIAN_POINT('',(35.8,113.4,-22.6));
#8738 = LINE('',#8739,#8740);
#8739 = CARTESIAN_POINT('',(35.,113.4,-22.6));
#8740 = VECTOR('',#8741,1.);
#8741 = DIRECTION('',(1.,0.,0.));
#8742 = ORIENTED_EDGE('',*,*,#8743,.T.);
#8743 = EDGE_CURVE('',#8736,#8701,#8744,.T.);
#8744 = CIRCLE('',#8745,2.6);
#8745 = AXIS2_PLACEMENT_3D('',#8746,#8747,#8748);
#8746 = CARTESIAN_POINT('',(35.8,116.,-22.6));
#8747 = DIRECTION('',(1.,0.,-0.));
#8748 = DIRECTION('',(0.,0.,1.));
#8749 = ORIENTED_EDGE('',*,*,#8700,.T.);
#8750 = ORIENTED_EDGE('',*,*,#2578,.T.);
#8751 = ORIENTED_EDGE('',*,*,#8752,.F.);
#8752 = EDGE_CURVE('',#8753,#2571,#8755,.T.);
#8753 = VERTEX_POINT('',#8754);
#8754 = CARTESIAN_POINT('',(35.8,117.,-25.));
#8755 = LINE('',#8756,#8757);
#8756 = CARTESIAN_POINT('',(35.,117.,-25.));
#8757 = VECTOR('',#8758,1.);
#8758 = DIRECTION('',(1.,0.,0.));
#8759 = ORIENTED_EDGE('',*,*,#8760,.T.);
#8760 = EDGE_CURVE('',#8753,#8761,#8763,.T.);
#8761 = VERTEX_POINT('',#8762);
#8762 = CARTESIAN_POINT('',(35.8,118.6,-22.6));
#8763 = CIRCLE('',#8764,2.6);
#8764 = AXIS2_PLACEMENT_3D('',#8765,#8766,#8767);
#8765 = CARTESIAN_POINT('',(35.8,116.,-22.6));
#8766 = DIRECTION('',(1.,0.,-0.));
#8767 = DIRECTION('',(0.,0.,1.));
#8768 = ORIENTED_EDGE('',*,*,#8769,.T.);
#8769 = EDGE_CURVE('',#8761,#8727,#8770,.T.);
#8770 = LINE('',#8771,#8772);
#8771 = CARTESIAN_POINT('',(35.,118.6,-22.6));
#8772 = VECTOR('',#8773,1.);
#8773 = DIRECTION('',(1.,0.,0.));
#8774 = CYLINDRICAL_SURFACE('',#8775,2.6);
#8775 = AXIS2_PLACEMENT_3D('',#8776,#8777,#8778);
#8776 = CARTESIAN_POINT('',(35.,116.,-22.6));
#8777 = DIRECTION('',(1.,0.,0.));
#8778 = DIRECTION('',(0.,0.,1.));
#8779 = ADVANCED_FACE('',(#8780),#8791,.F.);
#8780 = FACE_BOUND('',#8781,.F.);
#8781 = EDGE_LOOP('',(#8782,#8783,#8789,#8790));
#8782 = ORIENTED_EDGE('',*,*,#8538,.F.);
#8783 = ORIENTED_EDGE('',*,*,#8784,.F.);
#8784 = EDGE_CURVE('',#8753,#8539,#8785,.T.);
#8785 = LINE('',#8786,#8787);
#8786 = CARTESIAN_POINT('',(35.8,113.,-25.));
#8787 = VECTOR('',#8788,1.);
#8788 = DIRECTION('',(0.,1.,0.));
#8789 = ORIENTED_EDGE('',*,*,#8752,.T.);
#8790 = ORIENTED_EDGE('',*,*,#2570,.F.);
#8791 = PLANE('',#8792);
#8792 = AXIS2_PLACEMENT_3D('',#8793,#8794,#8795);
#8793 = CARTESIAN_POINT('',(35.8,113.,-25.));
#8794 = DIRECTION('',(0.,0.,1.));
#8795 = DIRECTION('',(1.,0.,0.));
#8796 = ADVANCED_FACE('',(#8797),#8822,.T.);
#8797 = FACE_BOUND('',#8798,.T.);
#8798 = EDGE_LOOP('',(#8799,#8807,#8815,#8821));
#8799 = ORIENTED_EDGE('',*,*,#8800,.F.);
#8800 = EDGE_CURVE('',#8801,#2629,#8803,.T.);
#8801 = VERTEX_POINT('',#8802);
#8802 = CARTESIAN_POINT('',(35.8,107.,-25.));
#8803 = LINE('',#8804,#8805);
#8804 = CARTESIAN_POINT('',(35.8,107.,-25.));
#8805 = VECTOR('',#8806,1.);
#8806 = DIRECTION('',(1.,0.,0.));
#8807 = ORIENTED_EDGE('',*,*,#8808,.T.);
#8808 = EDGE_CURVE('',#8801,#8809,#8811,.T.);
#8809 = VERTEX_POINT('',#8810);
#8810 = CARTESIAN_POINT('',(35.8,107.,-17.));
#8811 = LINE('',#8812,#8813);
#8812 = CARTESIAN_POINT('',(35.8,107.,-25.));
#8813 = VECTOR('',#8814,1.);
#8814 = DIRECTION('',(0.,0.,1.));
#8815 = ORIENTED_EDGE('',*,*,#8816,.T.);
#8816 = EDGE_CURVE('',#8809,#2631,#8817,.T.);
#8817 = LINE('',#8818,#8819);
#8818 = CARTESIAN_POINT('',(35.8,107.,-17.));
#8819 = VECTOR('',#8820,1.);
#8820 = DIRECTION('',(1.,0.,0.));
#8821 = ORIENTED_EDGE('',*,*,#2628,.F.);
#8822 = PLANE('',#8823);
#8823 = AXIS2_PLACEMENT_3D('',#8824,#8825,#8826);
#8824 = CARTESIAN_POINT('',(35.8,107.,-25.));
#8825 = DIRECTION('',(0.,1.,0.));
#8826 = DIRECTION('',(0.,0.,1.));
#8827 = ADVANCED_FACE('',(#8828),#8846,.T.);
#8828 = FACE_BOUND('',#8829,.T.);
#8829 = EDGE_LOOP('',(#8830,#8831,#8839,#8845));
#8830 = ORIENTED_EDGE('',*,*,#8816,.F.);
#8831 = ORIENTED_EDGE('',*,*,#8832,.F.);
#8832 = EDGE_CURVE('',#8833,#8809,#8835,.T.);
#8833 = VERTEX_POINT('',#8834);
#8834 = CARTESIAN_POINT('',(35.8,105.,-17.));
#8835 = LINE('',#8836,#8837);
#8836 = CARTESIAN_POINT('',(35.8,101.,-17.));
#8837 = VECTOR('',#8838,1.);
#8838 = DIRECTION('',(0.,1.,0.));
#8839 = ORIENTED_EDGE('',*,*,#8840,.T.);
#8840 = EDGE_CURVE('',#8833,#2680,#8841,.T.);
#8841 = LINE('',#8842,#8843);
#8842 = CARTESIAN_POINT('',(35.,105.,-17.));
#8843 = VECTOR('',#8844,1.);
#8844 = DIRECTION('',(1.,0.,0.));
#8845 = ORIENTED_EDGE('',*,*,#2688,.F.);
#8846 = PLANE('',#8847);
#8847 = AXIS2_PLACEMENT_3D('',#8848,#8849,#8850);
#8848 = CARTESIAN_POINT('',(35.8,101.,-17.));
#8849 = DIRECTION('',(0.,0.,1.));
#8850 = DIRECTION('',(1.,0.,0.));
#8851 = ADVANCED_FACE('',(#8852),#8905,.F.);
#8852 = FACE_BOUND('',#8853,.F.);
#8853 = EDGE_LOOP('',(#8854,#8864,#8871,#8872,#8873,#8881,#8890,#8898));
#8854 = ORIENTED_EDGE('',*,*,#8855,.F.);
#8855 = EDGE_CURVE('',#8856,#8858,#8860,.T.);
#8856 = VERTEX_POINT('',#8857);
#8857 = CARTESIAN_POINT('',(35.8,106.6,-19.4));
#8858 = VERTEX_POINT('',#8859);
#8859 = CARTESIAN_POINT('',(39.6,106.6,-19.4));
#8860 = LINE('',#8861,#8862);
#8861 = CARTESIAN_POINT('',(35.,106.6,-19.4));
#8862 = VECTOR('',#8863,1.);
#8863 = DIRECTION('',(1.,0.,0.));
#8864 = ORIENTED_EDGE('',*,*,#8865,.T.);
#8865 = EDGE_CURVE('',#8856,#8833,#8866,.T.);
#8866 = CIRCLE('',#8867,2.6);
#8867 = AXIS2_PLACEMENT_3D('',#8868,#8869,#8870);
#8868 = CARTESIAN_POINT('',(35.8,104.,-19.4));
#8869 = DIRECTION('',(1.,0.,-0.));
#8870 = DIRECTION('',(0.,0.,1.));
#8871 = ORIENTED_EDGE('',*,*,#8840,.T.);
#8872 = ORIENTED_EDGE('',*,*,#2679,.T.);
#8873 = ORIENTED_EDGE('',*,*,#8874,.F.);
#8874 = EDGE_CURVE('',#8875,#2672,#8877,.T.);
#8875 = VERTEX_POINT('',#8876);
#8876 = CARTESIAN_POINT('',(35.8,103.,-17.));
#8877 = LINE('',#8878,#8879);
#8878 = CARTESIAN_POINT('',(35.,103.,-17.));
#8879 = VECTOR('',#8880,1.);
#8880 = DIRECTION('',(1.,0.,0.));
#8881 = ORIENTED_EDGE('',*,*,#8882,.T.);
#8882 = EDGE_CURVE('',#8875,#8883,#8885,.T.);
#8883 = VERTEX_POINT('',#8884);
#8884 = CARTESIAN_POINT('',(35.8,101.4,-19.4));
#8885 = CIRCLE('',#8886,2.6);
#8886 = AXIS2_PLACEMENT_3D('',#8887,#8888,#8889);
#8887 = CARTESIAN_POINT('',(35.8,104.,-19.4));
#8888 = DIRECTION('',(1.,0.,-0.));
#8889 = DIRECTION('',(0.,0.,1.));
#8890 = ORIENTED_EDGE('',*,*,#8891,.T.);
#8891 = EDGE_CURVE('',#8883,#8892,#8894,.T.);
#8892 = VERTEX_POINT('',#8893);
#8893 = CARTESIAN_POINT('',(39.6,101.4,-19.4));
#8894 = LINE('',#8895,#8896);
#8895 = CARTESIAN_POINT('',(35.,101.4,-19.4));
#8896 = VECTOR('',#8897,1.);
#8897 = DIRECTION('',(1.,0.,0.));
#8898 = ORIENTED_EDGE('',*,*,#8899,.F.);
#8899 = EDGE_CURVE('',#8858,#8892,#8900,.T.);
#8900 = CIRCLE('',#8901,2.6);
#8901 = AXIS2_PLACEMENT_3D('',#8902,#8903,#8904);
#8902 = CARTESIAN_POINT('',(39.6,104.,-19.4));
#8903 = DIRECTION('',(1.,0.,-0.));
#8904 = DIRECTION('',(0.,0.,1.));
#8905 = CYLINDRICAL_SURFACE('',#8906,2.6);
#8906 = AXIS2_PLACEMENT_3D('',#8907,#8908,#8909);
#8907 = CARTESIAN_POINT('',(35.,104.,-19.4));
#8908 = DIRECTION('',(1.,0.,0.));
#8909 = DIRECTION('',(0.,0.,1.));
#8910 = ADVANCED_FACE('',(#8911),#8929,.T.);
#8911 = FACE_BOUND('',#8912,.T.);
#8912 = EDGE_LOOP('',(#8913,#8914,#8922,#8928));
#8913 = ORIENTED_EDGE('',*,*,#8874,.F.);
#8914 = ORIENTED_EDGE('',*,*,#8915,.F.);
#8915 = EDGE_CURVE('',#8916,#8875,#8918,.T.);
#8916 = VERTEX_POINT('',#8917);
#8917 = CARTESIAN_POINT('',(35.8,101.,-17.));
#8918 = LINE('',#8919,#8920);
#8919 = CARTESIAN_POINT('',(35.8,101.,-17.));
#8920 = VECTOR('',#8921,1.);
#8921 = DIRECTION('',(0.,1.,0.));
#8922 = ORIENTED_EDGE('',*,*,#8923,.T.);
#8923 = EDGE_CURVE('',#8916,#2664,#8924,.T.);
#8924 = LINE('',#8925,#8926);
#8925 = CARTESIAN_POINT('',(35.8,101.,-17.));
#8926 = VECTOR('',#8927,1.);
#8927 = DIRECTION('',(1.,0.,0.));
#8928 = ORIENTED_EDGE('',*,*,#2671,.F.);
#8929 = PLANE('',#8930);
#8930 = AXIS2_PLACEMENT_3D('',#8931,#8932,#8933);
#8931 = CARTESIAN_POINT('',(35.8,101.,-17.));
#8932 = DIRECTION('',(0.,0.,1.));
#8933 = DIRECTION('',(1.,0.,0.));
#8934 = ADVANCED_FACE('',(#8935),#8953,.F.);
#8935 = FACE_BOUND('',#8936,.F.);
#8936 = EDGE_LOOP('',(#8937,#8945,#8951,#8952));
#8937 = ORIENTED_EDGE('',*,*,#8938,.F.);
#8938 = EDGE_CURVE('',#8939,#2656,#8941,.T.);
#8939 = VERTEX_POINT('',#8940);
#8940 = CARTESIAN_POINT('',(35.8,101.,-25.));
#8941 = LINE('',#8942,#8943);
#8942 = CARTESIAN_POINT('',(35.8,101.,-25.));
#8943 = VECTOR('',#8944,1.);
#8944 = DIRECTION('',(1.,0.,0.));
#8945 = ORIENTED_EDGE('',*,*,#8946,.T.);
#8946 = EDGE_CURVE('',#8939,#8916,#8947,.T.);
#8947 = LINE('',#8948,#8949);
#8948 = CARTESIAN_POINT('',(35.8,101.,-25.));
#8949 = VECTOR('',#8950,1.);
#8950 = DIRECTION('',(0.,0.,1.));
#8951 = ORIENTED_EDGE('',*,*,#8923,.T.);
#8952 = ORIENTED_EDGE('',*,*,#2663,.F.);
#8953 = PLANE('',#8954);
#8954 = AXIS2_PLACEMENT_3D('',#8955,#8956,#8957);
#8955 = CARTESIAN_POINT('',(35.8,101.,-25.));
#8956 = DIRECTION('',(0.,1.,0.));
#8957 = DIRECTION('',(0.,0.,1.));
#8958 = ADVANCED_FACE('',(#8959),#8977,.F.);
#8959 = FACE_BOUND('',#8960,.F.);
#8960 = EDGE_LOOP('',(#8961,#8969,#8975,#8976));
#8961 = ORIENTED_EDGE('',*,*,#8962,.F.);
#8962 = EDGE_CURVE('',#8963,#2647,#8965,.T.);
#8963 = VERTEX_POINT('',#8964);
#8964 = CARTESIAN_POINT('',(35.8,103.,-25.));
#8965 = LINE('',#8966,#8967);
#8966 = CARTESIAN_POINT('',(35.,103.,-25.));
#8967 = VECTOR('',#8968,1.);
#8968 = DIRECTION('',(1.,0.,0.));
#8969 = ORIENTED_EDGE('',*,*,#8970,.F.);
#8970 = EDGE_CURVE('',#8939,#8963,#8971,.T.);
#8971 = LINE('',#8972,#8973);
#8972 = CARTESIAN_POINT('',(35.8,101.,-25.));
#8973 = VECTOR('',#8974,1.);
#8974 = DIRECTION('',(0.,1.,0.));
#8975 = ORIENTED_EDGE('',*,*,#8938,.T.);
#8976 = ORIENTED_EDGE('',*,*,#2655,.F.);
#8977 = PLANE('',#8978);
#8978 = AXIS2_PLACEMENT_3D('',#8979,#8980,#8981);
#8979 = CARTESIAN_POINT('',(35.8,101.,-25.));
#8980 = DIRECTION('',(0.,0.,1.));
#8981 = DIRECTION('',(1.,0.,0.));
#8982 = ADVANCED_FACE('',(#8983),#9036,.F.);
#8983 = FACE_BOUND('',#8984,.F.);
#8984 = EDGE_LOOP('',(#8985,#8996,#9004,#9011,#9012,#9013,#9021,#9030));
#8985 = ORIENTED_EDGE('',*,*,#8986,.F.);
#8986 = EDGE_CURVE('',#8987,#8989,#8991,.T.);
#8987 = VERTEX_POINT('',#8988);
#8988 = CARTESIAN_POINT('',(39.6,101.4,-22.6));
#8989 = VERTEX_POINT('',#8990);
#8990 = CARTESIAN_POINT('',(39.6,106.6,-22.6));
#8991 = CIRCLE('',#8992,2.6);
#8992 = AXIS2_PLACEMENT_3D('',#8993,#8994,#8995);
#8993 = CARTESIAN_POINT('',(39.6,104.,-22.6));
#8994 = DIRECTION('',(1.,0.,-0.));
#8995 = DIRECTION('',(0.,0.,1.));
#8996 = ORIENTED_EDGE('',*,*,#8997,.F.);
#8997 = EDGE_CURVE('',#8998,#8987,#9000,.T.);
#8998 = VERTEX_POINT('',#8999);
#8999 = CARTESIAN_POINT('',(35.8,101.4,-22.6));
#9000 = LINE('',#9001,#9002);
#9001 = CARTESIAN_POINT('',(35.,101.4,-22.6));
#9002 = VECTOR('',#9003,1.);
#9003 = DIRECTION('',(1.,0.,0.));
#9004 = ORIENTED_EDGE('',*,*,#9005,.T.);
#9005 = EDGE_CURVE('',#8998,#8963,#9006,.T.);
#9006 = CIRCLE('',#9007,2.6);
#9007 = AXIS2_PLACEMENT_3D('',#9008,#9009,#9010);
#9008 = CARTESIAN_POINT('',(35.8,104.,-22.6));
#9009 = DIRECTION('',(1.,0.,-0.));
#9010 = DIRECTION('',(0.,0.,1.));
#9011 = ORIENTED_EDGE('',*,*,#8962,.T.);
#9012 = ORIENTED_EDGE('',*,*,#2646,.T.);
#9013 = ORIENTED_EDGE('',*,*,#9014,.F.);
#9014 = EDGE_CURVE('',#9015,#2639,#9017,.T.);
#9015 = VERTEX_POINT('',#9016);
#9016 = CARTESIAN_POINT('',(35.8,105.,-25.));
#9017 = LINE('',#9018,#9019);
#9018 = CARTESIAN_POINT('',(35.,105.,-25.));
#9019 = VECTOR('',#9020,1.);
#9020 = DIRECTION('',(1.,0.,0.));
#9021 = ORIENTED_EDGE('',*,*,#9022,.T.);
#9022 = EDGE_CURVE('',#9015,#9023,#9025,.T.);
#9023 = VERTEX_POINT('',#9024);
#9024 = CARTESIAN_POINT('',(35.8,106.6,-22.6));
#9025 = CIRCLE('',#9026,2.6);
#9026 = AXIS2_PLACEMENT_3D('',#9027,#9028,#9029);
#9027 = CARTESIAN_POINT('',(35.8,104.,-22.6));
#9028 = DIRECTION('',(1.,0.,-0.));
#9029 = DIRECTION('',(0.,0.,1.));
#9030 = ORIENTED_EDGE('',*,*,#9031,.T.);
#9031 = EDGE_CURVE('',#9023,#8989,#9032,.T.);
#9032 = LINE('',#9033,#9034);
#9033 = CARTESIAN_POINT('',(35.,106.6,-22.6));
#9034 = VECTOR('',#9035,1.);
#9035 = DIRECTION('',(1.,0.,0.));
#9036 = CYLINDRICAL_SURFACE('',#9037,2.6);
#9037 = AXIS2_PLACEMENT_3D('',#9038,#9039,#9040);
#9038 = CARTESIAN_POINT('',(35.,104.,-22.6));
#9039 = DIRECTION('',(1.,0.,0.));
#9040 = DIRECTION('',(0.,0.,1.));
#9041 = ADVANCED_FACE('',(#9042),#9053,.F.);
#9042 = FACE_BOUND('',#9043,.F.);
#9043 = EDGE_LOOP('',(#9044,#9045,#9051,#9052));
#9044 = ORIENTED_EDGE('',*,*,#8800,.F.);
#9045 = ORIENTED_EDGE('',*,*,#9046,.F.);
#9046 = EDGE_CURVE('',#9015,#8801,#9047,.T.);
#9047 = LINE('',#9048,#9049);
#9048 = CARTESIAN_POINT('',(35.8,101.,-25.));
#9049 = VECTOR('',#9050,1.);
#9050 = DIRECTION('',(0.,1.,0.));
#9051 = ORIENTED_EDGE('',*,*,#9014,.T.);
#9052 = ORIENTED_EDGE('',*,*,#2638,.F.);
#9053 = PLANE('',#9054);
#9054 = AXIS2_PLACEMENT_3D('',#9055,#9056,#9057);
#9055 = CARTESIAN_POINT('',(35.8,101.,-25.));
#9056 = DIRECTION('',(0.,0.,1.));
#9057 = DIRECTION('',(1.,0.,0.));
#9058 = ADVANCED_FACE('',(#9059),#9084,.T.);
#9059 = FACE_BOUND('',#9060,.T.);
#9060 = EDGE_LOOP('',(#9061,#9069,#9077,#9083));
#9061 = ORIENTED_EDGE('',*,*,#9062,.F.);
#9062 = EDGE_CURVE('',#9063,#2697,#9065,.T.);
#9063 = VERTEX_POINT('',#9064);
#9064 = CARTESIAN_POINT('',(35.8,95.,-25.));
#9065 = LINE('',#9066,#9067);
#9066 = CARTESIAN_POINT('',(35.8,95.,-25.));
#9067 = VECTOR('',#9068,1.);
#9068 = DIRECTION('',(1.,0.,0.));
#9069 = ORIENTED_EDGE('',*,*,#9070,.T.);
#9070 = EDGE_CURVE('',#9063,#9071,#9073,.T.);
#9071 = VERTEX_POINT('',#9072);
#9072 = CARTESIAN_POINT('',(35.8,95.,-17.));
#9073 = LINE('',#9074,#9075);
#9074 = CARTESIAN_POINT('',(35.8,95.,-25.));
#9075 = VECTOR('',#9076,1.);
#9076 = DIRECTION('',(0.,0.,1.));
#9077 = ORIENTED_EDGE('',*,*,#9078,.T.);
#9078 = EDGE_CURVE('',#9071,#2699,#9079,.T.);
#9079 = LINE('',#9080,#9081);
#9080 = CARTESIAN_POINT('',(35.8,95.,-17.));
#9081 = VECTOR('',#9082,1.);
#9082 = DIRECTION('',(1.,0.,0.));
#9083 = ORIENTED_EDGE('',*,*,#2696,.F.);
#9084 = PLANE('',#9085);
#9085 = AXIS2_PLACEMENT_3D('',#9086,#9087,#9088);
#9086 = CARTESIAN_POINT('',(35.8,95.,-25.));
#9087 = DIRECTION('',(0.,1.,0.));
#9088 = DIRECTION('',(0.,0.,1.));
#9089 = ADVANCED_FACE('',(#9090),#9108,.T.);
#9090 = FACE_BOUND('',#9091,.T.);
#9091 = EDGE_LOOP('',(#9092,#9093,#9101,#9107));
#9092 = ORIENTED_EDGE('',*,*,#9078,.F.);
#9093 = ORIENTED_EDGE('',*,*,#9094,.F.);
#9094 = EDGE_CURVE('',#9095,#9071,#9097,.T.);
#9095 = VERTEX_POINT('',#9096);
#9096 = CARTESIAN_POINT('',(35.8,93.,-17.));
#9097 = LINE('',#9098,#9099);
#9098 = CARTESIAN_POINT('',(35.8,89.,-17.));
#9099 = VECTOR('',#9100,1.);
#9100 = DIRECTION('',(0.,1.,0.));
#9101 = ORIENTED_EDGE('',*,*,#9102,.T.);
#9102 = EDGE_CURVE('',#9095,#2748,#9103,.T.);
#9103 = LINE('',#9104,#9105);
#9104 = CARTESIAN_POINT('',(35.,93.,-17.));
#9105 = VECTOR('',#9106,1.);
#9106 = DIRECTION('',(1.,0.,0.));
#9107 = ORIENTED_EDGE('',*,*,#2756,.F.);
#9108 = PLANE('',#9109);
#9109 = AXIS2_PLACEMENT_3D('',#9110,#9111,#9112);
#9110 = CARTESIAN_POINT('',(35.8,89.,-17.));
#9111 = DIRECTION('',(0.,0.,1.));
#9112 = DIRECTION('',(1.,0.,0.));
#9113 = ADVANCED_FACE('',(#9114),#9167,.F.);
#9114 = FACE_BOUND('',#9115,.F.);
#9115 = EDGE_LOOP('',(#9116,#9126,#9133,#9134,#9135,#9143,#9152,#9160));
#9116 = ORIENTED_EDGE('',*,*,#9117,.F.);
#9117 = EDGE_CURVE('',#9118,#9120,#9122,.T.);
#9118 = VERTEX_POINT('',#9119);
#9119 = CARTESIAN_POINT('',(35.8,94.6,-19.4));
#9120 = VERTEX_POINT('',#9121);
#9121 = CARTESIAN_POINT('',(39.6,94.6,-19.4));
#9122 = LINE('',#9123,#9124);
#9123 = CARTESIAN_POINT('',(35.,94.6,-19.4));
#9124 = VECTOR('',#9125,1.);
#9125 = DIRECTION('',(1.,0.,0.));
#9126 = ORIENTED_EDGE('',*,*,#9127,.T.);
#9127 = EDGE_CURVE('',#9118,#9095,#9128,.T.);
#9128 = CIRCLE('',#9129,2.6);
#9129 = AXIS2_PLACEMENT_3D('',#9130,#9131,#9132);
#9130 = CARTESIAN_POINT('',(35.8,92.,-19.4));
#9131 = DIRECTION('',(1.,0.,-0.));
#9132 = DIRECTION('',(0.,0.,1.));
#9133 = ORIENTED_EDGE('',*,*,#9102,.T.);
#9134 = ORIENTED_EDGE('',*,*,#2747,.T.);
#9135 = ORIENTED_EDGE('',*,*,#9136,.F.);
#9136 = EDGE_CURVE('',#9137,#2740,#9139,.T.);
#9137 = VERTEX_POINT('',#9138);
#9138 = CARTESIAN_POINT('',(35.8,91.,-17.));
#9139 = LINE('',#9140,#9141);
#9140 = CARTESIAN_POINT('',(35.,91.,-17.));
#9141 = VECTOR('',#9142,1.);
#9142 = DIRECTION('',(1.,0.,0.));
#9143 = ORIENTED_EDGE('',*,*,#9144,.T.);
#9144 = EDGE_CURVE('',#9137,#9145,#9147,.T.);
#9145 = VERTEX_POINT('',#9146);
#9146 = CARTESIAN_POINT('',(35.8,89.4,-19.4));
#9147 = CIRCLE('',#9148,2.6);
#9148 = AXIS2_PLACEMENT_3D('',#9149,#9150,#9151);
#9149 = CARTESIAN_POINT('',(35.8,92.,-19.4));
#9150 = DIRECTION('',(1.,0.,-0.));
#9151 = DIRECTION('',(0.,0.,1.));
#9152 = ORIENTED_EDGE('',*,*,#9153,.T.);
#9153 = EDGE_CURVE('',#9145,#9154,#9156,.T.);
#9154 = VERTEX_POINT('',#9155);
#9155 = CARTESIAN_POINT('',(39.6,89.4,-19.4));
#9156 = LINE('',#9157,#9158);
#9157 = CARTESIAN_POINT('',(35.,89.4,-19.4));
#9158 = VECTOR('',#9159,1.);
#9159 = DIRECTION('',(1.,0.,0.));
#9160 = ORIENTED_EDGE('',*,*,#9161,.F.);
#9161 = EDGE_CURVE('',#9120,#9154,#9162,.T.);
#9162 = CIRCLE('',#9163,2.6);
#9163 = AXIS2_PLACEMENT_3D('',#9164,#9165,#9166);
#9164 = CARTESIAN_POINT('',(39.6,92.,-19.4));
#9165 = DIRECTION('',(1.,0.,-0.));
#9166 = DIRECTION('',(0.,0.,1.));
#9167 = CYLINDRICAL_SURFACE('',#9168,2.6);
#9168 = AXIS2_PLACEMENT_3D('',#9169,#9170,#9171);
#9169 = CARTESIAN_POINT('',(35.,92.,-19.4));
#9170 = DIRECTION('',(1.,0.,0.));
#9171 = DIRECTION('',(0.,0.,1.));
#9172 = ADVANCED_FACE('',(#9173),#9191,.T.);
#9173 = FACE_BOUND('',#9174,.T.);
#9174 = EDGE_LOOP('',(#9175,#9176,#9184,#9190));
#9175 = ORIENTED_EDGE('',*,*,#9136,.F.);
#9176 = ORIENTED_EDGE('',*,*,#9177,.F.);
#9177 = EDGE_CURVE('',#9178,#9137,#9180,.T.);
#9178 = VERTEX_POINT('',#9179);
#9179 = CARTESIAN_POINT('',(35.8,89.,-17.));
#9180 = LINE('',#9181,#9182);
#9181 = CARTESIAN_POINT('',(35.8,89.,-17.));
#9182 = VECTOR('',#9183,1.);
#9183 = DIRECTION('',(0.,1.,0.));
#9184 = ORIENTED_EDGE('',*,*,#9185,.T.);
#9185 = EDGE_CURVE('',#9178,#2732,#9186,.T.);
#9186 = LINE('',#9187,#9188);
#9187 = CARTESIAN_POINT('',(35.8,89.,-17.));
#9188 = VECTOR('',#9189,1.);
#9189 = DIRECTION('',(1.,0.,0.));
#9190 = ORIENTED_EDGE('',*,*,#2739,.F.);
#9191 = PLANE('',#9192);
#9192 = AXIS2_PLACEMENT_3D('',#9193,#9194,#9195);
#9193 = CARTESIAN_POINT('',(35.8,89.,-17.));
#9194 = DIRECTION('',(0.,0.,1.));
#9195 = DIRECTION('',(1.,0.,0.));
#9196 = ADVANCED_FACE('',(#9197),#9215,.F.);
#9197 = FACE_BOUND('',#9198,.F.);
#9198 = EDGE_LOOP('',(#9199,#9207,#9213,#9214));
#9199 = ORIENTED_EDGE('',*,*,#9200,.F.);
#9200 = EDGE_CURVE('',#9201,#2724,#9203,.T.);
#9201 = VERTEX_POINT('',#9202);
#9202 = CARTESIAN_POINT('',(35.8,89.,-25.));
#9203 = LINE('',#9204,#9205);
#9204 = CARTESIAN_POINT('',(35.8,89.,-25.));
#9205 = VECTOR('',#9206,1.);
#9206 = DIRECTION('',(1.,0.,0.));
#9207 = ORIENTED_EDGE('',*,*,#9208,.T.);
#9208 = EDGE_CURVE('',#9201,#9178,#9209,.T.);
#9209 = LINE('',#9210,#9211);
#9210 = CARTESIAN_POINT('',(35.8,89.,-25.));
#9211 = VECTOR('',#9212,1.);
#9212 = DIRECTION('',(0.,0.,1.));
#9213 = ORIENTED_EDGE('',*,*,#9185,.T.);
#9214 = ORIENTED_EDGE('',*,*,#2731,.F.);
#9215 = PLANE('',#9216);
#9216 = AXIS2_PLACEMENT_3D('',#9217,#9218,#9219);
#9217 = CARTESIAN_POINT('',(35.8,89.,-25.));
#9218 = DIRECTION('',(0.,1.,0.));
#9219 = DIRECTION('',(0.,0.,1.));
#9220 = ADVANCED_FACE('',(#9221),#9239,.F.);
#9221 = FACE_BOUND('',#9222,.F.);
#9222 = EDGE_LOOP('',(#9223,#9231,#9237,#9238));
#9223 = ORIENTED_EDGE('',*,*,#9224,.F.);
#9224 = EDGE_CURVE('',#9225,#2715,#9227,.T.);
#9225 = VERTEX_POINT('',#9226);
#9226 = CARTESIAN_POINT('',(35.8,91.,-25.));
#9227 = LINE('',#9228,#9229);
#9228 = CARTESIAN_POINT('',(35.,91.,-25.));
#9229 = VECTOR('',#9230,1.);
#9230 = DIRECTION('',(1.,0.,0.));
#9231 = ORIENTED_EDGE('',*,*,#9232,.F.);
#9232 = EDGE_CURVE('',#9201,#9225,#9233,.T.);
#9233 = LINE('',#9234,#9235);
#9234 = CARTESIAN_POINT('',(35.8,89.,-25.));
#9235 = VECTOR('',#9236,1.);
#9236 = DIRECTION('',(0.,1.,0.));
#9237 = ORIENTED_EDGE('',*,*,#9200,.T.);
#9238 = ORIENTED_EDGE('',*,*,#2723,.F.);
#9239 = PLANE('',#9240);
#9240 = AXIS2_PLACEMENT_3D('',#9241,#9242,#9243);
#9241 = CARTESIAN_POINT('',(35.8,89.,-25.));
#9242 = DIRECTION('',(0.,0.,1.));
#9243 = DIRECTION('',(1.,0.,0.));
#9244 = ADVANCED_FACE('',(#9245),#9298,.F.);
#9245 = FACE_BOUND('',#9246,.F.);
#9246 = EDGE_LOOP('',(#9247,#9258,#9266,#9273,#9274,#9275,#9283,#9292));
#9247 = ORIENTED_EDGE('',*,*,#9248,.F.);
#9248 = EDGE_CURVE('',#9249,#9251,#9253,.T.);
#9249 = VERTEX_POINT('',#9250);
#9250 = CARTESIAN_POINT('',(39.6,89.4,-22.6));
#9251 = VERTEX_POINT('',#9252);
#9252 = CARTESIAN_POINT('',(39.6,94.6,-22.6));
#9253 = CIRCLE('',#9254,2.6);
#9254 = AXIS2_PLACEMENT_3D('',#9255,#9256,#9257);
#9255 = CARTESIAN_POINT('',(39.6,92.,-22.6));
#9256 = DIRECTION('',(1.,0.,-0.));
#9257 = DIRECTION('',(0.,0.,1.));
#9258 = ORIENTED_EDGE('',*,*,#9259,.F.);
#9259 = EDGE_CURVE('',#9260,#9249,#9262,.T.);
#9260 = VERTEX_POINT('',#9261);
#9261 = CARTESIAN_POINT('',(35.8,89.4,-22.6));
#9262 = LINE('',#9263,#9264);
#9263 = CARTESIAN_POINT('',(35.,89.4,-22.6));
#9264 = VECTOR('',#9265,1.);
#9265 = DIRECTION('',(1.,0.,0.));
#9266 = ORIENTED_EDGE('',*,*,#9267,.T.);
#9267 = EDGE_CURVE('',#9260,#9225,#9268,.T.);
#9268 = CIRCLE('',#9269,2.6);
#9269 = AXIS2_PLACEMENT_3D('',#9270,#9271,#9272);
#9270 = CARTESIAN_POINT('',(35.8,92.,-22.6));
#9271 = DIRECTION('',(1.,0.,-0.));
#9272 = DIRECTION('',(0.,0.,1.));
#9273 = ORIENTED_EDGE('',*,*,#9224,.T.);
#9274 = ORIENTED_EDGE('',*,*,#2714,.T.);
#9275 = ORIENTED_EDGE('',*,*,#9276,.F.);
#9276 = EDGE_CURVE('',#9277,#2707,#9279,.T.);
#9277 = VERTEX_POINT('',#9278);
#9278 = CARTESIAN_POINT('',(35.8,93.,-25.));
#9279 = LINE('',#9280,#9281);
#9280 = CARTESIAN_POINT('',(35.,93.,-25.));
#9281 = VECTOR('',#9282,1.);
#9282 = DIRECTION('',(1.,0.,0.));
#9283 = ORIENTED_EDGE('',*,*,#9284,.T.);
#9284 = EDGE_CURVE('',#9277,#9285,#9287,.T.);
#9285 = VERTEX_POINT('',#9286);
#9286 = CARTESIAN_POINT('',(35.8,94.6,-22.6));
#9287 = CIRCLE('',#9288,2.6);
#9288 = AXIS2_PLACEMENT_3D('',#9289,#9290,#9291);
#9289 = CARTESIAN_POINT('',(35.8,92.,-22.6));
#9290 = DIRECTION('',(1.,0.,-0.));
#9291 = DIRECTION('',(0.,0.,1.));
#9292 = ORIENTED_EDGE('',*,*,#9293,.T.);
#9293 = EDGE_CURVE('',#9285,#9251,#9294,.T.);
#9294 = LINE('',#9295,#9296);
#9295 = CARTESIAN_POINT('',(35.,94.6,-22.6));
#9296 = VECTOR('',#9297,1.);
#9297 = DIRECTION('',(1.,0.,0.));
#9298 = CYLINDRICAL_SURFACE('',#9299,2.6);
#9299 = AXIS2_PLACEMENT_3D('',#9300,#9301,#9302);
#9300 = CARTESIAN_POINT('',(35.,92.,-22.6));
#9301 = DIRECTION('',(1.,0.,0.));
#9302 = DIRECTION('',(0.,0.,1.));
#9303 = ADVANCED_FACE('',(#9304),#9315,.F.);
#9304 = FACE_BOUND('',#9305,.F.);
#9305 = EDGE_LOOP('',(#9306,#9307,#9313,#9314));
#9306 = ORIENTED_EDGE('',*,*,#9062,.F.);
#9307 = ORIENTED_EDGE('',*,*,#9308,.F.);
#9308 = EDGE_CURVE('',#9277,#9063,#9309,.T.);
#9309 = LINE('',#9310,#9311);
#9310 = CARTESIAN_POINT('',(35.8,89.,-25.));
#9311 = VECTOR('',#9312,1.);
#9312 = DIRECTION('',(0.,1.,0.));
#9313 = ORIENTED_EDGE('',*,*,#9276,.T.);
#9314 = ORIENTED_EDGE('',*,*,#2706,.F.);
#9315 = PLANE('',#9316);
#9316 = AXIS2_PLACEMENT_3D('',#9317,#9318,#9319);
#9317 = CARTESIAN_POINT('',(35.8,89.,-25.));
#9318 = DIRECTION('',(0.,0.,1.));
#9319 = DIRECTION('',(1.,0.,0.));
#9320 = ADVANCED_FACE('',(#9321),#9346,.T.);
#9321 = FACE_BOUND('',#9322,.T.);
#9322 = EDGE_LOOP('',(#9323,#9331,#9339,#9345));
#9323 = ORIENTED_EDGE('',*,*,#9324,.F.);
#9324 = EDGE_CURVE('',#9325,#2765,#9327,.T.);
#9325 = VERTEX_POINT('',#9326);
#9326 = CARTESIAN_POINT('',(35.8,83.,-25.));
#9327 = LINE('',#9328,#9329);
#9328 = CARTESIAN_POINT('',(35.8,83.,-25.));
#9329 = VECTOR('',#9330,1.);
#9330 = DIRECTION('',(1.,0.,0.));
#9331 = ORIENTED_EDGE('',*,*,#9332,.T.);
#9332 = EDGE_CURVE('',#9325,#9333,#9335,.T.);
#9333 = VERTEX_POINT('',#9334);
#9334 = CARTESIAN_POINT('',(35.8,83.,-17.));
#9335 = LINE('',#9336,#9337);
#9336 = CARTESIAN_POINT('',(35.8,83.,-25.));
#9337 = VECTOR('',#9338,1.);
#9338 = DIRECTION('',(0.,0.,1.));
#9339 = ORIENTED_EDGE('',*,*,#9340,.T.);
#9340 = EDGE_CURVE('',#9333,#2767,#9341,.T.);
#9341 = LINE('',#9342,#9343);
#9342 = CARTESIAN_POINT('',(35.8,83.,-17.));
#9343 = VECTOR('',#9344,1.);
#9344 = DIRECTION('',(1.,0.,0.));
#9345 = ORIENTED_EDGE('',*,*,#2764,.F.);
#9346 = PLANE('',#9347);
#9347 = AXIS2_PLACEMENT_3D('',#9348,#9349,#9350);
#9348 = CARTESIAN_POINT('',(35.8,83.,-25.));
#9349 = DIRECTION('',(0.,1.,0.));
#9350 = DIRECTION('',(0.,0.,1.));
#9351 = ADVANCED_FACE('',(#9352),#9370,.T.);
#9352 = FACE_BOUND('',#9353,.T.);
#9353 = EDGE_LOOP('',(#9354,#9355,#9363,#9369));
#9354 = ORIENTED_EDGE('',*,*,#9340,.F.);
#9355 = ORIENTED_EDGE('',*,*,#9356,.F.);
#9356 = EDGE_CURVE('',#9357,#9333,#9359,.T.);
#9357 = VERTEX_POINT('',#9358);
#9358 = CARTESIAN_POINT('',(35.8,81.000000000001,-17.));
#9359 = LINE('',#9360,#9361);
#9360 = CARTESIAN_POINT('',(35.8,77.,-17.));
#9361 = VECTOR('',#9362,1.);
#9362 = DIRECTION('',(0.,1.,0.));
#9363 = ORIENTED_EDGE('',*,*,#9364,.T.);
#9364 = EDGE_CURVE('',#9357,#2816,#9365,.T.);
#9365 = LINE('',#9366,#9367);
#9366 = CARTESIAN_POINT('',(35.,81.,-17.));
#9367 = VECTOR('',#9368,1.);
#9368 = DIRECTION('',(1.,0.,0.));
#9369 = ORIENTED_EDGE('',*,*,#2824,.F.);
#9370 = PLANE('',#9371);
#9371 = AXIS2_PLACEMENT_3D('',#9372,#9373,#9374);
#9372 = CARTESIAN_POINT('',(35.8,77.,-17.));
#9373 = DIRECTION('',(0.,0.,1.));
#9374 = DIRECTION('',(1.,0.,0.));
#9375 = ADVANCED_FACE('',(#9376),#9429,.F.);
#9376 = FACE_BOUND('',#9377,.F.);
#9377 = EDGE_LOOP('',(#9378,#9388,#9395,#9396,#9397,#9405,#9414,#9422));
#9378 = ORIENTED_EDGE('',*,*,#9379,.F.);
#9379 = EDGE_CURVE('',#9380,#9382,#9384,.T.);
#9380 = VERTEX_POINT('',#9381);
#9381 = CARTESIAN_POINT('',(35.8,82.6,-19.4));
#9382 = VERTEX_POINT('',#9383);
#9383 = CARTESIAN_POINT('',(39.6,82.6,-19.4));
#9384 = LINE('',#9385,#9386);
#9385 = CARTESIAN_POINT('',(35.,82.6,-19.4));
#9386 = VECTOR('',#9387,1.);
#9387 = DIRECTION('',(1.,0.,0.));
#9388 = ORIENTED_EDGE('',*,*,#9389,.T.);
#9389 = EDGE_CURVE('',#9380,#9357,#9390,.T.);
#9390 = CIRCLE('',#9391,2.6);
#9391 = AXIS2_PLACEMENT_3D('',#9392,#9393,#9394);
#9392 = CARTESIAN_POINT('',(35.8,80.,-19.4));
#9393 = DIRECTION('',(1.,0.,-0.));
#9394 = DIRECTION('',(0.,0.,1.));
#9395 = ORIENTED_EDGE('',*,*,#9364,.T.);
#9396 = ORIENTED_EDGE('',*,*,#2815,.T.);
#9397 = ORIENTED_EDGE('',*,*,#9398,.F.);
#9398 = EDGE_CURVE('',#9399,#2808,#9401,.T.);
#9399 = VERTEX_POINT('',#9400);
#9400 = CARTESIAN_POINT('',(35.8,78.999999999999,-17.));
#9401 = LINE('',#9402,#9403);
#9402 = CARTESIAN_POINT('',(35.,79.,-17.));
#9403 = VECTOR('',#9404,1.);
#9404 = DIRECTION('',(1.,0.,0.));
#9405 = ORIENTED_EDGE('',*,*,#9406,.T.);
#9406 = EDGE_CURVE('',#9399,#9407,#9409,.T.);
#9407 = VERTEX_POINT('',#9408);
#9408 = CARTESIAN_POINT('',(35.8,77.4,-19.4));
#9409 = CIRCLE('',#9410,2.6);
#9410 = AXIS2_PLACEMENT_3D('',#9411,#9412,#9413);
#9411 = CARTESIAN_POINT('',(35.8,80.,-19.4));
#9412 = DIRECTION('',(1.,0.,-0.));
#9413 = DIRECTION('',(0.,0.,1.));
#9414 = ORIENTED_EDGE('',*,*,#9415,.T.);
#9415 = EDGE_CURVE('',#9407,#9416,#9418,.T.);
#9416 = VERTEX_POINT('',#9417);
#9417 = CARTESIAN_POINT('',(39.6,77.4,-19.4));
#9418 = LINE('',#9419,#9420);
#9419 = CARTESIAN_POINT('',(35.,77.4,-19.4));
#9420 = VECTOR('',#9421,1.);
#9421 = DIRECTION('',(1.,0.,0.));
#9422 = ORIENTED_EDGE('',*,*,#9423,.F.);
#9423 = EDGE_CURVE('',#9382,#9416,#9424,.T.);
#9424 = CIRCLE('',#9425,2.6);
#9425 = AXIS2_PLACEMENT_3D('',#9426,#9427,#9428);
#9426 = CARTESIAN_POINT('',(39.6,80.,-19.4));
#9427 = DIRECTION('',(1.,0.,-0.));
#9428 = DIRECTION('',(0.,0.,1.));
#9429 = CYLINDRICAL_SURFACE('',#9430,2.6);
#9430 = AXIS2_PLACEMENT_3D('',#9431,#9432,#9433);
#9431 = CARTESIAN_POINT('',(35.,80.,-19.4));
#9432 = DIRECTION('',(1.,0.,0.));
#9433 = DIRECTION('',(0.,0.,1.));
#9434 = ADVANCED_FACE('',(#9435),#9453,.T.);
#9435 = FACE_BOUND('',#9436,.T.);
#9436 = EDGE_LOOP('',(#9437,#9438,#9446,#9452));
#9437 = ORIENTED_EDGE('',*,*,#9398,.F.);
#9438 = ORIENTED_EDGE('',*,*,#9439,.F.);
#9439 = EDGE_CURVE('',#9440,#9399,#9442,.T.);
#9440 = VERTEX_POINT('',#9441);
#9441 = CARTESIAN_POINT('',(35.8,77.,-17.));
#9442 = LINE('',#9443,#9444);
#9443 = CARTESIAN_POINT('',(35.8,77.,-17.));
#9444 = VECTOR('',#9445,1.);
#9445 = DIRECTION('',(0.,1.,0.));
#9446 = ORIENTED_EDGE('',*,*,#9447,.T.);
#9447 = EDGE_CURVE('',#9440,#2800,#9448,.T.);
#9448 = LINE('',#9449,#9450);
#9449 = CARTESIAN_POINT('',(35.8,77.,-17.));
#9450 = VECTOR('',#9451,1.);
#9451 = DIRECTION('',(1.,0.,0.));
#9452 = ORIENTED_EDGE('',*,*,#2807,.F.);
#9453 = PLANE('',#9454);
#9454 = AXIS2_PLACEMENT_3D('',#9455,#9456,#9457);
#9455 = CARTESIAN_POINT('',(35.8,77.,-17.));
#9456 = DIRECTION('',(0.,0.,1.));
#9457 = DIRECTION('',(1.,0.,0.));
#9458 = ADVANCED_FACE('',(#9459),#9477,.F.);
#9459 = FACE_BOUND('',#9460,.F.);
#9460 = EDGE_LOOP('',(#9461,#9469,#9475,#9476));
#9461 = ORIENTED_EDGE('',*,*,#9462,.F.);
#9462 = EDGE_CURVE('',#9463,#2792,#9465,.T.);
#9463 = VERTEX_POINT('',#9464);
#9464 = CARTESIAN_POINT('',(35.8,77.,-25.));
#9465 = LINE('',#9466,#9467);
#9466 = CARTESIAN_POINT('',(35.8,77.,-25.));
#9467 = VECTOR('',#9468,1.);
#9468 = DIRECTION('',(1.,0.,0.));
#9469 = ORIENTED_EDGE('',*,*,#9470,.T.);
#9470 = EDGE_CURVE('',#9463,#9440,#9471,.T.);
#9471 = LINE('',#9472,#9473);
#9472 = CARTESIAN_POINT('',(35.8,77.,-25.));
#9473 = VECTOR('',#9474,1.);
#9474 = DIRECTION('',(0.,0.,1.));
#9475 = ORIENTED_EDGE('',*,*,#9447,.T.);
#9476 = ORIENTED_EDGE('',*,*,#2799,.F.);
#9477 = PLANE('',#9478);
#9478 = AXIS2_PLACEMENT_3D('',#9479,#9480,#9481);
#9479 = CARTESIAN_POINT('',(35.8,77.,-25.));
#9480 = DIRECTION('',(0.,1.,0.));
#9481 = DIRECTION('',(0.,0.,1.));
#9482 = ADVANCED_FACE('',(#9483),#9501,.F.);
#9483 = FACE_BOUND('',#9484,.F.);
#9484 = EDGE_LOOP('',(#9485,#9493,#9499,#9500));
#9485 = ORIENTED_EDGE('',*,*,#9486,.F.);
#9486 = EDGE_CURVE('',#9487,#2783,#9489,.T.);
#9487 = VERTEX_POINT('',#9488);
#9488 = CARTESIAN_POINT('',(35.8,79.,-25.));
#9489 = LINE('',#9490,#9491);
#9490 = CARTESIAN_POINT('',(35.,79.,-25.));
#9491 = VECTOR('',#9492,1.);
#9492 = DIRECTION('',(1.,0.,0.));
#9493 = ORIENTED_EDGE('',*,*,#9494,.F.);
#9494 = EDGE_CURVE('',#9463,#9487,#9495,.T.);
#9495 = LINE('',#9496,#9497);
#9496 = CARTESIAN_POINT('',(35.8,77.,-25.));
#9497 = VECTOR('',#9498,1.);
#9498 = DIRECTION('',(0.,1.,0.));
#9499 = ORIENTED_EDGE('',*,*,#9462,.T.);
#9500 = ORIENTED_EDGE('',*,*,#2791,.F.);
#9501 = PLANE('',#9502);
#9502 = AXIS2_PLACEMENT_3D('',#9503,#9504,#9505);
#9503 = CARTESIAN_POINT('',(35.8,77.,-25.));
#9504 = DIRECTION('',(0.,0.,1.));
#9505 = DIRECTION('',(1.,0.,0.));
#9506 = ADVANCED_FACE('',(#9507),#9560,.F.);
#9507 = FACE_BOUND('',#9508,.F.);
#9508 = EDGE_LOOP('',(#9509,#9520,#9528,#9535,#9536,#9537,#9545,#9554));
#9509 = ORIENTED_EDGE('',*,*,#9510,.F.);
#9510 = EDGE_CURVE('',#9511,#9513,#9515,.T.);
#9511 = VERTEX_POINT('',#9512);
#9512 = CARTESIAN_POINT('',(39.6,77.4,-22.6));
#9513 = VERTEX_POINT('',#9514);
#9514 = CARTESIAN_POINT('',(39.6,82.6,-22.6));
#9515 = CIRCLE('',#9516,2.6);
#9516 = AXIS2_PLACEMENT_3D('',#9517,#9518,#9519);
#9517 = CARTESIAN_POINT('',(39.6,80.,-22.6));
#9518 = DIRECTION('',(1.,0.,-0.));
#9519 = DIRECTION('',(0.,0.,1.));
#9520 = ORIENTED_EDGE('',*,*,#9521,.F.);
#9521 = EDGE_CURVE('',#9522,#9511,#9524,.T.);
#9522 = VERTEX_POINT('',#9523);
#9523 = CARTESIAN_POINT('',(35.8,77.4,-22.6));
#9524 = LINE('',#9525,#9526);
#9525 = CARTESIAN_POINT('',(35.,77.4,-22.6));
#9526 = VECTOR('',#9527,1.);
#9527 = DIRECTION('',(1.,0.,0.));
#9528 = ORIENTED_EDGE('',*,*,#9529,.T.);
#9529 = EDGE_CURVE('',#9522,#9487,#9530,.T.);
#9530 = CIRCLE('',#9531,2.6);
#9531 = AXIS2_PLACEMENT_3D('',#9532,#9533,#9534);
#9532 = CARTESIAN_POINT('',(35.8,80.,-22.6));
#9533 = DIRECTION('',(1.,0.,-0.));
#9534 = DIRECTION('',(0.,0.,1.));
#9535 = ORIENTED_EDGE('',*,*,#9486,.T.);
#9536 = ORIENTED_EDGE('',*,*,#2782,.T.);
#9537 = ORIENTED_EDGE('',*,*,#9538,.F.);
#9538 = EDGE_CURVE('',#9539,#2775,#9541,.T.);
#9539 = VERTEX_POINT('',#9540);
#9540 = CARTESIAN_POINT('',(35.8,81.,-25.));
#9541 = LINE('',#9542,#9543);
#9542 = CARTESIAN_POINT('',(35.,81.,-25.));
#9543 = VECTOR('',#9544,1.);
#9544 = DIRECTION('',(1.,0.,0.));
#9545 = ORIENTED_EDGE('',*,*,#9546,.T.);
#9546 = EDGE_CURVE('',#9539,#9547,#9549,.T.);
#9547 = VERTEX_POINT('',#9548);
#9548 = CARTESIAN_POINT('',(35.8,82.6,-22.6));
#9549 = CIRCLE('',#9550,2.6);
#9550 = AXIS2_PLACEMENT_3D('',#9551,#9552,#9553);
#9551 = CARTESIAN_POINT('',(35.8,80.,-22.6));
#9552 = DIRECTION('',(1.,0.,-0.));
#9553 = DIRECTION('',(0.,0.,1.));
#9554 = ORIENTED_EDGE('',*,*,#9555,.T.);
#9555 = EDGE_CURVE('',#9547,#9513,#9556,.T.);
#9556 = LINE('',#9557,#9558);
#9557 = CARTESIAN_POINT('',(35.,82.6,-22.6));
#9558 = VECTOR('',#9559,1.);
#9559 = DIRECTION('',(1.,0.,0.));
#9560 = CYLINDRICAL_SURFACE('',#9561,2.6);
#9561 = AXIS2_PLACEMENT_3D('',#9562,#9563,#9564);
#9562 = CARTESIAN_POINT('',(35.,80.,-22.6));
#9563 = DIRECTION('',(1.,0.,0.));
#9564 = DIRECTION('',(0.,0.,1.));
#9565 = ADVANCED_FACE('',(#9566),#9577,.F.);
#9566 = FACE_BOUND('',#9567,.F.);
#9567 = EDGE_LOOP('',(#9568,#9569,#9575,#9576));
#9568 = ORIENTED_EDGE('',*,*,#9324,.F.);
#9569 = ORIENTED_EDGE('',*,*,#9570,.F.);
#9570 = EDGE_CURVE('',#9539,#9325,#9571,.T.);
#9571 = LINE('',#9572,#9573);
#9572 = CARTESIAN_POINT('',(35.8,77.,-25.));
#9573 = VECTOR('',#9574,1.);
#9574 = DIRECTION('',(0.,1.,0.));
#9575 = ORIENTED_EDGE('',*,*,#9538,.T.);
#9576 = ORIENTED_EDGE('',*,*,#2774,.F.);
#9577 = PLANE('',#9578);
#9578 = AXIS2_PLACEMENT_3D('',#9579,#9580,#9581);
#9579 = CARTESIAN_POINT('',(35.8,77.,-25.));
#9580 = DIRECTION('',(0.,0.,1.));
#9581 = DIRECTION('',(1.,0.,0.));
#9582 = ADVANCED_FACE('',(#9583),#9608,.T.);
#9583 = FACE_BOUND('',#9584,.T.);
#9584 = EDGE_LOOP('',(#9585,#9593,#9601,#9607));
#9585 = ORIENTED_EDGE('',*,*,#9586,.F.);
#9586 = EDGE_CURVE('',#9587,#2833,#9589,.T.);
#9587 = VERTEX_POINT('',#9588);
#9588 = CARTESIAN_POINT('',(35.8,71.,-25.));
#9589 = LINE('',#9590,#9591);
#9590 = CARTESIAN_POINT('',(35.8,71.,-25.));
#9591 = VECTOR('',#9592,1.);
#9592 = DIRECTION('',(1.,0.,0.));
#9593 = ORIENTED_EDGE('',*,*,#9594,.T.);
#9594 = EDGE_CURVE('',#9587,#9595,#9597,.T.);
#9595 = VERTEX_POINT('',#9596);
#9596 = CARTESIAN_POINT('',(35.8,71.,-17.));
#9597 = LINE('',#9598,#9599);
#9598 = CARTESIAN_POINT('',(35.8,71.,-25.));
#9599 = VECTOR('',#9600,1.);
#9600 = DIRECTION('',(0.,0.,1.));
#9601 = ORIENTED_EDGE('',*,*,#9602,.T.);
#9602 = EDGE_CURVE('',#9595,#2835,#9603,.T.);
#9603 = LINE('',#9604,#9605);
#9604 = CARTESIAN_POINT('',(35.8,71.,-17.));
#9605 = VECTOR('',#9606,1.);
#9606 = DIRECTION('',(1.,0.,0.));
#9607 = ORIENTED_EDGE('',*,*,#2832,.F.);
#9608 = PLANE('',#9609);
#9609 = AXIS2_PLACEMENT_3D('',#9610,#9611,#9612);
#9610 = CARTESIAN_POINT('',(35.8,71.,-25.));
#9611 = DIRECTION('',(0.,1.,0.));
#9612 = DIRECTION('',(0.,0.,1.));
#9613 = ADVANCED_FACE('',(#9614),#9632,.T.);
#9614 = FACE_BOUND('',#9615,.T.);
#9615 = EDGE_LOOP('',(#9616,#9617,#9625,#9631));
#9616 = ORIENTED_EDGE('',*,*,#9602,.F.);
#9617 = ORIENTED_EDGE('',*,*,#9618,.F.);
#9618 = EDGE_CURVE('',#9619,#9595,#9621,.T.);
#9619 = VERTEX_POINT('',#9620);
#9620 = CARTESIAN_POINT('',(35.8,69.000000000001,-17.));
#9621 = LINE('',#9622,#9623);
#9622 = CARTESIAN_POINT('',(35.8,65.,-17.));
#9623 = VECTOR('',#9624,1.);
#9624 = DIRECTION('',(0.,1.,0.));
#9625 = ORIENTED_EDGE('',*,*,#9626,.T.);
#9626 = EDGE_CURVE('',#9619,#2884,#9627,.T.);
#9627 = LINE('',#9628,#9629);
#9628 = CARTESIAN_POINT('',(35.,69.,-17.));
#9629 = VECTOR('',#9630,1.);
#9630 = DIRECTION('',(1.,0.,0.));
#9631 = ORIENTED_EDGE('',*,*,#2892,.F.);
#9632 = PLANE('',#9633);
#9633 = AXIS2_PLACEMENT_3D('',#9634,#9635,#9636);
#9634 = CARTESIAN_POINT('',(35.8,65.,-17.));
#9635 = DIRECTION('',(0.,0.,1.));
#9636 = DIRECTION('',(1.,0.,0.));
#9637 = ADVANCED_FACE('',(#9638),#9691,.F.);
#9638 = FACE_BOUND('',#9639,.F.);
#9639 = EDGE_LOOP('',(#9640,#9650,#9657,#9658,#9659,#9667,#9676,#9684));
#9640 = ORIENTED_EDGE('',*,*,#9641,.F.);
#9641 = EDGE_CURVE('',#9642,#9644,#9646,.T.);
#9642 = VERTEX_POINT('',#9643);
#9643 = CARTESIAN_POINT('',(35.8,70.6,-19.4));
#9644 = VERTEX_POINT('',#9645);
#9645 = CARTESIAN_POINT('',(39.6,70.6,-19.4));
#9646 = LINE('',#9647,#9648);
#9647 = CARTESIAN_POINT('',(35.,70.6,-19.4));
#9648 = VECTOR('',#9649,1.);
#9649 = DIRECTION('',(1.,0.,0.));
#9650 = ORIENTED_EDGE('',*,*,#9651,.T.);
#9651 = EDGE_CURVE('',#9642,#9619,#9652,.T.);
#9652 = CIRCLE('',#9653,2.6);
#9653 = AXIS2_PLACEMENT_3D('',#9654,#9655,#9656);
#9654 = CARTESIAN_POINT('',(35.8,68.,-19.4));
#9655 = DIRECTION('',(1.,0.,-0.));
#9656 = DIRECTION('',(0.,0.,1.));
#9657 = ORIENTED_EDGE('',*,*,#9626,.T.);
#9658 = ORIENTED_EDGE('',*,*,#2883,.T.);
#9659 = ORIENTED_EDGE('',*,*,#9660,.F.);
#9660 = EDGE_CURVE('',#9661,#2876,#9663,.T.);
#9661 = VERTEX_POINT('',#9662);
#9662 = CARTESIAN_POINT('',(35.8,66.999999999999,-17.));
#9663 = LINE('',#9664,#9665);
#9664 = CARTESIAN_POINT('',(35.,67.,-17.));
#9665 = VECTOR('',#9666,1.);
#9666 = DIRECTION('',(1.,0.,0.));
#9667 = ORIENTED_EDGE('',*,*,#9668,.T.);
#9668 = EDGE_CURVE('',#9661,#9669,#9671,.T.);
#9669 = VERTEX_POINT('',#9670);
#9670 = CARTESIAN_POINT('',(35.8,65.4,-19.4));
#9671 = CIRCLE('',#9672,2.6);
#9672 = AXIS2_PLACEMENT_3D('',#9673,#9674,#9675);
#9673 = CARTESIAN_POINT('',(35.8,68.,-19.4));
#9674 = DIRECTION('',(1.,0.,-0.));
#9675 = DIRECTION('',(0.,0.,1.));
#9676 = ORIENTED_EDGE('',*,*,#9677,.T.);
#9677 = EDGE_CURVE('',#9669,#9678,#9680,.T.);
#9678 = VERTEX_POINT('',#9679);
#9679 = CARTESIAN_POINT('',(39.6,65.4,-19.4));
#9680 = LINE('',#9681,#9682);
#9681 = CARTESIAN_POINT('',(35.,65.4,-19.4));
#9682 = VECTOR('',#9683,1.);
#9683 = DIRECTION('',(1.,0.,0.));
#9684 = ORIENTED_EDGE('',*,*,#9685,.F.);
#9685 = EDGE_CURVE('',#9644,#9678,#9686,.T.);
#9686 = CIRCLE('',#9687,2.6);
#9687 = AXIS2_PLACEMENT_3D('',#9688,#9689,#9690);
#9688 = CARTESIAN_POINT('',(39.6,68.,-19.4));
#9689 = DIRECTION('',(1.,0.,-0.));
#9690 = DIRECTION('',(0.,0.,1.));
#9691 = CYLINDRICAL_SURFACE('',#9692,2.6);
#9692 = AXIS2_PLACEMENT_3D('',#9693,#9694,#9695);
#9693 = CARTESIAN_POINT('',(35.,68.,-19.4));
#9694 = DIRECTION('',(1.,0.,0.));
#9695 = DIRECTION('',(0.,0.,1.));
#9696 = ADVANCED_FACE('',(#9697),#9715,.T.);
#9697 = FACE_BOUND('',#9698,.T.);
#9698 = EDGE_LOOP('',(#9699,#9700,#9708,#9714));
#9699 = ORIENTED_EDGE('',*,*,#9660,.F.);
#9700 = ORIENTED_EDGE('',*,*,#9701,.F.);
#9701 = EDGE_CURVE('',#9702,#9661,#9704,.T.);
#9702 = VERTEX_POINT('',#9703);
#9703 = CARTESIAN_POINT('',(35.8,65.,-17.));
#9704 = LINE('',#9705,#9706);
#9705 = CARTESIAN_POINT('',(35.8,65.,-17.));
#9706 = VECTOR('',#9707,1.);
#9707 = DIRECTION('',(0.,1.,0.));
#9708 = ORIENTED_EDGE('',*,*,#9709,.T.);
#9709 = EDGE_CURVE('',#9702,#2868,#9710,.T.);
#9710 = LINE('',#9711,#9712);
#9711 = CARTESIAN_POINT('',(35.8,65.,-17.));
#9712 = VECTOR('',#9713,1.);
#9713 = DIRECTION('',(1.,0.,0.));
#9714 = ORIENTED_EDGE('',*,*,#2875,.F.);
#9715 = PLANE('',#9716);
#9716 = AXIS2_PLACEMENT_3D('',#9717,#9718,#9719);
#9717 = CARTESIAN_POINT('',(35.8,65.,-17.));
#9718 = DIRECTION('',(0.,0.,1.));
#9719 = DIRECTION('',(1.,0.,0.));
#9720 = ADVANCED_FACE('',(#9721),#9739,.F.);
#9721 = FACE_BOUND('',#9722,.F.);
#9722 = EDGE_LOOP('',(#9723,#9731,#9737,#9738));
#9723 = ORIENTED_EDGE('',*,*,#9724,.F.);
#9724 = EDGE_CURVE('',#9725,#2860,#9727,.T.);
#9725 = VERTEX_POINT('',#9726);
#9726 = CARTESIAN_POINT('',(35.8,65.,-25.));
#9727 = LINE('',#9728,#9729);
#9728 = CARTESIAN_POINT('',(35.8,65.,-25.));
#9729 = VECTOR('',#9730,1.);
#9730 = DIRECTION('',(1.,0.,0.));
#9731 = ORIENTED_EDGE('',*,*,#9732,.T.);
#9732 = EDGE_CURVE('',#9725,#9702,#9733,.T.);
#9733 = LINE('',#9734,#9735);
#9734 = CARTESIAN_POINT('',(35.8,65.,-25.));
#9735 = VECTOR('',#9736,1.);
#9736 = DIRECTION('',(0.,0.,1.));
#9737 = ORIENTED_EDGE('',*,*,#9709,.T.);
#9738 = ORIENTED_EDGE('',*,*,#2867,.F.);
#9739 = PLANE('',#9740);
#9740 = AXIS2_PLACEMENT_3D('',#9741,#9742,#9743);
#9741 = CARTESIAN_POINT('',(35.8,65.,-25.));
#9742 = DIRECTION('',(0.,1.,0.));
#9743 = DIRECTION('',(0.,0.,1.));
#9744 = ADVANCED_FACE('',(#9745),#9763,.F.);
#9745 = FACE_BOUND('',#9746,.F.);
#9746 = EDGE_LOOP('',(#9747,#9755,#9761,#9762));
#9747 = ORIENTED_EDGE('',*,*,#9748,.F.);
#9748 = EDGE_CURVE('',#9749,#2851,#9751,.T.);
#9749 = VERTEX_POINT('',#9750);
#9750 = CARTESIAN_POINT('',(35.8,67.,-25.));
#9751 = LINE('',#9752,#9753);
#9752 = CARTESIAN_POINT('',(35.,67.,-25.));
#9753 = VECTOR('',#9754,1.);
#9754 = DIRECTION('',(1.,0.,0.));
#9755 = ORIENTED_EDGE('',*,*,#9756,.F.);
#9756 = EDGE_CURVE('',#9725,#9749,#9757,.T.);
#9757 = LINE('',#9758,#9759);
#9758 = CARTESIAN_POINT('',(35.8,65.,-25.));
#9759 = VECTOR('',#9760,1.);
#9760 = DIRECTION('',(0.,1.,0.));
#9761 = ORIENTED_EDGE('',*,*,#9724,.T.);
#9762 = ORIENTED_EDGE('',*,*,#2859,.F.);
#9763 = PLANE('',#9764);
#9764 = AXIS2_PLACEMENT_3D('',#9765,#9766,#9767);
#9765 = CARTESIAN_POINT('',(35.8,65.,-25.));
#9766 = DIRECTION('',(0.,0.,1.));
#9767 = DIRECTION('',(1.,0.,0.));
#9768 = ADVANCED_FACE('',(#9769),#9822,.F.);
#9769 = FACE_BOUND('',#9770,.F.);
#9770 = EDGE_LOOP('',(#9771,#9782,#9790,#9797,#9798,#9799,#9807,#9816));
#9771 = ORIENTED_EDGE('',*,*,#9772,.F.);
#9772 = EDGE_CURVE('',#9773,#9775,#9777,.T.);
#9773 = VERTEX_POINT('',#9774);
#9774 = CARTESIAN_POINT('',(39.6,65.4,-22.6));
#9775 = VERTEX_POINT('',#9776);
#9776 = CARTESIAN_POINT('',(39.6,70.6,-22.6));
#9777 = CIRCLE('',#9778,2.6);
#9778 = AXIS2_PLACEMENT_3D('',#9779,#9780,#9781);
#9779 = CARTESIAN_POINT('',(39.6,68.,-22.6));
#9780 = DIRECTION('',(1.,0.,-0.));
#9781 = DIRECTION('',(0.,0.,1.));
#9782 = ORIENTED_EDGE('',*,*,#9783,.F.);
#9783 = EDGE_CURVE('',#9784,#9773,#9786,.T.);
#9784 = VERTEX_POINT('',#9785);
#9785 = CARTESIAN_POINT('',(35.8,65.4,-22.6));
#9786 = LINE('',#9787,#9788);
#9787 = CARTESIAN_POINT('',(35.,65.4,-22.6));
#9788 = VECTOR('',#9789,1.);
#9789 = DIRECTION('',(1.,0.,0.));
#9790 = ORIENTED_EDGE('',*,*,#9791,.T.);
#9791 = EDGE_CURVE('',#9784,#9749,#9792,.T.);
#9792 = CIRCLE('',#9793,2.6);
#9793 = AXIS2_PLACEMENT_3D('',#9794,#9795,#9796);
#9794 = CARTESIAN_POINT('',(35.8,68.,-22.6));
#9795 = DIRECTION('',(1.,0.,-0.));
#9796 = DIRECTION('',(0.,0.,1.));
#9797 = ORIENTED_EDGE('',*,*,#9748,.T.);
#9798 = ORIENTED_EDGE('',*,*,#2850,.T.);
#9799 = ORIENTED_EDGE('',*,*,#9800,.F.);
#9800 = EDGE_CURVE('',#9801,#2843,#9803,.T.);
#9801 = VERTEX_POINT('',#9802);
#9802 = CARTESIAN_POINT('',(35.8,69.,-25.));
#9803 = LINE('',#9804,#9805);
#9804 = CARTESIAN_POINT('',(35.,69.,-25.));
#9805 = VECTOR('',#9806,1.);
#9806 = DIRECTION('',(1.,0.,0.));
#9807 = ORIENTED_EDGE('',*,*,#9808,.T.);
#9808 = EDGE_CURVE('',#9801,#9809,#9811,.T.);
#9809 = VERTEX_POINT('',#9810);
#9810 = CARTESIAN_POINT('',(35.8,70.6,-22.6));
#9811 = CIRCLE('',#9812,2.6);
#9812 = AXIS2_PLACEMENT_3D('',#9813,#9814,#9815);
#9813 = CARTESIAN_POINT('',(35.8,68.,-22.6));
#9814 = DIRECTION('',(1.,0.,-0.));
#9815 = DIRECTION('',(0.,0.,1.));
#9816 = ORIENTED_EDGE('',*,*,#9817,.T.);
#9817 = EDGE_CURVE('',#9809,#9775,#9818,.T.);
#9818 = LINE('',#9819,#9820);
#9819 = CARTESIAN_POINT('',(35.,70.6,-22.6));
#9820 = VECTOR('',#9821,1.);
#9821 = DIRECTION('',(1.,0.,0.));
#9822 = CYLINDRICAL_SURFACE('',#9823,2.6);
#9823 = AXIS2_PLACEMENT_3D('',#9824,#9825,#9826);
#9824 = CARTESIAN_POINT('',(35.,68.,-22.6));
#9825 = DIRECTION('',(1.,0.,0.));
#9826 = DIRECTION('',(0.,0.,1.));
#9827 = ADVANCED_FACE('',(#9828),#9839,.F.);
#9828 = FACE_BOUND('',#9829,.F.);
#9829 = EDGE_LOOP('',(#9830,#9831,#9837,#9838));
#9830 = ORIENTED_EDGE('',*,*,#9586,.F.);
#9831 = ORIENTED_EDGE('',*,*,#9832,.F.);
#9832 = EDGE_CURVE('',#9801,#9587,#9833,.T.);
#9833 = LINE('',#9834,#9835);
#9834 = CARTESIAN_POINT('',(35.8,65.,-25.));
#9835 = VECTOR('',#9836,1.);
#9836 = DIRECTION('',(0.,1.,0.));
#9837 = ORIENTED_EDGE('',*,*,#9800,.T.);
#9838 = ORIENTED_EDGE('',*,*,#2842,.F.);
#9839 = PLANE('',#9840);
#9840 = AXIS2_PLACEMENT_3D('',#9841,#9842,#9843);
#9841 = CARTESIAN_POINT('',(35.8,65.,-25.));
#9842 = DIRECTION('',(0.,0.,1.));
#9843 = DIRECTION('',(1.,0.,0.));
#9844 = ADVANCED_FACE('',(#9845),#9856,.F.);
#9845 = FACE_BOUND('',#9846,.F.);
#9846 = EDGE_LOOP('',(#9847,#9848,#9854,#9855));
#9847 = ORIENTED_EDGE('',*,*,#3257,.F.);
#9848 = ORIENTED_EDGE('',*,*,#9849,.T.);
#9849 = EDGE_CURVE('',#3258,#3314,#9850,.T.);
#9850 = LINE('',#9851,#9852);
#9851 = CARTESIAN_POINT('',(-39.,98.3,-1.2));
#9852 = VECTOR('',#9853,1.);
#9853 = DIRECTION('',(0.,1.,0.));
#9854 = ORIENTED_EDGE('',*,*,#3313,.T.);
#9855 = ORIENTED_EDGE('',*,*,#3225,.F.);
#9856 = PLANE('',#9857);
#9857 = AXIS2_PLACEMENT_3D('',#9858,#9859,#9860);
#9858 = CARTESIAN_POINT('',(-39.,98.6,-1.95));
#9859 = DIRECTION('',(1.,0.,0.));
#9860 = DIRECTION('',(0.,0.,1.));
#9861 = ADVANCED_FACE('',(#9862,#9891),#9925,.T.);
#9862 = FACE_BOUND('',#9863,.T.);
#9863 = EDGE_LOOP('',(#9864,#9872,#9880,#9886,#9887,#9888,#9889,#9890));
#9864 = ORIENTED_EDGE('',*,*,#9865,.F.);
#9865 = EDGE_CURVE('',#9866,#3266,#9868,.T.);
#9866 = VERTEX_POINT('',#9867);
#9867 = CARTESIAN_POINT('',(-39.5,98.,-1.2));
#9868 = LINE('',#9869,#9870);
#9869 = CARTESIAN_POINT('',(-39.5,98.,-1.2));
#9870 = VECTOR('',#9871,1.);
#9871 = DIRECTION('',(0.,1.,0.));
#9872 = ORIENTED_EDGE('',*,*,#9873,.F.);
#9873 = EDGE_CURVE('',#9874,#9866,#9876,.T.);
#9874 = VERTEX_POINT('',#9875);
#9875 = CARTESIAN_POINT('',(-39.5,98.,-7.2));
#9876 = LINE('',#9877,#9878);
#9877 = CARTESIAN_POINT('',(-39.5,98.,-7.2));
#9878 = VECTOR('',#9879,1.);
#9879 = DIRECTION('',(0.,0.,1.));
#9880 = ORIENTED_EDGE('',*,*,#9881,.T.);
#9881 = EDGE_CURVE('',#9874,#3434,#9882,.T.);
#9882 = LINE('',#9883,#9884);
#9883 = CARTESIAN_POINT('',(-39.5,98.,-7.2));
#9884 = VECTOR('',#9885,1.);
#9885 = DIRECTION('',(0.,1.,0.));
#9886 = ORIENTED_EDGE('',*,*,#3433,.T.);
#9887 = ORIENTED_EDGE('',*,*,#3455,.F.);
#9888 = ORIENTED_EDGE('',*,*,#3391,.T.);
#9889 = ORIENTED_EDGE('',*,*,#3343,.T.);
#9890 = ORIENTED_EDGE('',*,*,#3273,.T.);
#9891 = FACE_BOUND('',#9892,.T.);
#9892 = EDGE_LOOP('',(#9893,#9903,#9911,#9919));
#9893 = ORIENTED_EDGE('',*,*,#9894,.F.);
#9894 = EDGE_CURVE('',#9895,#9897,#9899,.T.);
#9895 = VERTEX_POINT('',#9896);
#9896 = CARTESIAN_POINT('',(-39.5,102.9,-5.4));
#9897 = VERTEX_POINT('',#9898);
#9898 = CARTESIAN_POINT('',(-39.5,106.5,-5.4));
#9899 = LINE('',#9900,#9901);
#9900 = CARTESIAN_POINT('',(-39.5,102.9,-5.4));
#9901 = VECTOR('',#9902,1.);
#9902 = DIRECTION('',(0.,1.,0.));
#9903 = ORIENTED_EDGE('',*,*,#9904,.T.);
#9904 = EDGE_CURVE('',#9895,#9905,#9907,.T.);
#9905 = VERTEX_POINT('',#9906);
#9906 = CARTESIAN_POINT('',(-39.5,102.9,-3.));
#9907 = LINE('',#9908,#9909);
#9908 = CARTESIAN_POINT('',(-39.5,102.9,-5.4));
#9909 = VECTOR('',#9910,1.);
#9910 = DIRECTION('',(0.,0.,1.));
#9911 = ORIENTED_EDGE('',*,*,#9912,.T.);
#9912 = EDGE_CURVE('',#9905,#9913,#9915,.T.);
#9913 = VERTEX_POINT('',#9914);
#9914 = CARTESIAN_POINT('',(-39.5,106.5,-3.));
#9915 = LINE('',#9916,#9917);
#9916 = CARTESIAN_POINT('',(-39.5,102.9,-3.));
#9917 = VECTOR('',#9918,1.);
#9918 = DIRECTION('',(0.,1.,0.));
#9919 = ORIENTED_EDGE('',*,*,#9920,.F.);
#9920 = EDGE_CURVE('',#9897,#9913,#9921,.T.);
#9921 = LINE('',#9922,#9923);
#9922 = CARTESIAN_POINT('',(-39.5,106.5,-5.4));
#9923 = VECTOR('',#9924,1.);
#9924 = DIRECTION('',(0.,0.,1.));
#9925 = PLANE('',#9926);
#9926 = AXIS2_PLACEMENT_3D('',#9927,#9928,#9929);
#9927 = CARTESIAN_POINT('',(-39.5,98.,-7.2));
#9928 = DIRECTION('',(1.,0.,0.));
#9929 = DIRECTION('',(0.,0.,1.));
#9930 = ADVANCED_FACE('',(#9931),#9944,.F.);
#9931 = FACE_BOUND('',#9932,.F.);
#9932 = EDGE_LOOP('',(#9933,#9934,#9940,#9941,#9942,#9943));
#9933 = ORIENTED_EDGE('',*,*,#9865,.F.);
#9934 = ORIENTED_EDGE('',*,*,#9935,.T.);
#9935 = EDGE_CURVE('',#9866,#4502,#9936,.T.);
#9936 = LINE('',#9937,#9938);
#9937 = CARTESIAN_POINT('',(-39.5,98.,-1.2));
#9938 = VECTOR('',#9939,1.);
#9939 = DIRECTION('',(1.,0.,0.));
#9940 = ORIENTED_EDGE('',*,*,#4501,.F.);
#9941 = ORIENTED_EDGE('',*,*,#3321,.F.);
#9942 = ORIENTED_EDGE('',*,*,#9849,.F.);
#9943 = ORIENTED_EDGE('',*,*,#3265,.T.);
#9944 = PLANE('',#9945);
#9945 = AXIS2_PLACEMENT_3D('',#9946,#9947,#9948);
#9946 = CARTESIAN_POINT('',(-39.5,98.,-1.2));
#9947 = DIRECTION('',(0.,0.,1.));
#9948 = DIRECTION('',(1.,0.,0.));
#9949 = ADVANCED_FACE('',(#9950),#9968,.T.);
#9950 = FACE_BOUND('',#9951,.T.);
#9951 = EDGE_LOOP('',(#9952,#9953,#9959,#9960,#9961,#9967));
#9952 = ORIENTED_EDGE('',*,*,#9881,.F.);
#9953 = ORIENTED_EDGE('',*,*,#9954,.T.);
#9954 = EDGE_CURVE('',#9874,#4511,#9955,.T.);
#9955 = LINE('',#9956,#9957);
#9956 = CARTESIAN_POINT('',(-39.5,98.,-7.2));
#9957 = VECTOR('',#9958,1.);
#9958 = DIRECTION('',(1.,0.,0.));
#9959 = ORIENTED_EDGE('',*,*,#4510,.F.);
#9960 = ORIENTED_EDGE('',*,*,#3287,.F.);
#9961 = ORIENTED_EDGE('',*,*,#9962,.F.);
#9962 = EDGE_CURVE('',#3416,#3288,#9963,.T.);
#9963 = LINE('',#9964,#9965);
#9964 = CARTESIAN_POINT('',(-39.,98.3,-7.2));
#9965 = VECTOR('',#9966,1.);
#9966 = DIRECTION('',(0.,1.,0.));
#9967 = ORIENTED_EDGE('',*,*,#3441,.T.);
#9968 = PLANE('',#9969);
#9969 = AXIS2_PLACEMENT_3D('',#9970,#9971,#9972);
#9970 = CARTESIAN_POINT('',(-39.5,98.,-7.2));
#9971 = DIRECTION('',(0.,0.,1.));
#9972 = DIRECTION('',(1.,0.,0.));
#9973 = ADVANCED_FACE('',(#9974),#9980,.F.);
#9974 = FACE_BOUND('',#9975,.F.);
#9975 = EDGE_LOOP('',(#9976,#9977,#9978,#9979));
#9976 = ORIENTED_EDGE('',*,*,#3415,.F.);
#9977 = ORIENTED_EDGE('',*,*,#3376,.T.);
#9978 = ORIENTED_EDGE('',*,*,#3297,.T.);
#9979 = ORIENTED_EDGE('',*,*,#9962,.F.);
#9980 = PLANE('',#9981);
#9981 = AXIS2_PLACEMENT_3D('',#9982,#9983,#9984);
#9982 = CARTESIAN_POINT('',(-39.,98.6,-7.25));
#9983 = DIRECTION('',(1.,0.,0.));
#9984 = DIRECTION('',(0.,0.,1.));
#9985 = ADVANCED_FACE('',(#9986,#9992,#10026,#10060),#10094,.T.);
#9986 = FACE_BOUND('',#9987,.T.);
#9987 = EDGE_LOOP('',(#9988,#9989,#9990,#9991));
#9988 = ORIENTED_EDGE('',*,*,#3472,.T.);
#9989 = ORIENTED_EDGE('',*,*,#3513,.F.);
#9990 = ORIENTED_EDGE('',*,*,#3528,.F.);
#9991 = ORIENTED_EDGE('',*,*,#3554,.F.);
#9992 = FACE_BOUND('',#9993,.T.);
#9993 = EDGE_LOOP('',(#9994,#10004,#10012,#10020));
#9994 = ORIENTED_EDGE('',*,*,#9995,.T.);
#9995 = EDGE_CURVE('',#9996,#9998,#10000,.T.);
#9996 = VERTEX_POINT('',#9997);
#9997 = CARTESIAN_POINT('',(-42.2,106.5,-5.5));
#9998 = VERTEX_POINT('',#9999);
#9999 = CARTESIAN_POINT('',(-42.2,106.9,-5.5));
#10000 = LINE('',#10001,#10002);
#10001 = CARTESIAN_POINT('',(-42.2,105.7,-5.5));
#10002 = VECTOR('',#10003,1.);
#10003 = DIRECTION('',(0.,1.,0.));
#10004 = ORIENTED_EDGE('',*,*,#10005,.T.);
#10005 = EDGE_CURVE('',#9998,#10006,#10008,.T.);
#10006 = VERTEX_POINT('',#10007);
#10007 = CARTESIAN_POINT('',(-42.2,106.9,-2.9));
#10008 = LINE('',#10009,#10010);
#10009 = CARTESIAN_POINT('',(-42.2,106.9,-5.5));
#10010 = VECTOR('',#10011,1.);
#10011 = DIRECTION('',(0.,0.,1.));
#10012 = ORIENTED_EDGE('',*,*,#10013,.F.);
#10013 = EDGE_CURVE('',#10014,#10006,#10016,.T.);
#10014 = VERTEX_POINT('',#10015);
#10015 = CARTESIAN_POINT('',(-42.2,106.5,-2.9));
#10016 = LINE('',#10017,#10018);
#10017 = CARTESIAN_POINT('',(-42.2,105.7,-2.9));
#10018 = VECTOR('',#10019,1.);
#10019 = DIRECTION('',(0.,1.,0.));
#10020 = ORIENTED_EDGE('',*,*,#10021,.F.);
#10021 = EDGE_CURVE('',#9996,#10014,#10022,.T.);
#10022 = LINE('',#10023,#10024);
#10023 = CARTESIAN_POINT('',(-42.2,106.5,-5.5));
#10024 = VECTOR('',#10025,1.);
#10025 = DIRECTION('',(0.,0.,1.));
#10026 = FACE_BOUND('',#10027,.T.);
#10027 = EDGE_LOOP('',(#10028,#10038,#10046,#10054));
#10028 = ORIENTED_EDGE('',*,*,#10029,.T.);
#10029 = EDGE_CURVE('',#10030,#10032,#10034,.T.);
#10030 = VERTEX_POINT('',#10031);
#10031 = CARTESIAN_POINT('',(-42.2,104.5,-5.5));
#10032 = VERTEX_POINT('',#10033);
#10033 = CARTESIAN_POINT('',(-42.2,104.9,-5.5));
#10034 = LINE('',#10035,#10036);
#10035 = CARTESIAN_POINT('',(-42.2,104.7,-5.5));
#10036 = VECTOR('',#10037,1.);
#10037 = DIRECTION('',(0.,1.,0.));
#10038 = ORIENTED_EDGE('',*,*,#10039,.T.);
#10039 = EDGE_CURVE('',#10032,#10040,#10042,.T.);
#10040 = VERTEX_POINT('',#10041);
#10041 = CARTESIAN_POINT('',(-42.2,104.9,-2.9));
#10042 = LINE('',#10043,#10044);
#10043 = CARTESIAN_POINT('',(-42.2,104.9,-5.5));
#10044 = VECTOR('',#10045,1.);
#10045 = DIRECTION('',(0.,0.,1.));
#10046 = ORIENTED_EDGE('',*,*,#10047,.F.);
#10047 = EDGE_CURVE('',#10048,#10040,#10050,.T.);
#10048 = VERTEX_POINT('',#10049);
#10049 = CARTESIAN_POINT('',(-42.2,104.5,-2.9));
#10050 = LINE('',#10051,#10052);
#10051 = CARTESIAN_POINT('',(-42.2,104.7,-2.9));
#10052 = VECTOR('',#10053,1.);
#10053 = DIRECTION('',(0.,1.,0.));
#10054 = ORIENTED_EDGE('',*,*,#10055,.F.);
#10055 = EDGE_CURVE('',#10030,#10048,#10056,.T.);
#10056 = LINE('',#10057,#10058);
#10057 = CARTESIAN_POINT('',(-42.2,104.5,-5.5));
#10058 = VECTOR('',#10059,1.);
#10059 = DIRECTION('',(0.,0.,1.));
#10060 = FACE_BOUND('',#10061,.T.);
#10061 = EDGE_LOOP('',(#10062,#10072,#10080,#10088));
#10062 = ORIENTED_EDGE('',*,*,#10063,.T.);
#10063 = EDGE_CURVE('',#10064,#10066,#10068,.T.);
#10064 = VERTEX_POINT('',#10065);
#10065 = CARTESIAN_POINT('',(-42.2,102.5,-5.5));
#10066 = VERTEX_POINT('',#10067);
#10067 = CARTESIAN_POINT('',(-42.2,102.9,-5.5));
#10068 = LINE('',#10069,#10070);
#10069 = CARTESIAN_POINT('',(-42.2,103.7,-5.5));
#10070 = VECTOR('',#10071,1.);
#10071 = DIRECTION('',(0.,1.,0.));
#10072 = ORIENTED_EDGE('',*,*,#10073,.T.);
#10073 = EDGE_CURVE('',#10066,#10074,#10076,.T.);
#10074 = VERTEX_POINT('',#10075);
#10075 = CARTESIAN_POINT('',(-42.2,102.9,-2.9));
#10076 = LINE('',#10077,#10078);
#10077 = CARTESIAN_POINT('',(-42.2,102.9,-5.5));
#10078 = VECTOR('',#10079,1.);
#10079 = DIRECTION('',(0.,0.,1.));
#10080 = ORIENTED_EDGE('',*,*,#10081,.F.);
#10081 = EDGE_CURVE('',#10082,#10074,#10084,.T.);
#10082 = VERTEX_POINT('',#10083);
#10083 = CARTESIAN_POINT('',(-42.2,102.5,-2.9));
#10084 = LINE('',#10085,#10086);
#10085 = CARTESIAN_POINT('',(-42.2,103.7,-2.9));
#10086 = VECTOR('',#10087,1.);
#10087 = DIRECTION('',(0.,1.,0.));
#10088 = ORIENTED_EDGE('',*,*,#10089,.F.);
#10089 = EDGE_CURVE('',#10064,#10082,#10090,.T.);
#10090 = LINE('',#10091,#10092);
#10091 = CARTESIAN_POINT('',(-42.2,102.5,-5.5));
#10092 = VECTOR('',#10093,1.);
#10093 = DIRECTION('',(0.,0.,1.));
#10094 = PLANE('',#10095);
#10095 = AXIS2_PLACEMENT_3D('',#10096,#10097,#10098);
#10096 = CARTESIAN_POINT('',(-42.2,104.7,-4.2));
#10097 = DIRECTION('',(-1.,-0.,-0.));
#10098 = DIRECTION('',(0.,0.,-1.));
#10099 = ADVANCED_FACE('',(#10100,#10129),#10163,.T.);
#10100 = FACE_BOUND('',#10101,.T.);
#10101 = EDGE_LOOP('',(#10102,#10103,#10104,#10105,#10106,#10114,#10122,
    #10128));
#10102 = ORIENTED_EDGE('',*,*,#3627,.T.);
#10103 = ORIENTED_EDGE('',*,*,#3641,.F.);
#10104 = ORIENTED_EDGE('',*,*,#3676,.F.);
#10105 = ORIENTED_EDGE('',*,*,#3708,.F.);
#10106 = ORIENTED_EDGE('',*,*,#10107,.T.);
#10107 = EDGE_CURVE('',#3709,#10108,#10110,.T.);
#10108 = VERTEX_POINT('',#10109);
#10109 = CARTESIAN_POINT('',(-39.5,90.5,-7.2));
#10110 = LINE('',#10111,#10112);
#10111 = CARTESIAN_POINT('',(-39.5,69.5,-7.2));
#10112 = VECTOR('',#10113,1.);
#10113 = DIRECTION('',(0.,1.,0.));
#10114 = ORIENTED_EDGE('',*,*,#10115,.T.);
#10115 = EDGE_CURVE('',#10108,#10116,#10118,.T.);
#10116 = VERTEX_POINT('',#10117);
#10117 = CARTESIAN_POINT('',(-39.5,90.5,-1.2));
#10118 = LINE('',#10119,#10120);
#10119 = CARTESIAN_POINT('',(-39.5,90.5,-7.2));
#10120 = VECTOR('',#10121,1.);
#10121 = DIRECTION('',(0.,0.,1.));
#10122 = ORIENTED_EDGE('',*,*,#10123,.F.);
#10123 = EDGE_CURVE('',#3596,#10116,#10124,.T.);
#10124 = LINE('',#10125,#10126);
#10125 = CARTESIAN_POINT('',(-39.5,69.5,-1.2));
#10126 = VECTOR('',#10127,1.);
#10127 = DIRECTION('',(0.,1.,0.));
#10128 = ORIENTED_EDGE('',*,*,#3603,.F.);
#10129 = FACE_BOUND('',#10130,.T.);
#10130 = EDGE_LOOP('',(#10131,#10141,#10149,#10157));
#10131 = ORIENTED_EDGE('',*,*,#10132,.F.);
#10132 = EDGE_CURVE('',#10133,#10135,#10137,.T.);
#10133 = VERTEX_POINT('',#10134);
#10134 = CARTESIAN_POINT('',(-39.5,83.4,-5.4));
#10135 = VERTEX_POINT('',#10136);
#10136 = CARTESIAN_POINT('',(-39.5,86.6,-5.4));
#10137 = LINE('',#10138,#10139);
#10138 = CARTESIAN_POINT('',(-39.5,83.4,-5.4));
#10139 = VECTOR('',#10140,1.);
#10140 = DIRECTION('',(0.,1.,0.));
#10141 = ORIENTED_EDGE('',*,*,#10142,.T.);
#10142 = EDGE_CURVE('',#10133,#10143,#10145,.T.);
#10143 = VERTEX_POINT('',#10144);
#10144 = CARTESIAN_POINT('',(-39.5,83.4,-3.));
#10145 = LINE('',#10146,#10147);
#10146 = CARTESIAN_POINT('',(-39.5,83.4,-5.4));
#10147 = VECTOR('',#10148,1.);
#10148 = DIRECTION('',(0.,0.,1.));
#10149 = ORIENTED_EDGE('',*,*,#10150,.T.);
#10150 = EDGE_CURVE('',#10143,#10151,#10153,.T.);
#10151 = VERTEX_POINT('',#10152);
#10152 = CARTESIAN_POINT('',(-39.5,86.6,-3.));
#10153 = LINE('',#10154,#10155);
#10154 = CARTESIAN_POINT('',(-39.5,83.4,-3.));
#10155 = VECTOR('',#10156,1.);
#10156 = DIRECTION('',(0.,1.,0.));
#10157 = ORIENTED_EDGE('',*,*,#10158,.F.);
#10158 = EDGE_CURVE('',#10135,#10151,#10159,.T.);
#10159 = LINE('',#10160,#10161);
#10160 = CARTESIAN_POINT('',(-39.5,86.6,-5.4));
#10161 = VECTOR('',#10162,1.);
#10162 = DIRECTION('',(0.,0.,1.));
#10163 = PLANE('',#10164);
#10164 = AXIS2_PLACEMENT_3D('',#10165,#10166,#10167);
#10165 = CARTESIAN_POINT('',(-39.5,69.5,-7.2));
#10166 = DIRECTION('',(1.,0.,0.));
#10167 = DIRECTION('',(0.,0.,1.));
#10168 = ADVANCED_FACE('',(#10169),#10215,.F.);
#10169 = FACE_BOUND('',#10170,.F.);
#10170 = EDGE_LOOP('',(#10171,#10179,#10185,#10186,#10192,#10193,#10194,
    #10200,#10201,#10207,#10208,#10214));
#10171 = ORIENTED_EDGE('',*,*,#10172,.F.);
#10172 = EDGE_CURVE('',#10173,#3976,#10175,.T.);
#10173 = VERTEX_POINT('',#10174);
#10174 = CARTESIAN_POINT('',(-39.5,69.5,-1.2));
#10175 = LINE('',#10176,#10177);
#10176 = CARTESIAN_POINT('',(-39.5,69.5,-1.2));
#10177 = VECTOR('',#10178,1.);
#10178 = DIRECTION('',(0.,1.,0.));
#10179 = ORIENTED_EDGE('',*,*,#10180,.T.);
#10180 = EDGE_CURVE('',#10173,#4529,#10181,.T.);
#10181 = LINE('',#10182,#10183);
#10182 = CARTESIAN_POINT('',(-39.5,69.5,-1.2));
#10183 = VECTOR('',#10184,1.);
#10184 = DIRECTION('',(1.,0.,0.));
#10185 = ORIENTED_EDGE('',*,*,#4526,.F.);
#10186 = ORIENTED_EDGE('',*,*,#10187,.F.);
#10187 = EDGE_CURVE('',#10116,#4527,#10188,.T.);
#10188 = LINE('',#10189,#10190);
#10189 = CARTESIAN_POINT('',(-39.5,90.5,-1.2));
#10190 = VECTOR('',#10191,1.);
#10191 = DIRECTION('',(1.,0.,0.));
#10192 = ORIENTED_EDGE('',*,*,#10123,.F.);
#10193 = ORIENTED_EDGE('',*,*,#3595,.F.);
#10194 = ORIENTED_EDGE('',*,*,#10195,.F.);
#10195 = EDGE_CURVE('',#3773,#3588,#10196,.T.);
#10196 = LINE('',#10197,#10198);
#10197 = CARTESIAN_POINT('',(-39.,75.05,-1.2));
#10198 = VECTOR('',#10199,1.);
#10199 = DIRECTION('',(0.,1.,0.));
#10200 = ORIENTED_EDGE('',*,*,#3772,.T.);
#10201 = ORIENTED_EDGE('',*,*,#10202,.F.);
#10202 = EDGE_CURVE('',#4000,#3765,#10203,.T.);
#10203 = LINE('',#10204,#10205);
#10204 = CARTESIAN_POINT('',(-39.5,69.5,-1.2));
#10205 = VECTOR('',#10206,1.);
#10206 = DIRECTION('',(0.,1.,0.));
#10207 = ORIENTED_EDGE('',*,*,#4039,.F.);
#10208 = ORIENTED_EDGE('',*,*,#10209,.F.);
#10209 = EDGE_CURVE('',#3968,#4032,#10210,.T.);
#10210 = LINE('',#10211,#10212);
#10211 = CARTESIAN_POINT('',(-39.,69.95,-1.2));
#10212 = VECTOR('',#10213,1.);
#10213 = DIRECTION('',(0.,1.,0.));
#10214 = ORIENTED_EDGE('',*,*,#3975,.T.);
#10215 = PLANE('',#10216);
#10216 = AXIS2_PLACEMENT_3D('',#10217,#10218,#10219);
#10217 = CARTESIAN_POINT('',(-39.5,69.5,-1.2));
#10218 = DIRECTION('',(0.,0.,1.));
#10219 = DIRECTION('',(1.,0.,0.));
#10220 = ADVANCED_FACE('',(#10221),#10227,.F.);
#10221 = FACE_BOUND('',#10222,.F.);
#10222 = EDGE_LOOP('',(#10223,#10224,#10225,#10226));
#10223 = ORIENTED_EDGE('',*,*,#3780,.F.);
#10224 = ORIENTED_EDGE('',*,*,#10195,.T.);
#10225 = ORIENTED_EDGE('',*,*,#3587,.T.);
#10226 = ORIENTED_EDGE('',*,*,#3812,.F.);
#10227 = PLANE('',#10228);
#10228 = AXIS2_PLACEMENT_3D('',#10229,#10230,#10231);
#10229 = CARTESIAN_POINT('',(-39.,80.6,-1.95));
#10230 = DIRECTION('',(1.,0.,0.));
#10231 = DIRECTION('',(0.,0.,1.));
#10232 = ADVANCED_FACE('',(#10233),#10244,.F.);
#10233 = FACE_BOUND('',#10234,.F.);
#10234 = EDGE_LOOP('',(#10235,#10236,#10237,#10238));
#10235 = ORIENTED_EDGE('',*,*,#3796,.F.);
#10236 = ORIENTED_EDGE('',*,*,#3739,.T.);
#10237 = ORIENTED_EDGE('',*,*,#3690,.T.);
#10238 = ORIENTED_EDGE('',*,*,#10239,.F.);
#10239 = EDGE_CURVE('',#3755,#3693,#10240,.T.);
#10240 = LINE('',#10241,#10242);
#10241 = CARTESIAN_POINT('',(-39.,75.05,-7.2));
#10242 = VECTOR('',#10243,1.);
#10243 = DIRECTION('',(0.,1.,0.));
#10244 = PLANE('',#10245);
#10245 = AXIS2_PLACEMENT_3D('',#10246,#10247,#10248);
#10246 = CARTESIAN_POINT('',(-39.,80.6,-7.25));
#10247 = DIRECTION('',(1.,0.,0.));
#10248 = DIRECTION('',(0.,0.,1.));
#10249 = ADVANCED_FACE('',(#10250),#10291,.T.);
#10250 = FACE_BOUND('',#10251,.T.);
#10251 = EDGE_LOOP('',(#10252,#10260,#10266,#10267,#10273,#10274,#10275,
    #10276,#10277,#10283,#10284,#10290));
#10252 = ORIENTED_EDGE('',*,*,#10253,.F.);
#10253 = EDGE_CURVE('',#10254,#4144,#10256,.T.);
#10254 = VERTEX_POINT('',#10255);
#10255 = CARTESIAN_POINT('',(-39.5,69.5,-7.2));
#10256 = LINE('',#10257,#10258);
#10257 = CARTESIAN_POINT('',(-39.5,69.5,-7.2));
#10258 = VECTOR('',#10259,1.);
#10259 = DIRECTION('',(0.,1.,0.));
#10260 = ORIENTED_EDGE('',*,*,#10261,.T.);
#10261 = EDGE_CURVE('',#10254,#4545,#10262,.T.);
#10262 = LINE('',#10263,#10264);
#10263 = CARTESIAN_POINT('',(-39.5,69.5,-7.2));
#10264 = VECTOR('',#10265,1.);
#10265 = DIRECTION('',(1.,0.,0.));
#10266 = ORIENTED_EDGE('',*,*,#4544,.F.);
#10267 = ORIENTED_EDGE('',*,*,#10268,.F.);
#10268 = EDGE_CURVE('',#10108,#4537,#10269,.T.);
#10269 = LINE('',#10270,#10271);
#10270 = CARTESIAN_POINT('',(-39.5,90.5,-7.2));
#10271 = VECTOR('',#10272,1.);
#10272 = DIRECTION('',(1.,0.,0.));
#10273 = ORIENTED_EDGE('',*,*,#10107,.F.);
#10274 = ORIENTED_EDGE('',*,*,#3716,.F.);
#10275 = ORIENTED_EDGE('',*,*,#10239,.F.);
#10276 = ORIENTED_EDGE('',*,*,#3754,.T.);
#10277 = ORIENTED_EDGE('',*,*,#10278,.F.);
#10278 = EDGE_CURVE('',#3998,#3757,#10279,.T.);
#10279 = LINE('',#10280,#10281);
#10280 = CARTESIAN_POINT('',(-39.5,69.5,-7.2));
#10281 = VECTOR('',#10282,1.);
#10282 = DIRECTION('',(0.,1.,0.));
#10283 = ORIENTED_EDGE('',*,*,#4007,.F.);
#10284 = ORIENTED_EDGE('',*,*,#10285,.F.);
#10285 = EDGE_CURVE('',#4126,#4008,#10286,.T.);
#10286 = LINE('',#10287,#10288);
#10287 = CARTESIAN_POINT('',(-39.,69.95,-7.2));
#10288 = VECTOR('',#10289,1.);
#10289 = DIRECTION('',(0.,1.,0.));
#10290 = ORIENTED_EDGE('',*,*,#4151,.T.);
#10291 = PLANE('',#10292);
#10292 = AXIS2_PLACEMENT_3D('',#10293,#10294,#10295);
#10293 = CARTESIAN_POINT('',(-39.5,69.5,-7.2));
#10294 = DIRECTION('',(0.,0.,1.));
#10295 = DIRECTION('',(1.,0.,0.));
#10296 = ADVANCED_FACE('',(#10297),#10303,.T.);
#10297 = FACE_BOUND('',#10298,.T.);
#10298 = EDGE_LOOP('',(#10299,#10300,#10301,#10302));
#10299 = ORIENTED_EDGE('',*,*,#10202,.F.);
#10300 = ORIENTED_EDGE('',*,*,#3997,.F.);
#10301 = ORIENTED_EDGE('',*,*,#10278,.T.);
#10302 = ORIENTED_EDGE('',*,*,#3764,.T.);
#10303 = PLANE('',#10304);
#10304 = AXIS2_PLACEMENT_3D('',#10305,#10306,#10307);
#10305 = CARTESIAN_POINT('',(-39.5,69.5,-7.2));
#10306 = DIRECTION('',(1.,0.,0.));
#10307 = DIRECTION('',(0.,0.,1.));
#10308 = ADVANCED_FACE('',(#10309,#10315),#10413,.T.);
#10309 = FACE_BOUND('',#10310,.T.);
#10310 = EDGE_LOOP('',(#10311,#10312,#10313,#10314));
#10311 = ORIENTED_EDGE('',*,*,#3860,.T.);
#10312 = ORIENTED_EDGE('',*,*,#3894,.F.);
#10313 = ORIENTED_EDGE('',*,*,#3909,.F.);
#10314 = ORIENTED_EDGE('',*,*,#3836,.F.);
#10315 = FACE_BOUND('',#10316,.T.);
#10316 = EDGE_LOOP('',(#10317,#10327,#10335,#10343,#10351,#10359,#10367,
    #10375,#10383,#10391,#10399,#10407));
#10317 = ORIENTED_EDGE('',*,*,#10318,.F.);
#10318 = EDGE_CURVE('',#10319,#10321,#10323,.T.);
#10319 = VERTEX_POINT('',#10320);
#10320 = CARTESIAN_POINT('',(-42.2,84.4,-4.));
#10321 = VERTEX_POINT('',#10322);
#10322 = CARTESIAN_POINT('',(-42.2,85.,-4.));
#10323 = LINE('',#10324,#10325);
#10324 = CARTESIAN_POINT('',(-42.2,84.8,-4.));
#10325 = VECTOR('',#10326,1.);
#10326 = DIRECTION('',(0.,1.,0.));
#10327 = ORIENTED_EDGE('',*,*,#10328,.T.);
#10328 = EDGE_CURVE('',#10319,#10329,#10331,.T.);
#10329 = VERTEX_POINT('',#10330);
#10330 = CARTESIAN_POINT('',(-42.2,84.4,-4.4));
#10331 = LINE('',#10332,#10333);
#10332 = CARTESIAN_POINT('',(-42.2,84.4,-4.3));
#10333 = VECTOR('',#10334,1.);
#10334 = DIRECTION('',(0.,0.,-1.));
#10335 = ORIENTED_EDGE('',*,*,#10336,.T.);
#10336 = EDGE_CURVE('',#10329,#10337,#10339,.T.);
#10337 = VERTEX_POINT('',#10338);
#10338 = CARTESIAN_POINT('',(-42.2,85.,-4.4));
#10339 = LINE('',#10340,#10341);
#10340 = CARTESIAN_POINT('',(-42.2,84.8,-4.4));
#10341 = VECTOR('',#10342,1.);
#10342 = DIRECTION('',(0.,1.,0.));
#10343 = ORIENTED_EDGE('',*,*,#10344,.T.);
#10344 = EDGE_CURVE('',#10337,#10345,#10347,.T.);
#10345 = VERTEX_POINT('',#10346);
#10346 = CARTESIAN_POINT('',(-42.2,85.,-5.));
#10347 = LINE('',#10348,#10349);
#10348 = CARTESIAN_POINT('',(-42.2,85.,-4.6));
#10349 = VECTOR('',#10350,1.);
#10350 = DIRECTION('',(0.,0.,-1.));
#10351 = ORIENTED_EDGE('',*,*,#10352,.T.);
#10352 = EDGE_CURVE('',#10345,#10353,#10355,.T.);
#10353 = VERTEX_POINT('',#10354);
#10354 = CARTESIAN_POINT('',(-42.2,85.4,-5.));
#10355 = LINE('',#10356,#10357);
#10356 = CARTESIAN_POINT('',(-42.2,85.1,-5.));
#10357 = VECTOR('',#10358,1.);
#10358 = DIRECTION('',(0.,1.,0.));
#10359 = ORIENTED_EDGE('',*,*,#10360,.F.);
#10360 = EDGE_CURVE('',#10361,#10353,#10363,.T.);
#10361 = VERTEX_POINT('',#10362);
#10362 = CARTESIAN_POINT('',(-42.2,85.4,-4.4));
#10363 = LINE('',#10364,#10365);
#10364 = CARTESIAN_POINT('',(-42.2,85.4,-4.6));
#10365 = VECTOR('',#10366,1.);
#10366 = DIRECTION('',(0.,0.,-1.));
#10367 = ORIENTED_EDGE('',*,*,#10368,.T.);
#10368 = EDGE_CURVE('',#10361,#10369,#10371,.T.);
#10369 = VERTEX_POINT('',#10370);
#10370 = CARTESIAN_POINT('',(-42.2,86.,-4.4));
#10371 = LINE('',#10372,#10373);
#10372 = CARTESIAN_POINT('',(-42.2,84.8,-4.4));
#10373 = VECTOR('',#10374,1.);
#10374 = DIRECTION('',(0.,1.,0.));
#10375 = ORIENTED_EDGE('',*,*,#10376,.F.);
#10376 = EDGE_CURVE('',#10377,#10369,#10379,.T.);
#10377 = VERTEX_POINT('',#10378);
#10378 = CARTESIAN_POINT('',(-42.2,86.,-4.));
#10379 = LINE('',#10380,#10381);
#10380 = CARTESIAN_POINT('',(-42.2,86.,-4.3));
#10381 = VECTOR('',#10382,1.);
#10382 = DIRECTION('',(0.,0.,-1.));
#10383 = ORIENTED_EDGE('',*,*,#10384,.F.);
#10384 = EDGE_CURVE('',#10385,#10377,#10387,.T.);
#10385 = VERTEX_POINT('',#10386);
#10386 = CARTESIAN_POINT('',(-42.2,85.4,-4.));
#10387 = LINE('',#10388,#10389);
#10388 = CARTESIAN_POINT('',(-42.2,84.8,-4.));
#10389 = VECTOR('',#10390,1.);
#10390 = DIRECTION('',(0.,1.,0.));
#10391 = ORIENTED_EDGE('',*,*,#10392,.F.);
#10392 = EDGE_CURVE('',#10393,#10385,#10395,.T.);
#10393 = VERTEX_POINT('',#10394);
#10394 = CARTESIAN_POINT('',(-42.2,85.4,-3.4));
#10395 = LINE('',#10396,#10397);
#10396 = CARTESIAN_POINT('',(-42.2,85.4,-4.6));
#10397 = VECTOR('',#10398,1.);
#10398 = DIRECTION('',(0.,0.,-1.));
#10399 = ORIENTED_EDGE('',*,*,#10400,.F.);
#10400 = EDGE_CURVE('',#10401,#10393,#10403,.T.);
#10401 = VERTEX_POINT('',#10402);
#10402 = CARTESIAN_POINT('',(-42.2,85.,-3.4));
#10403 = LINE('',#10404,#10405);
#10404 = CARTESIAN_POINT('',(-42.2,85.1,-3.4));
#10405 = VECTOR('',#10406,1.);
#10406 = DIRECTION('',(0.,1.,0.));
#10407 = ORIENTED_EDGE('',*,*,#10408,.T.);
#10408 = EDGE_CURVE('',#10401,#10321,#10409,.T.);
#10409 = LINE('',#10410,#10411);
#10410 = CARTESIAN_POINT('',(-42.2,85.,-4.6));
#10411 = VECTOR('',#10412,1.);
#10412 = DIRECTION('',(0.,0.,-1.));
#10413 = PLANE('',#10414);
#10414 = AXIS2_PLACEMENT_3D('',#10415,#10416,#10417);
#10415 = CARTESIAN_POINT('',(-42.2,85.2,-4.2));
#10416 = DIRECTION('',(-1.,-0.,-0.));
#10417 = DIRECTION('',(0.,0.,-1.));
#10418 = ADVANCED_FACE('',(#10419),#10425,.F.);
#10419 = FACE_BOUND('',#10420,.F.);
#10420 = EDGE_LOOP('',(#10421,#10422,#10423,#10424));
#10421 = ORIENTED_EDGE('',*,*,#3967,.F.);
#10422 = ORIENTED_EDGE('',*,*,#10209,.T.);
#10423 = ORIENTED_EDGE('',*,*,#4031,.T.);
#10424 = ORIENTED_EDGE('',*,*,#3935,.F.);
#10425 = PLANE('',#10426);
#10426 = AXIS2_PLACEMENT_3D('',#10427,#10428,#10429);
#10427 = CARTESIAN_POINT('',(-39.,70.4,-1.95));
#10428 = DIRECTION('',(1.,0.,0.));
#10429 = DIRECTION('',(0.,0.,1.));
#10430 = ADVANCED_FACE('',(#10431,#10446),#10480,.T.);
#10431 = FACE_BOUND('',#10432,.T.);
#10432 = EDGE_LOOP('',(#10433,#10434,#10440,#10441,#10442,#10443,#10444,
    #10445));
#10433 = ORIENTED_EDGE('',*,*,#10172,.F.);
#10434 = ORIENTED_EDGE('',*,*,#10435,.F.);
#10435 = EDGE_CURVE('',#10254,#10173,#10436,.T.);
#10436 = LINE('',#10437,#10438);
#10437 = CARTESIAN_POINT('',(-39.5,69.5,-7.2));
#10438 = VECTOR('',#10439,1.);
#10439 = DIRECTION('',(0.,0.,1.));
#10440 = ORIENTED_EDGE('',*,*,#10253,.T.);
#10441 = ORIENTED_EDGE('',*,*,#4143,.T.);
#10442 = ORIENTED_EDGE('',*,*,#4165,.F.);
#10443 = ORIENTED_EDGE('',*,*,#4101,.T.);
#10444 = ORIENTED_EDGE('',*,*,#4053,.T.);
#10445 = ORIENTED_EDGE('',*,*,#3983,.T.);
#10446 = FACE_BOUND('',#10447,.T.);
#10447 = EDGE_LOOP('',(#10448,#10458,#10466,#10474));
#10448 = ORIENTED_EDGE('',*,*,#10449,.F.);
#10449 = EDGE_CURVE('',#10450,#10452,#10454,.T.);
#10450 = VERTEX_POINT('',#10451);
#10451 = CARTESIAN_POINT('',(-39.5,73.4,-5.4));
#10452 = VERTEX_POINT('',#10453);
#10453 = CARTESIAN_POINT('',(-39.5,76.6,-5.4));
#10454 = LINE('',#10455,#10456);
#10455 = CARTESIAN_POINT('',(-39.5,73.4,-5.4));
#10456 = VECTOR('',#10457,1.);
#10457 = DIRECTION('',(0.,1.,0.));
#10458 = ORIENTED_EDGE('',*,*,#10459,.T.);
#10459 = EDGE_CURVE('',#10450,#10460,#10462,.T.);
#10460 = VERTEX_POINT('',#10461);
#10461 = CARTESIAN_POINT('',(-39.5,73.4,-3.));
#10462 = LINE('',#10463,#10464);
#10463 = CARTESIAN_POINT('',(-39.5,73.4,-5.4));
#10464 = VECTOR('',#10465,1.);
#10465 = DIRECTION('',(0.,0.,1.));
#10466 = ORIENTED_EDGE('',*,*,#10467,.T.);
#10467 = EDGE_CURVE('',#10460,#10468,#10470,.T.);
#10468 = VERTEX_POINT('',#10469);
#10469 = CARTESIAN_POINT('',(-39.5,76.6,-3.));
#10470 = LINE('',#10471,#10472);
#10471 = CARTESIAN_POINT('',(-39.5,73.4,-3.));
#10472 = VECTOR('',#10473,1.);
#10473 = DIRECTION('',(0.,1.,0.));
#10474 = ORIENTED_EDGE('',*,*,#10475,.F.);
#10475 = EDGE_CURVE('',#10452,#10468,#10476,.T.);
#10476 = LINE('',#10477,#10478);
#10477 = CARTESIAN_POINT('',(-39.5,76.6,-5.4));
#10478 = VECTOR('',#10479,1.);
#10479 = DIRECTION('',(0.,0.,1.));
#10480 = PLANE('',#10481);
#10481 = AXIS2_PLACEMENT_3D('',#10482,#10483,#10484);
#10482 = CARTESIAN_POINT('',(-39.5,69.5,-7.2));
#10483 = DIRECTION('',(1.,0.,0.));
#10484 = DIRECTION('',(0.,0.,1.));
#10485 = ADVANCED_FACE('',(#10486),#10492,.F.);
#10486 = FACE_BOUND('',#10487,.F.);
#10487 = EDGE_LOOP('',(#10488,#10489,#10490,#10491));
#10488 = ORIENTED_EDGE('',*,*,#4125,.F.);
#10489 = ORIENTED_EDGE('',*,*,#4086,.T.);
#10490 = ORIENTED_EDGE('',*,*,#4015,.T.);
#10491 = ORIENTED_EDGE('',*,*,#10285,.F.);
#10492 = PLANE('',#10493);
#10493 = AXIS2_PLACEMENT_3D('',#10494,#10495,#10496);
#10494 = CARTESIAN_POINT('',(-39.,70.4,-7.25));
#10495 = DIRECTION('',(1.,0.,0.));
#10496 = DIRECTION('',(0.,0.,1.));
#10497 = ADVANCED_FACE('',(#10498,#10504),#10538,.T.);
#10498 = FACE_BOUND('',#10499,.T.);
#10499 = EDGE_LOOP('',(#10500,#10501,#10502,#10503));
#10500 = ORIENTED_EDGE('',*,*,#4182,.T.);
#10501 = ORIENTED_EDGE('',*,*,#4223,.F.);
#10502 = ORIENTED_EDGE('',*,*,#4238,.F.);
#10503 = ORIENTED_EDGE('',*,*,#4264,.F.);
#10504 = FACE_BOUND('',#10505,.T.);
#10505 = EDGE_LOOP('',(#10506,#10516,#10524,#10532));
#10506 = ORIENTED_EDGE('',*,*,#10507,.F.);
#10507 = EDGE_CURVE('',#10508,#10510,#10512,.T.);
#10508 = VERTEX_POINT('',#10509);
#10509 = CARTESIAN_POINT('',(-42.2,74.,-4.));
#10510 = VERTEX_POINT('',#10511);
#10511 = CARTESIAN_POINT('',(-42.2,75.6,-4.));
#10512 = LINE('',#10513,#10514);
#10513 = CARTESIAN_POINT('',(-42.2,74.4,-4.));
#10514 = VECTOR('',#10515,1.);
#10515 = DIRECTION('',(0.,1.,0.));
#10516 = ORIENTED_EDGE('',*,*,#10517,.T.);
#10517 = EDGE_CURVE('',#10508,#10518,#10520,.T.);
#10518 = VERTEX_POINT('',#10519);
#10519 = CARTESIAN_POINT('',(-42.2,74.,-4.4));
#10520 = LINE('',#10521,#10522);
#10521 = CARTESIAN_POINT('',(-42.2,74.,-4.3));
#10522 = VECTOR('',#10523,1.);
#10523 = DIRECTION('',(0.,0.,-1.));
#10524 = ORIENTED_EDGE('',*,*,#10525,.T.);
#10525 = EDGE_CURVE('',#10518,#10526,#10528,.T.);
#10526 = VERTEX_POINT('',#10527);
#10527 = CARTESIAN_POINT('',(-42.2,75.6,-4.4));
#10528 = LINE('',#10529,#10530);
#10529 = CARTESIAN_POINT('',(-42.2,74.4,-4.4));
#10530 = VECTOR('',#10531,1.);
#10531 = DIRECTION('',(0.,1.,0.));
#10532 = ORIENTED_EDGE('',*,*,#10533,.F.);
#10533 = EDGE_CURVE('',#10510,#10526,#10534,.T.);
#10534 = LINE('',#10535,#10536);
#10535 = CARTESIAN_POINT('',(-42.2,75.6,-4.3));
#10536 = VECTOR('',#10537,1.);
#10537 = DIRECTION('',(0.,0.,-1.));
#10538 = PLANE('',#10539);
#10539 = AXIS2_PLACEMENT_3D('',#10540,#10541,#10542);
#10540 = CARTESIAN_POINT('',(-42.2,74.8,-4.2));
#10541 = DIRECTION('',(-1.,-0.,-0.));
#10542 = DIRECTION('',(0.,0.,-1.));
#10543 = ADVANCED_FACE('',(#10544),#10547,.F.);
#10544 = FACE_BOUND('',#10545,.F.);
#10545 = EDGE_LOOP('',(#10546));
#10546 = ORIENTED_EDGE('',*,*,#4288,.T.);
#10547 = PLANE('',#10548);
#10548 = AXIS2_PLACEMENT_3D('',#10549,#10550,#10551);
#10549 = CARTESIAN_POINT('',(-31.,53.,-20.));
#10550 = DIRECTION('',(1.,0.,0.));
#10551 = DIRECTION('',(0.,0.,1.));
#10552 = ADVANCED_FACE('',(#10553),#10569,.F.);
#10553 = FACE_BOUND('',#10554,.F.);
#10554 = EDGE_LOOP('',(#10555,#10556,#10562,#10563));
#10555 = ORIENTED_EDGE('',*,*,#4818,.F.);
#10556 = ORIENTED_EDGE('',*,*,#10557,.F.);
#10557 = EDGE_CURVE('',#4418,#4819,#10558,.T.);
#10558 = LINE('',#10559,#10560);
#10559 = CARTESIAN_POINT('',(3.5,-7.,-0.7));
#10560 = VECTOR('',#10561,1.);
#10561 = DIRECTION('',(0.,1.,0.));
#10562 = ORIENTED_EDGE('',*,*,#4417,.T.);
#10563 = ORIENTED_EDGE('',*,*,#10564,.T.);
#10564 = EDGE_CURVE('',#4420,#4821,#10565,.T.);
#10565 = LINE('',#10566,#10567);
#10566 = CARTESIAN_POINT('',(3.5,-7.,-7.3));
#10567 = VECTOR('',#10568,1.);
#10568 = DIRECTION('',(0.,1.,0.));
#10569 = CYLINDRICAL_SURFACE('',#10570,3.3);
#10570 = AXIS2_PLACEMENT_3D('',#10571,#10572,#10573);
#10571 = CARTESIAN_POINT('',(3.5,-7.,-4.));
#10572 = DIRECTION('',(0.,1.,0.));
#10573 = DIRECTION('',(0.,0.,1.));
#10574 = ADVANCED_FACE('',(#10575),#10586,.F.);
#10575 = FACE_BOUND('',#10576,.F.);
#10576 = EDGE_LOOP('',(#10577,#10583,#10584,#10585));
#10577 = ORIENTED_EDGE('',*,*,#10578,.F.);
#10578 = EDGE_CURVE('',#4429,#4830,#10579,.T.);
#10579 = LINE('',#10580,#10581);
#10580 = CARTESIAN_POINT('',(-3.5,-7.,-0.7));
#10581 = VECTOR('',#10582,1.);
#10582 = DIRECTION('',(0.,1.,0.));
#10583 = ORIENTED_EDGE('',*,*,#4428,.F.);
#10584 = ORIENTED_EDGE('',*,*,#10557,.T.);
#10585 = ORIENTED_EDGE('',*,*,#4829,.F.);
#10586 = PLANE('',#10587);
#10587 = AXIS2_PLACEMENT_3D('',#10588,#10589,#10590);
#10588 = CARTESIAN_POINT('',(-3.5,-7.,-0.7));
#10589 = DIRECTION('',(0.,0.,1.));
#10590 = DIRECTION('',(1.,0.,0.));
#10591 = ADVANCED_FACE('',(#10592),#10603,.T.);
#10592 = FACE_BOUND('',#10593,.T.);
#10593 = EDGE_LOOP('',(#10594,#10600,#10601,#10602));
#10594 = ORIENTED_EDGE('',*,*,#10595,.F.);
#10595 = EDGE_CURVE('',#4437,#4838,#10596,.T.);
#10596 = LINE('',#10597,#10598);
#10597 = CARTESIAN_POINT('',(-3.5,-7.,-7.3));
#10598 = VECTOR('',#10599,1.);
#10599 = DIRECTION('',(0.,1.,0.));
#10600 = ORIENTED_EDGE('',*,*,#4445,.F.);
#10601 = ORIENTED_EDGE('',*,*,#10564,.T.);
#10602 = ORIENTED_EDGE('',*,*,#4846,.F.);
#10603 = PLANE('',#10604);
#10604 = AXIS2_PLACEMENT_3D('',#10605,#10606,#10607);
#10605 = CARTESIAN_POINT('',(-3.5,-7.,-7.3));
#10606 = DIRECTION('',(0.,0.,1.));
#10607 = DIRECTION('',(1.,0.,0.));
#10608 = ADVANCED_FACE('',(#10609),#10615,.F.);
#10609 = FACE_BOUND('',#10610,.F.);
#10610 = EDGE_LOOP('',(#10611,#10612,#10613,#10614));
#10611 = ORIENTED_EDGE('',*,*,#10595,.F.);
#10612 = ORIENTED_EDGE('',*,*,#4436,.T.);
#10613 = ORIENTED_EDGE('',*,*,#10578,.T.);
#10614 = ORIENTED_EDGE('',*,*,#4837,.F.);
#10615 = CYLINDRICAL_SURFACE('',#10616,3.3);
#10616 = AXIS2_PLACEMENT_3D('',#10617,#10618,#10619);
#10617 = CARTESIAN_POINT('',(-3.5,-7.,-4.));
#10618 = DIRECTION('',(0.,1.,0.));
#10619 = DIRECTION('',(0.,0.,1.));
#10620 = ADVANCED_FACE('',(#10621),#10627,.T.);
#10621 = FACE_BOUND('',#10622,.T.);
#10622 = EDGE_LOOP('',(#10623,#10624,#10625,#10626));
#10623 = ORIENTED_EDGE('',*,*,#9954,.F.);
#10624 = ORIENTED_EDGE('',*,*,#9873,.T.);
#10625 = ORIENTED_EDGE('',*,*,#9935,.T.);
#10626 = ORIENTED_EDGE('',*,*,#4518,.F.);
#10627 = PLANE('',#10628);
#10628 = AXIS2_PLACEMENT_3D('',#10629,#10630,#10631);
#10629 = CARTESIAN_POINT('',(-39.5,98.,-7.2));
#10630 = DIRECTION('',(0.,1.,0.));
#10631 = DIRECTION('',(0.,0.,1.));
#10632 = ADVANCED_FACE('',(#10633),#10639,.T.);
#10633 = FACE_BOUND('',#10634,.T.);
#10634 = EDGE_LOOP('',(#10635,#10636,#10637,#10638));
#10635 = ORIENTED_EDGE('',*,*,#10261,.F.);
#10636 = ORIENTED_EDGE('',*,*,#10435,.T.);
#10637 = ORIENTED_EDGE('',*,*,#10180,.T.);
#10638 = ORIENTED_EDGE('',*,*,#4552,.F.);
#10639 = PLANE('',#10640);
#10640 = AXIS2_PLACEMENT_3D('',#10641,#10642,#10643);
#10641 = CARTESIAN_POINT('',(-39.5,69.5,-7.2));
#10642 = DIRECTION('',(0.,1.,0.));
#10643 = DIRECTION('',(0.,0.,1.));
#10644 = ADVANCED_FACE('',(#10645),#10651,.F.);
#10645 = FACE_BOUND('',#10646,.F.);
#10646 = EDGE_LOOP('',(#10647,#10648,#10649,#10650));
#10647 = ORIENTED_EDGE('',*,*,#10268,.F.);
#10648 = ORIENTED_EDGE('',*,*,#10115,.T.);
#10649 = ORIENTED_EDGE('',*,*,#10187,.T.);
#10650 = ORIENTED_EDGE('',*,*,#4536,.F.);
#10651 = PLANE('',#10652);
#10652 = AXIS2_PLACEMENT_3D('',#10653,#10654,#10655);
#10653 = CARTESIAN_POINT('',(-39.5,90.5,-7.2));
#10654 = DIRECTION('',(0.,1.,0.));
#10655 = DIRECTION('',(0.,0.,1.));
#10656 = ADVANCED_FACE('',(#10657),#10667,.F.);
#10657 = FACE_BOUND('',#10658,.F.);
#10658 = EDGE_LOOP('',(#10659,#10665,#10666));
#10659 = ORIENTED_EDGE('',*,*,#10660,.F.);
#10660 = EDGE_CURVE('',#4712,#4630,#10661,.T.);
#10661 = LINE('',#10662,#10663);
#10662 = CARTESIAN_POINT('',(-25.5,-12.,-2.4));
#10663 = VECTOR('',#10664,1.);
#10664 = DIRECTION('',(0.,1.,0.));
#10665 = ORIENTED_EDGE('',*,*,#4719,.T.);
#10666 = ORIENTED_EDGE('',*,*,#4637,.F.);
#10667 = PLANE('',#10668);
#10668 = AXIS2_PLACEMENT_3D('',#10669,#10670,#10671);
#10669 = CARTESIAN_POINT('',(-25.5,-12.,-2.4));
#10670 = DIRECTION('',(0.,0.,1.));
#10671 = DIRECTION('',(1.,0.,0.));
#10672 = ADVANCED_FACE('',(#10673),#10685,.T.);
#10673 = FACE_BOUND('',#10674,.T.);
#10674 = EDGE_LOOP('',(#10675,#10676,#10677,#10678,#10679));
#10675 = ORIENTED_EDGE('',*,*,#4629,.T.);
#10676 = ORIENTED_EDGE('',*,*,#10660,.F.);
#10677 = ORIENTED_EDGE('',*,*,#4711,.F.);
#10678 = ORIENTED_EDGE('',*,*,#4703,.F.);
#10679 = ORIENTED_EDGE('',*,*,#10680,.T.);
#10680 = EDGE_CURVE('',#4696,#4621,#10681,.T.);
#10681 = LINE('',#10682,#10683);
#10682 = CARTESIAN_POINT('',(-25.5,-12.,-5.6));
#10683 = VECTOR('',#10684,1.);
#10684 = DIRECTION('',(0.,1.,0.));
#10685 = PLANE('',#10686);
#10686 = AXIS2_PLACEMENT_3D('',#10687,#10688,#10689);
#10687 = CARTESIAN_POINT('',(-25.5,1.483519286549E-02,-4.));
#10688 = DIRECTION('',(1.,0.,0.));
#10689 = DIRECTION('',(0.,0.,1.));
#10690 = ADVANCED_FACE('',(#10691),#10696,.T.);
#10691 = FACE_BOUND('',#10692,.T.);
#10692 = EDGE_LOOP('',(#10693,#10694,#10695));
#10693 = ORIENTED_EDGE('',*,*,#10680,.F.);
#10694 = ORIENTED_EDGE('',*,*,#4695,.T.);
#10695 = ORIENTED_EDGE('',*,*,#4620,.F.);
#10696 = PLANE('',#10697);
#10697 = AXIS2_PLACEMENT_3D('',#10698,#10699,#10700);
#10698 = CARTESIAN_POINT('',(-25.5,-12.,-5.6));
#10699 = DIRECTION('',(0.,0.,1.));
#10700 = DIRECTION('',(1.,0.,0.));
#10701 = ADVANCED_FACE('',(#10702),#10712,.T.);
#10702 = FACE_BOUND('',#10703,.T.);
#10703 = EDGE_LOOP('',(#10704,#10705,#10706));
#10704 = ORIENTED_EDGE('',*,*,#4936,.F.);
#10705 = ORIENTED_EDGE('',*,*,#4759,.T.);
#10706 = ORIENTED_EDGE('',*,*,#10707,.T.);
#10707 = EDGE_CURVE('',#4752,#4937,#10708,.T.);
#10708 = LINE('',#10709,#10710);
#10709 = CARTESIAN_POINT('',(25.5,-12.,-5.6));
#10710 = VECTOR('',#10711,1.);
#10711 = DIRECTION('',(0.,1.,0.));
#10712 = PLANE('',#10713);
#10713 = AXIS2_PLACEMENT_3D('',#10714,#10715,#10716);
#10714 = CARTESIAN_POINT('',(13.5,-12.,-5.6));
#10715 = DIRECTION('',(0.,0.,1.));
#10716 = DIRECTION('',(1.,0.,0.));
#10717 = ADVANCED_FACE('',(#10718),#10730,.T.);
#10718 = FACE_BOUND('',#10719,.T.);
#10719 = EDGE_LOOP('',(#10720,#10721,#10722,#10723,#10724));
#10720 = ORIENTED_EDGE('',*,*,#4945,.F.);
#10721 = ORIENTED_EDGE('',*,*,#10707,.F.);
#10722 = ORIENTED_EDGE('',*,*,#4751,.T.);
#10723 = ORIENTED_EDGE('',*,*,#4743,.T.);
#10724 = ORIENTED_EDGE('',*,*,#10725,.T.);
#10725 = EDGE_CURVE('',#4736,#4946,#10726,.T.);
#10726 = LINE('',#10727,#10728);
#10727 = CARTESIAN_POINT('',(25.5,-12.,-2.4));
#10728 = VECTOR('',#10729,1.);
#10729 = DIRECTION('',(0.,1.,0.));
#10730 = PLANE('',#10731);
#10731 = AXIS2_PLACEMENT_3D('',#10732,#10733,#10734);
#10732 = CARTESIAN_POINT('',(25.5,1.483519286549E-02,-4.));
#10733 = DIRECTION('',(-1.,-0.,-0.));
#10734 = DIRECTION('',(0.,0.,-1.));
#10735 = ADVANCED_FACE('',(#10736),#10741,.F.);
#10736 = FACE_BOUND('',#10737,.F.);
#10737 = EDGE_LOOP('',(#10738,#10739,#10740));
#10738 = ORIENTED_EDGE('',*,*,#4953,.F.);
#10739 = ORIENTED_EDGE('',*,*,#4735,.T.);
#10740 = ORIENTED_EDGE('',*,*,#10725,.T.);
#10741 = PLANE('',#10742);
#10742 = AXIS2_PLACEMENT_3D('',#10743,#10744,#10745);
#10743 = CARTESIAN_POINT('',(13.5,-12.,-2.4));
#10744 = DIRECTION('',(0.,0.,1.));
#10745 = DIRECTION('',(1.,0.,0.));
#10746 = ADVANCED_FACE('',(#10747),#10774,.F.);
#10747 = FACE_BOUND('',#10748,.F.);
#10748 = EDGE_LOOP('',(#10749,#10757,#10766,#10772,#10773));
#10749 = ORIENTED_EDGE('',*,*,#10750,.F.);
#10750 = EDGE_CURVE('',#10751,#4785,#10753,.T.);
#10751 = VERTEX_POINT('',#10752);
#10752 = CARTESIAN_POINT('',(-23.6,-5.2,-5.9));
#10753 = LINE('',#10754,#10755);
#10754 = CARTESIAN_POINT('',(-23.6,-7.,-5.9));
#10755 = VECTOR('',#10756,1.);
#10756 = DIRECTION('',(0.,1.,0.));
#10757 = ORIENTED_EDGE('',*,*,#10758,.T.);
#10758 = EDGE_CURVE('',#10751,#10759,#10761,.T.);
#10759 = VERTEX_POINT('',#10760);
#10760 = CARTESIAN_POINT('',(-23.6,-5.2,-2.1));
#10761 = CIRCLE('',#10762,1.9);
#10762 = AXIS2_PLACEMENT_3D('',#10763,#10764,#10765);
#10763 = CARTESIAN_POINT('',(-23.6,-5.2,-4.));
#10764 = DIRECTION('',(0.,1.,0.));
#10765 = DIRECTION('',(0.,0.,1.));
#10766 = ORIENTED_EDGE('',*,*,#10767,.T.);
#10767 = EDGE_CURVE('',#10759,#4776,#10768,.T.);
#10768 = LINE('',#10769,#10770);
#10769 = CARTESIAN_POINT('',(-23.6,-7.,-2.1));
#10770 = VECTOR('',#10771,1.);
#10771 = DIRECTION('',(0.,1.,0.));
#10772 = ORIENTED_EDGE('',*,*,#4775,.F.);
#10773 = ORIENTED_EDGE('',*,*,#4784,.F.);
#10774 = CYLINDRICAL_SURFACE('',#10775,1.9);
#10775 = AXIS2_PLACEMENT_3D('',#10776,#10777,#10778);
#10776 = CARTESIAN_POINT('',(-23.6,-7.,-4.));
#10777 = DIRECTION('',(0.,1.,0.));
#10778 = DIRECTION('',(0.,0.,1.));
#10779 = ADVANCED_FACE('',(#10780),#10798,.F.);
#10780 = FACE_BOUND('',#10781,.F.);
#10781 = EDGE_LOOP('',(#10782,#10783,#10791,#10797));
#10782 = ORIENTED_EDGE('',*,*,#10767,.F.);
#10783 = ORIENTED_EDGE('',*,*,#10784,.F.);
#10784 = EDGE_CURVE('',#10785,#10759,#10787,.T.);
#10785 = VERTEX_POINT('',#10786);
#10786 = CARTESIAN_POINT('',(-15.4,-5.2,-2.1));
#10787 = LINE('',#10788,#10789);
#10788 = CARTESIAN_POINT('',(-21.55,-5.2,-2.1));
#10789 = VECTOR('',#10790,1.);
#10790 = DIRECTION('',(-1.,0.,0.));
#10791 = ORIENTED_EDGE('',*,*,#10792,.T.);
#10792 = EDGE_CURVE('',#10785,#4802,#10793,.T.);
#10793 = LINE('',#10794,#10795);
#10794 = CARTESIAN_POINT('',(-15.4,-7.,-2.1));
#10795 = VECTOR('',#10796,1.);
#10796 = DIRECTION('',(0.,1.,0.));
#10797 = ORIENTED_EDGE('',*,*,#4810,.F.);
#10798 = PLANE('',#10799);
#10799 = AXIS2_PLACEMENT_3D('',#10800,#10801,#10802);
#10800 = CARTESIAN_POINT('',(-23.6,-7.,-2.1));
#10801 = DIRECTION('',(0.,0.,1.));
#10802 = DIRECTION('',(1.,0.,0.));
#10803 = ADVANCED_FACE('',(#10804),#10823,.F.);
#10804 = FACE_BOUND('',#10805,.F.);
#10805 = EDGE_LOOP('',(#10806,#10807,#10808,#10817));
#10806 = ORIENTED_EDGE('',*,*,#4801,.F.);
#10807 = ORIENTED_EDGE('',*,*,#10792,.F.);
#10808 = ORIENTED_EDGE('',*,*,#10809,.T.);
#10809 = EDGE_CURVE('',#10785,#10810,#10812,.T.);
#10810 = VERTEX_POINT('',#10811);
#10811 = CARTESIAN_POINT('',(-15.4,-5.2,-5.9));
#10812 = CIRCLE('',#10813,1.9);
#10813 = AXIS2_PLACEMENT_3D('',#10814,#10815,#10816);
#10814 = CARTESIAN_POINT('',(-15.4,-5.2,-4.));
#10815 = DIRECTION('',(0.,1.,0.));
#10816 = DIRECTION('',(0.,0.,1.));
#10817 = ORIENTED_EDGE('',*,*,#10818,.T.);
#10818 = EDGE_CURVE('',#10810,#4794,#10819,.T.);
#10819 = LINE('',#10820,#10821);
#10820 = CARTESIAN_POINT('',(-15.4,-7.,-5.9));
#10821 = VECTOR('',#10822,1.);
#10822 = DIRECTION('',(0.,1.,0.));
#10823 = CYLINDRICAL_SURFACE('',#10824,1.9);
#10824 = AXIS2_PLACEMENT_3D('',#10825,#10826,#10827);
#10825 = CARTESIAN_POINT('',(-15.4,-7.,-4.));
#10826 = DIRECTION('',(0.,1.,0.));
#10827 = DIRECTION('',(0.,0.,1.));
#10828 = ADVANCED_FACE('',(#10829),#10840,.T.);
#10829 = FACE_BOUND('',#10830,.T.);
#10830 = EDGE_LOOP('',(#10831,#10832,#10838,#10839));
#10831 = ORIENTED_EDGE('',*,*,#10750,.F.);
#10832 = ORIENTED_EDGE('',*,*,#10833,.F.);
#10833 = EDGE_CURVE('',#10810,#10751,#10834,.T.);
#10834 = LINE('',#10835,#10836);
#10835 = CARTESIAN_POINT('',(-21.55,-5.2,-5.9));
#10836 = VECTOR('',#10837,1.);
#10837 = DIRECTION('',(-1.,0.,0.));
#10838 = ORIENTED_EDGE('',*,*,#10818,.T.);
#10839 = ORIENTED_EDGE('',*,*,#4793,.F.);
#10840 = PLANE('',#10841);
#10841 = AXIS2_PLACEMENT_3D('',#10842,#10843,#10844);
#10842 = CARTESIAN_POINT('',(-23.6,-7.,-5.9));
#10843 = DIRECTION('',(0.,0.,1.));
#10844 = DIRECTION('',(1.,0.,0.));
#10845 = ADVANCED_FACE('',(#10846),#10873,.F.);
#10846 = FACE_BOUND('',#10847,.F.);
#10847 = EDGE_LOOP('',(#10848,#10849,#10857,#10866,#10872));
#10848 = ORIENTED_EDGE('',*,*,#4863,.F.);
#10849 = ORIENTED_EDGE('',*,*,#10850,.F.);
#10850 = EDGE_CURVE('',#10851,#4864,#10853,.T.);
#10851 = VERTEX_POINT('',#10852);
#10852 = CARTESIAN_POINT('',(23.6,-5.2,-2.1));
#10853 = LINE('',#10854,#10855);
#10854 = CARTESIAN_POINT('',(23.6,-7.,-2.1));
#10855 = VECTOR('',#10856,1.);
#10856 = DIRECTION('',(0.,1.,0.));
#10857 = ORIENTED_EDGE('',*,*,#10858,.T.);
#10858 = EDGE_CURVE('',#10851,#10859,#10861,.T.);
#10859 = VERTEX_POINT('',#10860);
#10860 = CARTESIAN_POINT('',(23.6,-5.2,-5.9));
#10861 = CIRCLE('',#10862,1.9);
#10862 = AXIS2_PLACEMENT_3D('',#10863,#10864,#10865);
#10863 = CARTESIAN_POINT('',(23.6,-5.2,-4.));
#10864 = DIRECTION('',(0.,1.,0.));
#10865 = DIRECTION('',(0.,0.,1.));
#10866 = ORIENTED_EDGE('',*,*,#10867,.T.);
#10867 = EDGE_CURVE('',#10859,#4855,#10868,.T.);
#10868 = LINE('',#10869,#10870);
#10869 = CARTESIAN_POINT('',(23.6,-7.,-5.9));
#10870 = VECTOR('',#10871,1.);
#10871 = DIRECTION('',(0.,1.,0.));
#10872 = ORIENTED_EDGE('',*,*,#4854,.F.);
#10873 = CYLINDRICAL_SURFACE('',#10874,1.9);
#10874 = AXIS2_PLACEMENT_3D('',#10875,#10876,#10877);
#10875 = CARTESIAN_POINT('',(23.6,-7.,-4.));
#10876 = DIRECTION('',(0.,1.,0.));
#10877 = DIRECTION('',(0.,0.,1.));
#10878 = ADVANCED_FACE('',(#10879),#10897,.T.);
#10879 = FACE_BOUND('',#10880,.T.);
#10880 = EDGE_LOOP('',(#10881,#10889,#10895,#10896));
#10881 = ORIENTED_EDGE('',*,*,#10882,.F.);
#10882 = EDGE_CURVE('',#10883,#4881,#10885,.T.);
#10883 = VERTEX_POINT('',#10884);
#10884 = CARTESIAN_POINT('',(15.4,-5.2,-5.9));
#10885 = LINE('',#10886,#10887);
#10886 = CARTESIAN_POINT('',(15.4,-7.,-5.9));
#10887 = VECTOR('',#10888,1.);
#10888 = DIRECTION('',(0.,1.,0.));
#10889 = ORIENTED_EDGE('',*,*,#10890,.F.);
#10890 = EDGE_CURVE('',#10859,#10883,#10891,.T.);
#10891 = LINE('',#10892,#10893);
#10892 = CARTESIAN_POINT('',(17.45,-5.2,-5.9));
#10893 = VECTOR('',#10894,1.);
#10894 = DIRECTION('',(-1.,0.,0.));
#10895 = ORIENTED_EDGE('',*,*,#10867,.T.);
#10896 = ORIENTED_EDGE('',*,*,#4889,.F.);
#10897 = PLANE('',#10898);
#10898 = AXIS2_PLACEMENT_3D('',#10899,#10900,#10901);
#10899 = CARTESIAN_POINT('',(15.4,-7.,-5.9));
#10900 = DIRECTION('',(0.,0.,1.));
#10901 = DIRECTION('',(1.,0.,0.));
#10902 = ADVANCED_FACE('',(#10903),#10922,.F.);
#10903 = FACE_BOUND('',#10904,.F.);
#10904 = EDGE_LOOP('',(#10905,#10906,#10915,#10921));
#10905 = ORIENTED_EDGE('',*,*,#10882,.F.);
#10906 = ORIENTED_EDGE('',*,*,#10907,.T.);
#10907 = EDGE_CURVE('',#10883,#10908,#10910,.T.);
#10908 = VERTEX_POINT('',#10909);
#10909 = CARTESIAN_POINT('',(15.4,-5.2,-2.1));
#10910 = CIRCLE('',#10911,1.9);
#10911 = AXIS2_PLACEMENT_3D('',#10912,#10913,#10914);
#10912 = CARTESIAN_POINT('',(15.4,-5.2,-4.));
#10913 = DIRECTION('',(0.,1.,0.));
#10914 = DIRECTION('',(0.,0.,1.));
#10915 = ORIENTED_EDGE('',*,*,#10916,.T.);
#10916 = EDGE_CURVE('',#10908,#4873,#10917,.T.);
#10917 = LINE('',#10918,#10919);
#10918 = CARTESIAN_POINT('',(15.4,-7.,-2.1));
#10919 = VECTOR('',#10920,1.);
#10920 = DIRECTION('',(0.,1.,0.));
#10921 = ORIENTED_EDGE('',*,*,#4880,.F.);
#10922 = CYLINDRICAL_SURFACE('',#10923,1.9);
#10923 = AXIS2_PLACEMENT_3D('',#10924,#10925,#10926);
#10924 = CARTESIAN_POINT('',(15.4,-7.,-4.));
#10925 = DIRECTION('',(0.,1.,0.));
#10926 = DIRECTION('',(0.,0.,1.));
#10927 = ADVANCED_FACE('',(#10928),#10939,.F.);
#10928 = FACE_BOUND('',#10929,.F.);
#10929 = EDGE_LOOP('',(#10930,#10931,#10937,#10938));
#10930 = ORIENTED_EDGE('',*,*,#10916,.F.);
#10931 = ORIENTED_EDGE('',*,*,#10932,.F.);
#10932 = EDGE_CURVE('',#10851,#10908,#10933,.T.);
#10933 = LINE('',#10934,#10935);
#10934 = CARTESIAN_POINT('',(17.45,-5.2,-2.1));
#10935 = VECTOR('',#10936,1.);
#10936 = DIRECTION('',(-1.,0.,0.));
#10937 = ORIENTED_EDGE('',*,*,#10850,.T.);
#10938 = ORIENTED_EDGE('',*,*,#4872,.F.);
#10939 = PLANE('',#10940);
#10940 = AXIS2_PLACEMENT_3D('',#10941,#10942,#10943);
#10941 = CARTESIAN_POINT('',(15.4,-7.,-2.1));
#10942 = DIRECTION('',(0.,0.,1.));
#10943 = DIRECTION('',(1.,0.,0.));
#10944 = ADVANCED_FACE('',(#10945),#10970,.F.);
#10945 = FACE_BOUND('',#10946,.F.);
#10946 = EDGE_LOOP('',(#10947,#10955,#10956,#10964));
#10947 = ORIENTED_EDGE('',*,*,#10948,.F.);
#10948 = EDGE_CURVE('',#5050,#10949,#10951,.T.);
#10949 = VERTEX_POINT('',#10950);
#10950 = CARTESIAN_POINT('',(39.8,46.4,-2.1));
#10951 = LINE('',#10952,#10953);
#10952 = CARTESIAN_POINT('',(35.,46.4,-2.1));
#10953 = VECTOR('',#10954,1.);
#10954 = DIRECTION('',(1.,0.,0.));
#10955 = ORIENTED_EDGE('',*,*,#5049,.T.);
#10956 = ORIENTED_EDGE('',*,*,#10957,.T.);
#10957 = EDGE_CURVE('',#5052,#10958,#10960,.T.);
#10958 = VERTEX_POINT('',#10959);
#10959 = CARTESIAN_POINT('',(39.8,35.6,-2.1));
#10960 = LINE('',#10961,#10962);
#10961 = CARTESIAN_POINT('',(35.,35.6,-2.1));
#10962 = VECTOR('',#10963,1.);
#10963 = DIRECTION('',(1.,0.,0.));
#10964 = ORIENTED_EDGE('',*,*,#10965,.F.);
#10965 = EDGE_CURVE('',#10949,#10958,#10966,.T.);
#10966 = LINE('',#10967,#10968);
#10967 = CARTESIAN_POINT('',(39.8,38.3,-2.1));
#10968 = VECTOR('',#10969,1.);
#10969 = DIRECTION('',(0.,-1.,0.));
#10970 = PLANE('',#10971);
#10971 = AXIS2_PLACEMENT_3D('',#10972,#10973,#10974);
#10972 = CARTESIAN_POINT('',(35.,35.6,-2.1));
#10973 = DIRECTION('',(0.,0.,1.));
#10974 = DIRECTION('',(1.,0.,0.));
#10975 = ADVANCED_FACE('',(#10976),#10988,.F.);
#10976 = FACE_BOUND('',#10977,.F.);
#10977 = EDGE_LOOP('',(#10978,#10985,#10986,#10987));
#10978 = ORIENTED_EDGE('',*,*,#10979,.F.);
#10979 = EDGE_CURVE('',#10958,#7464,#10980,.T.);
#10980 = CIRCLE('',#10981,2.1);
#10981 = AXIS2_PLACEMENT_3D('',#10982,#10983,#10984);
#10982 = CARTESIAN_POINT('',(39.8,35.6,-4.2));
#10983 = DIRECTION('',(1.,0.,-0.));
#10984 = DIRECTION('',(0.,0.,1.));
#10985 = ORIENTED_EDGE('',*,*,#10957,.F.);
#10986 = ORIENTED_EDGE('',*,*,#5103,.T.);
#10987 = ORIENTED_EDGE('',*,*,#7472,.F.);
#10988 = CYLINDRICAL_SURFACE('',#10989,2.1);
#10989 = AXIS2_PLACEMENT_3D('',#10990,#10991,#10992);
#10990 = CARTESIAN_POINT('',(35.,35.6,-4.2));
#10991 = DIRECTION('',(1.,0.,0.));
#10992 = DIRECTION('',(0.,0.,1.));
#10993 = ADVANCED_FACE('',(#10994),#11016,.F.);
#10994 = FACE_BOUND('',#10995,.F.);
#10995 = EDGE_LOOP('',(#10996,#10997,#10998,#11009));
#10996 = ORIENTED_EDGE('',*,*,#7432,.T.);
#10997 = ORIENTED_EDGE('',*,*,#5085,.F.);
#10998 = ORIENTED_EDGE('',*,*,#10999,.T.);
#10999 = EDGE_CURVE('',#5077,#11000,#11002,.T.);
#11000 = VERTEX_POINT('',#11001);
#11001 = CARTESIAN_POINT('',(39.8,33.904765426881,-5.439427183057));
#11002 = B_SPLINE_CURVE_WITH_KNOTS('',5,(#11003,#11004,#11005,#11006,
    #11007,#11008),.UNSPECIFIED.,.F.,.F.,(6,6),(0.,1.),
  .PIECEWISE_BEZIER_KNOTS.);
#11003 = CARTESIAN_POINT('',(35.4999994,33.65532541716,-4.992616405871)
  );
#11004 = CARTESIAN_POINT('',(36.360074172733,33.693494412678,
    -5.086263565944));
#11005 = CARTESIAN_POINT('',(37.22011912346,33.737524261676,
    -5.178162287948));
#11006 = CARTESIAN_POINT('',(38.08012759494,33.787413858037,
    -5.267931324787));
#11007 = CARTESIAN_POINT('',(38.94009123681,33.843161647042,
    -5.355168219526));
#11008 = CARTESIAN_POINT('',(39.8000006,33.904765469865,-5.439427241849)
  );
#11009 = ORIENTED_EDGE('',*,*,#11010,.T.);
#11010 = EDGE_CURVE('',#11000,#7433,#11011,.T.);
#11011 = CIRCLE('',#11012,1.303846153846);
#11012 = AXIS2_PLACEMENT_3D('',#11013,#11014,#11015);
#11013 = CARTESIAN_POINT('',(39.8,33.5,-4.2));
#11014 = DIRECTION('',(-1.,0.,0.));
#11015 = DIRECTION('',(0.,0.,-1.));
#11016 = CONICAL_SURFACE('',#11017,1.5,0.114876605417);
#11017 = AXIS2_PLACEMENT_3D('',#11018,#11019,#11020);
#11018 = CARTESIAN_POINT('',(41.5,33.5,-4.2));
#11019 = DIRECTION('',(1.,0.,0.));
#11020 = DIRECTION('',(0.,0.,-1.));
#11021 = ADVANCED_FACE('',(#11022),#11041,.F.);
#11022 = FACE_BOUND('',#11023,.F.);
#11023 = EDGE_LOOP('',(#11024,#11033,#11034,#11035));
#11024 = ORIENTED_EDGE('',*,*,#11025,.F.);
#11025 = EDGE_CURVE('',#11000,#11026,#11028,.T.);
#11026 = VERTEX_POINT('',#11027);
#11027 = CARTESIAN_POINT('',(39.8,35.6,-6.3));
#11028 = CIRCLE('',#11029,2.1);
#11029 = AXIS2_PLACEMENT_3D('',#11030,#11031,#11032);
#11030 = CARTESIAN_POINT('',(39.8,35.6,-4.2));
#11031 = DIRECTION('',(1.,0.,-0.));
#11032 = DIRECTION('',(0.,0.,1.));
#11033 = ORIENTED_EDGE('',*,*,#10999,.F.);
#11034 = ORIENTED_EDGE('',*,*,#5076,.T.);
#11035 = ORIENTED_EDGE('',*,*,#11036,.T.);
#11036 = EDGE_CURVE('',#5069,#11026,#11037,.T.);
#11037 = LINE('',#11038,#11039);
#11038 = CARTESIAN_POINT('',(35.,35.6,-6.3));
#11039 = VECTOR('',#11040,1.);
#11040 = DIRECTION('',(1.,0.,0.));
#11041 = CYLINDRICAL_SURFACE('',#11042,2.1);
#11042 = AXIS2_PLACEMENT_3D('',#11043,#11044,#11045);
#11043 = CARTESIAN_POINT('',(35.,35.6,-4.2));
#11044 = DIRECTION('',(1.,0.,0.));
#11045 = DIRECTION('',(0.,0.,1.));
#11046 = ADVANCED_FACE('',(#11047),#11065,.T.);
#11047 = FACE_BOUND('',#11048,.T.);
#11048 = EDGE_LOOP('',(#11049,#11057,#11058,#11059));
#11049 = ORIENTED_EDGE('',*,*,#11050,.F.);
#11050 = EDGE_CURVE('',#5060,#11051,#11053,.T.);
#11051 = VERTEX_POINT('',#11052);
#11052 = CARTESIAN_POINT('',(39.8,46.4,-6.3));
#11053 = LINE('',#11054,#11055);
#11054 = CARTESIAN_POINT('',(35.,46.4,-6.3));
#11055 = VECTOR('',#11056,1.);
#11056 = DIRECTION('',(1.,0.,0.));
#11057 = ORIENTED_EDGE('',*,*,#5068,.T.);
#11058 = ORIENTED_EDGE('',*,*,#11036,.T.);
#11059 = ORIENTED_EDGE('',*,*,#11060,.F.);
#11060 = EDGE_CURVE('',#11051,#11026,#11061,.T.);
#11061 = LINE('',#11062,#11063);
#11062 = CARTESIAN_POINT('',(39.8,38.3,-6.3));
#11063 = VECTOR('',#11064,1.);
#11064 = DIRECTION('',(0.,-1.,0.));
#11065 = PLANE('',#11066);
#11066 = AXIS2_PLACEMENT_3D('',#11067,#11068,#11069);
#11067 = CARTESIAN_POINT('',(35.,35.6,-6.3));
#11068 = DIRECTION('',(0.,0.,1.));
#11069 = DIRECTION('',(1.,0.,0.));
#11070 = ADVANCED_FACE('',(#11071),#11083,.F.);
#11071 = FACE_BOUND('',#11072,.F.);
#11072 = EDGE_LOOP('',(#11073,#11074,#11075,#11076));
#11073 = ORIENTED_EDGE('',*,*,#11050,.F.);
#11074 = ORIENTED_EDGE('',*,*,#5059,.T.);
#11075 = ORIENTED_EDGE('',*,*,#10948,.T.);
#11076 = ORIENTED_EDGE('',*,*,#11077,.F.);
#11077 = EDGE_CURVE('',#11051,#10949,#11078,.T.);
#11078 = CIRCLE('',#11079,2.1);
#11079 = AXIS2_PLACEMENT_3D('',#11080,#11081,#11082);
#11080 = CARTESIAN_POINT('',(39.8,46.4,-4.2));
#11081 = DIRECTION('',(1.,0.,-0.));
#11082 = DIRECTION('',(0.,0.,1.));
#11083 = CYLINDRICAL_SURFACE('',#11084,2.1);
#11084 = AXIS2_PLACEMENT_3D('',#11085,#11086,#11087);
#11085 = CARTESIAN_POINT('',(35.,46.4,-4.2));
#11086 = DIRECTION('',(1.,0.,0.));
#11087 = DIRECTION('',(0.,0.,1.));
#11088 = ADVANCED_FACE('',(#11089),#11094,.T.);
#11089 = FACE_BOUND('',#11090,.T.);
#11090 = EDGE_LOOP('',(#11091,#11092,#11093));
#11091 = ORIENTED_EDGE('',*,*,#5175,.F.);
#11092 = ORIENTED_EDGE('',*,*,#5471,.T.);
#11093 = ORIENTED_EDGE('',*,*,#5135,.T.);
#11094 = PLANE('',#11095);
#11095 = AXIS2_PLACEMENT_3D('',#11096,#11097,#11098);
#11096 = CARTESIAN_POINT('',(41.3,125.,-25.));
#11097 = DIRECTION('',(1.,0.,0.));
#11098 = DIRECTION('',(0.,0.,1.));
#11099 = ADVANCED_FACE('',(#11100),#11105,.T.);
#11100 = FACE_BOUND('',#11101,.T.);
#11101 = EDGE_LOOP('',(#11102,#11103,#11104));
#11102 = ORIENTED_EDGE('',*,*,#5437,.F.);
#11103 = ORIENTED_EDGE('',*,*,#5454,.T.);
#11104 = ORIENTED_EDGE('',*,*,#5199,.F.);
#11105 = PLANE('',#11106);
#11106 = AXIS2_PLACEMENT_3D('',#11107,#11108,#11109);
#11107 = CARTESIAN_POINT('',(41.3,125.,-25.));
#11108 = DIRECTION('',(1.,0.,0.));
#11109 = DIRECTION('',(0.,0.,1.));
#11110 = ADVANCED_FACE('',(#11111,#11118),#11134,.F.);
#11111 = FACE_BOUND('',#11112,.F.);
#11112 = EDGE_LOOP('',(#11113,#11114,#11115,#11116,#11117));
#11113 = ORIENTED_EDGE('',*,*,#5246,.F.);
#11114 = ORIENTED_EDGE('',*,*,#5223,.F.);
#11115 = ORIENTED_EDGE('',*,*,#5158,.F.);
#11116 = ORIENTED_EDGE('',*,*,#5411,.T.);
#11117 = ORIENTED_EDGE('',*,*,#5255,.F.);
#11118 = FACE_BOUND('',#11119,.F.);
#11119 = EDGE_LOOP('',(#11120,#11121,#11127,#11128));
#11120 = ORIENTED_EDGE('',*,*,#8462,.T.);
#11121 = ORIENTED_EDGE('',*,*,#11122,.T.);
#11122 = EDGE_CURVE('',#8465,#8334,#11123,.T.);
#11123 = LINE('',#11124,#11125);
#11124 = CARTESIAN_POINT('',(39.6,130.6,-21.74688099282));
#11125 = VECTOR('',#11126,1.);
#11126 = DIRECTION('',(0.,0.,1.));
#11127 = ORIENTED_EDGE('',*,*,#8375,.T.);
#11128 = ORIENTED_EDGE('',*,*,#11129,.F.);
#11129 = EDGE_CURVE('',#8463,#8368,#11130,.T.);
#11130 = LINE('',#11131,#11132);
#11131 = CARTESIAN_POINT('',(39.6,125.4,-21.74688099282));
#11132 = VECTOR('',#11133,1.);
#11133 = DIRECTION('',(0.,0.,1.));
#11134 = PLANE('',#11135);
#11135 = AXIS2_PLACEMENT_3D('',#11136,#11137,#11138);
#11136 = CARTESIAN_POINT('',(39.6,128.,-20.89376198564));
#11137 = DIRECTION('',(-1.,-0.,-0.));
#11138 = DIRECTION('',(0.,0.,-1.));
#11139 = ADVANCED_FACE('',(#11140),#11145,.T.);
#11140 = FACE_BOUND('',#11141,.T.);
#11141 = EDGE_LOOP('',(#11142,#11143,#11144));
#11142 = ORIENTED_EDGE('',*,*,#5355,.F.);
#11143 = ORIENTED_EDGE('',*,*,#5303,.F.);
#11144 = ORIENTED_EDGE('',*,*,#5338,.T.);
#11145 = PLANE('',#11146);
#11146 = AXIS2_PLACEMENT_3D('',#11147,#11148,#11149);
#11147 = CARTESIAN_POINT('',(41.3,125.,-25.));
#11148 = DIRECTION('',(1.,0.,0.));
#11149 = DIRECTION('',(0.,0.,1.));
#11150 = ADVANCED_FACE('',(#11151),#11156,.T.);
#11151 = FACE_BOUND('',#11152,.T.);
#11152 = EDGE_LOOP('',(#11153,#11154,#11155));
#11153 = ORIENTED_EDGE('',*,*,#5396,.F.);
#11154 = ORIENTED_EDGE('',*,*,#5279,.F.);
#11155 = ORIENTED_EDGE('',*,*,#5379,.F.);
#11156 = PLANE('',#11157);
#11157 = AXIS2_PLACEMENT_3D('',#11158,#11159,#11160);
#11158 = CARTESIAN_POINT('',(41.3,125.,-25.));
#11159 = DIRECTION('',(1.,0.,0.));
#11160 = DIRECTION('',(0.,0.,1.));
#11161 = ADVANCED_FACE('',(#11162),#11167,.T.);
#11162 = FACE_BOUND('',#11163,.T.);
#11163 = EDGE_LOOP('',(#11164,#11165,#11166));
#11164 = ORIENTED_EDGE('',*,*,#5542,.F.);
#11165 = ORIENTED_EDGE('',*,*,#5838,.T.);
#11166 = ORIENTED_EDGE('',*,*,#5502,.T.);
#11167 = PLANE('',#11168);
#11168 = AXIS2_PLACEMENT_3D('',#11169,#11170,#11171);
#11169 = CARTESIAN_POINT('',(41.3,113.,-25.));
#11170 = DIRECTION('',(1.,0.,0.));
#11171 = DIRECTION('',(0.,0.,1.));
#11172 = ADVANCED_FACE('',(#11173),#11178,.T.);
#11173 = FACE_BOUND('',#11174,.T.);
#11174 = EDGE_LOOP('',(#11175,#11176,#11177));
#11175 = ORIENTED_EDGE('',*,*,#5804,.F.);
#11176 = ORIENTED_EDGE('',*,*,#5821,.T.);
#11177 = ORIENTED_EDGE('',*,*,#5566,.F.);
#11178 = PLANE('',#11179);
#11179 = AXIS2_PLACEMENT_3D('',#11180,#11181,#11182);
#11180 = CARTESIAN_POINT('',(41.3,113.,-25.));
#11181 = DIRECTION('',(1.,0.,0.));
#11182 = DIRECTION('',(0.,0.,1.));
#11183 = ADVANCED_FACE('',(#11184,#11191),#11207,.F.);
#11184 = FACE_BOUND('',#11185,.F.);
#11185 = EDGE_LOOP('',(#11186,#11187,#11188,#11189,#11190));
#11186 = ORIENTED_EDGE('',*,*,#5613,.F.);
#11187 = ORIENTED_EDGE('',*,*,#5590,.F.);
#11188 = ORIENTED_EDGE('',*,*,#5525,.F.);
#11189 = ORIENTED_EDGE('',*,*,#5778,.T.);
#11190 = ORIENTED_EDGE('',*,*,#5622,.F.);
#11191 = FACE_BOUND('',#11192,.F.);
#11192 = EDGE_LOOP('',(#11193,#11194,#11200,#11201));
#11193 = ORIENTED_EDGE('',*,*,#8724,.T.);
#11194 = ORIENTED_EDGE('',*,*,#11195,.T.);
#11195 = EDGE_CURVE('',#8727,#8596,#11196,.T.);
#11196 = LINE('',#11197,#11198);
#11197 = CARTESIAN_POINT('',(39.6,118.6,-21.74688099282));
#11198 = VECTOR('',#11199,1.);
#11199 = DIRECTION('',(0.,0.,1.));
#11200 = ORIENTED_EDGE('',*,*,#8637,.T.);
#11201 = ORIENTED_EDGE('',*,*,#11202,.F.);
#11202 = EDGE_CURVE('',#8725,#8630,#11203,.T.);
#11203 = LINE('',#11204,#11205);
#11204 = CARTESIAN_POINT('',(39.6,113.4,-21.74688099282));
#11205 = VECTOR('',#11206,1.);
#11206 = DIRECTION('',(0.,0.,1.));
#11207 = PLANE('',#11208);
#11208 = AXIS2_PLACEMENT_3D('',#11209,#11210,#11211);
#11209 = CARTESIAN_POINT('',(39.6,116.,-20.89376198564));
#11210 = DIRECTION('',(-1.,-0.,-0.));
#11211 = DIRECTION('',(0.,0.,-1.));
#11212 = ADVANCED_FACE('',(#11213),#11218,.T.);
#11213 = FACE_BOUND('',#11214,.T.);
#11214 = EDGE_LOOP('',(#11215,#11216,#11217));
#11215 = ORIENTED_EDGE('',*,*,#5722,.F.);
#11216 = ORIENTED_EDGE('',*,*,#5670,.F.);
#11217 = ORIENTED_EDGE('',*,*,#5705,.T.);
#11218 = PLANE('',#11219);
#11219 = AXIS2_PLACEMENT_3D('',#11220,#11221,#11222);
#11220 = CARTESIAN_POINT('',(41.3,113.,-25.));
#11221 = DIRECTION('',(1.,0.,0.));
#11222 = DIRECTION('',(0.,0.,1.));
#11223 = ADVANCED_FACE('',(#11224),#11229,.T.);
#11224 = FACE_BOUND('',#11225,.T.);
#11225 = EDGE_LOOP('',(#11226,#11227,#11228));
#11226 = ORIENTED_EDGE('',*,*,#5763,.F.);
#11227 = ORIENTED_EDGE('',*,*,#5646,.F.);
#11228 = ORIENTED_EDGE('',*,*,#5746,.F.);
#11229 = PLANE('',#11230);
#11230 = AXIS2_PLACEMENT_3D('',#11231,#11232,#11233);
#11231 = CARTESIAN_POINT('',(41.3,113.,-25.));
#11232 = DIRECTION('',(1.,0.,0.));
#11233 = DIRECTION('',(0.,0.,1.));
#11234 = ADVANCED_FACE('',(#11235),#11240,.T.);
#11235 = FACE_BOUND('',#11236,.T.);
#11236 = EDGE_LOOP('',(#11237,#11238,#11239));
#11237 = ORIENTED_EDGE('',*,*,#5909,.F.);
#11238 = ORIENTED_EDGE('',*,*,#6205,.T.);
#11239 = ORIENTED_EDGE('',*,*,#5869,.T.);
#11240 = PLANE('',#11241);
#11241 = AXIS2_PLACEMENT_3D('',#11242,#11243,#11244);
#11242 = CARTESIAN_POINT('',(41.3,101.,-25.));
#11243 = DIRECTION('',(1.,0.,0.));
#11244 = DIRECTION('',(0.,0.,1.));
#11245 = ADVANCED_FACE('',(#11246),#11251,.T.);
#11246 = FACE_BOUND('',#11247,.T.);
#11247 = EDGE_LOOP('',(#11248,#11249,#11250));
#11248 = ORIENTED_EDGE('',*,*,#6171,.F.);
#11249 = ORIENTED_EDGE('',*,*,#6188,.T.);
#11250 = ORIENTED_EDGE('',*,*,#5933,.F.);
#11251 = PLANE('',#11252);
#11252 = AXIS2_PLACEMENT_3D('',#11253,#11254,#11255);
#11253 = CARTESIAN_POINT('',(41.3,101.,-25.));
#11254 = DIRECTION('',(1.,0.,0.));
#11255 = DIRECTION('',(0.,0.,1.));
#11256 = ADVANCED_FACE('',(#11257,#11264),#11280,.F.);
#11257 = FACE_BOUND('',#11258,.F.);
#11258 = EDGE_LOOP('',(#11259,#11260,#11261,#11262,#11263));
#11259 = ORIENTED_EDGE('',*,*,#5980,.F.);
#11260 = ORIENTED_EDGE('',*,*,#5957,.F.);
#11261 = ORIENTED_EDGE('',*,*,#5892,.F.);
#11262 = ORIENTED_EDGE('',*,*,#6145,.T.);
#11263 = ORIENTED_EDGE('',*,*,#5989,.F.);
#11264 = FACE_BOUND('',#11265,.F.);
#11265 = EDGE_LOOP('',(#11266,#11267,#11273,#11274));
#11266 = ORIENTED_EDGE('',*,*,#8986,.T.);
#11267 = ORIENTED_EDGE('',*,*,#11268,.T.);
#11268 = EDGE_CURVE('',#8989,#8858,#11269,.T.);
#11269 = LINE('',#11270,#11271);
#11270 = CARTESIAN_POINT('',(39.6,106.6,-21.74688099282));
#11271 = VECTOR('',#11272,1.);
#11272 = DIRECTION('',(0.,0.,1.));
#11273 = ORIENTED_EDGE('',*,*,#8899,.T.);
#11274 = ORIENTED_EDGE('',*,*,#11275,.F.);
#11275 = EDGE_CURVE('',#8987,#8892,#11276,.T.);
#11276 = LINE('',#11277,#11278);
#11277 = CARTESIAN_POINT('',(39.6,101.4,-21.74688099282));
#11278 = VECTOR('',#11279,1.);
#11279 = DIRECTION('',(0.,0.,1.));
#11280 = PLANE('',#11281);
#11281 = AXIS2_PLACEMENT_3D('',#11282,#11283,#11284);
#11282 = CARTESIAN_POINT('',(39.6,104.,-20.89376198564));
#11283 = DIRECTION('',(-1.,-0.,-0.));
#11284 = DIRECTION('',(0.,0.,-1.));
#11285 = ADVANCED_FACE('',(#11286),#11291,.T.);
#11286 = FACE_BOUND('',#11287,.T.);
#11287 = EDGE_LOOP('',(#11288,#11289,#11290));
#11288 = ORIENTED_EDGE('',*,*,#6089,.F.);
#11289 = ORIENTED_EDGE('',*,*,#6037,.F.);
#11290 = ORIENTED_EDGE('',*,*,#6072,.T.);
#11291 = PLANE('',#11292);
#11292 = AXIS2_PLACEMENT_3D('',#11293,#11294,#11295);
#11293 = CARTESIAN_POINT('',(41.3,101.,-25.));
#11294 = DIRECTION('',(1.,0.,0.));
#11295 = DIRECTION('',(0.,0.,1.));
#11296 = ADVANCED_FACE('',(#11297),#11302,.T.);
#11297 = FACE_BOUND('',#11298,.T.);
#11298 = EDGE_LOOP('',(#11299,#11300,#11301));
#11299 = ORIENTED_EDGE('',*,*,#6130,.F.);
#11300 = ORIENTED_EDGE('',*,*,#6013,.F.);
#11301 = ORIENTED_EDGE('',*,*,#6113,.F.);
#11302 = PLANE('',#11303);
#11303 = AXIS2_PLACEMENT_3D('',#11304,#11305,#11306);
#11304 = CARTESIAN_POINT('',(41.3,101.,-25.));
#11305 = DIRECTION('',(1.,0.,0.));
#11306 = DIRECTION('',(0.,0.,1.));
#11307 = ADVANCED_FACE('',(#11308),#11313,.T.);
#11308 = FACE_BOUND('',#11309,.T.);
#11309 = EDGE_LOOP('',(#11310,#11311,#11312));
#11310 = ORIENTED_EDGE('',*,*,#6276,.F.);
#11311 = ORIENTED_EDGE('',*,*,#6572,.T.);
#11312 = ORIENTED_EDGE('',*,*,#6236,.T.);
#11313 = PLANE('',#11314);
#11314 = AXIS2_PLACEMENT_3D('',#11315,#11316,#11317);
#11315 = CARTESIAN_POINT('',(41.3,89.,-25.));
#11316 = DIRECTION('',(1.,0.,0.));
#11317 = DIRECTION('',(0.,0.,1.));
#11318 = ADVANCED_FACE('',(#11319),#11324,.T.);
#11319 = FACE_BOUND('',#11320,.T.);
#11320 = EDGE_LOOP('',(#11321,#11322,#11323));
#11321 = ORIENTED_EDGE('',*,*,#6538,.F.);
#11322 = ORIENTED_EDGE('',*,*,#6555,.T.);
#11323 = ORIENTED_EDGE('',*,*,#6300,.F.);
#11324 = PLANE('',#11325);
#11325 = AXIS2_PLACEMENT_3D('',#11326,#11327,#11328);
#11326 = CARTESIAN_POINT('',(41.3,89.,-25.));
#11327 = DIRECTION('',(1.,0.,0.));
#11328 = DIRECTION('',(0.,0.,1.));
#11329 = ADVANCED_FACE('',(#11330,#11337),#11353,.F.);
#11330 = FACE_BOUND('',#11331,.F.);
#11331 = EDGE_LOOP('',(#11332,#11333,#11334,#11335,#11336));
#11332 = ORIENTED_EDGE('',*,*,#6347,.F.);
#11333 = ORIENTED_EDGE('',*,*,#6324,.F.);
#11334 = ORIENTED_EDGE('',*,*,#6259,.F.);
#11335 = ORIENTED_EDGE('',*,*,#6512,.T.);
#11336 = ORIENTED_EDGE('',*,*,#6356,.F.);
#11337 = FACE_BOUND('',#11338,.F.);
#11338 = EDGE_LOOP('',(#11339,#11340,#11346,#11347));
#11339 = ORIENTED_EDGE('',*,*,#9248,.T.);
#11340 = ORIENTED_EDGE('',*,*,#11341,.T.);
#11341 = EDGE_CURVE('',#9251,#9120,#11342,.T.);
#11342 = LINE('',#11343,#11344);
#11343 = CARTESIAN_POINT('',(39.6,94.6,-21.74688099282));
#11344 = VECTOR('',#11345,1.);
#11345 = DIRECTION('',(0.,0.,1.));
#11346 = ORIENTED_EDGE('',*,*,#9161,.T.);
#11347 = ORIENTED_EDGE('',*,*,#11348,.F.);
#11348 = EDGE_CURVE('',#9249,#9154,#11349,.T.);
#11349 = LINE('',#11350,#11351);
#11350 = CARTESIAN_POINT('',(39.6,89.4,-21.74688099282));
#11351 = VECTOR('',#11352,1.);
#11352 = DIRECTION('',(0.,0.,1.));
#11353 = PLANE('',#11354);
#11354 = AXIS2_PLACEMENT_3D('',#11355,#11356,#11357);
#11355 = CARTESIAN_POINT('',(39.6,92.,-20.89376198564));
#11356 = DIRECTION('',(-1.,-0.,-0.));
#11357 = DIRECTION('',(0.,0.,-1.));
#11358 = ADVANCED_FACE('',(#11359),#11364,.T.);
#11359 = FACE_BOUND('',#11360,.T.);
#11360 = EDGE_LOOP('',(#11361,#11362,#11363));
#11361 = ORIENTED_EDGE('',*,*,#6456,.F.);
#11362 = ORIENTED_EDGE('',*,*,#6404,.F.);
#11363 = ORIENTED_EDGE('',*,*,#6439,.T.);
#11364 = PLANE('',#11365);
#11365 = AXIS2_PLACEMENT_3D('',#11366,#11367,#11368);
#11366 = CARTESIAN_POINT('',(41.3,89.,-25.));
#11367 = DIRECTION('',(1.,0.,0.));
#11368 = DIRECTION('',(0.,0.,1.));
#11369 = ADVANCED_FACE('',(#11370),#11375,.T.);
#11370 = FACE_BOUND('',#11371,.T.);
#11371 = EDGE_LOOP('',(#11372,#11373,#11374));
#11372 = ORIENTED_EDGE('',*,*,#6497,.F.);
#11373 = ORIENTED_EDGE('',*,*,#6380,.F.);
#11374 = ORIENTED_EDGE('',*,*,#6480,.F.);
#11375 = PLANE('',#11376);
#11376 = AXIS2_PLACEMENT_3D('',#11377,#11378,#11379);
#11377 = CARTESIAN_POINT('',(41.3,89.,-25.));
#11378 = DIRECTION('',(1.,0.,0.));
#11379 = DIRECTION('',(0.,0.,1.));
#11380 = ADVANCED_FACE('',(#11381),#11386,.T.);
#11381 = FACE_BOUND('',#11382,.T.);
#11382 = EDGE_LOOP('',(#11383,#11384,#11385));
#11383 = ORIENTED_EDGE('',*,*,#6643,.F.);
#11384 = ORIENTED_EDGE('',*,*,#6939,.T.);
#11385 = ORIENTED_EDGE('',*,*,#6603,.T.);
#11386 = PLANE('',#11387);
#11387 = AXIS2_PLACEMENT_3D('',#11388,#11389,#11390);
#11388 = CARTESIAN_POINT('',(41.3,77.,-25.));
#11389 = DIRECTION('',(1.,0.,0.));
#11390 = DIRECTION('',(0.,0.,1.));
#11391 = ADVANCED_FACE('',(#11392),#11397,.T.);
#11392 = FACE_BOUND('',#11393,.T.);
#11393 = EDGE_LOOP('',(#11394,#11395,#11396));
#11394 = ORIENTED_EDGE('',*,*,#6905,.F.);
#11395 = ORIENTED_EDGE('',*,*,#6922,.T.);
#11396 = ORIENTED_EDGE('',*,*,#6667,.F.);
#11397 = PLANE('',#11398);
#11398 = AXIS2_PLACEMENT_3D('',#11399,#11400,#11401);
#11399 = CARTESIAN_POINT('',(41.3,77.,-25.));
#11400 = DIRECTION('',(1.,0.,0.));
#11401 = DIRECTION('',(0.,0.,1.));
#11402 = ADVANCED_FACE('',(#11403,#11410),#11426,.F.);
#11403 = FACE_BOUND('',#11404,.F.);
#11404 = EDGE_LOOP('',(#11405,#11406,#11407,#11408,#11409));
#11405 = ORIENTED_EDGE('',*,*,#6714,.F.);
#11406 = ORIENTED_EDGE('',*,*,#6691,.F.);
#11407 = ORIENTED_EDGE('',*,*,#6626,.F.);
#11408 = ORIENTED_EDGE('',*,*,#6879,.T.);
#11409 = ORIENTED_EDGE('',*,*,#6723,.F.);
#11410 = FACE_BOUND('',#11411,.F.);
#11411 = EDGE_LOOP('',(#11412,#11413,#11419,#11420));
#11412 = ORIENTED_EDGE('',*,*,#9510,.T.);
#11413 = ORIENTED_EDGE('',*,*,#11414,.T.);
#11414 = EDGE_CURVE('',#9513,#9382,#11415,.T.);
#11415 = LINE('',#11416,#11417);
#11416 = CARTESIAN_POINT('',(39.6,82.6,-21.74688099282));
#11417 = VECTOR('',#11418,1.);
#11418 = DIRECTION('',(0.,0.,1.));
#11419 = ORIENTED_EDGE('',*,*,#9423,.T.);
#11420 = ORIENTED_EDGE('',*,*,#11421,.F.);
#11421 = EDGE_CURVE('',#9511,#9416,#11422,.T.);
#11422 = LINE('',#11423,#11424);
#11423 = CARTESIAN_POINT('',(39.6,77.4,-21.74688099282));
#11424 = VECTOR('',#11425,1.);
#11425 = DIRECTION('',(0.,0.,1.));
#11426 = PLANE('',#11427);
#11427 = AXIS2_PLACEMENT_3D('',#11428,#11429,#11430);
#11428 = CARTESIAN_POINT('',(39.6,80.,-20.89376198564));
#11429 = DIRECTION('',(-1.,-0.,-0.));
#11430 = DIRECTION('',(0.,0.,-1.));
#11431 = ADVANCED_FACE('',(#11432),#11437,.T.);
#11432 = FACE_BOUND('',#11433,.T.);
#11433 = EDGE_LOOP('',(#11434,#11435,#11436));
#11434 = ORIENTED_EDGE('',*,*,#6823,.F.);
#11435 = ORIENTED_EDGE('',*,*,#6771,.F.);
#11436 = ORIENTED_EDGE('',*,*,#6806,.T.);
#11437 = PLANE('',#11438);
#11438 = AXIS2_PLACEMENT_3D('',#11439,#11440,#11441);
#11439 = CARTESIAN_POINT('',(41.3,77.,-25.));
#11440 = DIRECTION('',(1.,0.,0.));
#11441 = DIRECTION('',(0.,0.,1.));
#11442 = ADVANCED_FACE('',(#11443),#11448,.T.);
#11443 = FACE_BOUND('',#11444,.T.);
#11444 = EDGE_LOOP('',(#11445,#11446,#11447));
#11445 = ORIENTED_EDGE('',*,*,#6864,.F.);
#11446 = ORIENTED_EDGE('',*,*,#6747,.F.);
#11447 = ORIENTED_EDGE('',*,*,#6847,.F.);
#11448 = PLANE('',#11449);
#11449 = AXIS2_PLACEMENT_3D('',#11450,#11451,#11452);
#11450 = CARTESIAN_POINT('',(41.3,77.,-25.));
#11451 = DIRECTION('',(1.,0.,0.));
#11452 = DIRECTION('',(0.,0.,1.));
#11453 = ADVANCED_FACE('',(#11454),#11459,.T.);
#11454 = FACE_BOUND('',#11455,.T.);
#11455 = EDGE_LOOP('',(#11456,#11457,#11458));
#11456 = ORIENTED_EDGE('',*,*,#7010,.F.);
#11457 = ORIENTED_EDGE('',*,*,#7306,.T.);
#11458 = ORIENTED_EDGE('',*,*,#6970,.T.);
#11459 = PLANE('',#11460);
#11460 = AXIS2_PLACEMENT_3D('',#11461,#11462,#11463);
#11461 = CARTESIAN_POINT('',(41.3,65.,-25.));
#11462 = DIRECTION('',(1.,0.,0.));
#11463 = DIRECTION('',(0.,0.,1.));
#11464 = ADVANCED_FACE('',(#11465),#11470,.T.);
#11465 = FACE_BOUND('',#11466,.T.);
#11466 = EDGE_LOOP('',(#11467,#11468,#11469));
#11467 = ORIENTED_EDGE('',*,*,#7272,.F.);
#11468 = ORIENTED_EDGE('',*,*,#7289,.T.);
#11469 = ORIENTED_EDGE('',*,*,#7034,.F.);
#11470 = PLANE('',#11471);
#11471 = AXIS2_PLACEMENT_3D('',#11472,#11473,#11474);
#11472 = CARTESIAN_POINT('',(41.3,65.,-25.));
#11473 = DIRECTION('',(1.,0.,0.));
#11474 = DIRECTION('',(0.,0.,1.));
#11475 = ADVANCED_FACE('',(#11476,#11483),#11499,.F.);
#11476 = FACE_BOUND('',#11477,.F.);
#11477 = EDGE_LOOP('',(#11478,#11479,#11480,#11481,#11482));
#11478 = ORIENTED_EDGE('',*,*,#7081,.F.);
#11479 = ORIENTED_EDGE('',*,*,#7058,.F.);
#11480 = ORIENTED_EDGE('',*,*,#6993,.F.);
#11481 = ORIENTED_EDGE('',*,*,#7246,.T.);
#11482 = ORIENTED_EDGE('',*,*,#7090,.F.);
#11483 = FACE_BOUND('',#11484,.F.);
#11484 = EDGE_LOOP('',(#11485,#11486,#11492,#11493));
#11485 = ORIENTED_EDGE('',*,*,#9772,.T.);
#11486 = ORIENTED_EDGE('',*,*,#11487,.T.);
#11487 = EDGE_CURVE('',#9775,#9644,#11488,.T.);
#11488 = LINE('',#11489,#11490);
#11489 = CARTESIAN_POINT('',(39.6,70.6,-21.74688099282));
#11490 = VECTOR('',#11491,1.);
#11491 = DIRECTION('',(0.,0.,1.));
#11492 = ORIENTED_EDGE('',*,*,#9685,.T.);
#11493 = ORIENTED_EDGE('',*,*,#11494,.F.);
#11494 = EDGE_CURVE('',#9773,#9678,#11495,.T.);
#11495 = LINE('',#11496,#11497);
#11496 = CARTESIAN_POINT('',(39.6,65.4,-21.74688099282));
#11497 = VECTOR('',#11498,1.);
#11498 = DIRECTION('',(0.,0.,1.));
#11499 = PLANE('',#11500);
#11500 = AXIS2_PLACEMENT_3D('',#11501,#11502,#11503);
#11501 = CARTESIAN_POINT('',(39.6,68.,-20.89376198564));
#11502 = DIRECTION('',(-1.,-0.,-0.));
#11503 = DIRECTION('',(0.,0.,-1.));
#11504 = ADVANCED_FACE('',(#11505),#11510,.T.);
#11505 = FACE_BOUND('',#11506,.T.);
#11506 = EDGE_LOOP('',(#11507,#11508,#11509));
#11507 = ORIENTED_EDGE('',*,*,#7190,.F.);
#11508 = ORIENTED_EDGE('',*,*,#7138,.F.);
#11509 = ORIENTED_EDGE('',*,*,#7173,.T.);
#11510 = PLANE('',#11511);
#11511 = AXIS2_PLACEMENT_3D('',#11512,#11513,#11514);
#11512 = CARTESIAN_POINT('',(41.3,65.,-25.));
#11513 = DIRECTION('',(1.,0.,0.));
#11514 = DIRECTION('',(0.,0.,1.));
#11515 = ADVANCED_FACE('',(#11516),#11521,.T.);
#11516 = FACE_BOUND('',#11517,.T.);
#11517 = EDGE_LOOP('',(#11518,#11519,#11520));
#11518 = ORIENTED_EDGE('',*,*,#7231,.F.);
#11519 = ORIENTED_EDGE('',*,*,#7114,.F.);
#11520 = ORIENTED_EDGE('',*,*,#7214,.F.);
#11521 = PLANE('',#11522);
#11522 = AXIS2_PLACEMENT_3D('',#11523,#11524,#11525);
#11523 = CARTESIAN_POINT('',(41.3,65.,-25.));
#11524 = DIRECTION('',(1.,0.,0.));
#11525 = DIRECTION('',(0.,0.,1.));
#11526 = ADVANCED_FACE('',(#11527),#11542,.F.);
#11527 = FACE_BOUND('',#11528,.F.);
#11528 = EDGE_LOOP('',(#11529,#11530,#11531,#11532,#11533,#11534,#11535,
    #11536,#11537,#11538,#11539,#11540,#11541));
#11529 = ORIENTED_EDGE('',*,*,#7378,.F.);
#11530 = ORIENTED_EDGE('',*,*,#7320,.T.);
#11531 = ORIENTED_EDGE('',*,*,#7351,.F.);
#11532 = ORIENTED_EDGE('',*,*,#7407,.F.);
#11533 = ORIENTED_EDGE('',*,*,#7491,.F.);
#11534 = ORIENTED_EDGE('',*,*,#7440,.F.);
#11535 = ORIENTED_EDGE('',*,*,#11010,.F.);
#11536 = ORIENTED_EDGE('',*,*,#11025,.T.);
#11537 = ORIENTED_EDGE('',*,*,#11060,.F.);
#11538 = ORIENTED_EDGE('',*,*,#11077,.T.);
#11539 = ORIENTED_EDGE('',*,*,#10965,.T.);
#11540 = ORIENTED_EDGE('',*,*,#10979,.T.);
#11541 = ORIENTED_EDGE('',*,*,#7463,.F.);
#11542 = PLANE('',#11543);
#11543 = AXIS2_PLACEMENT_3D('',#11544,#11545,#11546);
#11544 = CARTESIAN_POINT('',(39.8,41.,-4.2));
#11545 = DIRECTION('',(-1.,-0.,-0.));
#11546 = DIRECTION('',(0.,0.,-1.));
#11547 = ADVANCED_FACE('',(#11548,#11554),#11560,.F.);
#11548 = FACE_BOUND('',#11549,.F.);
#11549 = EDGE_LOOP('',(#11550,#11551,#11552,#11553));
#11550 = ORIENTED_EDGE('',*,*,#7620,.F.);
#11551 = ORIENTED_EDGE('',*,*,#7545,.T.);
#11552 = ORIENTED_EDGE('',*,*,#7578,.T.);
#11553 = ORIENTED_EDGE('',*,*,#7592,.T.);
#11554 = FACE_BOUND('',#11555,.F.);
#11555 = EDGE_LOOP('',(#11556,#11557,#11558,#11559));
#11556 = ORIENTED_EDGE('',*,*,#10809,.F.);
#11557 = ORIENTED_EDGE('',*,*,#10784,.T.);
#11558 = ORIENTED_EDGE('',*,*,#10758,.F.);
#11559 = ORIENTED_EDGE('',*,*,#10833,.F.);
#11560 = PLANE('',#11561);
#11561 = AXIS2_PLACEMENT_3D('',#11562,#11563,#11564);
#11562 = CARTESIAN_POINT('',(-19.5,-5.2,-4.));
#11563 = DIRECTION('',(0.,1.,0.));
#11564 = DIRECTION('',(0.,0.,1.));
#11565 = ADVANCED_FACE('',(#11566,#11572),#11578,.F.);
#11566 = FACE_BOUND('',#11567,.F.);
#11567 = EDGE_LOOP('',(#11568,#11569,#11570,#11571));
#11568 = ORIENTED_EDGE('',*,*,#7718,.F.);
#11569 = ORIENTED_EDGE('',*,*,#7643,.T.);
#11570 = ORIENTED_EDGE('',*,*,#7676,.T.);
#11571 = ORIENTED_EDGE('',*,*,#7690,.T.);
#11572 = FACE_BOUND('',#11573,.F.);
#11573 = EDGE_LOOP('',(#11574,#11575,#11576,#11577));
#11574 = ORIENTED_EDGE('',*,*,#10858,.F.);
#11575 = ORIENTED_EDGE('',*,*,#10932,.T.);
#11576 = ORIENTED_EDGE('',*,*,#10907,.F.);
#11577 = ORIENTED_EDGE('',*,*,#10890,.F.);
#11578 = PLANE('',#11579);
#11579 = AXIS2_PLACEMENT_3D('',#11580,#11581,#11582);
#11580 = CARTESIAN_POINT('',(19.5,-5.2,-4.));
#11581 = DIRECTION('',(0.,1.,0.));
#11582 = DIRECTION('',(0.,0.,1.));
#11583 = ADVANCED_FACE('',(#11584),#11673,.F.);
#11584 = FACE_BOUND('',#11585,.F.);
#11585 = EDGE_LOOP('',(#11586,#11596,#11602,#11603,#11611,#11619,#11627,
    #11635,#11643,#11651,#11659,#11667));
#11586 = ORIENTED_EDGE('',*,*,#11587,.F.);
#11587 = EDGE_CURVE('',#11588,#11590,#11592,.T.);
#11588 = VERTEX_POINT('',#11589);
#11589 = CARTESIAN_POINT('',(-7.75,34.,-16.));
#11590 = VERTEX_POINT('',#11591);
#11591 = CARTESIAN_POINT('',(-6.7,34.,-16.));
#11592 = LINE('',#11593,#11594);
#11593 = CARTESIAN_POINT('',(-7.75,34.,-16.));
#11594 = VECTOR('',#11595,1.);
#11595 = DIRECTION('',(1.,0.,0.));
#11596 = ORIENTED_EDGE('',*,*,#11597,.T.);
#11597 = EDGE_CURVE('',#11588,#7761,#11598,.T.);
#11598 = LINE('',#11599,#11600);
#11599 = CARTESIAN_POINT('',(-7.75,34.,-16.));
#11600 = VECTOR('',#11601,1.);
#11601 = DIRECTION('',(0.,0.,1.));
#11602 = ORIENTED_EDGE('',*,*,#7758,.F.);
#11603 = ORIENTED_EDGE('',*,*,#11604,.F.);
#11604 = EDGE_CURVE('',#11605,#7759,#11607,.T.);
#11605 = VERTEX_POINT('',#11606);
#11606 = CARTESIAN_POINT('',(-4.25,34.,-16.));
#11607 = LINE('',#11608,#11609);
#11608 = CARTESIAN_POINT('',(-4.25,34.,-16.));
#11609 = VECTOR('',#11610,1.);
#11610 = DIRECTION('',(0.,0.,1.));
#11611 = ORIENTED_EDGE('',*,*,#11612,.F.);
#11612 = EDGE_CURVE('',#11613,#11605,#11615,.T.);
#11613 = VERTEX_POINT('',#11614);
#11614 = CARTESIAN_POINT('',(-5.3,34.,-16.));
#11615 = LINE('',#11616,#11617);
#11616 = CARTESIAN_POINT('',(-7.75,34.,-16.));
#11617 = VECTOR('',#11618,1.);
#11618 = DIRECTION('',(1.,0.,0.));
#11619 = ORIENTED_EDGE('',*,*,#11620,.F.);
#11620 = EDGE_CURVE('',#11621,#11613,#11623,.T.);
#11621 = VERTEX_POINT('',#11622);
#11622 = CARTESIAN_POINT('',(-5.3,34.,-15.2));
#11623 = LINE('',#11624,#11625);
#11624 = CARTESIAN_POINT('',(-5.3,34.,-16.025));
#11625 = VECTOR('',#11626,1.);
#11626 = DIRECTION('',(0.,0.,-1.));
#11627 = ORIENTED_EDGE('',*,*,#11628,.T.);
#11628 = EDGE_CURVE('',#11621,#11629,#11631,.T.);
#11629 = VERTEX_POINT('',#11630);
#11630 = CARTESIAN_POINT('',(-4.9,34.,-15.2));
#11631 = LINE('',#11632,#11633);
#11632 = CARTESIAN_POINT('',(-7.425,34.,-15.2));
#11633 = VECTOR('',#11634,1.);
#11634 = DIRECTION('',(1.,0.,0.));
#11635 = ORIENTED_EDGE('',*,*,#11636,.F.);
#11636 = EDGE_CURVE('',#11637,#11629,#11639,.T.);
#11637 = VERTEX_POINT('',#11638);
#11638 = CARTESIAN_POINT('',(-4.9,34.,-12.));
#11639 = LINE('',#11640,#11641);
#11640 = CARTESIAN_POINT('',(-4.9,34.,-15.6));
#11641 = VECTOR('',#11642,1.);
#11642 = DIRECTION('',(0.,0.,-1.));
#11643 = ORIENTED_EDGE('',*,*,#11644,.F.);
#11644 = EDGE_CURVE('',#11645,#11637,#11647,.T.);
#11645 = VERTEX_POINT('',#11646);
#11646 = CARTESIAN_POINT('',(-7.1,34.,-12.));
#11647 = LINE('',#11648,#11649);
#11648 = CARTESIAN_POINT('',(-7.425,34.,-12.));
#11649 = VECTOR('',#11650,1.);
#11650 = DIRECTION('',(1.,0.,0.));
#11651 = ORIENTED_EDGE('',*,*,#11652,.T.);
#11652 = EDGE_CURVE('',#11645,#11653,#11655,.T.);
#11653 = VERTEX_POINT('',#11654);
#11654 = CARTESIAN_POINT('',(-7.1,34.,-15.2));
#11655 = LINE('',#11656,#11657);
#11656 = CARTESIAN_POINT('',(-7.1,34.,-15.6));
#11657 = VECTOR('',#11658,1.);
#11658 = DIRECTION('',(0.,0.,-1.));
#11659 = ORIENTED_EDGE('',*,*,#11660,.T.);
#11660 = EDGE_CURVE('',#11653,#11661,#11663,.T.);
#11661 = VERTEX_POINT('',#11662);
#11662 = CARTESIAN_POINT('',(-6.7,34.,-15.2));
#11663 = LINE('',#11664,#11665);
#11664 = CARTESIAN_POINT('',(-7.425,34.,-15.2));
#11665 = VECTOR('',#11666,1.);
#11666 = DIRECTION('',(1.,0.,0.));
#11667 = ORIENTED_EDGE('',*,*,#11668,.T.);
#11668 = EDGE_CURVE('',#11661,#11590,#11669,.T.);
#11669 = LINE('',#11670,#11671);
#11670 = CARTESIAN_POINT('',(-6.7,34.,-16.025));
#11671 = VECTOR('',#11672,1.);
#11672 = DIRECTION('',(0.,0.,-1.));
#11673 = PLANE('',#11674);
#11674 = AXIS2_PLACEMENT_3D('',#11675,#11676,#11677);
#11675 = CARTESIAN_POINT('',(-7.75,34.,-16.));
#11676 = DIRECTION('',(0.,1.,0.));
#11677 = DIRECTION('',(0.,0.,1.));
#11678 = ADVANCED_FACE('',(#11679),#11697,.T.);
#11679 = FACE_BOUND('',#11680,.T.);
#11680 = EDGE_LOOP('',(#11681,#11682,#11690,#11696));
#11681 = ORIENTED_EDGE('',*,*,#11604,.F.);
#11682 = ORIENTED_EDGE('',*,*,#11683,.T.);
#11683 = EDGE_CURVE('',#11605,#11684,#11686,.T.);
#11684 = VERTEX_POINT('',#11685);
#11685 = CARTESIAN_POINT('',(-4.25,42.,-16.));
#11686 = LINE('',#11687,#11688);
#11687 = CARTESIAN_POINT('',(-4.25,34.,-16.));
#11688 = VECTOR('',#11689,1.);
#11689 = DIRECTION('',(0.,1.,0.));
#11690 = ORIENTED_EDGE('',*,*,#11691,.T.);
#11691 = EDGE_CURVE('',#11684,#7777,#11692,.T.);
#11692 = LINE('',#11693,#11694);
#11693 = CARTESIAN_POINT('',(-4.25,42.,-16.));
#11694 = VECTOR('',#11695,1.);
#11695 = DIRECTION('',(0.,0.,1.));
#11696 = ORIENTED_EDGE('',*,*,#7784,.F.);
#11697 = PLANE('',#11698);
#11698 = AXIS2_PLACEMENT_3D('',#11699,#11700,#11701);
#11699 = CARTESIAN_POINT('',(-4.25,34.,-16.));
#11700 = DIRECTION('',(1.,0.,0.));
#11701 = DIRECTION('',(0.,0.,1.));
#11702 = ADVANCED_FACE('',(#11703),#11721,.F.);
#11703 = FACE_BOUND('',#11704,.F.);
#11704 = EDGE_LOOP('',(#11705,#11706,#11714,#11720));
#11705 = ORIENTED_EDGE('',*,*,#11597,.F.);
#11706 = ORIENTED_EDGE('',*,*,#11707,.T.);
#11707 = EDGE_CURVE('',#11588,#11708,#11710,.T.);
#11708 = VERTEX_POINT('',#11709);
#11709 = CARTESIAN_POINT('',(-7.75,42.,-16.));
#11710 = LINE('',#11711,#11712);
#11711 = CARTESIAN_POINT('',(-7.75,34.,-16.));
#11712 = VECTOR('',#11713,1.);
#11713 = DIRECTION('',(0.,1.,0.));
#11714 = ORIENTED_EDGE('',*,*,#11715,.T.);
#11715 = EDGE_CURVE('',#11708,#7769,#11716,.T.);
#11716 = LINE('',#11717,#11718);
#11717 = CARTESIAN_POINT('',(-7.75,42.,-16.));
#11718 = VECTOR('',#11719,1.);
#11719 = DIRECTION('',(0.,0.,1.));
#11720 = ORIENTED_EDGE('',*,*,#7768,.F.);
#11721 = PLANE('',#11722);
#11722 = AXIS2_PLACEMENT_3D('',#11723,#11724,#11725);
#11723 = CARTESIAN_POINT('',(-7.75,34.,-16.));
#11724 = DIRECTION('',(1.,0.,0.));
#11725 = DIRECTION('',(0.,0.,1.));
#11726 = ADVANCED_FACE('',(#11727),#11802,.T.);
#11727 = FACE_BOUND('',#11728,.T.);
#11728 = EDGE_LOOP('',(#11729,#11737,#11738,#11739,#11740,#11748,#11756,
    #11764,#11772,#11780,#11788,#11796));
#11729 = ORIENTED_EDGE('',*,*,#11730,.F.);
#11730 = EDGE_CURVE('',#11708,#11731,#11733,.T.);
#11731 = VERTEX_POINT('',#11732);
#11732 = CARTESIAN_POINT('',(-6.7,42.,-16.));
#11733 = LINE('',#11734,#11735);
#11734 = CARTESIAN_POINT('',(-7.75,42.,-16.));
#11735 = VECTOR('',#11736,1.);
#11736 = DIRECTION('',(1.,0.,0.));
#11737 = ORIENTED_EDGE('',*,*,#11715,.T.);
#11738 = ORIENTED_EDGE('',*,*,#7776,.F.);
#11739 = ORIENTED_EDGE('',*,*,#11691,.F.);
#11740 = ORIENTED_EDGE('',*,*,#11741,.F.);
#11741 = EDGE_CURVE('',#11742,#11684,#11744,.T.);
#11742 = VERTEX_POINT('',#11743);
#11743 = CARTESIAN_POINT('',(-5.3,42.,-16.));
#11744 = LINE('',#11745,#11746);
#11745 = CARTESIAN_POINT('',(-7.75,42.,-16.));
#11746 = VECTOR('',#11747,1.);
#11747 = DIRECTION('',(1.,0.,0.));
#11748 = ORIENTED_EDGE('',*,*,#11749,.F.);
#11749 = EDGE_CURVE('',#11750,#11742,#11752,.T.);
#11750 = VERTEX_POINT('',#11751);
#11751 = CARTESIAN_POINT('',(-5.3,42.,-15.2));
#11752 = LINE('',#11753,#11754);
#11753 = CARTESIAN_POINT('',(-5.3,42.,-16.025));
#11754 = VECTOR('',#11755,1.);
#11755 = DIRECTION('',(0.,0.,-1.));
#11756 = ORIENTED_EDGE('',*,*,#11757,.T.);
#11757 = EDGE_CURVE('',#11750,#11758,#11760,.T.);
#11758 = VERTEX_POINT('',#11759);
#11759 = CARTESIAN_POINT('',(-4.9,42.,-15.2));
#11760 = LINE('',#11761,#11762);
#11761 = CARTESIAN_POINT('',(-7.425,42.,-15.2));
#11762 = VECTOR('',#11763,1.);
#11763 = DIRECTION('',(1.,0.,0.));
#11764 = ORIENTED_EDGE('',*,*,#11765,.F.);
#11765 = EDGE_CURVE('',#11766,#11758,#11768,.T.);
#11766 = VERTEX_POINT('',#11767);
#11767 = CARTESIAN_POINT('',(-4.9,42.,-12.));
#11768 = LINE('',#11769,#11770);
#11769 = CARTESIAN_POINT('',(-4.9,42.,-15.6));
#11770 = VECTOR('',#11771,1.);
#11771 = DIRECTION('',(0.,0.,-1.));
#11772 = ORIENTED_EDGE('',*,*,#11773,.F.);
#11773 = EDGE_CURVE('',#11774,#11766,#11776,.T.);
#11774 = VERTEX_POINT('',#11775);
#11775 = CARTESIAN_POINT('',(-7.1,42.,-12.));
#11776 = LINE('',#11777,#11778);
#11777 = CARTESIAN_POINT('',(-7.425,42.,-12.));
#11778 = VECTOR('',#11779,1.);
#11779 = DIRECTION('',(1.,0.,0.));
#11780 = ORIENTED_EDGE('',*,*,#11781,.T.);
#11781 = EDGE_CURVE('',#11774,#11782,#11784,.T.);
#11782 = VERTEX_POINT('',#11783);
#11783 = CARTESIAN_POINT('',(-7.1,42.,-15.2));
#11784 = LINE('',#11785,#11786);
#11785 = CARTESIAN_POINT('',(-7.1,42.,-15.6));
#11786 = VECTOR('',#11787,1.);
#11787 = DIRECTION('',(0.,0.,-1.));
#11788 = ORIENTED_EDGE('',*,*,#11789,.T.);
#11789 = EDGE_CURVE('',#11782,#11790,#11792,.T.);
#11790 = VERTEX_POINT('',#11791);
#11791 = CARTESIAN_POINT('',(-6.7,42.,-15.2));
#11792 = LINE('',#11793,#11794);
#11793 = CARTESIAN_POINT('',(-7.425,42.,-15.2));
#11794 = VECTOR('',#11795,1.);
#11795 = DIRECTION('',(1.,0.,0.));
#11796 = ORIENTED_EDGE('',*,*,#11797,.T.);
#11797 = EDGE_CURVE('',#11790,#11731,#11798,.T.);
#11798 = LINE('',#11799,#11800);
#11799 = CARTESIAN_POINT('',(-6.7,42.,-16.025));
#11800 = VECTOR('',#11801,1.);
#11801 = DIRECTION('',(0.,0.,-1.));
#11802 = PLANE('',#11803);
#11803 = AXIS2_PLACEMENT_3D('',#11804,#11805,#11806);
#11804 = CARTESIAN_POINT('',(-7.75,42.,-16.));
#11805 = DIRECTION('',(0.,1.,0.));
#11806 = DIRECTION('',(0.,0.,1.));
#11807 = ADVANCED_FACE('',(#11808),#11824,.F.);
#11808 = FACE_BOUND('',#11809,.F.);
#11809 = EDGE_LOOP('',(#11810,#11816,#11817,#11823));
#11810 = ORIENTED_EDGE('',*,*,#11811,.F.);
#11811 = EDGE_CURVE('',#7793,#8061,#11812,.T.);
#11812 = LINE('',#11813,#11814);
#11813 = CARTESIAN_POINT('',(6.5,34.5,-11.5));
#11814 = VECTOR('',#11815,1.);
#11815 = DIRECTION('',(0.,0.,1.));
#11816 = ORIENTED_EDGE('',*,*,#7792,.T.);
#11817 = ORIENTED_EDGE('',*,*,#11818,.T.);
#11818 = EDGE_CURVE('',#7795,#8063,#11819,.T.);
#11819 = LINE('',#11820,#11821);
#11820 = CARTESIAN_POINT('',(9.,32.,-11.5));
#11821 = VECTOR('',#11822,1.);
#11822 = DIRECTION('',(0.,0.,1.));
#11823 = ORIENTED_EDGE('',*,*,#8060,.F.);
#11824 = CYLINDRICAL_SURFACE('',#11825,2.5);
#11825 = AXIS2_PLACEMENT_3D('',#11826,#11827,#11828);
#11826 = CARTESIAN_POINT('',(9.,34.5,-11.5));
#11827 = DIRECTION('',(0.,0.,1.));
#11828 = DIRECTION('',(-1.,0.,0.));
#11829 = ADVANCED_FACE('',(#11830),#11841,.T.);
#11830 = FACE_BOUND('',#11831,.T.);
#11831 = EDGE_LOOP('',(#11832,#11833,#11834,#11835));
#11832 = ORIENTED_EDGE('',*,*,#8071,.F.);
#11833 = ORIENTED_EDGE('',*,*,#11811,.F.);
#11834 = ORIENTED_EDGE('',*,*,#7803,.T.);
#11835 = ORIENTED_EDGE('',*,*,#11836,.T.);
#11836 = EDGE_CURVE('',#7804,#8072,#11837,.T.);
#11837 = LINE('',#11838,#11839);
#11838 = CARTESIAN_POINT('',(6.5,101.5,-11.5));
#11839 = VECTOR('',#11840,1.);
#11840 = DIRECTION('',(0.,0.,1.));
#11841 = PLANE('',#11842);
#11842 = AXIS2_PLACEMENT_3D('',#11843,#11844,#11845);
#11843 = CARTESIAN_POINT('',(6.5,32.,-11.5));
#11844 = DIRECTION('',(1.,0.,0.));
#11845 = DIRECTION('',(0.,0.,1.));
#11846 = ADVANCED_FACE('',(#11847),#11858,.T.);
#11847 = FACE_BOUND('',#11848,.T.);
#11848 = EDGE_LOOP('',(#11849,#11850,#11851,#11852));
#11849 = ORIENTED_EDGE('',*,*,#7854,.T.);
#11850 = ORIENTED_EDGE('',*,*,#11818,.T.);
#11851 = ORIENTED_EDGE('',*,*,#8122,.F.);
#11852 = ORIENTED_EDGE('',*,*,#11853,.F.);
#11853 = EDGE_CURVE('',#7846,#8114,#11854,.T.);
#11854 = LINE('',#11855,#11856);
#11855 = CARTESIAN_POINT('',(28.,32.,-11.5));
#11856 = VECTOR('',#11857,1.);
#11857 = DIRECTION('',(0.,0.,1.));
#11858 = PLANE('',#11859);
#11859 = AXIS2_PLACEMENT_3D('',#11860,#11861,#11862);
#11860 = CARTESIAN_POINT('',(6.5,32.,-11.5));
#11861 = DIRECTION('',(0.,1.,0.));
#11862 = DIRECTION('',(0.,0.,1.));
#11863 = ADVANCED_FACE('',(#11864),#11875,.F.);
#11864 = FACE_BOUND('',#11865,.T.);
#11865 = EDGE_LOOP('',(#11866,#11867,#11868,#11874));
#11866 = ORIENTED_EDGE('',*,*,#11836,.F.);
#11867 = ORIENTED_EDGE('',*,*,#7811,.F.);
#11868 = ORIENTED_EDGE('',*,*,#11869,.T.);
#11869 = EDGE_CURVE('',#7812,#8080,#11870,.T.);
#11870 = LINE('',#11871,#11872);
#11871 = CARTESIAN_POINT('',(9.,104.,-11.5));
#11872 = VECTOR('',#11873,1.);
#11873 = DIRECTION('',(0.,0.,1.));
#11874 = ORIENTED_EDGE('',*,*,#8079,.T.);
#11875 = CYLINDRICAL_SURFACE('',#11876,2.5);
#11876 = AXIS2_PLACEMENT_3D('',#11877,#11878,#11879);
#11877 = CARTESIAN_POINT('',(9.,101.5,-11.5));
#11878 = DIRECTION('',(0.,0.,1.));
#11879 = DIRECTION('',(-1.,0.,0.));
#11880 = ADVANCED_FACE('',(#11881),#11892,.F.);
#11881 = FACE_BOUND('',#11882,.T.);
#11882 = EDGE_LOOP('',(#11883,#11889,#11890,#11891));
#11883 = ORIENTED_EDGE('',*,*,#11884,.F.);
#11884 = EDGE_CURVE('',#7838,#8106,#11885,.T.);
#11885 = LINE('',#11886,#11887);
#11886 = CARTESIAN_POINT('',(30.5,34.5,-11.5));
#11887 = VECTOR('',#11888,1.);
#11888 = DIRECTION('',(0.,0.,1.));
#11889 = ORIENTED_EDGE('',*,*,#7845,.F.);
#11890 = ORIENTED_EDGE('',*,*,#11853,.T.);
#11891 = ORIENTED_EDGE('',*,*,#8113,.T.);
#11892 = CYLINDRICAL_SURFACE('',#11893,2.5);
#11893 = AXIS2_PLACEMENT_3D('',#11894,#11895,#11896);
#11894 = CARTESIAN_POINT('',(28.,34.5,-11.5));
#11895 = DIRECTION('',(0.,0.,1.));
#11896 = DIRECTION('',(1.,0.,0.));
#11897 = ADVANCED_FACE('',(#11898),#11909,.F.);
#11898 = FACE_BOUND('',#11899,.F.);
#11899 = EDGE_LOOP('',(#11900,#11901,#11902,#11903));
#11900 = ORIENTED_EDGE('',*,*,#7820,.T.);
#11901 = ORIENTED_EDGE('',*,*,#11869,.T.);
#11902 = ORIENTED_EDGE('',*,*,#8088,.F.);
#11903 = ORIENTED_EDGE('',*,*,#11904,.F.);
#11904 = EDGE_CURVE('',#7821,#8089,#11905,.T.);
#11905 = LINE('',#11906,#11907);
#11906 = CARTESIAN_POINT('',(28.,104.,-11.5));
#11907 = VECTOR('',#11908,1.);
#11908 = DIRECTION('',(0.,0.,1.));
#11909 = PLANE('',#11910);
#11910 = AXIS2_PLACEMENT_3D('',#11911,#11912,#11913);
#11911 = CARTESIAN_POINT('',(6.5,104.,-11.5));
#11912 = DIRECTION('',(0.,1.,0.));
#11913 = DIRECTION('',(0.,0.,1.));
#11914 = ADVANCED_FACE('',(#11915),#11926,.F.);
#11915 = FACE_BOUND('',#11916,.F.);
#11916 = EDGE_LOOP('',(#11917,#11918,#11919,#11920));
#11917 = ORIENTED_EDGE('',*,*,#8105,.F.);
#11918 = ORIENTED_EDGE('',*,*,#11884,.F.);
#11919 = ORIENTED_EDGE('',*,*,#7837,.T.);
#11920 = ORIENTED_EDGE('',*,*,#11921,.T.);
#11921 = EDGE_CURVE('',#7829,#8097,#11922,.T.);
#11922 = LINE('',#11923,#11924);
#11923 = CARTESIAN_POINT('',(30.5,101.5,-11.5));
#11924 = VECTOR('',#11925,1.);
#11925 = DIRECTION('',(0.,0.,1.));
#11926 = PLANE('',#11927);
#11927 = AXIS2_PLACEMENT_3D('',#11928,#11929,#11930);
#11928 = CARTESIAN_POINT('',(30.5,32.,-11.5));
#11929 = DIRECTION('',(1.,0.,0.));
#11930 = DIRECTION('',(0.,0.,1.));
#11931 = ADVANCED_FACE('',(#11932),#11938,.F.);
#11932 = FACE_BOUND('',#11933,.F.);
#11933 = EDGE_LOOP('',(#11934,#11935,#11936,#11937));
#11934 = ORIENTED_EDGE('',*,*,#11921,.F.);
#11935 = ORIENTED_EDGE('',*,*,#7828,.T.);
#11936 = ORIENTED_EDGE('',*,*,#11904,.T.);
#11937 = ORIENTED_EDGE('',*,*,#8096,.F.);
#11938 = CYLINDRICAL_SURFACE('',#11939,2.5);
#11939 = AXIS2_PLACEMENT_3D('',#11940,#11941,#11942);
#11940 = CARTESIAN_POINT('',(28.,101.5,-11.5));
#11941 = DIRECTION('',(0.,0.,1.));
#11942 = DIRECTION('',(1.,0.,0.));
#11943 = ADVANCED_FACE('',(#11944),#12033,.F.);
#11944 = FACE_BOUND('',#11945,.F.);
#11945 = EDGE_LOOP('',(#11946,#11956,#11962,#11963,#11971,#11979,#11987,
    #11995,#12003,#12011,#12019,#12027));
#11946 = ORIENTED_EDGE('',*,*,#11947,.F.);
#11947 = EDGE_CURVE('',#11948,#11950,#11952,.T.);
#11948 = VERTEX_POINT('',#11949);
#11949 = CARTESIAN_POINT('',(-7.75,88.,-16.));
#11950 = VERTEX_POINT('',#11951);
#11951 = CARTESIAN_POINT('',(-6.7,88.,-16.));
#11952 = LINE('',#11953,#11954);
#11953 = CARTESIAN_POINT('',(-7.75,88.,-16.));
#11954 = VECTOR('',#11955,1.);
#11955 = DIRECTION('',(1.,0.,0.));
#11956 = ORIENTED_EDGE('',*,*,#11957,.T.);
#11957 = EDGE_CURVE('',#11948,#7865,#11958,.T.);
#11958 = LINE('',#11959,#11960);
#11959 = CARTESIAN_POINT('',(-7.75,88.,-16.));
#11960 = VECTOR('',#11961,1.);
#11961 = DIRECTION('',(0.,0.,1.));
#11962 = ORIENTED_EDGE('',*,*,#7862,.F.);
#11963 = ORIENTED_EDGE('',*,*,#11964,.F.);
#11964 = EDGE_CURVE('',#11965,#7863,#11967,.T.);
#11965 = VERTEX_POINT('',#11966);
#11966 = CARTESIAN_POINT('',(-4.25,88.,-16.));
#11967 = LINE('',#11968,#11969);
#11968 = CARTESIAN_POINT('',(-4.25,88.,-16.));
#11969 = VECTOR('',#11970,1.);
#11970 = DIRECTION('',(0.,0.,1.));
#11971 = ORIENTED_EDGE('',*,*,#11972,.F.);
#11972 = EDGE_CURVE('',#11973,#11965,#11975,.T.);
#11973 = VERTEX_POINT('',#11974);
#11974 = CARTESIAN_POINT('',(-5.3,88.,-16.));
#11975 = LINE('',#11976,#11977);
#11976 = CARTESIAN_POINT('',(-7.75,88.,-16.));
#11977 = VECTOR('',#11978,1.);
#11978 = DIRECTION('',(1.,0.,0.));
#11979 = ORIENTED_EDGE('',*,*,#11980,.F.);
#11980 = EDGE_CURVE('',#11981,#11973,#11983,.T.);
#11981 = VERTEX_POINT('',#11982);
#11982 = CARTESIAN_POINT('',(-5.3,88.,-15.2));
#11983 = LINE('',#11984,#11985);
#11984 = CARTESIAN_POINT('',(-5.3,88.,-16.025));
#11985 = VECTOR('',#11986,1.);
#11986 = DIRECTION('',(0.,0.,-1.));
#11987 = ORIENTED_EDGE('',*,*,#11988,.T.);
#11988 = EDGE_CURVE('',#11981,#11989,#11991,.T.);
#11989 = VERTEX_POINT('',#11990);
#11990 = CARTESIAN_POINT('',(-4.9,88.,-15.2));
#11991 = LINE('',#11992,#11993);
#11992 = CARTESIAN_POINT('',(-7.425,88.,-15.2));
#11993 = VECTOR('',#11994,1.);
#11994 = DIRECTION('',(1.,0.,0.));
#11995 = ORIENTED_EDGE('',*,*,#11996,.F.);
#11996 = EDGE_CURVE('',#11997,#11989,#11999,.T.);
#11997 = VERTEX_POINT('',#11998);
#11998 = CARTESIAN_POINT('',(-4.9,88.,-12.));
#11999 = LINE('',#12000,#12001);
#12000 = CARTESIAN_POINT('',(-4.9,88.,-15.6));
#12001 = VECTOR('',#12002,1.);
#12002 = DIRECTION('',(0.,0.,-1.));
#12003 = ORIENTED_EDGE('',*,*,#12004,.F.);
#12004 = EDGE_CURVE('',#12005,#11997,#12007,.T.);
#12005 = VERTEX_POINT('',#12006);
#12006 = CARTESIAN_POINT('',(-7.1,88.,-12.));
#12007 = LINE('',#12008,#12009);
#12008 = CARTESIAN_POINT('',(-7.425,88.,-12.));
#12009 = VECTOR('',#12010,1.);
#12010 = DIRECTION('',(1.,0.,0.));
#12011 = ORIENTED_EDGE('',*,*,#12012,.T.);
#12012 = EDGE_CURVE('',#12005,#12013,#12015,.T.);
#12013 = VERTEX_POINT('',#12014);
#12014 = CARTESIAN_POINT('',(-7.1,88.,-15.2));
#12015 = LINE('',#12016,#12017);
#12016 = CARTESIAN_POINT('',(-7.1,88.,-15.6));
#12017 = VECTOR('',#12018,1.);
#12018 = DIRECTION('',(0.,0.,-1.));
#12019 = ORIENTED_EDGE('',*,*,#12020,.T.);
#12020 = EDGE_CURVE('',#12013,#12021,#12023,.T.);
#12021 = VERTEX_POINT('',#12022);
#12022 = CARTESIAN_POINT('',(-6.7,88.,-15.2));
#12023 = LINE('',#12024,#12025);
#12024 = CARTESIAN_POINT('',(-7.425,88.,-15.2));
#12025 = VECTOR('',#12026,1.);
#12026 = DIRECTION('',(1.,0.,0.));
#12027 = ORIENTED_EDGE('',*,*,#12028,.T.);
#12028 = EDGE_CURVE('',#12021,#11950,#12029,.T.);
#12029 = LINE('',#12030,#12031);
#12030 = CARTESIAN_POINT('',(-6.7,88.,-16.025));
#12031 = VECTOR('',#12032,1.);
#12032 = DIRECTION('',(0.,0.,-1.));
#12033 = PLANE('',#12034);
#12034 = AXIS2_PLACEMENT_3D('',#12035,#12036,#12037);
#12035 = CARTESIAN_POINT('',(-7.75,88.,-16.));
#12036 = DIRECTION('',(0.,1.,0.));
#12037 = DIRECTION('',(0.,0.,1.));
#12038 = ADVANCED_FACE('',(#12039),#12057,.T.);
#12039 = FACE_BOUND('',#12040,.T.);
#12040 = EDGE_LOOP('',(#12041,#12042,#12050,#12056));
#12041 = ORIENTED_EDGE('',*,*,#11964,.F.);
#12042 = ORIENTED_EDGE('',*,*,#12043,.T.);
#12043 = EDGE_CURVE('',#11965,#12044,#12046,.T.);
#12044 = VERTEX_POINT('',#12045);
#12045 = CARTESIAN_POINT('',(-4.25,96.,-16.));
#12046 = LINE('',#12047,#12048);
#12047 = CARTESIAN_POINT('',(-4.25,88.,-16.));
#12048 = VECTOR('',#12049,1.);
#12049 = DIRECTION('',(0.,1.,0.));
#12050 = ORIENTED_EDGE('',*,*,#12051,.T.);
#12051 = EDGE_CURVE('',#12044,#7881,#12052,.T.);
#12052 = LINE('',#12053,#12054);
#12053 = CARTESIAN_POINT('',(-4.25,96.,-16.));
#12054 = VECTOR('',#12055,1.);
#12055 = DIRECTION('',(0.,0.,1.));
#12056 = ORIENTED_EDGE('',*,*,#7888,.F.);
#12057 = PLANE('',#12058);
#12058 = AXIS2_PLACEMENT_3D('',#12059,#12060,#12061);
#12059 = CARTESIAN_POINT('',(-4.25,88.,-16.));
#12060 = DIRECTION('',(1.,0.,0.));
#12061 = DIRECTION('',(0.,0.,1.));
#12062 = ADVANCED_FACE('',(#12063),#12145,.T.);
#12063 = FACE_BOUND('',#12064,.T.);
#12064 = EDGE_LOOP('',(#12065,#12075,#12081,#12082,#12083,#12091,#12099,
    #12107,#12115,#12123,#12131,#12139));
#12065 = ORIENTED_EDGE('',*,*,#12066,.F.);
#12066 = EDGE_CURVE('',#12067,#12069,#12071,.T.);
#12067 = VERTEX_POINT('',#12068);
#12068 = CARTESIAN_POINT('',(-7.75,96.,-16.));
#12069 = VERTEX_POINT('',#12070);
#12070 = CARTESIAN_POINT('',(-6.7,96.,-16.));
#12071 = LINE('',#12072,#12073);
#12072 = CARTESIAN_POINT('',(-7.75,96.,-16.));
#12073 = VECTOR('',#12074,1.);
#12074 = DIRECTION('',(1.,0.,0.));
#12075 = ORIENTED_EDGE('',*,*,#12076,.T.);
#12076 = EDGE_CURVE('',#12067,#7873,#12077,.T.);
#12077 = LINE('',#12078,#12079);
#12078 = CARTESIAN_POINT('',(-7.75,96.,-16.));
#12079 = VECTOR('',#12080,1.);
#12080 = DIRECTION('',(0.,0.,1.));
#12081 = ORIENTED_EDGE('',*,*,#7880,.F.);
#12082 = ORIENTED_EDGE('',*,*,#12051,.F.);
#12083 = ORIENTED_EDGE('',*,*,#12084,.F.);
#12084 = EDGE_CURVE('',#12085,#12044,#12087,.T.);
#12085 = VERTEX_POINT('',#12086);
#12086 = CARTESIAN_POINT('',(-5.3,96.,-16.));
#12087 = LINE('',#12088,#12089);
#12088 = CARTESIAN_POINT('',(-7.75,96.,-16.));
#12089 = VECTOR('',#12090,1.);
#12090 = DIRECTION('',(1.,0.,0.));
#12091 = ORIENTED_EDGE('',*,*,#12092,.F.);
#12092 = EDGE_CURVE('',#12093,#12085,#12095,.T.);
#12093 = VERTEX_POINT('',#12094);
#12094 = CARTESIAN_POINT('',(-5.3,96.,-15.2));
#12095 = LINE('',#12096,#12097);
#12096 = CARTESIAN_POINT('',(-5.3,96.,-16.025));
#12097 = VECTOR('',#12098,1.);
#12098 = DIRECTION('',(0.,0.,-1.));
#12099 = ORIENTED_EDGE('',*,*,#12100,.T.);
#12100 = EDGE_CURVE('',#12093,#12101,#12103,.T.);
#12101 = VERTEX_POINT('',#12102);
#12102 = CARTESIAN_POINT('',(-4.9,96.,-15.2));
#12103 = LINE('',#12104,#12105);
#12104 = CARTESIAN_POINT('',(-7.425,96.,-15.2));
#12105 = VECTOR('',#12106,1.);
#12106 = DIRECTION('',(1.,0.,0.));
#12107 = ORIENTED_EDGE('',*,*,#12108,.F.);
#12108 = EDGE_CURVE('',#12109,#12101,#12111,.T.);
#12109 = VERTEX_POINT('',#12110);
#12110 = CARTESIAN_POINT('',(-4.9,96.,-12.));
#12111 = LINE('',#12112,#12113);
#12112 = CARTESIAN_POINT('',(-4.9,96.,-15.6));
#12113 = VECTOR('',#12114,1.);
#12114 = DIRECTION('',(0.,0.,-1.));
#12115 = ORIENTED_EDGE('',*,*,#12116,.F.);
#12116 = EDGE_CURVE('',#12117,#12109,#12119,.T.);
#12117 = VERTEX_POINT('',#12118);
#12118 = CARTESIAN_POINT('',(-7.1,96.,-12.));
#12119 = LINE('',#12120,#12121);
#12120 = CARTESIAN_POINT('',(-7.425,96.,-12.));
#12121 = VECTOR('',#12122,1.);
#12122 = DIRECTION('',(1.,0.,0.));
#12123 = ORIENTED_EDGE('',*,*,#12124,.T.);
#12124 = EDGE_CURVE('',#12117,#12125,#12127,.T.);
#12125 = VERTEX_POINT('',#12126);
#12126 = CARTESIAN_POINT('',(-7.1,96.,-15.2));
#12127 = LINE('',#12128,#12129);
#12128 = CARTESIAN_POINT('',(-7.1,96.,-15.6));
#12129 = VECTOR('',#12130,1.);
#12130 = DIRECTION('',(0.,0.,-1.));
#12131 = ORIENTED_EDGE('',*,*,#12132,.T.);
#12132 = EDGE_CURVE('',#12125,#12133,#12135,.T.);
#12133 = VERTEX_POINT('',#12134);
#12134 = CARTESIAN_POINT('',(-6.7,96.,-15.2));
#12135 = LINE('',#12136,#12137);
#12136 = CARTESIAN_POINT('',(-7.425,96.,-15.2));
#12137 = VECTOR('',#12138,1.);
#12138 = DIRECTION('',(1.,0.,0.));
#12139 = ORIENTED_EDGE('',*,*,#12140,.T.);
#12140 = EDGE_CURVE('',#12133,#12069,#12141,.T.);
#12141 = LINE('',#12142,#12143);
#12142 = CARTESIAN_POINT('',(-6.7,96.,-16.025));
#12143 = VECTOR('',#12144,1.);
#12144 = DIRECTION('',(0.,0.,-1.));
#12145 = PLANE('',#12146);
#12146 = AXIS2_PLACEMENT_3D('',#12147,#12148,#12149);
#12147 = CARTESIAN_POINT('',(-7.75,96.,-16.));
#12148 = DIRECTION('',(0.,1.,0.));
#12149 = DIRECTION('',(0.,0.,1.));
#12150 = ADVANCED_FACE('',(#12151),#12162,.F.);
#12151 = FACE_BOUND('',#12152,.F.);
#12152 = EDGE_LOOP('',(#12153,#12154,#12160,#12161));
#12153 = ORIENTED_EDGE('',*,*,#11957,.F.);
#12154 = ORIENTED_EDGE('',*,*,#12155,.T.);
#12155 = EDGE_CURVE('',#11948,#12067,#12156,.T.);
#12156 = LINE('',#12157,#12158);
#12157 = CARTESIAN_POINT('',(-7.75,88.,-16.));
#12158 = VECTOR('',#12159,1.);
#12159 = DIRECTION('',(0.,1.,0.));
#12160 = ORIENTED_EDGE('',*,*,#12076,.T.);
#12161 = ORIENTED_EDGE('',*,*,#7872,.F.);
#12162 = PLANE('',#12163);
#12163 = AXIS2_PLACEMENT_3D('',#12164,#12165,#12166);
#12164 = CARTESIAN_POINT('',(-7.75,88.,-16.));
#12165 = DIRECTION('',(1.,0.,0.));
#12166 = DIRECTION('',(0.,0.,1.));
#12167 = ADVANCED_FACE('',(#12168),#12194,.T.);
#12168 = FACE_BOUND('',#12169,.T.);
#12169 = EDGE_LOOP('',(#12170,#12178,#12187,#12193));
#12170 = ORIENTED_EDGE('',*,*,#12171,.F.);
#12171 = EDGE_CURVE('',#12172,#7897,#12174,.T.);
#12172 = VERTEX_POINT('',#12173);
#12173 = CARTESIAN_POINT('',(-32.25,115.65,-31.5));
#12174 = LINE('',#12175,#12176);
#12175 = CARTESIAN_POINT('',(-32.25,115.65,-31.5));
#12176 = VECTOR('',#12177,1.);
#12177 = DIRECTION('',(0.,0.,1.));
#12178 = ORIENTED_EDGE('',*,*,#12179,.T.);
#12179 = EDGE_CURVE('',#12172,#12180,#12182,.T.);
#12180 = VERTEX_POINT('',#12181);
#12181 = CARTESIAN_POINT('',(-28.25,111.65,-31.5));
#12182 = CIRCLE('',#12183,4.);
#12183 = AXIS2_PLACEMENT_3D('',#12184,#12185,#12186);
#12184 = CARTESIAN_POINT('',(-28.25,115.65,-31.5));
#12185 = DIRECTION('',(-0.,0.,1.));
#12186 = DIRECTION('',(0.,-1.,0.));
#12187 = ORIENTED_EDGE('',*,*,#12188,.T.);
#12188 = EDGE_CURVE('',#12180,#7899,#12189,.T.);
#12189 = LINE('',#12190,#12191);
#12190 = CARTESIAN_POINT('',(-28.25,111.65,-31.5));
#12191 = VECTOR('',#12192,1.);
#12192 = DIRECTION('',(0.,0.,1.));
#12193 = ORIENTED_EDGE('',*,*,#7896,.F.);
#12194 = CYLINDRICAL_SURFACE('',#12195,4.);
#12195 = AXIS2_PLACEMENT_3D('',#12196,#12197,#12198);
#12196 = CARTESIAN_POINT('',(-28.25,115.65,-31.5));
#12197 = DIRECTION('',(0.,0.,1.));
#12198 = DIRECTION('',(-1.,0.,0.));
#12199 = ADVANCED_FACE('',(#12200),#12218,.F.);
#12200 = FACE_BOUND('',#12201,.F.);
#12201 = EDGE_LOOP('',(#12202,#12203,#12204,#12212));
#12202 = ORIENTED_EDGE('',*,*,#7907,.F.);
#12203 = ORIENTED_EDGE('',*,*,#12171,.F.);
#12204 = ORIENTED_EDGE('',*,*,#12205,.T.);
#12205 = EDGE_CURVE('',#12172,#12206,#12208,.T.);
#12206 = VERTEX_POINT('',#12207);
#12207 = CARTESIAN_POINT('',(-32.25,138.15,-31.5));
#12208 = LINE('',#12209,#12210);
#12209 = CARTESIAN_POINT('',(-32.25,111.65,-31.5));
#12210 = VECTOR('',#12211,1.);
#12211 = DIRECTION('',(0.,1.,0.));
#12212 = ORIENTED_EDGE('',*,*,#12213,.T.);
#12213 = EDGE_CURVE('',#12206,#7908,#12214,.T.);
#12214 = LINE('',#12215,#12216);
#12215 = CARTESIAN_POINT('',(-32.25,138.15,-31.5));
#12216 = VECTOR('',#12217,1.);
#12217 = DIRECTION('',(0.,0.,1.));
#12218 = PLANE('',#12219);
#12219 = AXIS2_PLACEMENT_3D('',#12220,#12221,#12222);
#12220 = CARTESIAN_POINT('',(-32.25,111.65,-31.5));
#12221 = DIRECTION('',(1.,0.,0.));
#12222 = DIRECTION('',(0.,0.,1.));
#12223 = ADVANCED_FACE('',(#12224),#12242,.F.);
#12224 = FACE_BOUND('',#12225,.F.);
#12225 = EDGE_LOOP('',(#12226,#12234,#12235,#12236));
#12226 = ORIENTED_EDGE('',*,*,#12227,.F.);
#12227 = EDGE_CURVE('',#12180,#12228,#12230,.T.);
#12228 = VERTEX_POINT('',#12229);
#12229 = CARTESIAN_POINT('',(-5.75,111.65,-31.5));
#12230 = LINE('',#12231,#12232);
#12231 = CARTESIAN_POINT('',(-32.25,111.65,-31.5));
#12232 = VECTOR('',#12233,1.);
#12233 = DIRECTION('',(1.,0.,0.));
#12234 = ORIENTED_EDGE('',*,*,#12188,.T.);
#12235 = ORIENTED_EDGE('',*,*,#7958,.F.);
#12236 = ORIENTED_EDGE('',*,*,#12237,.F.);
#12237 = EDGE_CURVE('',#12228,#7950,#12238,.T.);
#12238 = LINE('',#12239,#12240);
#12239 = CARTESIAN_POINT('',(-5.75,111.65,-31.5));
#12240 = VECTOR('',#12241,1.);
#12241 = DIRECTION('',(0.,0.,1.));
#12242 = PLANE('',#12243);
#12243 = AXIS2_PLACEMENT_3D('',#12244,#12245,#12246);
#12244 = CARTESIAN_POINT('',(-32.25,111.65,-31.5));
#12245 = DIRECTION('',(0.,1.,0.));
#12246 = DIRECTION('',(0.,0.,1.));
#12247 = ADVANCED_FACE('',(#12248),#12267,.T.);
#12248 = FACE_BOUND('',#12249,.F.);
#12249 = EDGE_LOOP('',(#12250,#12251,#12260,#12266));
#12250 = ORIENTED_EDGE('',*,*,#12213,.F.);
#12251 = ORIENTED_EDGE('',*,*,#12252,.T.);
#12252 = EDGE_CURVE('',#12206,#12253,#12255,.T.);
#12253 = VERTEX_POINT('',#12254);
#12254 = CARTESIAN_POINT('',(-28.25,142.15,-31.5));
#12255 = CIRCLE('',#12256,4.);
#12256 = AXIS2_PLACEMENT_3D('',#12257,#12258,#12259);
#12257 = CARTESIAN_POINT('',(-28.25,138.15,-31.5));
#12258 = DIRECTION('',(-0.,-0.,-1.));
#12259 = DIRECTION('',(0.,-1.,0.));
#12260 = ORIENTED_EDGE('',*,*,#12261,.T.);
#12261 = EDGE_CURVE('',#12253,#7916,#12262,.T.);
#12262 = LINE('',#12263,#12264);
#12263 = CARTESIAN_POINT('',(-28.25,142.15,-31.5));
#12264 = VECTOR('',#12265,1.);
#12265 = DIRECTION('',(0.,0.,1.));
#12266 = ORIENTED_EDGE('',*,*,#7915,.T.);
#12267 = CYLINDRICAL_SURFACE('',#12268,4.);
#12268 = AXIS2_PLACEMENT_3D('',#12269,#12270,#12271);
#12269 = CARTESIAN_POINT('',(-28.25,138.15,-31.5));
#12270 = DIRECTION('',(0.,0.,1.));
#12271 = DIRECTION('',(-1.,0.,0.));
#12272 = ADVANCED_FACE('',(#12273),#12292,.T.);
#12273 = FACE_BOUND('',#12274,.F.);
#12274 = EDGE_LOOP('',(#12275,#12283,#12290,#12291));
#12275 = ORIENTED_EDGE('',*,*,#12276,.F.);
#12276 = EDGE_CURVE('',#12277,#7942,#12279,.T.);
#12277 = VERTEX_POINT('',#12278);
#12278 = CARTESIAN_POINT('',(-1.75,115.65,-31.5));
#12279 = LINE('',#12280,#12281);
#12280 = CARTESIAN_POINT('',(-1.75,115.65,-31.5));
#12281 = VECTOR('',#12282,1.);
#12282 = DIRECTION('',(0.,0.,1.));
#12283 = ORIENTED_EDGE('',*,*,#12284,.T.);
#12284 = EDGE_CURVE('',#12277,#12228,#12285,.T.);
#12285 = CIRCLE('',#12286,4.);
#12286 = AXIS2_PLACEMENT_3D('',#12287,#12288,#12289);
#12287 = CARTESIAN_POINT('',(-5.75,115.65,-31.5));
#12288 = DIRECTION('',(-0.,-0.,-1.));
#12289 = DIRECTION('',(0.,-1.,0.));
#12290 = ORIENTED_EDGE('',*,*,#12237,.T.);
#12291 = ORIENTED_EDGE('',*,*,#7949,.T.);
#12292 = CYLINDRICAL_SURFACE('',#12293,4.);
#12293 = AXIS2_PLACEMENT_3D('',#12294,#12295,#12296);
#12294 = CARTESIAN_POINT('',(-5.75,115.65,-31.5));
#12295 = DIRECTION('',(0.,0.,1.));
#12296 = DIRECTION('',(1.,0.,0.));
#12297 = ADVANCED_FACE('',(#12298),#12316,.T.);
#12298 = FACE_BOUND('',#12299,.T.);
#12299 = EDGE_LOOP('',(#12300,#12308,#12309,#12310));
#12300 = ORIENTED_EDGE('',*,*,#12301,.F.);
#12301 = EDGE_CURVE('',#12253,#12302,#12304,.T.);
#12302 = VERTEX_POINT('',#12303);
#12303 = CARTESIAN_POINT('',(-5.75,142.15,-31.5));
#12304 = LINE('',#12305,#12306);
#12305 = CARTESIAN_POINT('',(-32.25,142.15,-31.5));
#12306 = VECTOR('',#12307,1.);
#12307 = DIRECTION('',(1.,0.,0.));
#12308 = ORIENTED_EDGE('',*,*,#12261,.T.);
#12309 = ORIENTED_EDGE('',*,*,#7924,.F.);
#12310 = ORIENTED_EDGE('',*,*,#12311,.F.);
#12311 = EDGE_CURVE('',#12302,#7925,#12312,.T.);
#12312 = LINE('',#12313,#12314);
#12313 = CARTESIAN_POINT('',(-5.75,142.15,-31.5));
#12314 = VECTOR('',#12315,1.);
#12315 = DIRECTION('',(0.,0.,1.));
#12316 = PLANE('',#12317);
#12317 = AXIS2_PLACEMENT_3D('',#12318,#12319,#12320);
#12318 = CARTESIAN_POINT('',(-32.25,142.15,-31.5));
#12319 = DIRECTION('',(0.,1.,0.));
#12320 = DIRECTION('',(0.,0.,1.));
#12321 = ADVANCED_FACE('',(#12322),#12340,.T.);
#12322 = FACE_BOUND('',#12323,.T.);
#12323 = EDGE_LOOP('',(#12324,#12325,#12326,#12334));
#12324 = ORIENTED_EDGE('',*,*,#7941,.F.);
#12325 = ORIENTED_EDGE('',*,*,#12276,.F.);
#12326 = ORIENTED_EDGE('',*,*,#12327,.T.);
#12327 = EDGE_CURVE('',#12277,#12328,#12330,.T.);
#12328 = VERTEX_POINT('',#12329);
#12329 = CARTESIAN_POINT('',(-1.75,138.15,-31.5));
#12330 = LINE('',#12331,#12332);
#12331 = CARTESIAN_POINT('',(-1.75,111.65,-31.5));
#12332 = VECTOR('',#12333,1.);
#12333 = DIRECTION('',(0.,1.,0.));
#12334 = ORIENTED_EDGE('',*,*,#12335,.T.);
#12335 = EDGE_CURVE('',#12328,#7933,#12336,.T.);
#12336 = LINE('',#12337,#12338);
#12337 = CARTESIAN_POINT('',(-1.75,138.15,-31.5));
#12338 = VECTOR('',#12339,1.);
#12339 = DIRECTION('',(0.,0.,1.));
#12340 = PLANE('',#12341);
#12341 = AXIS2_PLACEMENT_3D('',#12342,#12343,#12344);
#12342 = CARTESIAN_POINT('',(-1.75,111.65,-31.5));
#12343 = DIRECTION('',(1.,0.,0.));
#12344 = DIRECTION('',(0.,0.,1.));
#12345 = ADVANCED_FACE('',(#12346),#12358,.T.);
#12346 = FACE_BOUND('',#12347,.T.);
#12347 = EDGE_LOOP('',(#12348,#12349,#12356,#12357));
#12348 = ORIENTED_EDGE('',*,*,#12335,.F.);
#12349 = ORIENTED_EDGE('',*,*,#12350,.T.);
#12350 = EDGE_CURVE('',#12328,#12302,#12351,.T.);
#12351 = CIRCLE('',#12352,4.);
#12352 = AXIS2_PLACEMENT_3D('',#12353,#12354,#12355);
#12353 = CARTESIAN_POINT('',(-5.75,138.15,-31.5));
#12354 = DIRECTION('',(-0.,0.,1.));
#12355 = DIRECTION('',(0.,-1.,0.));
#12356 = ORIENTED_EDGE('',*,*,#12311,.T.);
#12357 = ORIENTED_EDGE('',*,*,#7932,.F.);
#12358 = CYLINDRICAL_SURFACE('',#12359,4.);
#12359 = AXIS2_PLACEMENT_3D('',#12360,#12361,#12362);
#12360 = CARTESIAN_POINT('',(-5.75,138.15,-31.5));
#12361 = DIRECTION('',(0.,0.,1.));
#12362 = DIRECTION('',(1.,0.,0.));
#12363 = ADVANCED_FACE('',(#12364),#12380,.F.);
#12364 = FACE_BOUND('',#12365,.F.);
#12365 = EDGE_LOOP('',(#12366,#12372,#12373,#12379));
#12366 = ORIENTED_EDGE('',*,*,#12367,.F.);
#12367 = EDGE_CURVE('',#7967,#8131,#12368,.T.);
#12368 = LINE('',#12369,#12370);
#12369 = CARTESIAN_POINT('',(5.5,109.,-11.5));
#12370 = VECTOR('',#12371,1.);
#12371 = DIRECTION('',(0.,0.,1.));
#12372 = ORIENTED_EDGE('',*,*,#7966,.T.);
#12373 = ORIENTED_EDGE('',*,*,#12374,.T.);
#12374 = EDGE_CURVE('',#7969,#8133,#12375,.T.);
#12375 = LINE('',#12376,#12377);
#12376 = CARTESIAN_POINT('',(8.5,106.,-11.5));
#12377 = VECTOR('',#12378,1.);
#12378 = DIRECTION('',(0.,0.,1.));
#12379 = ORIENTED_EDGE('',*,*,#8130,.F.);
#12380 = CYLINDRICAL_SURFACE('',#12381,3.);
#12381 = AXIS2_PLACEMENT_3D('',#12382,#12383,#12384);
#12382 = CARTESIAN_POINT('',(8.5,109.,-11.5));
#12383 = DIRECTION('',(0.,0.,1.));
#12384 = DIRECTION('',(-1.,0.,0.));
#12385 = ADVANCED_FACE('',(#12386),#12397,.T.);
#12386 = FACE_BOUND('',#12387,.T.);
#12387 = EDGE_LOOP('',(#12388,#12389,#12390,#12391));
#12388 = ORIENTED_EDGE('',*,*,#8141,.F.);
#12389 = ORIENTED_EDGE('',*,*,#12367,.F.);
#12390 = ORIENTED_EDGE('',*,*,#7977,.T.);
#12391 = ORIENTED_EDGE('',*,*,#12392,.T.);
#12392 = EDGE_CURVE('',#7978,#8142,#12393,.T.);
#12393 = LINE('',#12394,#12395);
#12394 = CARTESIAN_POINT('',(5.5,138.,-11.5));
#12395 = VECTOR('',#12396,1.);
#12396 = DIRECTION('',(0.,0.,1.));
#12397 = PLANE('',#12398);
#12398 = AXIS2_PLACEMENT_3D('',#12399,#12400,#12401);
#12399 = CARTESIAN_POINT('',(5.5,106.,-11.5));
#12400 = DIRECTION('',(1.,0.,0.));
#12401 = DIRECTION('',(0.,0.,1.));
#12402 = ADVANCED_FACE('',(#12403),#12414,.T.);
#12403 = FACE_BOUND('',#12404,.T.);
#12404 = EDGE_LOOP('',(#12405,#12406,#12407,#12408));
#12405 = ORIENTED_EDGE('',*,*,#8028,.T.);
#12406 = ORIENTED_EDGE('',*,*,#12374,.T.);
#12407 = ORIENTED_EDGE('',*,*,#8192,.F.);
#12408 = ORIENTED_EDGE('',*,*,#12409,.F.);
#12409 = EDGE_CURVE('',#8020,#8184,#12410,.T.);
#12410 = LINE('',#12411,#12412);
#12411 = CARTESIAN_POINT('',(28.5,106.,-11.5));
#12412 = VECTOR('',#12413,1.);
#12413 = DIRECTION('',(0.,0.,1.));
#12414 = PLANE('',#12415);
#12415 = AXIS2_PLACEMENT_3D('',#12416,#12417,#12418);
#12416 = CARTESIAN_POINT('',(5.5,106.,-11.5));
#12417 = DIRECTION('',(0.,1.,0.));
#12418 = DIRECTION('',(0.,0.,1.));
#12419 = ADVANCED_FACE('',(#12420),#12431,.F.);
#12420 = FACE_BOUND('',#12421,.T.);
#12421 = EDGE_LOOP('',(#12422,#12423,#12424,#12430));
#12422 = ORIENTED_EDGE('',*,*,#12392,.F.);
#12423 = ORIENTED_EDGE('',*,*,#7985,.F.);
#12424 = ORIENTED_EDGE('',*,*,#12425,.T.);
#12425 = EDGE_CURVE('',#7986,#8150,#12426,.T.);
#12426 = LINE('',#12427,#12428);
#12427 = CARTESIAN_POINT('',(8.5,141.,-11.5));
#12428 = VECTOR('',#12429,1.);
#12429 = DIRECTION('',(0.,0.,1.));
#12430 = ORIENTED_EDGE('',*,*,#8149,.T.);
#12431 = CYLINDRICAL_SURFACE('',#12432,3.);
#12432 = AXIS2_PLACEMENT_3D('',#12433,#12434,#12435);
#12433 = CARTESIAN_POINT('',(8.5,138.,-11.5));
#12434 = DIRECTION('',(0.,0.,1.));
#12435 = DIRECTION('',(-1.,0.,0.));
#12436 = ADVANCED_FACE('',(#12437),#12448,.F.);
#12437 = FACE_BOUND('',#12438,.T.);
#12438 = EDGE_LOOP('',(#12439,#12445,#12446,#12447));
#12439 = ORIENTED_EDGE('',*,*,#12440,.F.);
#12440 = EDGE_CURVE('',#8012,#8176,#12441,.T.);
#12441 = LINE('',#12442,#12443);
#12442 = CARTESIAN_POINT('',(31.5,109.,-11.5));
#12443 = VECTOR('',#12444,1.);
#12444 = DIRECTION('',(0.,0.,1.));
#12445 = ORIENTED_EDGE('',*,*,#8019,.F.);
#12446 = ORIENTED_EDGE('',*,*,#12409,.T.);
#12447 = ORIENTED_EDGE('',*,*,#8183,.T.);
#12448 = CYLINDRICAL_SURFACE('',#12449,3.);
#12449 = AXIS2_PLACEMENT_3D('',#12450,#12451,#12452);
#12450 = CARTESIAN_POINT('',(28.5,109.,-11.5));
#12451 = DIRECTION('',(0.,0.,1.));
#12452 = DIRECTION('',(1.,0.,0.));
#12453 = ADVANCED_FACE('',(#12454),#12465,.F.);
#12454 = FACE_BOUND('',#12455,.F.);
#12455 = EDGE_LOOP('',(#12456,#12457,#12458,#12459));
#12456 = ORIENTED_EDGE('',*,*,#7994,.T.);
#12457 = ORIENTED_EDGE('',*,*,#12425,.T.);
#12458 = ORIENTED_EDGE('',*,*,#8158,.F.);
#12459 = ORIENTED_EDGE('',*,*,#12460,.F.);
#12460 = EDGE_CURVE('',#7995,#8159,#12461,.T.);
#12461 = LINE('',#12462,#12463);
#12462 = CARTESIAN_POINT('',(28.5,141.,-11.5));
#12463 = VECTOR('',#12464,1.);
#12464 = DIRECTION('',(0.,0.,1.));
#12465 = PLANE('',#12466);
#12466 = AXIS2_PLACEMENT_3D('',#12467,#12468,#12469);
#12467 = CARTESIAN_POINT('',(5.5,141.,-11.5));
#12468 = DIRECTION('',(0.,1.,0.));
#12469 = DIRECTION('',(0.,0.,1.));
#12470 = ADVANCED_FACE('',(#12471),#12482,.F.);
#12471 = FACE_BOUND('',#12472,.F.);
#12472 = EDGE_LOOP('',(#12473,#12474,#12475,#12476));
#12473 = ORIENTED_EDGE('',*,*,#8175,.F.);
#12474 = ORIENTED_EDGE('',*,*,#12440,.F.);
#12475 = ORIENTED_EDGE('',*,*,#8011,.T.);
#12476 = ORIENTED_EDGE('',*,*,#12477,.T.);
#12477 = EDGE_CURVE('',#8003,#8167,#12478,.T.);
#12478 = LINE('',#12479,#12480);
#12479 = CARTESIAN_POINT('',(31.5,138.,-11.5));
#12480 = VECTOR('',#12481,1.);
#12481 = DIRECTION('',(0.,0.,1.));
#12482 = PLANE('',#12483);
#12483 = AXIS2_PLACEMENT_3D('',#12484,#12485,#12486);
#12484 = CARTESIAN_POINT('',(31.5,106.,-11.5));
#12485 = DIRECTION('',(1.,0.,0.));
#12486 = DIRECTION('',(0.,0.,1.));
#12487 = ADVANCED_FACE('',(#12488),#12494,.F.);
#12488 = FACE_BOUND('',#12489,.F.);
#12489 = EDGE_LOOP('',(#12490,#12491,#12492,#12493));
#12490 = ORIENTED_EDGE('',*,*,#12477,.F.);
#12491 = ORIENTED_EDGE('',*,*,#8002,.T.);
#12492 = ORIENTED_EDGE('',*,*,#12460,.T.);
#12493 = ORIENTED_EDGE('',*,*,#8166,.F.);
#12494 = CYLINDRICAL_SURFACE('',#12495,3.);
#12495 = AXIS2_PLACEMENT_3D('',#12496,#12497,#12498);
#12496 = CARTESIAN_POINT('',(28.5,138.,-11.5));
#12497 = DIRECTION('',(0.,0.,1.));
#12498 = DIRECTION('',(1.,0.,0.));
#12499 = ADVANCED_FACE('',(#12500),#12526,.T.);
#12500 = FACE_BOUND('',#12501,.T.);
#12501 = EDGE_LOOP('',(#12502,#12510,#12511,#12519));
#12502 = ORIENTED_EDGE('',*,*,#12503,.F.);
#12503 = EDGE_CURVE('',#8201,#12504,#12506,.T.);
#12504 = VERTEX_POINT('',#12505);
#12505 = CARTESIAN_POINT('',(-32.25,115.65,-8.));
#12506 = LINE('',#12507,#12508);
#12507 = CARTESIAN_POINT('',(-32.25,115.65,-31.5));
#12508 = VECTOR('',#12509,1.);
#12509 = DIRECTION('',(0.,0.,1.));
#12510 = ORIENTED_EDGE('',*,*,#8200,.T.);
#12511 = ORIENTED_EDGE('',*,*,#12512,.T.);
#12512 = EDGE_CURVE('',#8203,#12513,#12515,.T.);
#12513 = VERTEX_POINT('',#12514);
#12514 = CARTESIAN_POINT('',(-28.25,111.65,-8.));
#12515 = LINE('',#12516,#12517);
#12516 = CARTESIAN_POINT('',(-28.25,111.65,-31.5));
#12517 = VECTOR('',#12518,1.);
#12518 = DIRECTION('',(0.,0.,1.));
#12519 = ORIENTED_EDGE('',*,*,#12520,.F.);
#12520 = EDGE_CURVE('',#12504,#12513,#12521,.T.);
#12521 = CIRCLE('',#12522,4.);
#12522 = AXIS2_PLACEMENT_3D('',#12523,#12524,#12525);
#12523 = CARTESIAN_POINT('',(-28.25,115.65,-8.));
#12524 = DIRECTION('',(-0.,0.,1.));
#12525 = DIRECTION('',(0.,-1.,0.));
#12526 = CYLINDRICAL_SURFACE('',#12527,4.);
#12527 = AXIS2_PLACEMENT_3D('',#12528,#12529,#12530);
#12528 = CARTESIAN_POINT('',(-28.25,115.65,-31.5));
#12529 = DIRECTION('',(0.,0.,1.));
#12530 = DIRECTION('',(-1.,0.,0.));
#12531 = ADVANCED_FACE('',(#12532),#12550,.F.);
#12532 = FACE_BOUND('',#12533,.F.);
#12533 = EDGE_LOOP('',(#12534,#12542,#12543,#12544));
#12534 = ORIENTED_EDGE('',*,*,#12535,.F.);
#12535 = EDGE_CURVE('',#12504,#12536,#12538,.T.);
#12536 = VERTEX_POINT('',#12537);
#12537 = CARTESIAN_POINT('',(-32.25,138.15,-8.));
#12538 = LINE('',#12539,#12540);
#12539 = CARTESIAN_POINT('',(-32.25,111.65,-8.));
#12540 = VECTOR('',#12541,1.);
#12541 = DIRECTION('',(0.,1.,0.));
#12542 = ORIENTED_EDGE('',*,*,#12503,.F.);
#12543 = ORIENTED_EDGE('',*,*,#8211,.T.);
#12544 = ORIENTED_EDGE('',*,*,#12545,.T.);
#12545 = EDGE_CURVE('',#8212,#12536,#12546,.T.);
#12546 = LINE('',#12547,#12548);
#12547 = CARTESIAN_POINT('',(-32.25,138.15,-31.5));
#12548 = VECTOR('',#12549,1.);
#12549 = DIRECTION('',(0.,0.,1.));
#12550 = PLANE('',#12551);
#12551 = AXIS2_PLACEMENT_3D('',#12552,#12553,#12554);
#12552 = CARTESIAN_POINT('',(-32.25,111.65,-31.5));
#12553 = DIRECTION('',(1.,0.,0.));
#12554 = DIRECTION('',(0.,0.,1.));
#12555 = ADVANCED_FACE('',(#12556),#12575,.T.);
#12556 = FACE_BOUND('',#12557,.F.);
#12557 = EDGE_LOOP('',(#12558,#12559,#12560,#12568));
#12558 = ORIENTED_EDGE('',*,*,#12545,.F.);
#12559 = ORIENTED_EDGE('',*,*,#8219,.F.);
#12560 = ORIENTED_EDGE('',*,*,#12561,.T.);
#12561 = EDGE_CURVE('',#8220,#12562,#12564,.T.);
#12562 = VERTEX_POINT('',#12563);
#12563 = CARTESIAN_POINT('',(-28.25,142.15,-8.));
#12564 = LINE('',#12565,#12566);
#12565 = CARTESIAN_POINT('',(-28.25,142.15,-31.5));
#12566 = VECTOR('',#12567,1.);
#12567 = DIRECTION('',(0.,0.,1.));
#12568 = ORIENTED_EDGE('',*,*,#12569,.F.);
#12569 = EDGE_CURVE('',#12536,#12562,#12570,.T.);
#12570 = CIRCLE('',#12571,4.);
#12571 = AXIS2_PLACEMENT_3D('',#12572,#12573,#12574);
#12572 = CARTESIAN_POINT('',(-28.25,138.15,-8.));
#12573 = DIRECTION('',(-0.,-0.,-1.));
#12574 = DIRECTION('',(0.,-1.,0.));
#12575 = CYLINDRICAL_SURFACE('',#12576,4.);
#12576 = AXIS2_PLACEMENT_3D('',#12577,#12578,#12579);
#12577 = CARTESIAN_POINT('',(-28.25,138.15,-31.5));
#12578 = DIRECTION('',(0.,0.,1.));
#12579 = DIRECTION('',(-1.,0.,0.));
#12580 = ADVANCED_FACE('',(#12581),#12599,.T.);
#12581 = FACE_BOUND('',#12582,.T.);
#12582 = EDGE_LOOP('',(#12583,#12584,#12585,#12593));
#12583 = ORIENTED_EDGE('',*,*,#8228,.T.);
#12584 = ORIENTED_EDGE('',*,*,#12561,.T.);
#12585 = ORIENTED_EDGE('',*,*,#12586,.T.);
#12586 = EDGE_CURVE('',#12562,#12587,#12589,.T.);
#12587 = VERTEX_POINT('',#12588);
#12588 = CARTESIAN_POINT('',(-5.75,142.15,-8.));
#12589 = LINE('',#12590,#12591);
#12590 = CARTESIAN_POINT('',(-32.25,142.15,-8.));
#12591 = VECTOR('',#12592,1.);
#12592 = DIRECTION('',(1.,0.,0.));
#12593 = ORIENTED_EDGE('',*,*,#12594,.F.);
#12594 = EDGE_CURVE('',#8229,#12587,#12595,.T.);
#12595 = LINE('',#12596,#12597);
#12596 = CARTESIAN_POINT('',(-5.75,142.15,-31.5));
#12597 = VECTOR('',#12598,1.);
#12598 = DIRECTION('',(0.,0.,1.));
#12599 = PLANE('',#12600);
#12600 = AXIS2_PLACEMENT_3D('',#12601,#12602,#12603);
#12601 = CARTESIAN_POINT('',(-32.25,142.15,-31.5));
#12602 = DIRECTION('',(0.,1.,0.));
#12603 = DIRECTION('',(0.,0.,1.));
#12604 = ADVANCED_FACE('',(#12605),#12624,.T.);
#12605 = FACE_BOUND('',#12606,.T.);
#12606 = EDGE_LOOP('',(#12607,#12615,#12616,#12617));
#12607 = ORIENTED_EDGE('',*,*,#12608,.F.);
#12608 = EDGE_CURVE('',#8237,#12609,#12611,.T.);
#12609 = VERTEX_POINT('',#12610);
#12610 = CARTESIAN_POINT('',(-1.75,138.15,-8.));
#12611 = LINE('',#12612,#12613);
#12612 = CARTESIAN_POINT('',(-1.75,138.15,-31.5));
#12613 = VECTOR('',#12614,1.);
#12614 = DIRECTION('',(0.,0.,1.));
#12615 = ORIENTED_EDGE('',*,*,#8236,.T.);
#12616 = ORIENTED_EDGE('',*,*,#12594,.T.);
#12617 = ORIENTED_EDGE('',*,*,#12618,.F.);
#12618 = EDGE_CURVE('',#12609,#12587,#12619,.T.);
#12619 = CIRCLE('',#12620,4.);
#12620 = AXIS2_PLACEMENT_3D('',#12621,#12622,#12623);
#12621 = CARTESIAN_POINT('',(-5.75,138.15,-8.));
#12622 = DIRECTION('',(-0.,0.,1.));
#12623 = DIRECTION('',(0.,-1.,0.));
#12624 = CYLINDRICAL_SURFACE('',#12625,4.);
#12625 = AXIS2_PLACEMENT_3D('',#12626,#12627,#12628);
#12626 = CARTESIAN_POINT('',(-5.75,138.15,-31.5));
#12627 = DIRECTION('',(0.,0.,1.));
#12628 = DIRECTION('',(1.,0.,0.));
#12629 = ADVANCED_FACE('',(#12630),#12648,.T.);
#12630 = FACE_BOUND('',#12631,.T.);
#12631 = EDGE_LOOP('',(#12632,#12640,#12646,#12647));
#12632 = ORIENTED_EDGE('',*,*,#12633,.F.);
#12633 = EDGE_CURVE('',#12634,#12609,#12636,.T.);
#12634 = VERTEX_POINT('',#12635);
#12635 = CARTESIAN_POINT('',(-1.75,115.65,-8.));
#12636 = LINE('',#12637,#12638);
#12637 = CARTESIAN_POINT('',(-1.75,111.65,-8.));
#12638 = VECTOR('',#12639,1.);
#12639 = DIRECTION('',(0.,1.,0.));
#12640 = ORIENTED_EDGE('',*,*,#12641,.F.);
#12641 = EDGE_CURVE('',#8246,#12634,#12642,.T.);
#12642 = LINE('',#12643,#12644);
#12643 = CARTESIAN_POINT('',(-1.75,115.65,-31.5));
#12644 = VECTOR('',#12645,1.);
#12645 = DIRECTION('',(0.,0.,1.));
#12646 = ORIENTED_EDGE('',*,*,#8245,.T.);
#12647 = ORIENTED_EDGE('',*,*,#12608,.T.);
#12648 = PLANE('',#12649);
#12649 = AXIS2_PLACEMENT_3D('',#12650,#12651,#12652);
#12650 = CARTESIAN_POINT('',(-1.75,111.65,-31.5));
#12651 = DIRECTION('',(1.,0.,0.));
#12652 = DIRECTION('',(0.,0.,1.));
#12653 = ADVANCED_FACE('',(#12654),#12673,.T.);
#12654 = FACE_BOUND('',#12655,.F.);
#12655 = EDGE_LOOP('',(#12656,#12657,#12658,#12666));
#12656 = ORIENTED_EDGE('',*,*,#12641,.F.);
#12657 = ORIENTED_EDGE('',*,*,#8253,.F.);
#12658 = ORIENTED_EDGE('',*,*,#12659,.T.);
#12659 = EDGE_CURVE('',#8254,#12660,#12662,.T.);
#12660 = VERTEX_POINT('',#12661);
#12661 = CARTESIAN_POINT('',(-5.75,111.65,-8.));
#12662 = LINE('',#12663,#12664);
#12663 = CARTESIAN_POINT('',(-5.75,111.65,-31.5));
#12664 = VECTOR('',#12665,1.);
#12665 = DIRECTION('',(0.,0.,1.));
#12666 = ORIENTED_EDGE('',*,*,#12667,.F.);
#12667 = EDGE_CURVE('',#12634,#12660,#12668,.T.);
#12668 = CIRCLE('',#12669,4.);
#12669 = AXIS2_PLACEMENT_3D('',#12670,#12671,#12672);
#12670 = CARTESIAN_POINT('',(-5.75,115.65,-8.));
#12671 = DIRECTION('',(-0.,-0.,-1.));
#12672 = DIRECTION('',(0.,-1.,0.));
#12673 = CYLINDRICAL_SURFACE('',#12674,4.);
#12674 = AXIS2_PLACEMENT_3D('',#12675,#12676,#12677);
#12675 = CARTESIAN_POINT('',(-5.75,115.65,-31.5));
#12676 = DIRECTION('',(0.,0.,1.));
#12677 = DIRECTION('',(1.,0.,0.));
#12678 = ADVANCED_FACE('',(#12679),#12690,.F.);
#12679 = FACE_BOUND('',#12680,.F.);
#12680 = EDGE_LOOP('',(#12681,#12682,#12683,#12689));
#12681 = ORIENTED_EDGE('',*,*,#8262,.T.);
#12682 = ORIENTED_EDGE('',*,*,#12512,.T.);
#12683 = ORIENTED_EDGE('',*,*,#12684,.T.);
#12684 = EDGE_CURVE('',#12513,#12660,#12685,.T.);
#12685 = LINE('',#12686,#12687);
#12686 = CARTESIAN_POINT('',(-32.25,111.65,-8.));
#12687 = VECTOR('',#12688,1.);
#12688 = DIRECTION('',(1.,0.,0.));
#12689 = ORIENTED_EDGE('',*,*,#12659,.F.);
#12690 = PLANE('',#12691);
#12691 = AXIS2_PLACEMENT_3D('',#12692,#12693,#12694);
#12692 = CARTESIAN_POINT('',(-32.25,111.65,-31.5));
#12693 = DIRECTION('',(0.,1.,0.));
#12694 = DIRECTION('',(0.,0.,1.));
#12695 = ADVANCED_FACE('',(#12696),#12709,.F.);
#12696 = FACE_BOUND('',#12697,.F.);
#12697 = EDGE_LOOP('',(#12698,#12699,#12700,#12706,#12707,#12708));
#12698 = ORIENTED_EDGE('',*,*,#8308,.F.);
#12699 = ORIENTED_EDGE('',*,*,#8341,.F.);
#12700 = ORIENTED_EDGE('',*,*,#12701,.F.);
#12701 = EDGE_CURVE('',#8499,#8332,#12702,.T.);
#12702 = LINE('',#12703,#12704);
#12703 = CARTESIAN_POINT('',(35.8,130.6,-23.8));
#12704 = VECTOR('',#12705,1.);
#12705 = DIRECTION('',(0.,0.,1.));
#12706 = ORIENTED_EDGE('',*,*,#8498,.F.);
#12707 = ORIENTED_EDGE('',*,*,#8522,.T.);
#12708 = ORIENTED_EDGE('',*,*,#8284,.T.);
#12709 = PLANE('',#12710);
#12710 = AXIS2_PLACEMENT_3D('',#12711,#12712,#12713);
#12711 = CARTESIAN_POINT('',(35.8,125.,-25.));
#12712 = DIRECTION('',(1.,0.,0.));
#12713 = DIRECTION('',(0.,0.,1.));
#12714 = ADVANCED_FACE('',(#12715),#12721,.F.);
#12715 = FACE_BOUND('',#12716,.F.);
#12716 = EDGE_LOOP('',(#12717,#12718,#12719,#12720));
#12717 = ORIENTED_EDGE('',*,*,#8507,.F.);
#12718 = ORIENTED_EDGE('',*,*,#12701,.T.);
#12719 = ORIENTED_EDGE('',*,*,#8331,.T.);
#12720 = ORIENTED_EDGE('',*,*,#11122,.F.);
#12721 = PLANE('',#12722);
#12722 = AXIS2_PLACEMENT_3D('',#12723,#12724,#12725);
#12723 = CARTESIAN_POINT('',(35.,130.6,-22.6));
#12724 = DIRECTION('',(0.,1.,0.));
#12725 = DIRECTION('',(0.,0.,1.));
#12726 = ADVANCED_FACE('',(#12727),#12738,.T.);
#12727 = FACE_BOUND('',#12728,.T.);
#12728 = EDGE_LOOP('',(#12729,#12730,#12736,#12737));
#12729 = ORIENTED_EDGE('',*,*,#8473,.F.);
#12730 = ORIENTED_EDGE('',*,*,#12731,.T.);
#12731 = EDGE_CURVE('',#8474,#8359,#12732,.T.);
#12732 = LINE('',#12733,#12734);
#12733 = CARTESIAN_POINT('',(35.8,125.4,-23.8));
#12734 = VECTOR('',#12735,1.);
#12735 = DIRECTION('',(0.,0.,1.));
#12736 = ORIENTED_EDGE('',*,*,#8367,.T.);
#12737 = ORIENTED_EDGE('',*,*,#11129,.F.);
#12738 = PLANE('',#12739);
#12739 = AXIS2_PLACEMENT_3D('',#12740,#12741,#12742);
#12740 = CARTESIAN_POINT('',(35.,125.4,-22.6));
#12741 = DIRECTION('',(0.,1.,0.));
#12742 = DIRECTION('',(0.,0.,1.));
#12743 = ADVANCED_FACE('',(#12744),#12752,.F.);
#12744 = FACE_BOUND('',#12745,.F.);
#12745 = EDGE_LOOP('',(#12746,#12747,#12748,#12749,#12750,#12751));
#12746 = ORIENTED_EDGE('',*,*,#8391,.F.);
#12747 = ORIENTED_EDGE('',*,*,#8422,.F.);
#12748 = ORIENTED_EDGE('',*,*,#8446,.T.);
#12749 = ORIENTED_EDGE('',*,*,#8481,.F.);
#12750 = ORIENTED_EDGE('',*,*,#12731,.T.);
#12751 = ORIENTED_EDGE('',*,*,#8358,.F.);
#12752 = PLANE('',#12753);
#12753 = AXIS2_PLACEMENT_3D('',#12754,#12755,#12756);
#12754 = CARTESIAN_POINT('',(35.8,125.,-25.));
#12755 = DIRECTION('',(1.,0.,0.));
#12756 = DIRECTION('',(0.,0.,1.));
#12757 = ADVANCED_FACE('',(#12758),#12771,.F.);
#12758 = FACE_BOUND('',#12759,.F.);
#12759 = EDGE_LOOP('',(#12760,#12761,#12762,#12768,#12769,#12770));
#12760 = ORIENTED_EDGE('',*,*,#8570,.F.);
#12761 = ORIENTED_EDGE('',*,*,#8603,.F.);
#12762 = ORIENTED_EDGE('',*,*,#12763,.F.);
#12763 = EDGE_CURVE('',#8761,#8594,#12764,.T.);
#12764 = LINE('',#12765,#12766);
#12765 = CARTESIAN_POINT('',(35.8,118.6,-23.8));
#12766 = VECTOR('',#12767,1.);
#12767 = DIRECTION('',(0.,0.,1.));
#12768 = ORIENTED_EDGE('',*,*,#8760,.F.);
#12769 = ORIENTED_EDGE('',*,*,#8784,.T.);
#12770 = ORIENTED_EDGE('',*,*,#8546,.T.);
#12771 = PLANE('',#12772);
#12772 = AXIS2_PLACEMENT_3D('',#12773,#12774,#12775);
#12773 = CARTESIAN_POINT('',(35.8,113.,-25.));
#12774 = DIRECTION('',(1.,0.,0.));
#12775 = DIRECTION('',(0.,0.,1.));
#12776 = ADVANCED_FACE('',(#12777),#12783,.F.);
#12777 = FACE_BOUND('',#12778,.F.);
#12778 = EDGE_LOOP('',(#12779,#12780,#12781,#12782));
#12779 = ORIENTED_EDGE('',*,*,#8769,.F.);
#12780 = ORIENTED_EDGE('',*,*,#12763,.T.);
#12781 = ORIENTED_EDGE('',*,*,#8593,.T.);
#12782 = ORIENTED_EDGE('',*,*,#11195,.F.);
#12783 = PLANE('',#12784);
#12784 = AXIS2_PLACEMENT_3D('',#12785,#12786,#12787);
#12785 = CARTESIAN_POINT('',(35.,118.6,-22.6));
#12786 = DIRECTION('',(0.,1.,0.));
#12787 = DIRECTION('',(0.,0.,1.));
#12788 = ADVANCED_FACE('',(#12789),#12800,.T.);
#12789 = FACE_BOUND('',#12790,.T.);
#12790 = EDGE_LOOP('',(#12791,#12792,#12798,#12799));
#12791 = ORIENTED_EDGE('',*,*,#8735,.F.);
#12792 = ORIENTED_EDGE('',*,*,#12793,.T.);
#12793 = EDGE_CURVE('',#8736,#8621,#12794,.T.);
#12794 = LINE('',#12795,#12796);
#12795 = CARTESIAN_POINT('',(35.8,113.4,-23.8));
#12796 = VECTOR('',#12797,1.);
#12797 = DIRECTION('',(0.,0.,1.));
#12798 = ORIENTED_EDGE('',*,*,#8629,.T.);
#12799 = ORIENTED_EDGE('',*,*,#11202,.F.);
#12800 = PLANE('',#12801);
#12801 = AXIS2_PLACEMENT_3D('',#12802,#12803,#12804);
#12802 = CARTESIAN_POINT('',(35.,113.4,-22.6));
#12803 = DIRECTION('',(0.,1.,0.));
#12804 = DIRECTION('',(0.,0.,1.));
#12805 = ADVANCED_FACE('',(#12806),#12814,.F.);
#12806 = FACE_BOUND('',#12807,.F.);
#12807 = EDGE_LOOP('',(#12808,#12809,#12810,#12811,#12812,#12813));
#12808 = ORIENTED_EDGE('',*,*,#8653,.F.);
#12809 = ORIENTED_EDGE('',*,*,#8684,.F.);
#12810 = ORIENTED_EDGE('',*,*,#8708,.T.);
#12811 = ORIENTED_EDGE('',*,*,#8743,.F.);
#12812 = ORIENTED_EDGE('',*,*,#12793,.T.);
#12813 = ORIENTED_EDGE('',*,*,#8620,.F.);
#12814 = PLANE('',#12815);
#12815 = AXIS2_PLACEMENT_3D('',#12816,#12817,#12818);
#12816 = CARTESIAN_POINT('',(35.8,113.,-25.));
#12817 = DIRECTION('',(1.,0.,0.));
#12818 = DIRECTION('',(0.,0.,1.));
#12819 = ADVANCED_FACE('',(#12820),#12833,.F.);
#12820 = FACE_BOUND('',#12821,.F.);
#12821 = EDGE_LOOP('',(#12822,#12823,#12824,#12830,#12831,#12832));
#12822 = ORIENTED_EDGE('',*,*,#8832,.F.);
#12823 = ORIENTED_EDGE('',*,*,#8865,.F.);
#12824 = ORIENTED_EDGE('',*,*,#12825,.F.);
#12825 = EDGE_CURVE('',#9023,#8856,#12826,.T.);
#12826 = LINE('',#12827,#12828);
#12827 = CARTESIAN_POINT('',(35.8,106.6,-23.8));
#12828 = VECTOR('',#12829,1.);
#12829 = DIRECTION('',(0.,0.,1.));
#12830 = ORIENTED_EDGE('',*,*,#9022,.F.);
#12831 = ORIENTED_EDGE('',*,*,#9046,.T.);
#12832 = ORIENTED_EDGE('',*,*,#8808,.T.);
#12833 = PLANE('',#12834);
#12834 = AXIS2_PLACEMENT_3D('',#12835,#12836,#12837);
#12835 = CARTESIAN_POINT('',(35.8,101.,-25.));
#12836 = DIRECTION('',(1.,0.,0.));
#12837 = DIRECTION('',(0.,0.,1.));
#12838 = ADVANCED_FACE('',(#12839),#12845,.F.);
#12839 = FACE_BOUND('',#12840,.F.);
#12840 = EDGE_LOOP('',(#12841,#12842,#12843,#12844));
#12841 = ORIENTED_EDGE('',*,*,#9031,.F.);
#12842 = ORIENTED_EDGE('',*,*,#12825,.T.);
#12843 = ORIENTED_EDGE('',*,*,#8855,.T.);
#12844 = ORIENTED_EDGE('',*,*,#11268,.F.);
#12845 = PLANE('',#12846);
#12846 = AXIS2_PLACEMENT_3D('',#12847,#12848,#12849);
#12847 = CARTESIAN_POINT('',(35.,106.6,-22.6));
#12848 = DIRECTION('',(0.,1.,0.));
#12849 = DIRECTION('',(0.,0.,1.));
#12850 = ADVANCED_FACE('',(#12851),#12862,.T.);
#12851 = FACE_BOUND('',#12852,.T.);
#12852 = EDGE_LOOP('',(#12853,#12854,#12860,#12861));
#12853 = ORIENTED_EDGE('',*,*,#8997,.F.);
#12854 = ORIENTED_EDGE('',*,*,#12855,.T.);
#12855 = EDGE_CURVE('',#8998,#8883,#12856,.T.);
#12856 = LINE('',#12857,#12858);
#12857 = CARTESIAN_POINT('',(35.8,101.4,-23.8));
#12858 = VECTOR('',#12859,1.);
#12859 = DIRECTION('',(0.,0.,1.));
#12860 = ORIENTED_EDGE('',*,*,#8891,.T.);
#12861 = ORIENTED_EDGE('',*,*,#11275,.F.);
#12862 = PLANE('',#12863);
#12863 = AXIS2_PLACEMENT_3D('',#12864,#12865,#12866);
#12864 = CARTESIAN_POINT('',(35.,101.4,-22.6));
#12865 = DIRECTION('',(0.,1.,0.));
#12866 = DIRECTION('',(0.,0.,1.));
#12867 = ADVANCED_FACE('',(#12868),#12876,.F.);
#12868 = FACE_BOUND('',#12869,.F.);
#12869 = EDGE_LOOP('',(#12870,#12871,#12872,#12873,#12874,#12875));
#12870 = ORIENTED_EDGE('',*,*,#8915,.F.);
#12871 = ORIENTED_EDGE('',*,*,#8946,.F.);
#12872 = ORIENTED_EDGE('',*,*,#8970,.T.);
#12873 = ORIENTED_EDGE('',*,*,#9005,.F.);
#12874 = ORIENTED_EDGE('',*,*,#12855,.T.);
#12875 = ORIENTED_EDGE('',*,*,#8882,.F.);
#12876 = PLANE('',#12877);
#12877 = AXIS2_PLACEMENT_3D('',#12878,#12879,#12880);
#12878 = CARTESIAN_POINT('',(35.8,101.,-25.));
#12879 = DIRECTION('',(1.,0.,0.));
#12880 = DIRECTION('',(0.,0.,1.));
#12881 = ADVANCED_FACE('',(#12882),#12895,.F.);
#12882 = FACE_BOUND('',#12883,.F.);
#12883 = EDGE_LOOP('',(#12884,#12885,#12886,#12892,#12893,#12894));
#12884 = ORIENTED_EDGE('',*,*,#9094,.F.);
#12885 = ORIENTED_EDGE('',*,*,#9127,.F.);
#12886 = ORIENTED_EDGE('',*,*,#12887,.F.);
#12887 = EDGE_CURVE('',#9285,#9118,#12888,.T.);
#12888 = LINE('',#12889,#12890);
#12889 = CARTESIAN_POINT('',(35.8,94.6,-23.8));
#12890 = VECTOR('',#12891,1.);
#12891 = DIRECTION('',(0.,0.,1.));
#12892 = ORIENTED_EDGE('',*,*,#9284,.F.);
#12893 = ORIENTED_EDGE('',*,*,#9308,.T.);
#12894 = ORIENTED_EDGE('',*,*,#9070,.T.);
#12895 = PLANE('',#12896);
#12896 = AXIS2_PLACEMENT_3D('',#12897,#12898,#12899);
#12897 = CARTESIAN_POINT('',(35.8,89.,-25.));
#12898 = DIRECTION('',(1.,0.,0.));
#12899 = DIRECTION('',(0.,0.,1.));
#12900 = ADVANCED_FACE('',(#12901),#12907,.F.);
#12901 = FACE_BOUND('',#12902,.F.);
#12902 = EDGE_LOOP('',(#12903,#12904,#12905,#12906));
#12903 = ORIENTED_EDGE('',*,*,#9293,.F.);
#12904 = ORIENTED_EDGE('',*,*,#12887,.T.);
#12905 = ORIENTED_EDGE('',*,*,#9117,.T.);
#12906 = ORIENTED_EDGE('',*,*,#11341,.F.);
#12907 = PLANE('',#12908);
#12908 = AXIS2_PLACEMENT_3D('',#12909,#12910,#12911);
#12909 = CARTESIAN_POINT('',(35.,94.6,-22.6));
#12910 = DIRECTION('',(0.,1.,0.));
#12911 = DIRECTION('',(0.,0.,1.));
#12912 = ADVANCED_FACE('',(#12913),#12924,.T.);
#12913 = FACE_BOUND('',#12914,.T.);
#12914 = EDGE_LOOP('',(#12915,#12916,#12922,#12923));
#12915 = ORIENTED_EDGE('',*,*,#9259,.F.);
#12916 = ORIENTED_EDGE('',*,*,#12917,.T.);
#12917 = EDGE_CURVE('',#9260,#9145,#12918,.T.);
#12918 = LINE('',#12919,#12920);
#12919 = CARTESIAN_POINT('',(35.8,89.4,-23.8));
#12920 = VECTOR('',#12921,1.);
#12921 = DIRECTION('',(0.,0.,1.));
#12922 = ORIENTED_EDGE('',*,*,#9153,.T.);
#12923 = ORIENTED_EDGE('',*,*,#11348,.F.);
#12924 = PLANE('',#12925);
#12925 = AXIS2_PLACEMENT_3D('',#12926,#12927,#12928);
#12926 = CARTESIAN_POINT('',(35.,89.4,-22.6));
#12927 = DIRECTION('',(0.,1.,0.));
#12928 = DIRECTION('',(0.,0.,1.));
#12929 = ADVANCED_FACE('',(#12930),#12938,.F.);
#12930 = FACE_BOUND('',#12931,.F.);
#12931 = EDGE_LOOP('',(#12932,#12933,#12934,#12935,#12936,#12937));
#12932 = ORIENTED_EDGE('',*,*,#9177,.F.);
#12933 = ORIENTED_EDGE('',*,*,#9208,.F.);
#12934 = ORIENTED_EDGE('',*,*,#9232,.T.);
#12935 = ORIENTED_EDGE('',*,*,#9267,.F.);
#12936 = ORIENTED_EDGE('',*,*,#12917,.T.);
#12937 = ORIENTED_EDGE('',*,*,#9144,.F.);
#12938 = PLANE('',#12939);
#12939 = AXIS2_PLACEMENT_3D('',#12940,#12941,#12942);
#12940 = CARTESIAN_POINT('',(35.8,89.,-25.));
#12941 = DIRECTION('',(1.,0.,0.));
#12942 = DIRECTION('',(0.,0.,1.));
#12943 = ADVANCED_FACE('',(#12944),#12957,.F.);
#12944 = FACE_BOUND('',#12945,.F.);
#12945 = EDGE_LOOP('',(#12946,#12947,#12948,#12954,#12955,#12956));
#12946 = ORIENTED_EDGE('',*,*,#9356,.F.);
#12947 = ORIENTED_EDGE('',*,*,#9389,.F.);
#12948 = ORIENTED_EDGE('',*,*,#12949,.F.);
#12949 = EDGE_CURVE('',#9547,#9380,#12950,.T.);
#12950 = LINE('',#12951,#12952);
#12951 = CARTESIAN_POINT('',(35.8,82.6,-23.8));
#12952 = VECTOR('',#12953,1.);
#12953 = DIRECTION('',(0.,0.,1.));
#12954 = ORIENTED_EDGE('',*,*,#9546,.F.);
#12955 = ORIENTED_EDGE('',*,*,#9570,.T.);
#12956 = ORIENTED_EDGE('',*,*,#9332,.T.);
#12957 = PLANE('',#12958);
#12958 = AXIS2_PLACEMENT_3D('',#12959,#12960,#12961);
#12959 = CARTESIAN_POINT('',(35.8,77.,-25.));
#12960 = DIRECTION('',(1.,0.,0.));
#12961 = DIRECTION('',(0.,0.,1.));
#12962 = ADVANCED_FACE('',(#12963),#12969,.F.);
#12963 = FACE_BOUND('',#12964,.F.);
#12964 = EDGE_LOOP('',(#12965,#12966,#12967,#12968));
#12965 = ORIENTED_EDGE('',*,*,#9555,.F.);
#12966 = ORIENTED_EDGE('',*,*,#12949,.T.);
#12967 = ORIENTED_EDGE('',*,*,#9379,.T.);
#12968 = ORIENTED_EDGE('',*,*,#11414,.F.);
#12969 = PLANE('',#12970);
#12970 = AXIS2_PLACEMENT_3D('',#12971,#12972,#12973);
#12971 = CARTESIAN_POINT('',(35.,82.6,-22.6));
#12972 = DIRECTION('',(0.,1.,0.));
#12973 = DIRECTION('',(0.,0.,1.));
#12974 = ADVANCED_FACE('',(#12975),#12986,.T.);
#12975 = FACE_BOUND('',#12976,.T.);
#12976 = EDGE_LOOP('',(#12977,#12978,#12984,#12985));
#12977 = ORIENTED_EDGE('',*,*,#9521,.F.);
#12978 = ORIENTED_EDGE('',*,*,#12979,.T.);
#12979 = EDGE_CURVE('',#9522,#9407,#12980,.T.);
#12980 = LINE('',#12981,#12982);
#12981 = CARTESIAN_POINT('',(35.8,77.4,-23.8));
#12982 = VECTOR('',#12983,1.);
#12983 = DIRECTION('',(0.,0.,1.));
#12984 = ORIENTED_EDGE('',*,*,#9415,.T.);
#12985 = ORIENTED_EDGE('',*,*,#11421,.F.);
#12986 = PLANE('',#12987);
#12987 = AXIS2_PLACEMENT_3D('',#12988,#12989,#12990);
#12988 = CARTESIAN_POINT('',(35.,77.4,-22.6));
#12989 = DIRECTION('',(0.,1.,0.));
#12990 = DIRECTION('',(0.,0.,1.));
#12991 = ADVANCED_FACE('',(#12992),#13000,.F.);
#12992 = FACE_BOUND('',#12993,.F.);
#12993 = EDGE_LOOP('',(#12994,#12995,#12996,#12997,#12998,#12999));
#12994 = ORIENTED_EDGE('',*,*,#9439,.F.);
#12995 = ORIENTED_EDGE('',*,*,#9470,.F.);
#12996 = ORIENTED_EDGE('',*,*,#9494,.T.);
#12997 = ORIENTED_EDGE('',*,*,#9529,.F.);
#12998 = ORIENTED_EDGE('',*,*,#12979,.T.);
#12999 = ORIENTED_EDGE('',*,*,#9406,.F.);
#13000 = PLANE('',#13001);
#13001 = AXIS2_PLACEMENT_3D('',#13002,#13003,#13004);
#13002 = CARTESIAN_POINT('',(35.8,77.,-25.));
#13003 = DIRECTION('',(1.,0.,0.));
#13004 = DIRECTION('',(0.,0.,1.));
#13005 = ADVANCED_FACE('',(#13006),#13019,.F.);
#13006 = FACE_BOUND('',#13007,.F.);
#13007 = EDGE_LOOP('',(#13008,#13009,#13010,#13016,#13017,#13018));
#13008 = ORIENTED_EDGE('',*,*,#9618,.F.);
#13009 = ORIENTED_EDGE('',*,*,#9651,.F.);
#13010 = ORIENTED_EDGE('',*,*,#13011,.F.);
#13011 = EDGE_CURVE('',#9809,#9642,#13012,.T.);
#13012 = LINE('',#13013,#13014);
#13013 = CARTESIAN_POINT('',(35.8,70.6,-23.8));
#13014 = VECTOR('',#13015,1.);
#13015 = DIRECTION('',(0.,0.,1.));
#13016 = ORIENTED_EDGE('',*,*,#9808,.F.);
#13017 = ORIENTED_EDGE('',*,*,#9832,.T.);
#13018 = ORIENTED_EDGE('',*,*,#9594,.T.);
#13019 = PLANE('',#13020);
#13020 = AXIS2_PLACEMENT_3D('',#13021,#13022,#13023);
#13021 = CARTESIAN_POINT('',(35.8,65.,-25.));
#13022 = DIRECTION('',(1.,0.,0.));
#13023 = DIRECTION('',(0.,0.,1.));
#13024 = ADVANCED_FACE('',(#13025),#13031,.F.);
#13025 = FACE_BOUND('',#13026,.F.);
#13026 = EDGE_LOOP('',(#13027,#13028,#13029,#13030));
#13027 = ORIENTED_EDGE('',*,*,#9817,.F.);
#13028 = ORIENTED_EDGE('',*,*,#13011,.T.);
#13029 = ORIENTED_EDGE('',*,*,#9641,.T.);
#13030 = ORIENTED_EDGE('',*,*,#11487,.F.);
#13031 = PLANE('',#13032);
#13032 = AXIS2_PLACEMENT_3D('',#13033,#13034,#13035);
#13033 = CARTESIAN_POINT('',(35.,70.6,-22.6));
#13034 = DIRECTION('',(0.,1.,0.));
#13035 = DIRECTION('',(0.,0.,1.));
#13036 = ADVANCED_FACE('',(#13037),#13048,.T.);
#13037 = FACE_BOUND('',#13038,.T.);
#13038 = EDGE_LOOP('',(#13039,#13040,#13046,#13047));
#13039 = ORIENTED_EDGE('',*,*,#9783,.F.);
#13040 = ORIENTED_EDGE('',*,*,#13041,.T.);
#13041 = EDGE_CURVE('',#9784,#9669,#13042,.T.);
#13042 = LINE('',#13043,#13044);
#13043 = CARTESIAN_POINT('',(35.8,65.4,-23.8));
#13044 = VECTOR('',#13045,1.);
#13045 = DIRECTION('',(0.,0.,1.));
#13046 = ORIENTED_EDGE('',*,*,#9677,.T.);
#13047 = ORIENTED_EDGE('',*,*,#11494,.F.);
#13048 = PLANE('',#13049);
#13049 = AXIS2_PLACEMENT_3D('',#13050,#13051,#13052);
#13050 = CARTESIAN_POINT('',(35.,65.4,-22.6));
#13051 = DIRECTION('',(0.,1.,0.));
#13052 = DIRECTION('',(0.,0.,1.));
#13053 = ADVANCED_FACE('',(#13054),#13062,.F.);
#13054 = FACE_BOUND('',#13055,.F.);
#13055 = EDGE_LOOP('',(#13056,#13057,#13058,#13059,#13060,#13061));
#13056 = ORIENTED_EDGE('',*,*,#9701,.F.);
#13057 = ORIENTED_EDGE('',*,*,#9732,.F.);
#13058 = ORIENTED_EDGE('',*,*,#9756,.T.);
#13059 = ORIENTED_EDGE('',*,*,#9791,.F.);
#13060 = ORIENTED_EDGE('',*,*,#13041,.T.);
#13061 = ORIENTED_EDGE('',*,*,#9668,.F.);
#13062 = PLANE('',#13063);
#13063 = AXIS2_PLACEMENT_3D('',#13064,#13065,#13066);
#13064 = CARTESIAN_POINT('',(35.8,65.,-25.));
#13065 = DIRECTION('',(1.,0.,0.));
#13066 = DIRECTION('',(0.,0.,1.));
#13067 = ADVANCED_FACE('',(#13068),#13093,.F.);
#13068 = FACE_BOUND('',#13069,.F.);
#13069 = EDGE_LOOP('',(#13070,#13071,#13079,#13087));
#13070 = ORIENTED_EDGE('',*,*,#9894,.F.);
#13071 = ORIENTED_EDGE('',*,*,#13072,.T.);
#13072 = EDGE_CURVE('',#9895,#13073,#13075,.T.);
#13073 = VERTEX_POINT('',#13074);
#13074 = CARTESIAN_POINT('',(-35.1,102.9,-5.4));
#13075 = LINE('',#13076,#13077);
#13076 = CARTESIAN_POINT('',(-39.5,102.9,-5.4));
#13077 = VECTOR('',#13078,1.);
#13078 = DIRECTION('',(1.,0.,0.));
#13079 = ORIENTED_EDGE('',*,*,#13080,.T.);
#13080 = EDGE_CURVE('',#13073,#13081,#13083,.T.);
#13081 = VERTEX_POINT('',#13082);
#13082 = CARTESIAN_POINT('',(-35.1,106.5,-5.4));
#13083 = LINE('',#13084,#13085);
#13084 = CARTESIAN_POINT('',(-35.1,102.9,-5.4));
#13085 = VECTOR('',#13086,1.);
#13086 = DIRECTION('',(0.,1.,0.));
#13087 = ORIENTED_EDGE('',*,*,#13088,.F.);
#13088 = EDGE_CURVE('',#9897,#13081,#13089,.T.);
#13089 = LINE('',#13090,#13091);
#13090 = CARTESIAN_POINT('',(-39.5,106.5,-5.4));
#13091 = VECTOR('',#13092,1.);
#13092 = DIRECTION('',(1.,0.,0.));
#13093 = PLANE('',#13094);
#13094 = AXIS2_PLACEMENT_3D('',#13095,#13096,#13097);
#13095 = CARTESIAN_POINT('',(-39.5,102.9,-5.4));
#13096 = DIRECTION('',(0.,0.,1.));
#13097 = DIRECTION('',(1.,0.,0.));
#13098 = ADVANCED_FACE('',(#13099),#13117,.T.);
#13099 = FACE_BOUND('',#13100,.T.);
#13100 = EDGE_LOOP('',(#13101,#13102,#13103,#13111));
#13101 = ORIENTED_EDGE('',*,*,#13088,.F.);
#13102 = ORIENTED_EDGE('',*,*,#9920,.T.);
#13103 = ORIENTED_EDGE('',*,*,#13104,.T.);
#13104 = EDGE_CURVE('',#9913,#13105,#13107,.T.);
#13105 = VERTEX_POINT('',#13106);
#13106 = CARTESIAN_POINT('',(-35.1,106.5,-3.));
#13107 = LINE('',#13108,#13109);
#13108 = CARTESIAN_POINT('',(-39.5,106.5,-3.));
#13109 = VECTOR('',#13110,1.);
#13110 = DIRECTION('',(1.,0.,0.));
#13111 = ORIENTED_EDGE('',*,*,#13112,.F.);
#13112 = EDGE_CURVE('',#13081,#13105,#13113,.T.);
#13113 = LINE('',#13114,#13115);
#13114 = CARTESIAN_POINT('',(-35.1,106.5,-5.4));
#13115 = VECTOR('',#13116,1.);
#13116 = DIRECTION('',(0.,0.,1.));
#13117 = PLANE('',#13118);
#13118 = AXIS2_PLACEMENT_3D('',#13119,#13120,#13121);
#13119 = CARTESIAN_POINT('',(-39.5,106.5,-5.4));
#13120 = DIRECTION('',(0.,1.,0.));
#13121 = DIRECTION('',(0.,0.,1.));
#13122 = ADVANCED_FACE('',(#13123),#13141,.T.);
#13123 = FACE_BOUND('',#13124,.T.);
#13124 = EDGE_LOOP('',(#13125,#13126,#13134,#13140));
#13125 = ORIENTED_EDGE('',*,*,#9912,.F.);
#13126 = ORIENTED_EDGE('',*,*,#13127,.T.);
#13127 = EDGE_CURVE('',#9905,#13128,#13130,.T.);
#13128 = VERTEX_POINT('',#13129);
#13129 = CARTESIAN_POINT('',(-35.1,102.9,-3.));
#13130 = LINE('',#13131,#13132);
#13131 = CARTESIAN_POINT('',(-39.5,102.9,-3.));
#13132 = VECTOR('',#13133,1.);
#13133 = DIRECTION('',(1.,0.,0.));
#13134 = ORIENTED_EDGE('',*,*,#13135,.T.);
#13135 = EDGE_CURVE('',#13128,#13105,#13136,.T.);
#13136 = LINE('',#13137,#13138);
#13137 = CARTESIAN_POINT('',(-35.1,102.9,-3.));
#13138 = VECTOR('',#13139,1.);
#13139 = DIRECTION('',(0.,1.,0.));
#13140 = ORIENTED_EDGE('',*,*,#13104,.F.);
#13141 = PLANE('',#13142);
#13142 = AXIS2_PLACEMENT_3D('',#13143,#13144,#13145);
#13143 = CARTESIAN_POINT('',(-39.5,102.9,-3.));
#13144 = DIRECTION('',(0.,0.,1.));
#13145 = DIRECTION('',(1.,0.,0.));
#13146 = ADVANCED_FACE('',(#13147),#13158,.F.);
#13147 = FACE_BOUND('',#13148,.F.);
#13148 = EDGE_LOOP('',(#13149,#13150,#13151,#13152));
#13149 = ORIENTED_EDGE('',*,*,#13072,.F.);
#13150 = ORIENTED_EDGE('',*,*,#9904,.T.);
#13151 = ORIENTED_EDGE('',*,*,#13127,.T.);
#13152 = ORIENTED_EDGE('',*,*,#13153,.F.);
#13153 = EDGE_CURVE('',#13073,#13128,#13154,.T.);
#13154 = LINE('',#13155,#13156);
#13155 = CARTESIAN_POINT('',(-35.1,102.9,-5.4));
#13156 = VECTOR('',#13157,1.);
#13157 = DIRECTION('',(0.,0.,1.));
#13158 = PLANE('',#13159);
#13159 = AXIS2_PLACEMENT_3D('',#13160,#13161,#13162);
#13160 = CARTESIAN_POINT('',(-39.5,102.9,-5.4));
#13161 = DIRECTION('',(0.,1.,0.));
#13162 = DIRECTION('',(0.,0.,1.));
#13163 = ADVANCED_FACE('',(#13164),#13174,.F.);
#13164 = FACE_BOUND('',#13165,.F.);
#13165 = EDGE_LOOP('',(#13166,#13167));
#13166 = ORIENTED_EDGE('',*,*,#9995,.T.);
#13167 = ORIENTED_EDGE('',*,*,#13168,.T.);
#13168 = EDGE_CURVE('',#9998,#9996,#13169,.T.);
#13169 = CIRCLE('',#13170,0.2);
#13170 = AXIS2_PLACEMENT_3D('',#13171,#13172,#13173);
#13171 = CARTESIAN_POINT('',(-42.2,106.7,-5.5));
#13172 = DIRECTION('',(0.,0.,1.));
#13173 = DIRECTION('',(1.,0.,0.));
#13174 = PLANE('',#13175);
#13175 = AXIS2_PLACEMENT_3D('',#13176,#13177,#13178);
#13176 = CARTESIAN_POINT('',(-42.2,106.7,-5.5));
#13177 = DIRECTION('',(0.,0.,1.));
#13178 = DIRECTION('',(1.,0.,0.));
#13179 = ADVANCED_FACE('',(#13180),#13192,.T.);
#13180 = FACE_BOUND('',#13181,.T.);
#13181 = EDGE_LOOP('',(#13182,#13189,#13190,#13191));
#13182 = ORIENTED_EDGE('',*,*,#13183,.F.);
#13183 = EDGE_CURVE('',#10006,#10014,#13184,.T.);
#13184 = CIRCLE('',#13185,0.2);
#13185 = AXIS2_PLACEMENT_3D('',#13186,#13187,#13188);
#13186 = CARTESIAN_POINT('',(-42.2,106.7,-2.9));
#13187 = DIRECTION('',(0.,0.,1.));
#13188 = DIRECTION('',(1.,0.,0.));
#13189 = ORIENTED_EDGE('',*,*,#10005,.F.);
#13190 = ORIENTED_EDGE('',*,*,#13168,.T.);
#13191 = ORIENTED_EDGE('',*,*,#10021,.T.);
#13192 = CYLINDRICAL_SURFACE('',#13193,0.2);
#13193 = AXIS2_PLACEMENT_3D('',#13194,#13195,#13196);
#13194 = CARTESIAN_POINT('',(-42.2,106.7,-5.5));
#13195 = DIRECTION('',(0.,0.,1.));
#13196 = DIRECTION('',(1.,0.,0.));
#13197 = ADVANCED_FACE('',(#13198),#13202,.T.);
#13198 = FACE_BOUND('',#13199,.T.);
#13199 = EDGE_LOOP('',(#13200,#13201));
#13200 = ORIENTED_EDGE('',*,*,#10013,.T.);
#13201 = ORIENTED_EDGE('',*,*,#13183,.T.);
#13202 = PLANE('',#13203);
#13203 = AXIS2_PLACEMENT_3D('',#13204,#13205,#13206);
#13204 = CARTESIAN_POINT('',(-42.2,106.7,-2.9));
#13205 = DIRECTION('',(0.,0.,1.));
#13206 = DIRECTION('',(1.,0.,0.));
#13207 = ADVANCED_FACE('',(#13208),#13218,.F.);
#13208 = FACE_BOUND('',#13209,.F.);
#13209 = EDGE_LOOP('',(#13210,#13211));
#13210 = ORIENTED_EDGE('',*,*,#10029,.T.);
#13211 = ORIENTED_EDGE('',*,*,#13212,.T.);
#13212 = EDGE_CURVE('',#10032,#10030,#13213,.T.);
#13213 = CIRCLE('',#13214,0.2);
#13214 = AXIS2_PLACEMENT_3D('',#13215,#13216,#13217);
#13215 = CARTESIAN_POINT('',(-42.2,104.7,-5.5));
#13216 = DIRECTION('',(0.,0.,1.));
#13217 = DIRECTION('',(1.,0.,0.));
#13218 = PLANE('',#13219);
#13219 = AXIS2_PLACEMENT_3D('',#13220,#13221,#13222);
#13220 = CARTESIAN_POINT('',(-42.2,104.7,-5.5));
#13221 = DIRECTION('',(0.,0.,1.));
#13222 = DIRECTION('',(1.,0.,0.));
#13223 = ADVANCED_FACE('',(#13224),#13236,.T.);
#13224 = FACE_BOUND('',#13225,.T.);
#13225 = EDGE_LOOP('',(#13226,#13233,#13234,#13235));
#13226 = ORIENTED_EDGE('',*,*,#13227,.F.);
#13227 = EDGE_CURVE('',#10040,#10048,#13228,.T.);
#13228 = CIRCLE('',#13229,0.2);
#13229 = AXIS2_PLACEMENT_3D('',#13230,#13231,#13232);
#13230 = CARTESIAN_POINT('',(-42.2,104.7,-2.9));
#13231 = DIRECTION('',(0.,0.,1.));
#13232 = DIRECTION('',(1.,0.,0.));
#13233 = ORIENTED_EDGE('',*,*,#10039,.F.);
#13234 = ORIENTED_EDGE('',*,*,#13212,.T.);
#13235 = ORIENTED_EDGE('',*,*,#10055,.T.);
#13236 = CYLINDRICAL_SURFACE('',#13237,0.2);
#13237 = AXIS2_PLACEMENT_3D('',#13238,#13239,#13240);
#13238 = CARTESIAN_POINT('',(-42.2,104.7,-5.5));
#13239 = DIRECTION('',(0.,0.,1.));
#13240 = DIRECTION('',(1.,0.,0.));
#13241 = ADVANCED_FACE('',(#13242),#13246,.T.);
#13242 = FACE_BOUND('',#13243,.T.);
#13243 = EDGE_LOOP('',(#13244,#13245));
#13244 = ORIENTED_EDGE('',*,*,#10047,.T.);
#13245 = ORIENTED_EDGE('',*,*,#13227,.T.);
#13246 = PLANE('',#13247);
#13247 = AXIS2_PLACEMENT_3D('',#13248,#13249,#13250);
#13248 = CARTESIAN_POINT('',(-42.2,104.7,-2.9));
#13249 = DIRECTION('',(0.,0.,1.));
#13250 = DIRECTION('',(1.,0.,0.));
#13251 = ADVANCED_FACE('',(#13252),#13262,.F.);
#13252 = FACE_BOUND('',#13253,.F.);
#13253 = EDGE_LOOP('',(#13254,#13255));
#13254 = ORIENTED_EDGE('',*,*,#10063,.T.);
#13255 = ORIENTED_EDGE('',*,*,#13256,.T.);
#13256 = EDGE_CURVE('',#10066,#10064,#13257,.T.);
#13257 = CIRCLE('',#13258,0.2);
#13258 = AXIS2_PLACEMENT_3D('',#13259,#13260,#13261);
#13259 = CARTESIAN_POINT('',(-42.2,102.7,-5.5));
#13260 = DIRECTION('',(0.,0.,1.));
#13261 = DIRECTION('',(1.,0.,0.));
#13262 = PLANE('',#13263);
#13263 = AXIS2_PLACEMENT_3D('',#13264,#13265,#13266);
#13264 = CARTESIAN_POINT('',(-42.2,102.7,-5.5));
#13265 = DIRECTION('',(0.,0.,1.));
#13266 = DIRECTION('',(1.,0.,0.));
#13267 = ADVANCED_FACE('',(#13268),#13280,.T.);
#13268 = FACE_BOUND('',#13269,.T.);
#13269 = EDGE_LOOP('',(#13270,#13277,#13278,#13279));
#13270 = ORIENTED_EDGE('',*,*,#13271,.F.);
#13271 = EDGE_CURVE('',#10074,#10082,#13272,.T.);
#13272 = CIRCLE('',#13273,0.2);
#13273 = AXIS2_PLACEMENT_3D('',#13274,#13275,#13276);
#13274 = CARTESIAN_POINT('',(-42.2,102.7,-2.9));
#13275 = DIRECTION('',(0.,0.,1.));
#13276 = DIRECTION('',(1.,0.,0.));
#13277 = ORIENTED_EDGE('',*,*,#10073,.F.);
#13278 = ORIENTED_EDGE('',*,*,#13256,.T.);
#13279 = ORIENTED_EDGE('',*,*,#10089,.T.);
#13280 = CYLINDRICAL_SURFACE('',#13281,0.2);
#13281 = AXIS2_PLACEMENT_3D('',#13282,#13283,#13284);
#13282 = CARTESIAN_POINT('',(-42.2,102.7,-5.5));
#13283 = DIRECTION('',(0.,0.,1.));
#13284 = DIRECTION('',(1.,0.,0.));
#13285 = ADVANCED_FACE('',(#13286),#13290,.T.);
#13286 = FACE_BOUND('',#13287,.T.);
#13287 = EDGE_LOOP('',(#13288,#13289));
#13288 = ORIENTED_EDGE('',*,*,#10081,.T.);
#13289 = ORIENTED_EDGE('',*,*,#13271,.T.);
#13290 = PLANE('',#13291);
#13291 = AXIS2_PLACEMENT_3D('',#13292,#13293,#13294);
#13292 = CARTESIAN_POINT('',(-42.2,102.7,-2.9));
#13293 = DIRECTION('',(0.,0.,1.));
#13294 = DIRECTION('',(1.,0.,0.));
#13295 = ADVANCED_FACE('',(#13296),#13321,.F.);
#13296 = FACE_BOUND('',#13297,.F.);
#13297 = EDGE_LOOP('',(#13298,#13299,#13307,#13315));
#13298 = ORIENTED_EDGE('',*,*,#10132,.F.);
#13299 = ORIENTED_EDGE('',*,*,#13300,.T.);
#13300 = EDGE_CURVE('',#10133,#13301,#13303,.T.);
#13301 = VERTEX_POINT('',#13302);
#13302 = CARTESIAN_POINT('',(-35.1,83.4,-5.4));
#13303 = LINE('',#13304,#13305);
#13304 = CARTESIAN_POINT('',(-39.5,83.4,-5.4));
#13305 = VECTOR('',#13306,1.);
#13306 = DIRECTION('',(1.,0.,0.));
#13307 = ORIENTED_EDGE('',*,*,#13308,.T.);
#13308 = EDGE_CURVE('',#13301,#13309,#13311,.T.);
#13309 = VERTEX_POINT('',#13310);
#13310 = CARTESIAN_POINT('',(-35.1,86.6,-5.4));
#13311 = LINE('',#13312,#13313);
#13312 = CARTESIAN_POINT('',(-35.1,83.4,-5.4));
#13313 = VECTOR('',#13314,1.);
#13314 = DIRECTION('',(0.,1.,0.));
#13315 = ORIENTED_EDGE('',*,*,#13316,.F.);
#13316 = EDGE_CURVE('',#10135,#13309,#13317,.T.);
#13317 = LINE('',#13318,#13319);
#13318 = CARTESIAN_POINT('',(-39.5,86.6,-5.4));
#13319 = VECTOR('',#13320,1.);
#13320 = DIRECTION('',(1.,0.,0.));
#13321 = PLANE('',#13322);
#13322 = AXIS2_PLACEMENT_3D('',#13323,#13324,#13325);
#13323 = CARTESIAN_POINT('',(-39.5,83.4,-5.4));
#13324 = DIRECTION('',(0.,0.,1.));
#13325 = DIRECTION('',(1.,0.,0.));
#13326 = ADVANCED_FACE('',(#13327),#13345,.T.);
#13327 = FACE_BOUND('',#13328,.T.);
#13328 = EDGE_LOOP('',(#13329,#13330,#13331,#13339));
#13329 = ORIENTED_EDGE('',*,*,#13316,.F.);
#13330 = ORIENTED_EDGE('',*,*,#10158,.T.);
#13331 = ORIENTED_EDGE('',*,*,#13332,.T.);
#13332 = EDGE_CURVE('',#10151,#13333,#13335,.T.);
#13333 = VERTEX_POINT('',#13334);
#13334 = CARTESIAN_POINT('',(-35.1,86.6,-3.));
#13335 = LINE('',#13336,#13337);
#13336 = CARTESIAN_POINT('',(-39.5,86.6,-3.));
#13337 = VECTOR('',#13338,1.);
#13338 = DIRECTION('',(1.,0.,0.));
#13339 = ORIENTED_EDGE('',*,*,#13340,.F.);
#13340 = EDGE_CURVE('',#13309,#13333,#13341,.T.);
#13341 = LINE('',#13342,#13343);
#13342 = CARTESIAN_POINT('',(-35.1,86.6,-5.4));
#13343 = VECTOR('',#13344,1.);
#13344 = DIRECTION('',(0.,0.,1.));
#13345 = PLANE('',#13346);
#13346 = AXIS2_PLACEMENT_3D('',#13347,#13348,#13349);
#13347 = CARTESIAN_POINT('',(-39.5,86.6,-5.4));
#13348 = DIRECTION('',(0.,1.,0.));
#13349 = DIRECTION('',(0.,0.,1.));
#13350 = ADVANCED_FACE('',(#13351),#13369,.T.);
#13351 = FACE_BOUND('',#13352,.T.);
#13352 = EDGE_LOOP('',(#13353,#13354,#13362,#13368));
#13353 = ORIENTED_EDGE('',*,*,#10150,.F.);
#13354 = ORIENTED_EDGE('',*,*,#13355,.T.);
#13355 = EDGE_CURVE('',#10143,#13356,#13358,.T.);
#13356 = VERTEX_POINT('',#13357);
#13357 = CARTESIAN_POINT('',(-35.1,83.4,-3.));
#13358 = LINE('',#13359,#13360);
#13359 = CARTESIAN_POINT('',(-39.5,83.4,-3.));
#13360 = VECTOR('',#13361,1.);
#13361 = DIRECTION('',(1.,0.,0.));
#13362 = ORIENTED_EDGE('',*,*,#13363,.T.);
#13363 = EDGE_CURVE('',#13356,#13333,#13364,.T.);
#13364 = LINE('',#13365,#13366);
#13365 = CARTESIAN_POINT('',(-35.1,83.4,-3.));
#13366 = VECTOR('',#13367,1.);
#13367 = DIRECTION('',(0.,1.,0.));
#13368 = ORIENTED_EDGE('',*,*,#13332,.F.);
#13369 = PLANE('',#13370);
#13370 = AXIS2_PLACEMENT_3D('',#13371,#13372,#13373);
#13371 = CARTESIAN_POINT('',(-39.5,83.4,-3.));
#13372 = DIRECTION('',(0.,0.,1.));
#13373 = DIRECTION('',(1.,0.,0.));
#13374 = ADVANCED_FACE('',(#13375),#13386,.F.);
#13375 = FACE_BOUND('',#13376,.F.);
#13376 = EDGE_LOOP('',(#13377,#13378,#13379,#13380));
#13377 = ORIENTED_EDGE('',*,*,#13300,.F.);
#13378 = ORIENTED_EDGE('',*,*,#10142,.T.);
#13379 = ORIENTED_EDGE('',*,*,#13355,.T.);
#13380 = ORIENTED_EDGE('',*,*,#13381,.F.);
#13381 = EDGE_CURVE('',#13301,#13356,#13382,.T.);
#13382 = LINE('',#13383,#13384);
#13383 = CARTESIAN_POINT('',(-35.1,83.4,-5.4));
#13384 = VECTOR('',#13385,1.);
#13385 = DIRECTION('',(0.,0.,1.));
#13386 = PLANE('',#13387);
#13387 = AXIS2_PLACEMENT_3D('',#13388,#13389,#13390);
#13388 = CARTESIAN_POINT('',(-39.5,83.4,-5.4));
#13389 = DIRECTION('',(0.,1.,0.));
#13390 = DIRECTION('',(0.,0.,1.));
#13391 = ADVANCED_FACE('',(#13392),#13417,.T.);
#13392 = FACE_BOUND('',#13393,.T.);
#13393 = EDGE_LOOP('',(#13394,#13402,#13410,#13416));
#13394 = ORIENTED_EDGE('',*,*,#13395,.T.);
#13395 = EDGE_CURVE('',#10321,#13396,#13398,.T.);
#13396 = VERTEX_POINT('',#13397);
#13397 = CARTESIAN_POINT('',(-42.4,85.,-4.));
#13398 = LINE('',#13399,#13400);
#13399 = CARTESIAN_POINT('',(-42.4,85.,-4.));
#13400 = VECTOR('',#13401,1.);
#13401 = DIRECTION('',(-1.,0.,0.));
#13402 = ORIENTED_EDGE('',*,*,#13403,.F.);
#13403 = EDGE_CURVE('',#13404,#13396,#13406,.T.);
#13404 = VERTEX_POINT('',#13405);
#13405 = CARTESIAN_POINT('',(-42.4,84.4,-4.));
#13406 = LINE('',#13407,#13408);
#13407 = CARTESIAN_POINT('',(-42.4,84.4,-4.));
#13408 = VECTOR('',#13409,1.);
#13409 = DIRECTION('',(0.,1.,0.));
#13410 = ORIENTED_EDGE('',*,*,#13411,.T.);
#13411 = EDGE_CURVE('',#13404,#10319,#13412,.T.);
#13412 = LINE('',#13413,#13414);
#13413 = CARTESIAN_POINT('',(-42.4,84.4,-4.));
#13414 = VECTOR('',#13415,1.);
#13415 = DIRECTION('',(1.,0.,0.));
#13416 = ORIENTED_EDGE('',*,*,#10318,.T.);
#13417 = PLANE('',#13418);
#13418 = AXIS2_PLACEMENT_3D('',#13419,#13420,#13421);
#13419 = CARTESIAN_POINT('',(-42.4,84.4,-4.));
#13420 = DIRECTION('',(0.,0.,1.));
#13421 = DIRECTION('',(1.,0.,0.));
#13422 = ADVANCED_FACE('',(#13423),#13441,.F.);
#13423 = FACE_BOUND('',#13424,.F.);
#13424 = EDGE_LOOP('',(#13425,#13426,#13434,#13440));
#13425 = ORIENTED_EDGE('',*,*,#13395,.T.);
#13426 = ORIENTED_EDGE('',*,*,#13427,.T.);
#13427 = EDGE_CURVE('',#13396,#13428,#13430,.T.);
#13428 = VERTEX_POINT('',#13429);
#13429 = CARTESIAN_POINT('',(-42.4,85.,-3.4));
#13430 = LINE('',#13431,#13432);
#13431 = CARTESIAN_POINT('',(-42.4,85.,-5.));
#13432 = VECTOR('',#13433,1.);
#13433 = DIRECTION('',(0.,0.,1.));
#13434 = ORIENTED_EDGE('',*,*,#13435,.T.);
#13435 = EDGE_CURVE('',#13428,#10401,#13436,.T.);
#13436 = LINE('',#13437,#13438);
#13437 = CARTESIAN_POINT('',(-42.4,85.,-3.4));
#13438 = VECTOR('',#13439,1.);
#13439 = DIRECTION('',(1.,0.,0.));
#13440 = ORIENTED_EDGE('',*,*,#10408,.T.);
#13441 = PLANE('',#13442);
#13442 = AXIS2_PLACEMENT_3D('',#13443,#13444,#13445);
#13443 = CARTESIAN_POINT('',(-42.4,85.,-5.));
#13444 = DIRECTION('',(0.,1.,0.));
#13445 = DIRECTION('',(0.,0.,1.));
#13446 = ADVANCED_FACE('',(#13447),#13465,.T.);
#13447 = FACE_BOUND('',#13448,.T.);
#13448 = EDGE_LOOP('',(#13449,#13457,#13463,#13464));
#13449 = ORIENTED_EDGE('',*,*,#13450,.F.);
#13450 = EDGE_CURVE('',#13451,#10393,#13453,.T.);
#13451 = VERTEX_POINT('',#13452);
#13452 = CARTESIAN_POINT('',(-42.4,85.4,-3.4));
#13453 = LINE('',#13454,#13455);
#13454 = CARTESIAN_POINT('',(-42.4,85.4,-3.4));
#13455 = VECTOR('',#13456,1.);
#13456 = DIRECTION('',(1.,0.,0.));
#13457 = ORIENTED_EDGE('',*,*,#13458,.F.);
#13458 = EDGE_CURVE('',#13428,#13451,#13459,.T.);
#13459 = LINE('',#13460,#13461);
#13460 = CARTESIAN_POINT('',(-42.4,85.,-3.4));
#13461 = VECTOR('',#13462,1.);
#13462 = DIRECTION('',(0.,1.,0.));
#13463 = ORIENTED_EDGE('',*,*,#13435,.T.);
#13464 = ORIENTED_EDGE('',*,*,#10400,.T.);
#13465 = PLANE('',#13466);
#13466 = AXIS2_PLACEMENT_3D('',#13467,#13468,#13469);
#13467 = CARTESIAN_POINT('',(-42.4,85.,-3.4));
#13468 = DIRECTION('',(0.,0.,1.));
#13469 = DIRECTION('',(1.,0.,0.));
#13470 = ADVANCED_FACE('',(#13471),#13489,.T.);
#13471 = FACE_BOUND('',#13472,.T.);
#13472 = EDGE_LOOP('',(#13473,#13481,#13487,#13488));
#13473 = ORIENTED_EDGE('',*,*,#13474,.T.);
#13474 = EDGE_CURVE('',#10385,#13475,#13477,.T.);
#13475 = VERTEX_POINT('',#13476);
#13476 = CARTESIAN_POINT('',(-42.4,85.4,-4.));
#13477 = LINE('',#13478,#13479);
#13478 = CARTESIAN_POINT('',(-42.4,85.4,-4.));
#13479 = VECTOR('',#13480,1.);
#13480 = DIRECTION('',(-1.,0.,0.));
#13481 = ORIENTED_EDGE('',*,*,#13482,.T.);
#13482 = EDGE_CURVE('',#13475,#13451,#13483,.T.);
#13483 = LINE('',#13484,#13485);
#13484 = CARTESIAN_POINT('',(-42.4,85.4,-5.));
#13485 = VECTOR('',#13486,1.);
#13486 = DIRECTION('',(0.,0.,1.));
#13487 = ORIENTED_EDGE('',*,*,#13450,.T.);
#13488 = ORIENTED_EDGE('',*,*,#10392,.T.);
#13489 = PLANE('',#13490);
#13490 = AXIS2_PLACEMENT_3D('',#13491,#13492,#13493);
#13491 = CARTESIAN_POINT('',(-42.4,85.4,-5.));
#13492 = DIRECTION('',(0.,1.,0.));
#13493 = DIRECTION('',(0.,0.,1.));
#13494 = ADVANCED_FACE('',(#13495),#13513,.T.);
#13495 = FACE_BOUND('',#13496,.T.);
#13496 = EDGE_LOOP('',(#13497,#13505,#13511,#13512));
#13497 = ORIENTED_EDGE('',*,*,#13498,.F.);
#13498 = EDGE_CURVE('',#13499,#10377,#13501,.T.);
#13499 = VERTEX_POINT('',#13500);
#13500 = CARTESIAN_POINT('',(-42.4,86.,-4.));
#13501 = LINE('',#13502,#13503);
#13502 = CARTESIAN_POINT('',(-42.4,86.,-4.));
#13503 = VECTOR('',#13504,1.);
#13504 = DIRECTION('',(1.,0.,0.));
#13505 = ORIENTED_EDGE('',*,*,#13506,.F.);
#13506 = EDGE_CURVE('',#13475,#13499,#13507,.T.);
#13507 = LINE('',#13508,#13509);
#13508 = CARTESIAN_POINT('',(-42.4,84.4,-4.));
#13509 = VECTOR('',#13510,1.);
#13510 = DIRECTION('',(0.,1.,0.));
#13511 = ORIENTED_EDGE('',*,*,#13474,.F.);
#13512 = ORIENTED_EDGE('',*,*,#10384,.T.);
#13513 = PLANE('',#13514);
#13514 = AXIS2_PLACEMENT_3D('',#13515,#13516,#13517);
#13515 = CARTESIAN_POINT('',(-42.4,84.4,-4.));
#13516 = DIRECTION('',(0.,0.,1.));
#13517 = DIRECTION('',(1.,0.,0.));
#13518 = ADVANCED_FACE('',(#13519),#13537,.T.);
#13519 = FACE_BOUND('',#13520,.T.);
#13520 = EDGE_LOOP('',(#13521,#13529,#13535,#13536));
#13521 = ORIENTED_EDGE('',*,*,#13522,.F.);
#13522 = EDGE_CURVE('',#13523,#10369,#13525,.T.);
#13523 = VERTEX_POINT('',#13524);
#13524 = CARTESIAN_POINT('',(-42.4,86.,-4.4));
#13525 = LINE('',#13526,#13527);
#13526 = CARTESIAN_POINT('',(-42.4,86.,-4.4));
#13527 = VECTOR('',#13528,1.);
#13528 = DIRECTION('',(1.,0.,0.));
#13529 = ORIENTED_EDGE('',*,*,#13530,.T.);
#13530 = EDGE_CURVE('',#13523,#13499,#13531,.T.);
#13531 = LINE('',#13532,#13533);
#13532 = CARTESIAN_POINT('',(-42.4,86.,-4.4));
#13533 = VECTOR('',#13534,1.);
#13534 = DIRECTION('',(0.,0.,1.));
#13535 = ORIENTED_EDGE('',*,*,#13498,.T.);
#13536 = ORIENTED_EDGE('',*,*,#10376,.T.);
#13537 = PLANE('',#13538);
#13538 = AXIS2_PLACEMENT_3D('',#13539,#13540,#13541);
#13539 = CARTESIAN_POINT('',(-42.4,86.,-4.4));
#13540 = DIRECTION('',(0.,1.,0.));
#13541 = DIRECTION('',(0.,0.,1.));
#13542 = ADVANCED_FACE('',(#13543),#13561,.F.);
#13543 = FACE_BOUND('',#13544,.F.);
#13544 = EDGE_LOOP('',(#13545,#13546,#13554,#13560));
#13545 = ORIENTED_EDGE('',*,*,#13522,.F.);
#13546 = ORIENTED_EDGE('',*,*,#13547,.F.);
#13547 = EDGE_CURVE('',#13548,#13523,#13550,.T.);
#13548 = VERTEX_POINT('',#13549);
#13549 = CARTESIAN_POINT('',(-42.4,85.4,-4.4));
#13550 = LINE('',#13551,#13552);
#13551 = CARTESIAN_POINT('',(-42.4,84.4,-4.4));
#13552 = VECTOR('',#13553,1.);
#13553 = DIRECTION('',(0.,1.,0.));
#13554 = ORIENTED_EDGE('',*,*,#13555,.F.);
#13555 = EDGE_CURVE('',#10361,#13548,#13556,.T.);
#13556 = LINE('',#13557,#13558);
#13557 = CARTESIAN_POINT('',(-42.4,85.4,-4.4));
#13558 = VECTOR('',#13559,1.);
#13559 = DIRECTION('',(-1.,0.,0.));
#13560 = ORIENTED_EDGE('',*,*,#10368,.T.);
#13561 = PLANE('',#13562);
#13562 = AXIS2_PLACEMENT_3D('',#13563,#13564,#13565);
#13563 = CARTESIAN_POINT('',(-42.4,84.4,-4.4));
#13564 = DIRECTION('',(0.,0.,1.));
#13565 = DIRECTION('',(1.,0.,0.));
#13566 = ADVANCED_FACE('',(#13567),#13585,.T.);
#13567 = FACE_BOUND('',#13568,.T.);
#13568 = EDGE_LOOP('',(#13569,#13577,#13583,#13584));
#13569 = ORIENTED_EDGE('',*,*,#13570,.F.);
#13570 = EDGE_CURVE('',#13571,#10353,#13573,.T.);
#13571 = VERTEX_POINT('',#13572);
#13572 = CARTESIAN_POINT('',(-42.4,85.4,-5.));
#13573 = LINE('',#13574,#13575);
#13574 = CARTESIAN_POINT('',(-42.4,85.4,-5.));
#13575 = VECTOR('',#13576,1.);
#13576 = DIRECTION('',(1.,0.,0.));
#13577 = ORIENTED_EDGE('',*,*,#13578,.T.);
#13578 = EDGE_CURVE('',#13571,#13548,#13579,.T.);
#13579 = LINE('',#13580,#13581);
#13580 = CARTESIAN_POINT('',(-42.4,85.4,-5.));
#13581 = VECTOR('',#13582,1.);
#13582 = DIRECTION('',(0.,0.,1.));
#13583 = ORIENTED_EDGE('',*,*,#13555,.F.);
#13584 = ORIENTED_EDGE('',*,*,#10360,.T.);
#13585 = PLANE('',#13586);
#13586 = AXIS2_PLACEMENT_3D('',#13587,#13588,#13589);
#13587 = CARTESIAN_POINT('',(-42.4,85.4,-5.));
#13588 = DIRECTION('',(0.,1.,0.));
#13589 = DIRECTION('',(0.,0.,1.));
#13590 = ADVANCED_FACE('',(#13591),#13609,.F.);
#13591 = FACE_BOUND('',#13592,.F.);
#13592 = EDGE_LOOP('',(#13593,#13594,#13602,#13608));
#13593 = ORIENTED_EDGE('',*,*,#13570,.F.);
#13594 = ORIENTED_EDGE('',*,*,#13595,.F.);
#13595 = EDGE_CURVE('',#13596,#13571,#13598,.T.);
#13596 = VERTEX_POINT('',#13597);
#13597 = CARTESIAN_POINT('',(-42.4,85.,-5.));
#13598 = LINE('',#13599,#13600);
#13599 = CARTESIAN_POINT('',(-42.4,85.,-5.));
#13600 = VECTOR('',#13601,1.);
#13601 = DIRECTION('',(0.,1.,0.));
#13602 = ORIENTED_EDGE('',*,*,#13603,.T.);
#13603 = EDGE_CURVE('',#13596,#10345,#13604,.T.);
#13604 = LINE('',#13605,#13606);
#13605 = CARTESIAN_POINT('',(-42.4,85.,-5.));
#13606 = VECTOR('',#13607,1.);
#13607 = DIRECTION('',(1.,0.,0.));
#13608 = ORIENTED_EDGE('',*,*,#10352,.T.);
#13609 = PLANE('',#13610);
#13610 = AXIS2_PLACEMENT_3D('',#13611,#13612,#13613);
#13611 = CARTESIAN_POINT('',(-42.4,85.,-5.));
#13612 = DIRECTION('',(0.,0.,1.));
#13613 = DIRECTION('',(1.,0.,0.));
#13614 = ADVANCED_FACE('',(#13615),#13633,.F.);
#13615 = FACE_BOUND('',#13616,.F.);
#13616 = EDGE_LOOP('',(#13617,#13618,#13626,#13632));
#13617 = ORIENTED_EDGE('',*,*,#13603,.F.);
#13618 = ORIENTED_EDGE('',*,*,#13619,.T.);
#13619 = EDGE_CURVE('',#13596,#13620,#13622,.T.);
#13620 = VERTEX_POINT('',#13621);
#13621 = CARTESIAN_POINT('',(-42.4,85.,-4.4));
#13622 = LINE('',#13623,#13624);
#13623 = CARTESIAN_POINT('',(-42.4,85.,-5.));
#13624 = VECTOR('',#13625,1.);
#13625 = DIRECTION('',(0.,0.,1.));
#13626 = ORIENTED_EDGE('',*,*,#13627,.F.);
#13627 = EDGE_CURVE('',#10337,#13620,#13628,.T.);
#13628 = LINE('',#13629,#13630);
#13629 = CARTESIAN_POINT('',(-42.4,85.,-4.4));
#13630 = VECTOR('',#13631,1.);
#13631 = DIRECTION('',(-1.,0.,0.));
#13632 = ORIENTED_EDGE('',*,*,#10344,.T.);
#13633 = PLANE('',#13634);
#13634 = AXIS2_PLACEMENT_3D('',#13635,#13636,#13637);
#13635 = CARTESIAN_POINT('',(-42.4,85.,-5.));
#13636 = DIRECTION('',(0.,1.,0.));
#13637 = DIRECTION('',(0.,0.,1.));
#13638 = ADVANCED_FACE('',(#13639),#13657,.F.);
#13639 = FACE_BOUND('',#13640,.F.);
#13640 = EDGE_LOOP('',(#13641,#13642,#13650,#13656));
#13641 = ORIENTED_EDGE('',*,*,#13627,.T.);
#13642 = ORIENTED_EDGE('',*,*,#13643,.F.);
#13643 = EDGE_CURVE('',#13644,#13620,#13646,.T.);
#13644 = VERTEX_POINT('',#13645);
#13645 = CARTESIAN_POINT('',(-42.4,84.4,-4.4));
#13646 = LINE('',#13647,#13648);
#13647 = CARTESIAN_POINT('',(-42.4,84.4,-4.4));
#13648 = VECTOR('',#13649,1.);
#13649 = DIRECTION('',(0.,1.,0.));
#13650 = ORIENTED_EDGE('',*,*,#13651,.T.);
#13651 = EDGE_CURVE('',#13644,#10329,#13652,.T.);
#13652 = LINE('',#13653,#13654);
#13653 = CARTESIAN_POINT('',(-42.4,84.4,-4.4));
#13654 = VECTOR('',#13655,1.);
#13655 = DIRECTION('',(1.,0.,0.));
#13656 = ORIENTED_EDGE('',*,*,#10336,.T.);
#13657 = PLANE('',#13658);
#13658 = AXIS2_PLACEMENT_3D('',#13659,#13660,#13661);
#13659 = CARTESIAN_POINT('',(-42.4,84.4,-4.4));
#13660 = DIRECTION('',(0.,0.,1.));
#13661 = DIRECTION('',(1.,0.,0.));
#13662 = ADVANCED_FACE('',(#13663),#13674,.F.);
#13663 = FACE_BOUND('',#13664,.F.);
#13664 = EDGE_LOOP('',(#13665,#13666,#13672,#13673));
#13665 = ORIENTED_EDGE('',*,*,#13651,.F.);
#13666 = ORIENTED_EDGE('',*,*,#13667,.T.);
#13667 = EDGE_CURVE('',#13644,#13404,#13668,.T.);
#13668 = LINE('',#13669,#13670);
#13669 = CARTESIAN_POINT('',(-42.4,84.4,-4.4));
#13670 = VECTOR('',#13671,1.);
#13671 = DIRECTION('',(0.,0.,1.));
#13672 = ORIENTED_EDGE('',*,*,#13411,.T.);
#13673 = ORIENTED_EDGE('',*,*,#10328,.T.);
#13674 = PLANE('',#13675);
#13675 = AXIS2_PLACEMENT_3D('',#13676,#13677,#13678);
#13676 = CARTESIAN_POINT('',(-42.4,84.4,-4.4));
#13677 = DIRECTION('',(0.,1.,0.));
#13678 = DIRECTION('',(0.,0.,1.));
#13679 = ADVANCED_FACE('',(#13680),#13705,.F.);
#13680 = FACE_BOUND('',#13681,.F.);
#13681 = EDGE_LOOP('',(#13682,#13683,#13691,#13699));
#13682 = ORIENTED_EDGE('',*,*,#10449,.F.);
#13683 = ORIENTED_EDGE('',*,*,#13684,.T.);
#13684 = EDGE_CURVE('',#10450,#13685,#13687,.T.);
#13685 = VERTEX_POINT('',#13686);
#13686 = CARTESIAN_POINT('',(-35.1,73.4,-5.4));
#13687 = LINE('',#13688,#13689);
#13688 = CARTESIAN_POINT('',(-39.5,73.4,-5.4));
#13689 = VECTOR('',#13690,1.);
#13690 = DIRECTION('',(1.,0.,0.));
#13691 = ORIENTED_EDGE('',*,*,#13692,.T.);
#13692 = EDGE_CURVE('',#13685,#13693,#13695,.T.);
#13693 = VERTEX_POINT('',#13694);
#13694 = CARTESIAN_POINT('',(-35.1,76.6,-5.4));
#13695 = LINE('',#13696,#13697);
#13696 = CARTESIAN_POINT('',(-35.1,73.4,-5.4));
#13697 = VECTOR('',#13698,1.);
#13698 = DIRECTION('',(0.,1.,0.));
#13699 = ORIENTED_EDGE('',*,*,#13700,.F.);
#13700 = EDGE_CURVE('',#10452,#13693,#13701,.T.);
#13701 = LINE('',#13702,#13703);
#13702 = CARTESIAN_POINT('',(-39.5,76.6,-5.4));
#13703 = VECTOR('',#13704,1.);
#13704 = DIRECTION('',(1.,0.,0.));
#13705 = PLANE('',#13706);
#13706 = AXIS2_PLACEMENT_3D('',#13707,#13708,#13709);
#13707 = CARTESIAN_POINT('',(-39.5,73.4,-5.4));
#13708 = DIRECTION('',(0.,0.,1.));
#13709 = DIRECTION('',(1.,0.,0.));
#13710 = ADVANCED_FACE('',(#13711),#13729,.T.);
#13711 = FACE_BOUND('',#13712,.T.);
#13712 = EDGE_LOOP('',(#13713,#13714,#13715,#13723));
#13713 = ORIENTED_EDGE('',*,*,#13700,.F.);
#13714 = ORIENTED_EDGE('',*,*,#10475,.T.);
#13715 = ORIENTED_EDGE('',*,*,#13716,.T.);
#13716 = EDGE_CURVE('',#10468,#13717,#13719,.T.);
#13717 = VERTEX_POINT('',#13718);
#13718 = CARTESIAN_POINT('',(-35.1,76.6,-3.));
#13719 = LINE('',#13720,#13721);
#13720 = CARTESIAN_POINT('',(-39.5,76.6,-3.));
#13721 = VECTOR('',#13722,1.);
#13722 = DIRECTION('',(1.,0.,0.));
#13723 = ORIENTED_EDGE('',*,*,#13724,.F.);
#13724 = EDGE_CURVE('',#13693,#13717,#13725,.T.);
#13725 = LINE('',#13726,#13727);
#13726 = CARTESIAN_POINT('',(-35.1,76.6,-5.4));
#13727 = VECTOR('',#13728,1.);
#13728 = DIRECTION('',(0.,0.,1.));
#13729 = PLANE('',#13730);
#13730 = AXIS2_PLACEMENT_3D('',#13731,#13732,#13733);
#13731 = CARTESIAN_POINT('',(-39.5,76.6,-5.4));
#13732 = DIRECTION('',(0.,1.,0.));
#13733 = DIRECTION('',(0.,0.,1.));
#13734 = ADVANCED_FACE('',(#13735),#13753,.T.);
#13735 = FACE_BOUND('',#13736,.T.);
#13736 = EDGE_LOOP('',(#13737,#13738,#13746,#13752));
#13737 = ORIENTED_EDGE('',*,*,#10467,.F.);
#13738 = ORIENTED_EDGE('',*,*,#13739,.T.);
#13739 = EDGE_CURVE('',#10460,#13740,#13742,.T.);
#13740 = VERTEX_POINT('',#13741);
#13741 = CARTESIAN_POINT('',(-35.1,73.4,-3.));
#13742 = LINE('',#13743,#13744);
#13743 = CARTESIAN_POINT('',(-39.5,73.4,-3.));
#13744 = VECTOR('',#13745,1.);
#13745 = DIRECTION('',(1.,0.,0.));
#13746 = ORIENTED_EDGE('',*,*,#13747,.T.);
#13747 = EDGE_CURVE('',#13740,#13717,#13748,.T.);
#13748 = LINE('',#13749,#13750);
#13749 = CARTESIAN_POINT('',(-35.1,73.4,-3.));
#13750 = VECTOR('',#13751,1.);
#13751 = DIRECTION('',(0.,1.,0.));
#13752 = ORIENTED_EDGE('',*,*,#13716,.F.);
#13753 = PLANE('',#13754);
#13754 = AXIS2_PLACEMENT_3D('',#13755,#13756,#13757);
#13755 = CARTESIAN_POINT('',(-39.5,73.4,-3.));
#13756 = DIRECTION('',(0.,0.,1.));
#13757 = DIRECTION('',(1.,0.,0.));
#13758 = ADVANCED_FACE('',(#13759),#13770,.F.);
#13759 = FACE_BOUND('',#13760,.F.);
#13760 = EDGE_LOOP('',(#13761,#13762,#13763,#13764));
#13761 = ORIENTED_EDGE('',*,*,#13684,.F.);
#13762 = ORIENTED_EDGE('',*,*,#10459,.T.);
#13763 = ORIENTED_EDGE('',*,*,#13739,.T.);
#13764 = ORIENTED_EDGE('',*,*,#13765,.F.);
#13765 = EDGE_CURVE('',#13685,#13740,#13766,.T.);
#13766 = LINE('',#13767,#13768);
#13767 = CARTESIAN_POINT('',(-35.1,73.4,-5.4));
#13768 = VECTOR('',#13769,1.);
#13769 = DIRECTION('',(0.,0.,1.));
#13770 = PLANE('',#13771);
#13771 = AXIS2_PLACEMENT_3D('',#13772,#13773,#13774);
#13772 = CARTESIAN_POINT('',(-39.5,73.4,-5.4));
#13773 = DIRECTION('',(0.,1.,0.));
#13774 = DIRECTION('',(0.,0.,1.));
#13775 = ADVANCED_FACE('',(#13776),#13801,.T.);
#13776 = FACE_BOUND('',#13777,.T.);
#13777 = EDGE_LOOP('',(#13778,#13786,#13794,#13800));
#13778 = ORIENTED_EDGE('',*,*,#13779,.F.);
#13779 = EDGE_CURVE('',#13780,#10510,#13782,.T.);
#13780 = VERTEX_POINT('',#13781);
#13781 = CARTESIAN_POINT('',(-42.4,75.6,-4.));
#13782 = LINE('',#13783,#13784);
#13783 = CARTESIAN_POINT('',(-42.4,75.6,-4.));
#13784 = VECTOR('',#13785,1.);
#13785 = DIRECTION('',(1.,0.,0.));
#13786 = ORIENTED_EDGE('',*,*,#13787,.F.);
#13787 = EDGE_CURVE('',#13788,#13780,#13790,.T.);
#13788 = VERTEX_POINT('',#13789);
#13789 = CARTESIAN_POINT('',(-42.4,74.,-4.));
#13790 = LINE('',#13791,#13792);
#13791 = CARTESIAN_POINT('',(-42.4,74.,-4.));
#13792 = VECTOR('',#13793,1.);
#13793 = DIRECTION('',(0.,1.,0.));
#13794 = ORIENTED_EDGE('',*,*,#13795,.T.);
#13795 = EDGE_CURVE('',#13788,#10508,#13796,.T.);
#13796 = LINE('',#13797,#13798);
#13797 = CARTESIAN_POINT('',(-42.4,74.,-4.));
#13798 = VECTOR('',#13799,1.);
#13799 = DIRECTION('',(1.,0.,0.));
#13800 = ORIENTED_EDGE('',*,*,#10507,.T.);
#13801 = PLANE('',#13802);
#13802 = AXIS2_PLACEMENT_3D('',#13803,#13804,#13805);
#13803 = CARTESIAN_POINT('',(-42.4,74.,-4.));
#13804 = DIRECTION('',(0.,0.,1.));
#13805 = DIRECTION('',(1.,0.,0.));
#13806 = ADVANCED_FACE('',(#13807),#13825,.T.);
#13807 = FACE_BOUND('',#13808,.T.);
#13808 = EDGE_LOOP('',(#13809,#13817,#13823,#13824));
#13809 = ORIENTED_EDGE('',*,*,#13810,.F.);
#13810 = EDGE_CURVE('',#13811,#10526,#13813,.T.);
#13811 = VERTEX_POINT('',#13812);
#13812 = CARTESIAN_POINT('',(-42.4,75.6,-4.4));
#13813 = LINE('',#13814,#13815);
#13814 = CARTESIAN_POINT('',(-42.4,75.6,-4.4));
#13815 = VECTOR('',#13816,1.);
#13816 = DIRECTION('',(1.,0.,0.));
#13817 = ORIENTED_EDGE('',*,*,#13818,.T.);
#13818 = EDGE_CURVE('',#13811,#13780,#13819,.T.);
#13819 = LINE('',#13820,#13821);
#13820 = CARTESIAN_POINT('',(-42.4,75.6,-4.4));
#13821 = VECTOR('',#13822,1.);
#13822 = DIRECTION('',(0.,0.,1.));
#13823 = ORIENTED_EDGE('',*,*,#13779,.T.);
#13824 = ORIENTED_EDGE('',*,*,#10533,.T.);
#13825 = PLANE('',#13826);
#13826 = AXIS2_PLACEMENT_3D('',#13827,#13828,#13829);
#13827 = CARTESIAN_POINT('',(-42.4,75.6,-4.4));
#13828 = DIRECTION('',(0.,1.,0.));
#13829 = DIRECTION('',(0.,0.,1.));
#13830 = ADVANCED_FACE('',(#13831),#13849,.F.);
#13831 = FACE_BOUND('',#13832,.F.);
#13832 = EDGE_LOOP('',(#13833,#13834,#13842,#13848));
#13833 = ORIENTED_EDGE('',*,*,#13810,.F.);
#13834 = ORIENTED_EDGE('',*,*,#13835,.F.);
#13835 = EDGE_CURVE('',#13836,#13811,#13838,.T.);
#13836 = VERTEX_POINT('',#13837);
#13837 = CARTESIAN_POINT('',(-42.4,74.,-4.4));
#13838 = LINE('',#13839,#13840);
#13839 = CARTESIAN_POINT('',(-42.4,74.,-4.4));
#13840 = VECTOR('',#13841,1.);
#13841 = DIRECTION('',(0.,1.,0.));
#13842 = ORIENTED_EDGE('',*,*,#13843,.T.);
#13843 = EDGE_CURVE('',#13836,#10518,#13844,.T.);
#13844 = LINE('',#13845,#13846);
#13845 = CARTESIAN_POINT('',(-42.4,74.,-4.4));
#13846 = VECTOR('',#13847,1.);
#13847 = DIRECTION('',(1.,0.,0.));
#13848 = ORIENTED_EDGE('',*,*,#10525,.T.);
#13849 = PLANE('',#13850);
#13850 = AXIS2_PLACEMENT_3D('',#13851,#13852,#13853);
#13851 = CARTESIAN_POINT('',(-42.4,74.,-4.4));
#13852 = DIRECTION('',(0.,0.,1.));
#13853 = DIRECTION('',(1.,0.,0.));
#13854 = ADVANCED_FACE('',(#13855),#13866,.F.);
#13855 = FACE_BOUND('',#13856,.F.);
#13856 = EDGE_LOOP('',(#13857,#13858,#13864,#13865));
#13857 = ORIENTED_EDGE('',*,*,#13843,.F.);
#13858 = ORIENTED_EDGE('',*,*,#13859,.T.);
#13859 = EDGE_CURVE('',#13836,#13788,#13860,.T.);
#13860 = LINE('',#13861,#13862);
#13861 = CARTESIAN_POINT('',(-42.4,74.,-4.4));
#13862 = VECTOR('',#13863,1.);
#13863 = DIRECTION('',(0.,0.,1.));
#13864 = ORIENTED_EDGE('',*,*,#13795,.T.);
#13865 = ORIENTED_EDGE('',*,*,#10517,.T.);
#13866 = PLANE('',#13867);
#13867 = AXIS2_PLACEMENT_3D('',#13868,#13869,#13870);
#13868 = CARTESIAN_POINT('',(-42.4,74.,-4.4));
#13869 = DIRECTION('',(0.,1.,0.));
#13870 = DIRECTION('',(0.,0.,1.));
#13871 = ADVANCED_FACE('',(#13872),#13883,.F.);
#13872 = FACE_BOUND('',#13873,.F.);
#13873 = EDGE_LOOP('',(#13874,#13875,#13876,#13877));
#13874 = ORIENTED_EDGE('',*,*,#11730,.F.);
#13875 = ORIENTED_EDGE('',*,*,#11707,.F.);
#13876 = ORIENTED_EDGE('',*,*,#11587,.T.);
#13877 = ORIENTED_EDGE('',*,*,#13878,.T.);
#13878 = EDGE_CURVE('',#11590,#11731,#13879,.T.);
#13879 = LINE('',#13880,#13881);
#13880 = CARTESIAN_POINT('',(-6.7,33.95,-16.));
#13881 = VECTOR('',#13882,1.);
#13882 = DIRECTION('',(0.,1.,0.));
#13883 = PLANE('',#13884);
#13884 = AXIS2_PLACEMENT_3D('',#13885,#13886,#13887);
#13885 = CARTESIAN_POINT('',(-7.75,34.,-16.));
#13886 = DIRECTION('',(0.,0.,1.));
#13887 = DIRECTION('',(1.,0.,0.));
#13888 = ADVANCED_FACE('',(#13889),#13900,.T.);
#13889 = FACE_BOUND('',#13890,.T.);
#13890 = EDGE_LOOP('',(#13891,#13897,#13898,#13899));
#13891 = ORIENTED_EDGE('',*,*,#13892,.F.);
#13892 = EDGE_CURVE('',#11661,#11790,#13893,.T.);
#13893 = LINE('',#13894,#13895);
#13894 = CARTESIAN_POINT('',(-6.7,33.9,-15.2));
#13895 = VECTOR('',#13896,1.);
#13896 = DIRECTION('',(0.,1.,0.));
#13897 = ORIENTED_EDGE('',*,*,#11668,.T.);
#13898 = ORIENTED_EDGE('',*,*,#13878,.T.);
#13899 = ORIENTED_EDGE('',*,*,#11797,.F.);
#13900 = PLANE('',#13901);
#13901 = AXIS2_PLACEMENT_3D('',#13902,#13903,#13904);
#13902 = CARTESIAN_POINT('',(-6.7,33.9,-16.05));
#13903 = DIRECTION('',(1.,0.,0.));
#13904 = DIRECTION('',(0.,0.,1.));
#13905 = ADVANCED_FACE('',(#13906),#13917,.T.);
#13906 = FACE_BOUND('',#13907,.T.);
#13907 = EDGE_LOOP('',(#13908,#13914,#13915,#13916));
#13908 = ORIENTED_EDGE('',*,*,#13909,.F.);
#13909 = EDGE_CURVE('',#11653,#11782,#13910,.T.);
#13910 = LINE('',#13911,#13912);
#13911 = CARTESIAN_POINT('',(-7.1,33.9,-15.2));
#13912 = VECTOR('',#13913,1.);
#13913 = DIRECTION('',(0.,1.,0.));
#13914 = ORIENTED_EDGE('',*,*,#11660,.T.);
#13915 = ORIENTED_EDGE('',*,*,#13892,.T.);
#13916 = ORIENTED_EDGE('',*,*,#11789,.F.);
#13917 = PLANE('',#13918);
#13918 = AXIS2_PLACEMENT_3D('',#13919,#13920,#13921);
#13919 = CARTESIAN_POINT('',(-7.1,33.9,-15.2));
#13920 = DIRECTION('',(0.,0.,1.));
#13921 = DIRECTION('',(1.,0.,0.));
#13922 = ADVANCED_FACE('',(#13923),#13934,.T.);
#13923 = FACE_BOUND('',#13924,.T.);
#13924 = EDGE_LOOP('',(#13925,#13931,#13932,#13933));
#13925 = ORIENTED_EDGE('',*,*,#13926,.F.);
#13926 = EDGE_CURVE('',#11645,#11774,#13927,.T.);
#13927 = LINE('',#13928,#13929);
#13928 = CARTESIAN_POINT('',(-7.1,33.9,-12.));
#13929 = VECTOR('',#13930,1.);
#13930 = DIRECTION('',(0.,1.,0.));
#13931 = ORIENTED_EDGE('',*,*,#11652,.T.);
#13932 = ORIENTED_EDGE('',*,*,#13909,.T.);
#13933 = ORIENTED_EDGE('',*,*,#11781,.F.);
#13934 = PLANE('',#13935);
#13935 = AXIS2_PLACEMENT_3D('',#13936,#13937,#13938);
#13936 = CARTESIAN_POINT('',(-7.1,33.9,-15.2));
#13937 = DIRECTION('',(1.,0.,0.));
#13938 = DIRECTION('',(0.,0.,1.));
#13939 = ADVANCED_FACE('',(#13940),#13951,.F.);
#13940 = FACE_BOUND('',#13941,.F.);
#13941 = EDGE_LOOP('',(#13942,#13943,#13944,#13950));
#13942 = ORIENTED_EDGE('',*,*,#13926,.F.);
#13943 = ORIENTED_EDGE('',*,*,#11644,.T.);
#13944 = ORIENTED_EDGE('',*,*,#13945,.T.);
#13945 = EDGE_CURVE('',#11637,#11766,#13946,.T.);
#13946 = LINE('',#13947,#13948);
#13947 = CARTESIAN_POINT('',(-4.9,33.9,-12.));
#13948 = VECTOR('',#13949,1.);
#13949 = DIRECTION('',(0.,1.,0.));
#13950 = ORIENTED_EDGE('',*,*,#11773,.F.);
#13951 = PLANE('',#13952);
#13952 = AXIS2_PLACEMENT_3D('',#13953,#13954,#13955);
#13953 = CARTESIAN_POINT('',(-7.1,33.9,-12.));
#13954 = DIRECTION('',(0.,0.,1.));
#13955 = DIRECTION('',(1.,0.,0.));
#13956 = ADVANCED_FACE('',(#13957),#13968,.F.);
#13957 = FACE_BOUND('',#13958,.F.);
#13958 = EDGE_LOOP('',(#13959,#13960,#13961,#13967));
#13959 = ORIENTED_EDGE('',*,*,#13945,.F.);
#13960 = ORIENTED_EDGE('',*,*,#11636,.T.);
#13961 = ORIENTED_EDGE('',*,*,#13962,.T.);
#13962 = EDGE_CURVE('',#11629,#11758,#13963,.T.);
#13963 = LINE('',#13964,#13965);
#13964 = CARTESIAN_POINT('',(-4.9,33.9,-15.2));
#13965 = VECTOR('',#13966,1.);
#13966 = DIRECTION('',(0.,1.,0.));
#13967 = ORIENTED_EDGE('',*,*,#11765,.F.);
#13968 = PLANE('',#13969);
#13969 = AXIS2_PLACEMENT_3D('',#13970,#13971,#13972);
#13970 = CARTESIAN_POINT('',(-4.9,33.9,-15.2));
#13971 = DIRECTION('',(1.,0.,0.));
#13972 = DIRECTION('',(0.,0.,1.));
#13973 = ADVANCED_FACE('',(#13974),#13985,.T.);
#13974 = FACE_BOUND('',#13975,.T.);
#13975 = EDGE_LOOP('',(#13976,#13982,#13983,#13984));
#13976 = ORIENTED_EDGE('',*,*,#13977,.F.);
#13977 = EDGE_CURVE('',#11621,#11750,#13978,.T.);
#13978 = LINE('',#13979,#13980);
#13979 = CARTESIAN_POINT('',(-5.3,33.9,-15.2));
#13980 = VECTOR('',#13981,1.);
#13981 = DIRECTION('',(0.,1.,0.));
#13982 = ORIENTED_EDGE('',*,*,#11628,.T.);
#13983 = ORIENTED_EDGE('',*,*,#13962,.T.);
#13984 = ORIENTED_EDGE('',*,*,#11757,.F.);
#13985 = PLANE('',#13986);
#13986 = AXIS2_PLACEMENT_3D('',#13987,#13988,#13989);
#13987 = CARTESIAN_POINT('',(-7.1,33.9,-15.2));
#13988 = DIRECTION('',(0.,0.,1.));
#13989 = DIRECTION('',(1.,0.,0.));
#13990 = ADVANCED_FACE('',(#13991),#14002,.F.);
#13991 = FACE_BOUND('',#13992,.F.);
#13992 = EDGE_LOOP('',(#13993,#13994,#13995,#14001));
#13993 = ORIENTED_EDGE('',*,*,#13977,.F.);
#13994 = ORIENTED_EDGE('',*,*,#11620,.T.);
#13995 = ORIENTED_EDGE('',*,*,#13996,.T.);
#13996 = EDGE_CURVE('',#11613,#11742,#13997,.T.);
#13997 = LINE('',#13998,#13999);
#13998 = CARTESIAN_POINT('',(-5.3,33.95,-16.));
#13999 = VECTOR('',#14000,1.);
#14000 = DIRECTION('',(0.,1.,0.));
#14001 = ORIENTED_EDGE('',*,*,#11749,.F.);
#14002 = PLANE('',#14003);
#14003 = AXIS2_PLACEMENT_3D('',#14004,#14005,#14006);
#14004 = CARTESIAN_POINT('',(-5.3,33.9,-16.05));
#14005 = DIRECTION('',(1.,0.,0.));
#14006 = DIRECTION('',(0.,0.,1.));
#14007 = ADVANCED_FACE('',(#14008),#14014,.F.);
#14008 = FACE_BOUND('',#14009,.F.);
#14009 = EDGE_LOOP('',(#14010,#14011,#14012,#14013));
#14010 = ORIENTED_EDGE('',*,*,#11741,.F.);
#14011 = ORIENTED_EDGE('',*,*,#13996,.F.);
#14012 = ORIENTED_EDGE('',*,*,#11612,.T.);
#14013 = ORIENTED_EDGE('',*,*,#11683,.T.);
#14014 = PLANE('',#14015);
#14015 = AXIS2_PLACEMENT_3D('',#14016,#14017,#14018);
#14016 = CARTESIAN_POINT('',(-7.75,34.,-16.));
#14017 = DIRECTION('',(0.,0.,1.));
#14018 = DIRECTION('',(1.,0.,0.));
#14019 = ADVANCED_FACE('',(#14020),#14031,.F.);
#14020 = FACE_BOUND('',#14021,.F.);
#14021 = EDGE_LOOP('',(#14022,#14023,#14024,#14025));
#14022 = ORIENTED_EDGE('',*,*,#12066,.F.);
#14023 = ORIENTED_EDGE('',*,*,#12155,.F.);
#14024 = ORIENTED_EDGE('',*,*,#11947,.T.);
#14025 = ORIENTED_EDGE('',*,*,#14026,.T.);
#14026 = EDGE_CURVE('',#11950,#12069,#14027,.T.);
#14027 = LINE('',#14028,#14029);
#14028 = CARTESIAN_POINT('',(-6.7,87.95,-16.));
#14029 = VECTOR('',#14030,1.);
#14030 = DIRECTION('',(0.,1.,0.));
#14031 = PLANE('',#14032);
#14032 = AXIS2_PLACEMENT_3D('',#14033,#14034,#14035);
#14033 = CARTESIAN_POINT('',(-7.75,88.,-16.));
#14034 = DIRECTION('',(0.,0.,1.));
#14035 = DIRECTION('',(1.,0.,0.));
#14036 = ADVANCED_FACE('',(#14037),#14048,.T.);
#14037 = FACE_BOUND('',#14038,.T.);
#14038 = EDGE_LOOP('',(#14039,#14045,#14046,#14047));
#14039 = ORIENTED_EDGE('',*,*,#14040,.F.);
#14040 = EDGE_CURVE('',#12021,#12133,#14041,.T.);
#14041 = LINE('',#14042,#14043);
#14042 = CARTESIAN_POINT('',(-6.7,87.9,-15.2));
#14043 = VECTOR('',#14044,1.);
#14044 = DIRECTION('',(0.,1.,0.));
#14045 = ORIENTED_EDGE('',*,*,#12028,.T.);
#14046 = ORIENTED_EDGE('',*,*,#14026,.T.);
#14047 = ORIENTED_EDGE('',*,*,#12140,.F.);
#14048 = PLANE('',#14049);
#14049 = AXIS2_PLACEMENT_3D('',#14050,#14051,#14052);
#14050 = CARTESIAN_POINT('',(-6.7,87.9,-16.05));
#14051 = DIRECTION('',(1.,0.,0.));
#14052 = DIRECTION('',(0.,0.,1.));
#14053 = ADVANCED_FACE('',(#14054),#14065,.T.);
#14054 = FACE_BOUND('',#14055,.T.);
#14055 = EDGE_LOOP('',(#14056,#14062,#14063,#14064));
#14056 = ORIENTED_EDGE('',*,*,#14057,.F.);
#14057 = EDGE_CURVE('',#12013,#12125,#14058,.T.);
#14058 = LINE('',#14059,#14060);
#14059 = CARTESIAN_POINT('',(-7.1,87.9,-15.2));
#14060 = VECTOR('',#14061,1.);
#14061 = DIRECTION('',(0.,1.,0.));
#14062 = ORIENTED_EDGE('',*,*,#12020,.T.);
#14063 = ORIENTED_EDGE('',*,*,#14040,.T.);
#14064 = ORIENTED_EDGE('',*,*,#12132,.F.);
#14065 = PLANE('',#14066);
#14066 = AXIS2_PLACEMENT_3D('',#14067,#14068,#14069);
#14067 = CARTESIAN_POINT('',(-7.1,87.9,-15.2));
#14068 = DIRECTION('',(0.,0.,1.));
#14069 = DIRECTION('',(1.,0.,0.));
#14070 = ADVANCED_FACE('',(#14071),#14082,.T.);
#14071 = FACE_BOUND('',#14072,.T.);
#14072 = EDGE_LOOP('',(#14073,#14079,#14080,#14081));
#14073 = ORIENTED_EDGE('',*,*,#14074,.F.);
#14074 = EDGE_CURVE('',#12005,#12117,#14075,.T.);
#14075 = LINE('',#14076,#14077);
#14076 = CARTESIAN_POINT('',(-7.1,87.9,-12.));
#14077 = VECTOR('',#14078,1.);
#14078 = DIRECTION('',(0.,1.,0.));
#14079 = ORIENTED_EDGE('',*,*,#12012,.T.);
#14080 = ORIENTED_EDGE('',*,*,#14057,.T.);
#14081 = ORIENTED_EDGE('',*,*,#12124,.F.);
#14082 = PLANE('',#14083);
#14083 = AXIS2_PLACEMENT_3D('',#14084,#14085,#14086);
#14084 = CARTESIAN_POINT('',(-7.1,87.9,-15.2));
#14085 = DIRECTION('',(1.,0.,0.));
#14086 = DIRECTION('',(0.,0.,1.));
#14087 = ADVANCED_FACE('',(#14088),#14099,.F.);
#14088 = FACE_BOUND('',#14089,.F.);
#14089 = EDGE_LOOP('',(#14090,#14091,#14092,#14098));
#14090 = ORIENTED_EDGE('',*,*,#14074,.F.);
#14091 = ORIENTED_EDGE('',*,*,#12004,.T.);
#14092 = ORIENTED_EDGE('',*,*,#14093,.T.);
#14093 = EDGE_CURVE('',#11997,#12109,#14094,.T.);
#14094 = LINE('',#14095,#14096);
#14095 = CARTESIAN_POINT('',(-4.9,87.9,-12.));
#14096 = VECTOR('',#14097,1.);
#14097 = DIRECTION('',(0.,1.,0.));
#14098 = ORIENTED_EDGE('',*,*,#12116,.F.);
#14099 = PLANE('',#14100);
#14100 = AXIS2_PLACEMENT_3D('',#14101,#14102,#14103);
#14101 = CARTESIAN_POINT('',(-7.1,87.9,-12.));
#14102 = DIRECTION('',(0.,0.,1.));
#14103 = DIRECTION('',(1.,0.,0.));
#14104 = ADVANCED_FACE('',(#14105),#14116,.F.);
#14105 = FACE_BOUND('',#14106,.F.);
#14106 = EDGE_LOOP('',(#14107,#14108,#14109,#14115));
#14107 = ORIENTED_EDGE('',*,*,#14093,.F.);
#14108 = ORIENTED_EDGE('',*,*,#11996,.T.);
#14109 = ORIENTED_EDGE('',*,*,#14110,.T.);
#14110 = EDGE_CURVE('',#11989,#12101,#14111,.T.);
#14111 = LINE('',#14112,#14113);
#14112 = CARTESIAN_POINT('',(-4.9,87.9,-15.2));
#14113 = VECTOR('',#14114,1.);
#14114 = DIRECTION('',(0.,1.,0.));
#14115 = ORIENTED_EDGE('',*,*,#12108,.F.);
#14116 = PLANE('',#14117);
#14117 = AXIS2_PLACEMENT_3D('',#14118,#14119,#14120);
#14118 = CARTESIAN_POINT('',(-4.9,87.9,-15.2));
#14119 = DIRECTION('',(1.,0.,0.));
#14120 = DIRECTION('',(0.,0.,1.));
#14121 = ADVANCED_FACE('',(#14122),#14133,.T.);
#14122 = FACE_BOUND('',#14123,.T.);
#14123 = EDGE_LOOP('',(#14124,#14130,#14131,#14132));
#14124 = ORIENTED_EDGE('',*,*,#14125,.F.);
#14125 = EDGE_CURVE('',#11981,#12093,#14126,.T.);
#14126 = LINE('',#14127,#14128);
#14127 = CARTESIAN_POINT('',(-5.3,87.9,-15.2));
#14128 = VECTOR('',#14129,1.);
#14129 = DIRECTION('',(0.,1.,0.));
#14130 = ORIENTED_EDGE('',*,*,#11988,.T.);
#14131 = ORIENTED_EDGE('',*,*,#14110,.T.);
#14132 = ORIENTED_EDGE('',*,*,#12100,.F.);
#14133 = PLANE('',#14134);
#14134 = AXIS2_PLACEMENT_3D('',#14135,#14136,#14137);
#14135 = CARTESIAN_POINT('',(-7.1,87.9,-15.2));
#14136 = DIRECTION('',(0.,0.,1.));
#14137 = DIRECTION('',(1.,0.,0.));
#14138 = ADVANCED_FACE('',(#14139),#14150,.F.);
#14139 = FACE_BOUND('',#14140,.F.);
#14140 = EDGE_LOOP('',(#14141,#14142,#14143,#14149));
#14141 = ORIENTED_EDGE('',*,*,#14125,.F.);
#14142 = ORIENTED_EDGE('',*,*,#11980,.T.);
#14143 = ORIENTED_EDGE('',*,*,#14144,.T.);
#14144 = EDGE_CURVE('',#11973,#12085,#14145,.T.);
#14145 = LINE('',#14146,#14147);
#14146 = CARTESIAN_POINT('',(-5.3,87.95,-16.));
#14147 = VECTOR('',#14148,1.);
#14148 = DIRECTION('',(0.,1.,0.));
#14149 = ORIENTED_EDGE('',*,*,#12092,.F.);
#14150 = PLANE('',#14151);
#14151 = AXIS2_PLACEMENT_3D('',#14152,#14153,#14154);
#14152 = CARTESIAN_POINT('',(-5.3,87.9,-16.05));
#14153 = DIRECTION('',(1.,0.,0.));
#14154 = DIRECTION('',(0.,0.,1.));
#14155 = ADVANCED_FACE('',(#14156),#14162,.F.);
#14156 = FACE_BOUND('',#14157,.F.);
#14157 = EDGE_LOOP('',(#14158,#14159,#14160,#14161));
#14158 = ORIENTED_EDGE('',*,*,#12084,.F.);
#14159 = ORIENTED_EDGE('',*,*,#14144,.F.);
#14160 = ORIENTED_EDGE('',*,*,#11972,.T.);
#14161 = ORIENTED_EDGE('',*,*,#12043,.T.);
#14162 = PLANE('',#14163);
#14163 = AXIS2_PLACEMENT_3D('',#14164,#14165,#14166);
#14164 = CARTESIAN_POINT('',(-7.75,88.,-16.));
#14165 = DIRECTION('',(0.,0.,1.));
#14166 = DIRECTION('',(1.,0.,0.));
#14167 = ADVANCED_FACE('',(#14168,#14178),#14248,.F.);
#14168 = FACE_BOUND('',#14169,.F.);
#14169 = EDGE_LOOP('',(#14170,#14171,#14172,#14173,#14174,#14175,#14176,
    #14177));
#14170 = ORIENTED_EDGE('',*,*,#12205,.F.);
#14171 = ORIENTED_EDGE('',*,*,#12179,.T.);
#14172 = ORIENTED_EDGE('',*,*,#12227,.T.);
#14173 = ORIENTED_EDGE('',*,*,#12284,.F.);
#14174 = ORIENTED_EDGE('',*,*,#12327,.T.);
#14175 = ORIENTED_EDGE('',*,*,#12350,.T.);
#14176 = ORIENTED_EDGE('',*,*,#12301,.F.);
#14177 = ORIENTED_EDGE('',*,*,#12252,.F.);
#14178 = FACE_BOUND('',#14179,.F.);
#14179 = EDGE_LOOP('',(#14180,#14191,#14199,#14208,#14216,#14225,#14233,
    #14242));
#14180 = ORIENTED_EDGE('',*,*,#14181,.F.);
#14181 = EDGE_CURVE('',#14182,#14184,#14186,.T.);
#14182 = VERTEX_POINT('',#14183);
#14183 = CARTESIAN_POINT('',(-30.25,116.65,-31.5));
#14184 = VERTEX_POINT('',#14185);
#14185 = CARTESIAN_POINT('',(-27.25,113.65,-31.5));
#14186 = CIRCLE('',#14187,3.);
#14187 = AXIS2_PLACEMENT_3D('',#14188,#14189,#14190);
#14188 = CARTESIAN_POINT('',(-27.25,116.65,-31.5));
#14189 = DIRECTION('',(0.,0.,1.));
#14190 = DIRECTION('',(-1.,0.,0.));
#14191 = ORIENTED_EDGE('',*,*,#14192,.T.);
#14192 = EDGE_CURVE('',#14182,#14193,#14195,.T.);
#14193 = VERTEX_POINT('',#14194);
#14194 = CARTESIAN_POINT('',(-30.25,137.15,-31.5));
#14195 = LINE('',#14196,#14197);
#14196 = CARTESIAN_POINT('',(-30.25,112.65,-31.5));
#14197 = VECTOR('',#14198,1.);
#14198 = DIRECTION('',(0.,1.,0.));
#14199 = ORIENTED_EDGE('',*,*,#14200,.F.);
#14200 = EDGE_CURVE('',#14201,#14193,#14203,.T.);
#14201 = VERTEX_POINT('',#14202);
#14202 = CARTESIAN_POINT('',(-27.25,140.15,-31.5));
#14203 = CIRCLE('',#14204,3.);
#14204 = AXIS2_PLACEMENT_3D('',#14205,#14206,#14207);
#14205 = CARTESIAN_POINT('',(-27.25,137.15,-31.5));
#14206 = DIRECTION('',(0.,0.,1.));
#14207 = DIRECTION('',(-1.,0.,0.));
#14208 = ORIENTED_EDGE('',*,*,#14209,.F.);
#14209 = EDGE_CURVE('',#14210,#14201,#14212,.T.);
#14210 = VERTEX_POINT('',#14211);
#14211 = CARTESIAN_POINT('',(-6.75,140.15,-31.5));
#14212 = LINE('',#14213,#14214);
#14213 = CARTESIAN_POINT('',(-31.25,140.15,-31.5));
#14214 = VECTOR('',#14215,1.);
#14215 = DIRECTION('',(-1.,0.,0.));
#14216 = ORIENTED_EDGE('',*,*,#14217,.F.);
#14217 = EDGE_CURVE('',#14218,#14210,#14220,.T.);
#14218 = VERTEX_POINT('',#14219);
#14219 = CARTESIAN_POINT('',(-3.75,137.15,-31.5));
#14220 = CIRCLE('',#14221,3.);
#14221 = AXIS2_PLACEMENT_3D('',#14222,#14223,#14224);
#14222 = CARTESIAN_POINT('',(-6.75,137.15,-31.5));
#14223 = DIRECTION('',(0.,0.,1.));
#14224 = DIRECTION('',(1.,0.,0.));
#14225 = ORIENTED_EDGE('',*,*,#14226,.F.);
#14226 = EDGE_CURVE('',#14227,#14218,#14229,.T.);
#14227 = VERTEX_POINT('',#14228);
#14228 = CARTESIAN_POINT('',(-3.75,116.65,-31.5));
#14229 = LINE('',#14230,#14231);
#14230 = CARTESIAN_POINT('',(-3.75,112.65,-31.5));
#14231 = VECTOR('',#14232,1.);
#14232 = DIRECTION('',(0.,1.,0.));
#14233 = ORIENTED_EDGE('',*,*,#14234,.F.);
#14234 = EDGE_CURVE('',#14235,#14227,#14237,.T.);
#14235 = VERTEX_POINT('',#14236);
#14236 = CARTESIAN_POINT('',(-6.75,113.65,-31.5));
#14237 = CIRCLE('',#14238,3.);
#14238 = AXIS2_PLACEMENT_3D('',#14239,#14240,#14241);
#14239 = CARTESIAN_POINT('',(-6.75,116.65,-31.5));
#14240 = DIRECTION('',(0.,0.,1.));
#14241 = DIRECTION('',(1.,0.,0.));
#14242 = ORIENTED_EDGE('',*,*,#14243,.T.);
#14243 = EDGE_CURVE('',#14235,#14184,#14244,.T.);
#14244 = LINE('',#14245,#14246);
#14245 = CARTESIAN_POINT('',(-31.25,113.65,-31.5));
#14246 = VECTOR('',#14247,1.);
#14247 = DIRECTION('',(-1.,0.,0.));
#14248 = PLANE('',#14249);
#14249 = AXIS2_PLACEMENT_3D('',#14250,#14251,#14252);
#14250 = CARTESIAN_POINT('',(-32.25,111.65,-31.5));
#14251 = DIRECTION('',(0.,0.,1.));
#14252 = DIRECTION('',(1.,0.,0.));
#14253 = ADVANCED_FACE('',(#14254,#14264),#14334,.T.);
#14254 = FACE_BOUND('',#14255,.T.);
#14255 = EDGE_LOOP('',(#14256,#14257,#14258,#14259,#14260,#14261,#14262,
    #14263));
#14256 = ORIENTED_EDGE('',*,*,#12535,.F.);
#14257 = ORIENTED_EDGE('',*,*,#12520,.T.);
#14258 = ORIENTED_EDGE('',*,*,#12684,.T.);
#14259 = ORIENTED_EDGE('',*,*,#12667,.F.);
#14260 = ORIENTED_EDGE('',*,*,#12633,.T.);
#14261 = ORIENTED_EDGE('',*,*,#12618,.T.);
#14262 = ORIENTED_EDGE('',*,*,#12586,.F.);
#14263 = ORIENTED_EDGE('',*,*,#12569,.F.);
#14264 = FACE_BOUND('',#14265,.T.);
#14265 = EDGE_LOOP('',(#14266,#14277,#14285,#14294,#14302,#14311,#14319,
    #14328));
#14266 = ORIENTED_EDGE('',*,*,#14267,.F.);
#14267 = EDGE_CURVE('',#14268,#14270,#14272,.T.);
#14268 = VERTEX_POINT('',#14269);
#14269 = CARTESIAN_POINT('',(-30.25,116.65,-8.));
#14270 = VERTEX_POINT('',#14271);
#14271 = CARTESIAN_POINT('',(-27.25,113.65,-8.));
#14272 = CIRCLE('',#14273,3.);
#14273 = AXIS2_PLACEMENT_3D('',#14274,#14275,#14276);
#14274 = CARTESIAN_POINT('',(-27.25,116.65,-8.));
#14275 = DIRECTION('',(0.,0.,1.));
#14276 = DIRECTION('',(-1.,0.,0.));
#14277 = ORIENTED_EDGE('',*,*,#14278,.T.);
#14278 = EDGE_CURVE('',#14268,#14279,#14281,.T.);
#14279 = VERTEX_POINT('',#14280);
#14280 = CARTESIAN_POINT('',(-30.25,137.15,-8.));
#14281 = LINE('',#14282,#14283);
#14282 = CARTESIAN_POINT('',(-30.25,112.65,-8.));
#14283 = VECTOR('',#14284,1.);
#14284 = DIRECTION('',(0.,1.,0.));
#14285 = ORIENTED_EDGE('',*,*,#14286,.F.);
#14286 = EDGE_CURVE('',#14287,#14279,#14289,.T.);
#14287 = VERTEX_POINT('',#14288);
#14288 = CARTESIAN_POINT('',(-27.25,140.15,-8.));
#14289 = CIRCLE('',#14290,3.);
#14290 = AXIS2_PLACEMENT_3D('',#14291,#14292,#14293);
#14291 = CARTESIAN_POINT('',(-27.25,137.15,-8.));
#14292 = DIRECTION('',(0.,0.,1.));
#14293 = DIRECTION('',(-1.,0.,0.));
#14294 = ORIENTED_EDGE('',*,*,#14295,.F.);
#14295 = EDGE_CURVE('',#14296,#14287,#14298,.T.);
#14296 = VERTEX_POINT('',#14297);
#14297 = CARTESIAN_POINT('',(-6.75,140.15,-8.));
#14298 = LINE('',#14299,#14300);
#14299 = CARTESIAN_POINT('',(-31.25,140.15,-8.));
#14300 = VECTOR('',#14301,1.);
#14301 = DIRECTION('',(-1.,0.,0.));
#14302 = ORIENTED_EDGE('',*,*,#14303,.F.);
#14303 = EDGE_CURVE('',#14304,#14296,#14306,.T.);
#14304 = VERTEX_POINT('',#14305);
#14305 = CARTESIAN_POINT('',(-3.75,137.15,-8.));
#14306 = CIRCLE('',#14307,3.);
#14307 = AXIS2_PLACEMENT_3D('',#14308,#14309,#14310);
#14308 = CARTESIAN_POINT('',(-6.75,137.15,-8.));
#14309 = DIRECTION('',(0.,0.,1.));
#14310 = DIRECTION('',(1.,0.,0.));
#14311 = ORIENTED_EDGE('',*,*,#14312,.F.);
#14312 = EDGE_CURVE('',#14313,#14304,#14315,.T.);
#14313 = VERTEX_POINT('',#14314);
#14314 = CARTESIAN_POINT('',(-3.75,116.65,-8.));
#14315 = LINE('',#14316,#14317);
#14316 = CARTESIAN_POINT('',(-3.75,112.65,-8.));
#14317 = VECTOR('',#14318,1.);
#14318 = DIRECTION('',(0.,1.,0.));
#14319 = ORIENTED_EDGE('',*,*,#14320,.F.);
#14320 = EDGE_CURVE('',#14321,#14313,#14323,.T.);
#14321 = VERTEX_POINT('',#14322);
#14322 = CARTESIAN_POINT('',(-6.75,113.65,-8.));
#14323 = CIRCLE('',#14324,3.);
#14324 = AXIS2_PLACEMENT_3D('',#14325,#14326,#14327);
#14325 = CARTESIAN_POINT('',(-6.75,116.65,-8.));
#14326 = DIRECTION('',(0.,0.,1.));
#14327 = DIRECTION('',(1.,0.,0.));
#14328 = ORIENTED_EDGE('',*,*,#14329,.T.);
#14329 = EDGE_CURVE('',#14321,#14270,#14330,.T.);
#14330 = LINE('',#14331,#14332);
#14331 = CARTESIAN_POINT('',(-31.25,113.65,-8.));
#14332 = VECTOR('',#14333,1.);
#14333 = DIRECTION('',(-1.,0.,0.));
#14334 = PLANE('',#14335);
#14335 = AXIS2_PLACEMENT_3D('',#14336,#14337,#14338);
#14336 = CARTESIAN_POINT('',(-32.25,111.65,-8.));
#14337 = DIRECTION('',(0.,0.,1.));
#14338 = DIRECTION('',(1.,0.,0.));
#14339 = ADVANCED_FACE('',(#14340),#14346,.T.);
#14340 = FACE_BOUND('',#14341,.T.);
#14341 = EDGE_LOOP('',(#14342,#14343,#14344,#14345));
#14342 = ORIENTED_EDGE('',*,*,#13153,.F.);
#14343 = ORIENTED_EDGE('',*,*,#13080,.T.);
#14344 = ORIENTED_EDGE('',*,*,#13112,.T.);
#14345 = ORIENTED_EDGE('',*,*,#13135,.F.);
#14346 = PLANE('',#14347);
#14347 = AXIS2_PLACEMENT_3D('',#14348,#14349,#14350);
#14348 = CARTESIAN_POINT('',(-35.1,102.9,-5.4));
#14349 = DIRECTION('',(1.,0.,0.));
#14350 = DIRECTION('',(0.,0.,1.));
#14351 = ADVANCED_FACE('',(#14352),#14358,.T.);
#14352 = FACE_BOUND('',#14353,.T.);
#14353 = EDGE_LOOP('',(#14354,#14355,#14356,#14357));
#14354 = ORIENTED_EDGE('',*,*,#13381,.F.);
#14355 = ORIENTED_EDGE('',*,*,#13308,.T.);
#14356 = ORIENTED_EDGE('',*,*,#13340,.T.);
#14357 = ORIENTED_EDGE('',*,*,#13363,.F.);
#14358 = PLANE('',#14359);
#14359 = AXIS2_PLACEMENT_3D('',#14360,#14361,#14362);
#14360 = CARTESIAN_POINT('',(-35.1,83.4,-5.4));
#14361 = DIRECTION('',(1.,0.,0.));
#14362 = DIRECTION('',(0.,0.,1.));
#14363 = ADVANCED_FACE('',(#14364),#14378,.T.);
#14364 = FACE_BOUND('',#14365,.T.);
#14365 = EDGE_LOOP('',(#14366,#14367,#14368,#14369,#14370,#14371,#14372,
    #14373,#14374,#14375,#14376,#14377));
#14366 = ORIENTED_EDGE('',*,*,#13403,.T.);
#14367 = ORIENTED_EDGE('',*,*,#13427,.T.);
#14368 = ORIENTED_EDGE('',*,*,#13458,.T.);
#14369 = ORIENTED_EDGE('',*,*,#13482,.F.);
#14370 = ORIENTED_EDGE('',*,*,#13506,.T.);
#14371 = ORIENTED_EDGE('',*,*,#13530,.F.);
#14372 = ORIENTED_EDGE('',*,*,#13547,.F.);
#14373 = ORIENTED_EDGE('',*,*,#13578,.F.);
#14374 = ORIENTED_EDGE('',*,*,#13595,.F.);
#14375 = ORIENTED_EDGE('',*,*,#13619,.T.);
#14376 = ORIENTED_EDGE('',*,*,#13643,.F.);
#14377 = ORIENTED_EDGE('',*,*,#13667,.T.);
#14378 = PLANE('',#14379);
#14379 = AXIS2_PLACEMENT_3D('',#14380,#14381,#14382);
#14380 = CARTESIAN_POINT('',(-42.4,85.2,-4.2));
#14381 = DIRECTION('',(-1.,-0.,-0.));
#14382 = DIRECTION('',(0.,0.,-1.));
#14383 = ADVANCED_FACE('',(#14384),#14390,.T.);
#14384 = FACE_BOUND('',#14385,.T.);
#14385 = EDGE_LOOP('',(#14386,#14387,#14388,#14389));
#14386 = ORIENTED_EDGE('',*,*,#13765,.F.);
#14387 = ORIENTED_EDGE('',*,*,#13692,.T.);
#14388 = ORIENTED_EDGE('',*,*,#13724,.T.);
#14389 = ORIENTED_EDGE('',*,*,#13747,.F.);
#14390 = PLANE('',#14391);
#14391 = AXIS2_PLACEMENT_3D('',#14392,#14393,#14394);
#14392 = CARTESIAN_POINT('',(-35.1,73.4,-5.4));
#14393 = DIRECTION('',(1.,0.,0.));
#14394 = DIRECTION('',(0.,0.,1.));
#14395 = ADVANCED_FACE('',(#14396),#14402,.F.);
#14396 = FACE_BOUND('',#14397,.F.);
#14397 = EDGE_LOOP('',(#14398,#14399,#14400,#14401));
#14398 = ORIENTED_EDGE('',*,*,#13859,.F.);
#14399 = ORIENTED_EDGE('',*,*,#13835,.T.);
#14400 = ORIENTED_EDGE('',*,*,#13818,.T.);
#14401 = ORIENTED_EDGE('',*,*,#13787,.F.);
#14402 = PLANE('',#14403);
#14403 = AXIS2_PLACEMENT_3D('',#14404,#14405,#14406);
#14404 = CARTESIAN_POINT('',(-42.4,74.,-4.4));
#14405 = DIRECTION('',(1.,0.,0.));
#14406 = DIRECTION('',(0.,0.,1.));
#14407 = ADVANCED_FACE('',(#14408),#14424,.F.);
#14408 = FACE_BOUND('',#14409,.F.);
#14409 = EDGE_LOOP('',(#14410,#14416,#14417,#14423));
#14410 = ORIENTED_EDGE('',*,*,#14411,.T.);
#14411 = EDGE_CURVE('',#14184,#14270,#14412,.T.);
#14412 = LINE('',#14413,#14414);
#14413 = CARTESIAN_POINT('',(-27.25,113.65,-32.));
#14414 = VECTOR('',#14415,1.);
#14415 = DIRECTION('',(0.,0.,1.));
#14416 = ORIENTED_EDGE('',*,*,#14267,.F.);
#14417 = ORIENTED_EDGE('',*,*,#14418,.F.);
#14418 = EDGE_CURVE('',#14182,#14268,#14419,.T.);
#14419 = LINE('',#14420,#14421);
#14420 = CARTESIAN_POINT('',(-30.25,116.65,-32.));
#14421 = VECTOR('',#14422,1.);
#14422 = DIRECTION('',(0.,0.,1.));
#14423 = ORIENTED_EDGE('',*,*,#14181,.T.);
#14424 = CYLINDRICAL_SURFACE('',#14425,3.);
#14425 = AXIS2_PLACEMENT_3D('',#14426,#14427,#14428);
#14426 = CARTESIAN_POINT('',(-27.25,116.65,-32.));
#14427 = DIRECTION('',(0.,0.,1.));
#14428 = DIRECTION('',(-1.,0.,0.));
#14429 = ADVANCED_FACE('',(#14430),#14441,.T.);
#14430 = FACE_BOUND('',#14431,.T.);
#14431 = EDGE_LOOP('',(#14432,#14438,#14439,#14440));
#14432 = ORIENTED_EDGE('',*,*,#14433,.F.);
#14433 = EDGE_CURVE('',#14235,#14321,#14434,.T.);
#14434 = LINE('',#14435,#14436);
#14435 = CARTESIAN_POINT('',(-6.75,113.65,-32.));
#14436 = VECTOR('',#14437,1.);
#14437 = DIRECTION('',(0.,0.,1.));
#14438 = ORIENTED_EDGE('',*,*,#14243,.T.);
#14439 = ORIENTED_EDGE('',*,*,#14411,.T.);
#14440 = ORIENTED_EDGE('',*,*,#14329,.F.);
#14441 = PLANE('',#14442);
#14442 = AXIS2_PLACEMENT_3D('',#14443,#14444,#14445);
#14443 = CARTESIAN_POINT('',(-30.25,113.65,-32.));
#14444 = DIRECTION('',(0.,1.,0.));
#14445 = DIRECTION('',(0.,0.,1.));
#14446 = ADVANCED_FACE('',(#14447),#14458,.F.);
#14447 = FACE_BOUND('',#14448,.T.);
#14448 = EDGE_LOOP('',(#14449,#14450,#14451,#14452));
#14449 = ORIENTED_EDGE('',*,*,#14234,.F.);
#14450 = ORIENTED_EDGE('',*,*,#14433,.T.);
#14451 = ORIENTED_EDGE('',*,*,#14320,.T.);
#14452 = ORIENTED_EDGE('',*,*,#14453,.F.);
#14453 = EDGE_CURVE('',#14227,#14313,#14454,.T.);
#14454 = LINE('',#14455,#14456);
#14455 = CARTESIAN_POINT('',(-3.75,116.65,-32.));
#14456 = VECTOR('',#14457,1.);
#14457 = DIRECTION('',(0.,0.,1.));
#14458 = CYLINDRICAL_SURFACE('',#14459,3.);
#14459 = AXIS2_PLACEMENT_3D('',#14460,#14461,#14462);
#14460 = CARTESIAN_POINT('',(-6.75,116.65,-32.));
#14461 = DIRECTION('',(0.,0.,1.));
#14462 = DIRECTION('',(1.,0.,0.));
#14463 = ADVANCED_FACE('',(#14464),#14475,.F.);
#14464 = FACE_BOUND('',#14465,.T.);
#14465 = EDGE_LOOP('',(#14466,#14467,#14473,#14474));
#14466 = ORIENTED_EDGE('',*,*,#14312,.T.);
#14467 = ORIENTED_EDGE('',*,*,#14468,.F.);
#14468 = EDGE_CURVE('',#14218,#14304,#14469,.T.);
#14469 = LINE('',#14470,#14471);
#14470 = CARTESIAN_POINT('',(-3.75,137.15,-32.));
#14471 = VECTOR('',#14472,1.);
#14472 = DIRECTION('',(0.,0.,1.));
#14473 = ORIENTED_EDGE('',*,*,#14226,.F.);
#14474 = ORIENTED_EDGE('',*,*,#14453,.T.);
#14475 = PLANE('',#14476);
#14476 = AXIS2_PLACEMENT_3D('',#14477,#14478,#14479);
#14477 = CARTESIAN_POINT('',(-3.75,113.65,-32.));
#14478 = DIRECTION('',(1.,0.,0.));
#14479 = DIRECTION('',(0.,0.,1.));
#14480 = ADVANCED_FACE('',(#14481),#14492,.F.);
#14481 = FACE_BOUND('',#14482,.F.);
#14482 = EDGE_LOOP('',(#14483,#14489,#14490,#14491));
#14483 = ORIENTED_EDGE('',*,*,#14484,.T.);
#14484 = EDGE_CURVE('',#14210,#14296,#14485,.T.);
#14485 = LINE('',#14486,#14487);
#14486 = CARTESIAN_POINT('',(-6.75,140.15,-32.));
#14487 = VECTOR('',#14488,1.);
#14488 = DIRECTION('',(0.,0.,1.));
#14489 = ORIENTED_EDGE('',*,*,#14303,.F.);
#14490 = ORIENTED_EDGE('',*,*,#14468,.F.);
#14491 = ORIENTED_EDGE('',*,*,#14217,.T.);
#14492 = CYLINDRICAL_SURFACE('',#14493,3.);
#14493 = AXIS2_PLACEMENT_3D('',#14494,#14495,#14496);
#14494 = CARTESIAN_POINT('',(-6.75,137.15,-32.));
#14495 = DIRECTION('',(0.,0.,1.));
#14496 = DIRECTION('',(1.,0.,0.));
#14497 = ADVANCED_FACE('',(#14498),#14509,.F.);
#14498 = FACE_BOUND('',#14499,.T.);
#14499 = EDGE_LOOP('',(#14500,#14501,#14507,#14508));
#14500 = ORIENTED_EDGE('',*,*,#14295,.T.);
#14501 = ORIENTED_EDGE('',*,*,#14502,.F.);
#14502 = EDGE_CURVE('',#14201,#14287,#14503,.T.);
#14503 = LINE('',#14504,#14505);
#14504 = CARTESIAN_POINT('',(-27.25,140.15,-32.));
#14505 = VECTOR('',#14506,1.);
#14506 = DIRECTION('',(0.,0.,1.));
#14507 = ORIENTED_EDGE('',*,*,#14209,.F.);
#14508 = ORIENTED_EDGE('',*,*,#14484,.T.);
#14509 = PLANE('',#14510);
#14510 = AXIS2_PLACEMENT_3D('',#14511,#14512,#14513);
#14511 = CARTESIAN_POINT('',(-30.25,140.15,-32.));
#14512 = DIRECTION('',(0.,1.,0.));
#14513 = DIRECTION('',(0.,0.,1.));
#14514 = ADVANCED_FACE('',(#14515),#14526,.F.);
#14515 = FACE_BOUND('',#14516,.T.);
#14516 = EDGE_LOOP('',(#14517,#14518,#14519,#14520));
#14517 = ORIENTED_EDGE('',*,*,#14200,.F.);
#14518 = ORIENTED_EDGE('',*,*,#14502,.T.);
#14519 = ORIENTED_EDGE('',*,*,#14286,.T.);
#14520 = ORIENTED_EDGE('',*,*,#14521,.F.);
#14521 = EDGE_CURVE('',#14193,#14279,#14522,.T.);
#14522 = LINE('',#14523,#14524);
#14523 = CARTESIAN_POINT('',(-30.25,137.15,-32.));
#14524 = VECTOR('',#14525,1.);
#14525 = DIRECTION('',(0.,0.,1.));
#14526 = CYLINDRICAL_SURFACE('',#14527,3.);
#14527 = AXIS2_PLACEMENT_3D('',#14528,#14529,#14530);
#14528 = CARTESIAN_POINT('',(-27.25,137.15,-32.));
#14529 = DIRECTION('',(0.,0.,1.));
#14530 = DIRECTION('',(-1.,0.,0.));
#14531 = ADVANCED_FACE('',(#14532),#14538,.T.);
#14532 = FACE_BOUND('',#14533,.T.);
#14533 = EDGE_LOOP('',(#14534,#14535,#14536,#14537));
#14534 = ORIENTED_EDGE('',*,*,#14278,.F.);
#14535 = ORIENTED_EDGE('',*,*,#14418,.F.);
#14536 = ORIENTED_EDGE('',*,*,#14192,.T.);
#14537 = ORIENTED_EDGE('',*,*,#14521,.T.);
#14538 = PLANE('',#14539);
#14539 = AXIS2_PLACEMENT_3D('',#14540,#14541,#14542);
#14540 = CARTESIAN_POINT('',(-30.25,113.65,-32.));
#14541 = DIRECTION('',(1.,0.,0.));
#14542 = DIRECTION('',(0.,0.,1.));
#14543 = MANIFOLD_SOLID_BREP('',#14544);
#14544 = CLOSED_SHELL('',(#14545,#14585,#15687,#15730,#15773,#16901,
    #16918,#16935,#16960,#16985,#16997,#17022,#17047,#17072,#17094,
    #17111,#17128,#17145,#17162,#17179,#17196,#17208,#17230,#17247,
    #17264,#17281,#17298,#17315,#17332,#17344,#17366,#17383,#17400,
    #17417,#17434,#17451,#17468,#17480,#17502,#17519,#17536,#17553,
    #17570,#17587,#17604,#17616,#17638,#17655,#17672,#17689,#17706,
    #17723,#17740,#17752,#17777,#17799,#17816,#17833,#17850,#17867,
    #17900,#17925,#17951,#17973,#17990,#18007,#18024,#18041,#18058,
    #18075,#18087,#18109,#18126,#18143,#18160,#18177,#18194,#18211,
    #18223,#18245,#18262,#18279,#18296,#18313,#18330,#18347,#18359,
    #18381,#18398,#18415,#18432,#18449,#18466,#18483,#18495,#18517,
    #18534,#18551,#18568,#18585,#18602,#18619,#18631,#18653,#18670,
    #18687,#18704,#18721,#18738,#18755,#18767,#18789,#18806,#18823,
    #18840,#18857,#18874,#18891,#18903,#18925,#18942,#18959,#18976,
    #18993,#19010,#19027,#19039,#19064,#19080,#19096,#19133,#19166,
    #19199,#19226,#19251,#19261,#19271,#19291,#19300,#19320,#19340,
    #19352,#19372,#19392,#19412,#19432,#19452,#19461,#19478,#19495,
    #19512));
#14545 = ADVANCED_FACE('',(#14546),#14580,.F.);
#14546 = FACE_BOUND('',#14547,.F.);
#14547 = EDGE_LOOP('',(#14548,#14558,#14566,#14574));
#14548 = ORIENTED_EDGE('',*,*,#14549,.F.);
#14549 = EDGE_CURVE('',#14550,#14552,#14554,.T.);
#14550 = VERTEX_POINT('',#14551);
#14551 = CARTESIAN_POINT('',(-41.,7.5,-51.));
#14552 = VERTEX_POINT('',#14553);
#14553 = CARTESIAN_POINT('',(-41.,137.9,-51.));
#14554 = LINE('',#14555,#14556);
#14555 = CARTESIAN_POINT('',(-41.,-6.5,-51.));
#14556 = VECTOR('',#14557,1.);
#14557 = DIRECTION('',(0.,1.,0.));
#14558 = ORIENTED_EDGE('',*,*,#14559,.F.);
#14559 = EDGE_CURVE('',#14560,#14550,#14562,.T.);
#14560 = VERTEX_POINT('',#14561);
#14561 = CARTESIAN_POINT('',(-41.,7.5,-53.5));
#14562 = LINE('',#14563,#14564);
#14563 = CARTESIAN_POINT('',(-41.,7.5,-53.5));
#14564 = VECTOR('',#14565,1.);
#14565 = DIRECTION('',(0.,0.,1.));
#14566 = ORIENTED_EDGE('',*,*,#14567,.T.);
#14567 = EDGE_CURVE('',#14560,#14568,#14570,.T.);
#14568 = VERTEX_POINT('',#14569);
#14569 = CARTESIAN_POINT('',(-41.,137.9,-53.5));
#14570 = LINE('',#14571,#14572);
#14571 = CARTESIAN_POINT('',(-41.,-6.5,-53.5));
#14572 = VECTOR('',#14573,1.);
#14573 = DIRECTION('',(0.,1.,0.));
#14574 = ORIENTED_EDGE('',*,*,#14575,.T.);
#14575 = EDGE_CURVE('',#14568,#14552,#14576,.T.);
#14576 = LINE('',#14577,#14578);
#14577 = CARTESIAN_POINT('',(-41.,137.9,-53.5));
#14578 = VECTOR('',#14579,1.);
#14579 = DIRECTION('',(0.,0.,1.));
#14580 = PLANE('',#14581);
#14581 = AXIS2_PLACEMENT_3D('',#14582,#14583,#14584);
#14582 = CARTESIAN_POINT('',(-41.,-6.5,-53.5));
#14583 = DIRECTION('',(1.,0.,0.));
#14584 = DIRECTION('',(0.,0.,1.));
#14585 = ADVANCED_FACE('',(#14586,#14647,#14658,#14669,#14680,#14750,
    #14820,#14890,#14960,#15030,#15041,#15111,#15181,#15251,#15321,
    #15391,#15461,#15531,#15601,#15671),#15682,.T.);
#14586 = FACE_BOUND('',#14587,.T.);
#14587 = EDGE_LOOP('',(#14588,#14589,#14598,#14606,#14615,#14623,#14632,
    #14640));
#14588 = ORIENTED_EDGE('',*,*,#14549,.F.);
#14589 = ORIENTED_EDGE('',*,*,#14590,.T.);
#14590 = EDGE_CURVE('',#14550,#14591,#14593,.T.);
#14591 = VERTEX_POINT('',#14592);
#14592 = CARTESIAN_POINT('',(-27.,-6.5,-51.));
#14593 = CIRCLE('',#14594,14.);
#14594 = AXIS2_PLACEMENT_3D('',#14595,#14596,#14597);
#14595 = CARTESIAN_POINT('',(-27.,7.5,-51.));
#14596 = DIRECTION('',(-0.,0.,1.));
#14597 = DIRECTION('',(0.,-1.,0.));
#14598 = ORIENTED_EDGE('',*,*,#14599,.T.);
#14599 = EDGE_CURVE('',#14591,#14600,#14602,.T.);
#14600 = VERTEX_POINT('',#14601);
#14601 = CARTESIAN_POINT('',(27.,-6.5,-51.));
#14602 = LINE('',#14603,#14604);
#14603 = CARTESIAN_POINT('',(-41.,-6.5,-51.));
#14604 = VECTOR('',#14605,1.);
#14605 = DIRECTION('',(1.,0.,0.));
#14606 = ORIENTED_EDGE('',*,*,#14607,.F.);
#14607 = EDGE_CURVE('',#14608,#14600,#14610,.T.);
#14608 = VERTEX_POINT('',#14609);
#14609 = CARTESIAN_POINT('',(41.,7.5,-51.));
#14610 = CIRCLE('',#14611,14.);
#14611 = AXIS2_PLACEMENT_3D('',#14612,#14613,#14614);
#14612 = CARTESIAN_POINT('',(27.,7.5,-51.));
#14613 = DIRECTION('',(-0.,-0.,-1.));
#14614 = DIRECTION('',(0.,-1.,0.));
#14615 = ORIENTED_EDGE('',*,*,#14616,.T.);
#14616 = EDGE_CURVE('',#14608,#14617,#14619,.T.);
#14617 = VERTEX_POINT('',#14618);
#14618 = CARTESIAN_POINT('',(41.,137.9,-51.));
#14619 = LINE('',#14620,#14621);
#14620 = CARTESIAN_POINT('',(41.,-6.5,-51.));
#14621 = VECTOR('',#14622,1.);
#14622 = DIRECTION('',(0.,1.,0.));
#14623 = ORIENTED_EDGE('',*,*,#14624,.T.);
#14624 = EDGE_CURVE('',#14617,#14625,#14627,.T.);
#14625 = VERTEX_POINT('',#14626);
#14626 = CARTESIAN_POINT('',(27.,151.9,-51.));
#14627 = CIRCLE('',#14628,14.);
#14628 = AXIS2_PLACEMENT_3D('',#14629,#14630,#14631);
#14629 = CARTESIAN_POINT('',(27.,137.9,-51.));
#14630 = DIRECTION('',(-0.,0.,1.));
#14631 = DIRECTION('',(0.,-1.,0.));
#14632 = ORIENTED_EDGE('',*,*,#14633,.F.);
#14633 = EDGE_CURVE('',#14634,#14625,#14636,.T.);
#14634 = VERTEX_POINT('',#14635);
#14635 = CARTESIAN_POINT('',(-27.,151.9,-51.));
#14636 = LINE('',#14637,#14638);
#14637 = CARTESIAN_POINT('',(-41.,151.9,-51.));
#14638 = VECTOR('',#14639,1.);
#14639 = DIRECTION('',(1.,0.,0.));
#14640 = ORIENTED_EDGE('',*,*,#14641,.F.);
#14641 = EDGE_CURVE('',#14552,#14634,#14642,.T.);
#14642 = CIRCLE('',#14643,14.);
#14643 = AXIS2_PLACEMENT_3D('',#14644,#14645,#14646);
#14644 = CARTESIAN_POINT('',(-27.,137.9,-51.));
#14645 = DIRECTION('',(-0.,-0.,-1.));
#14646 = DIRECTION('',(0.,-1.,0.));
#14647 = FACE_BOUND('',#14648,.T.);
#14648 = EDGE_LOOP('',(#14649));
#14649 = ORIENTED_EDGE('',*,*,#14650,.F.);
#14650 = EDGE_CURVE('',#14651,#14651,#14653,.T.);
#14651 = VERTEX_POINT('',#14652);
#14652 = CARTESIAN_POINT('',(-30.8,1.5,-51.));
#14653 = CIRCLE('',#14654,1.7);
#14654 = AXIS2_PLACEMENT_3D('',#14655,#14656,#14657);
#14655 = CARTESIAN_POINT('',(-32.5,1.5,-51.));
#14656 = DIRECTION('',(0.,0.,1.));
#14657 = DIRECTION('',(1.,0.,0.));
#14658 = FACE_BOUND('',#14659,.T.);
#14659 = EDGE_LOOP('',(#14660));
#14660 = ORIENTED_EDGE('',*,*,#14661,.F.);
#14661 = EDGE_CURVE('',#14662,#14662,#14664,.T.);
#14662 = VERTEX_POINT('',#14663);
#14663 = CARTESIAN_POINT('',(-4.5,55.,-51.));
#14664 = CIRCLE('',#14665,7.5);
#14665 = AXIS2_PLACEMENT_3D('',#14666,#14667,#14668);
#14666 = CARTESIAN_POINT('',(-12.,55.,-51.));
#14667 = DIRECTION('',(0.,0.,1.));
#14668 = DIRECTION('',(1.,0.,0.));
#14669 = FACE_BOUND('',#14670,.T.);
#14670 = EDGE_LOOP('',(#14671));
#14671 = ORIENTED_EDGE('',*,*,#14672,.F.);
#14672 = EDGE_CURVE('',#14673,#14673,#14675,.T.);
#14673 = VERTEX_POINT('',#14674);
#14674 = CARTESIAN_POINT('',(34.2,1.5,-51.));
#14675 = CIRCLE('',#14676,1.7);
#14676 = AXIS2_PLACEMENT_3D('',#14677,#14678,#14679);
#14677 = CARTESIAN_POINT('',(32.5,1.5,-51.));
#14678 = DIRECTION('',(0.,0.,1.));
#14679 = DIRECTION('',(1.,0.,0.));
#14680 = FACE_BOUND('',#14681,.T.);
#14681 = EDGE_LOOP('',(#14682,#14693,#14701,#14710,#14718,#14727,#14735,
    #14744));
#14682 = ORIENTED_EDGE('',*,*,#14683,.F.);
#14683 = EDGE_CURVE('',#14684,#14686,#14688,.T.);
#14684 = VERTEX_POINT('',#14685);
#14685 = CARTESIAN_POINT('',(8.5,46.2,-51.));
#14686 = VERTEX_POINT('',#14687);
#14687 = CARTESIAN_POINT('',(9.7,45.,-51.));
#14688 = CIRCLE('',#14689,1.2);
#14689 = AXIS2_PLACEMENT_3D('',#14690,#14691,#14692);
#14690 = CARTESIAN_POINT('',(9.7,46.2,-51.));
#14691 = DIRECTION('',(0.,0.,1.));
#14692 = DIRECTION('',(-1.,0.,0.));
#14693 = ORIENTED_EDGE('',*,*,#14694,.T.);
#14694 = EDGE_CURVE('',#14684,#14695,#14697,.T.);
#14695 = VERTEX_POINT('',#14696);
#14696 = CARTESIAN_POINT('',(8.5,46.6,-51.));
#14697 = LINE('',#14698,#14699);
#14698 = CARTESIAN_POINT('',(8.5,19.25,-51.));
#14699 = VECTOR('',#14700,1.);
#14700 = DIRECTION('',(0.,1.,0.));
#14701 = ORIENTED_EDGE('',*,*,#14702,.F.);
#14702 = EDGE_CURVE('',#14703,#14695,#14705,.T.);
#14703 = VERTEX_POINT('',#14704);
#14704 = CARTESIAN_POINT('',(9.7,47.8,-51.));
#14705 = CIRCLE('',#14706,1.2);
#14706 = AXIS2_PLACEMENT_3D('',#14707,#14708,#14709);
#14707 = CARTESIAN_POINT('',(9.7,46.6,-51.));
#14708 = DIRECTION('',(0.,0.,1.));
#14709 = DIRECTION('',(-1.,0.,0.));
#14710 = ORIENTED_EDGE('',*,*,#14711,.F.);
#14711 = EDGE_CURVE('',#14712,#14703,#14714,.T.);
#14712 = VERTEX_POINT('',#14713);
#14713 = CARTESIAN_POINT('',(27.3,47.8,-51.));
#14714 = LINE('',#14715,#14716);
#14715 = CARTESIAN_POINT('',(-16.25,47.8,-51.));
#14716 = VECTOR('',#14717,1.);
#14717 = DIRECTION('',(-1.,0.,0.));
#14718 = ORIENTED_EDGE('',*,*,#14719,.F.);
#14719 = EDGE_CURVE('',#14720,#14712,#14722,.T.);
#14720 = VERTEX_POINT('',#14721);
#14721 = CARTESIAN_POINT('',(28.5,46.6,-51.));
#14722 = CIRCLE('',#14723,1.2);
#14723 = AXIS2_PLACEMENT_3D('',#14724,#14725,#14726);
#14724 = CARTESIAN_POINT('',(27.3,46.6,-51.));
#14725 = DIRECTION('',(0.,0.,1.));
#14726 = DIRECTION('',(1.,0.,0.));
#14727 = ORIENTED_EDGE('',*,*,#14728,.F.);
#14728 = EDGE_CURVE('',#14729,#14720,#14731,.T.);
#14729 = VERTEX_POINT('',#14730);
#14730 = CARTESIAN_POINT('',(28.5,46.2,-51.));
#14731 = LINE('',#14732,#14733);
#14732 = CARTESIAN_POINT('',(28.5,19.25,-51.));
#14733 = VECTOR('',#14734,1.);
#14734 = DIRECTION('',(0.,1.,0.));
#14735 = ORIENTED_EDGE('',*,*,#14736,.F.);
#14736 = EDGE_CURVE('',#14737,#14729,#14739,.T.);
#14737 = VERTEX_POINT('',#14738);
#14738 = CARTESIAN_POINT('',(27.3,45.,-51.));
#14739 = CIRCLE('',#14740,1.2);
#14740 = AXIS2_PLACEMENT_3D('',#14741,#14742,#14743);
#14741 = CARTESIAN_POINT('',(27.3,46.2,-51.));
#14742 = DIRECTION('',(0.,0.,1.));
#14743 = DIRECTION('',(1.,0.,0.));
#14744 = ORIENTED_EDGE('',*,*,#14745,.T.);
#14745 = EDGE_CURVE('',#14737,#14686,#14746,.T.);
#14746 = LINE('',#14747,#14748);
#14747 = CARTESIAN_POINT('',(-16.25,45.,-51.));
#14748 = VECTOR('',#14749,1.);
#14749 = DIRECTION('',(-1.,0.,0.));
#14750 = FACE_BOUND('',#14751,.T.);
#14751 = EDGE_LOOP('',(#14752,#14763,#14771,#14780,#14788,#14797,#14805,
    #14814));
#14752 = ORIENTED_EDGE('',*,*,#14753,.F.);
#14753 = EDGE_CURVE('',#14754,#14756,#14758,.T.);
#14754 = VERTEX_POINT('',#14755);
#14755 = CARTESIAN_POINT('',(8.5,52.2,-51.));
#14756 = VERTEX_POINT('',#14757);
#14757 = CARTESIAN_POINT('',(9.7,51.,-51.));
#14758 = CIRCLE('',#14759,1.2);
#14759 = AXIS2_PLACEMENT_3D('',#14760,#14761,#14762);
#14760 = CARTESIAN_POINT('',(9.7,52.2,-51.));
#14761 = DIRECTION('',(0.,0.,1.));
#14762 = DIRECTION('',(-1.,0.,0.));
#14763 = ORIENTED_EDGE('',*,*,#14764,.T.);
#14764 = EDGE_CURVE('',#14754,#14765,#14767,.T.);
#14765 = VERTEX_POINT('',#14766);
#14766 = CARTESIAN_POINT('',(8.5,52.6,-51.));
#14767 = LINE('',#14768,#14769);
#14768 = CARTESIAN_POINT('',(8.5,22.25,-51.));
#14769 = VECTOR('',#14770,1.);
#14770 = DIRECTION('',(0.,1.,0.));
#14771 = ORIENTED_EDGE('',*,*,#14772,.F.);
#14772 = EDGE_CURVE('',#14773,#14765,#14775,.T.);
#14773 = VERTEX_POINT('',#14774);
#14774 = CARTESIAN_POINT('',(9.7,53.8,-51.));
#14775 = CIRCLE('',#14776,1.2);
#14776 = AXIS2_PLACEMENT_3D('',#14777,#14778,#14779);
#14777 = CARTESIAN_POINT('',(9.7,52.6,-51.));
#14778 = DIRECTION('',(0.,0.,1.));
#14779 = DIRECTION('',(-1.,0.,0.));
#14780 = ORIENTED_EDGE('',*,*,#14781,.F.);
#14781 = EDGE_CURVE('',#14782,#14773,#14784,.T.);
#14782 = VERTEX_POINT('',#14783);
#14783 = CARTESIAN_POINT('',(27.3,53.8,-51.));
#14784 = LINE('',#14785,#14786);
#14785 = CARTESIAN_POINT('',(-16.25,53.8,-51.));
#14786 = VECTOR('',#14787,1.);
#14787 = DIRECTION('',(-1.,0.,0.));
#14788 = ORIENTED_EDGE('',*,*,#14789,.F.);
#14789 = EDGE_CURVE('',#14790,#14782,#14792,.T.);
#14790 = VERTEX_POINT('',#14791);
#14791 = CARTESIAN_POINT('',(28.5,52.6,-51.));
#14792 = CIRCLE('',#14793,1.2);
#14793 = AXIS2_PLACEMENT_3D('',#14794,#14795,#14796);
#14794 = CARTESIAN_POINT('',(27.3,52.6,-51.));
#14795 = DIRECTION('',(0.,0.,1.));
#14796 = DIRECTION('',(1.,0.,0.));
#14797 = ORIENTED_EDGE('',*,*,#14798,.F.);
#14798 = EDGE_CURVE('',#14799,#14790,#14801,.T.);
#14799 = VERTEX_POINT('',#14800);
#14800 = CARTESIAN_POINT('',(28.5,52.2,-51.));
#14801 = LINE('',#14802,#14803);
#14802 = CARTESIAN_POINT('',(28.5,22.25,-51.));
#14803 = VECTOR('',#14804,1.);
#14804 = DIRECTION('',(0.,1.,0.));
#14805 = ORIENTED_EDGE('',*,*,#14806,.F.);
#14806 = EDGE_CURVE('',#14807,#14799,#14809,.T.);
#14807 = VERTEX_POINT('',#14808);
#14808 = CARTESIAN_POINT('',(27.3,51.,-51.));
#14809 = CIRCLE('',#14810,1.2);
#14810 = AXIS2_PLACEMENT_3D('',#14811,#14812,#14813);
#14811 = CARTESIAN_POINT('',(27.3,52.2,-51.));
#14812 = DIRECTION('',(0.,0.,1.));
#14813 = DIRECTION('',(1.,0.,0.));
#14814 = ORIENTED_EDGE('',*,*,#14815,.T.);
#14815 = EDGE_CURVE('',#14807,#14756,#14816,.T.);
#14816 = LINE('',#14817,#14818);
#14817 = CARTESIAN_POINT('',(-16.25,51.,-51.));
#14818 = VECTOR('',#14819,1.);
#14819 = DIRECTION('',(-1.,0.,0.));
#14820 = FACE_BOUND('',#14821,.T.);
#14821 = EDGE_LOOP('',(#14822,#14833,#14841,#14850,#14858,#14867,#14875,
    #14884));
#14822 = ORIENTED_EDGE('',*,*,#14823,.F.);
#14823 = EDGE_CURVE('',#14824,#14826,#14828,.T.);
#14824 = VERTEX_POINT('',#14825);
#14825 = CARTESIAN_POINT('',(8.5,58.2,-51.));
#14826 = VERTEX_POINT('',#14827);
#14827 = CARTESIAN_POINT('',(9.7,57.,-51.));
#14828 = CIRCLE('',#14829,1.2);
#14829 = AXIS2_PLACEMENT_3D('',#14830,#14831,#14832);
#14830 = CARTESIAN_POINT('',(9.7,58.2,-51.));
#14831 = DIRECTION('',(0.,0.,1.));
#14832 = DIRECTION('',(-1.,0.,0.));
#14833 = ORIENTED_EDGE('',*,*,#14834,.T.);
#14834 = EDGE_CURVE('',#14824,#14835,#14837,.T.);
#14835 = VERTEX_POINT('',#14836);
#14836 = CARTESIAN_POINT('',(8.5,58.6,-51.));
#14837 = LINE('',#14838,#14839);
#14838 = CARTESIAN_POINT('',(8.5,25.25,-51.));
#14839 = VECTOR('',#14840,1.);
#14840 = DIRECTION('',(0.,1.,0.));
#14841 = ORIENTED_EDGE('',*,*,#14842,.F.);
#14842 = EDGE_CURVE('',#14843,#14835,#14845,.T.);
#14843 = VERTEX_POINT('',#14844);
#14844 = CARTESIAN_POINT('',(9.7,59.8,-51.));
#14845 = CIRCLE('',#14846,1.2);
#14846 = AXIS2_PLACEMENT_3D('',#14847,#14848,#14849);
#14847 = CARTESIAN_POINT('',(9.7,58.6,-51.));
#14848 = DIRECTION('',(0.,0.,1.));
#14849 = DIRECTION('',(-1.,0.,0.));
#14850 = ORIENTED_EDGE('',*,*,#14851,.F.);
#14851 = EDGE_CURVE('',#14852,#14843,#14854,.T.);
#14852 = VERTEX_POINT('',#14853);
#14853 = CARTESIAN_POINT('',(27.3,59.8,-51.));
#14854 = LINE('',#14855,#14856);
#14855 = CARTESIAN_POINT('',(-16.25,59.8,-51.));
#14856 = VECTOR('',#14857,1.);
#14857 = DIRECTION('',(-1.,0.,0.));
#14858 = ORIENTED_EDGE('',*,*,#14859,.F.);
#14859 = EDGE_CURVE('',#14860,#14852,#14862,.T.);
#14860 = VERTEX_POINT('',#14861);
#14861 = CARTESIAN_POINT('',(28.5,58.6,-51.));
#14862 = CIRCLE('',#14863,1.2);
#14863 = AXIS2_PLACEMENT_3D('',#14864,#14865,#14866);
#14864 = CARTESIAN_POINT('',(27.3,58.6,-51.));
#14865 = DIRECTION('',(0.,0.,1.));
#14866 = DIRECTION('',(1.,0.,0.));
#14867 = ORIENTED_EDGE('',*,*,#14868,.F.);
#14868 = EDGE_CURVE('',#14869,#14860,#14871,.T.);
#14869 = VERTEX_POINT('',#14870);
#14870 = CARTESIAN_POINT('',(28.5,58.2,-51.));
#14871 = LINE('',#14872,#14873);
#14872 = CARTESIAN_POINT('',(28.5,25.25,-51.));
#14873 = VECTOR('',#14874,1.);
#14874 = DIRECTION('',(0.,1.,0.));
#14875 = ORIENTED_EDGE('',*,*,#14876,.F.);
#14876 = EDGE_CURVE('',#14877,#14869,#14879,.T.);
#14877 = VERTEX_POINT('',#14878);
#14878 = CARTESIAN_POINT('',(27.3,57.,-51.));
#14879 = CIRCLE('',#14880,1.2);
#14880 = AXIS2_PLACEMENT_3D('',#14881,#14882,#14883);
#14881 = CARTESIAN_POINT('',(27.3,58.2,-51.));
#14882 = DIRECTION('',(0.,0.,1.));
#14883 = DIRECTION('',(1.,0.,0.));
#14884 = ORIENTED_EDGE('',*,*,#14885,.T.);
#14885 = EDGE_CURVE('',#14877,#14826,#14886,.T.);
#14886 = LINE('',#14887,#14888);
#14887 = CARTESIAN_POINT('',(-16.25,57.,-51.));
#14888 = VECTOR('',#14889,1.);
#14889 = DIRECTION('',(-1.,0.,0.));
#14890 = FACE_BOUND('',#14891,.T.);
#14891 = EDGE_LOOP('',(#14892,#14903,#14911,#14920,#14928,#14937,#14945,
    #14954));
#14892 = ORIENTED_EDGE('',*,*,#14893,.F.);
#14893 = EDGE_CURVE('',#14894,#14896,#14898,.T.);
#14894 = VERTEX_POINT('',#14895);
#14895 = CARTESIAN_POINT('',(8.5,64.2,-51.));
#14896 = VERTEX_POINT('',#14897);
#14897 = CARTESIAN_POINT('',(9.7,63.,-51.));
#14898 = CIRCLE('',#14899,1.2);
#14899 = AXIS2_PLACEMENT_3D('',#14900,#14901,#14902);
#14900 = CARTESIAN_POINT('',(9.7,64.2,-51.));
#14901 = DIRECTION('',(0.,0.,1.));
#14902 = DIRECTION('',(-1.,0.,0.));
#14903 = ORIENTED_EDGE('',*,*,#14904,.T.);
#14904 = EDGE_CURVE('',#14894,#14905,#14907,.T.);
#14905 = VERTEX_POINT('',#14906);
#14906 = CARTESIAN_POINT('',(8.5,64.6,-51.));
#14907 = LINE('',#14908,#14909);
#14908 = CARTESIAN_POINT('',(8.5,28.25,-51.));
#14909 = VECTOR('',#14910,1.);
#14910 = DIRECTION('',(0.,1.,0.));
#14911 = ORIENTED_EDGE('',*,*,#14912,.F.);
#14912 = EDGE_CURVE('',#14913,#14905,#14915,.T.);
#14913 = VERTEX_POINT('',#14914);
#14914 = CARTESIAN_POINT('',(9.7,65.8,-51.));
#14915 = CIRCLE('',#14916,1.2);
#14916 = AXIS2_PLACEMENT_3D('',#14917,#14918,#14919);
#14917 = CARTESIAN_POINT('',(9.7,64.6,-51.));
#14918 = DIRECTION('',(0.,0.,1.));
#14919 = DIRECTION('',(-1.,0.,0.));
#14920 = ORIENTED_EDGE('',*,*,#14921,.F.);
#14921 = EDGE_CURVE('',#14922,#14913,#14924,.T.);
#14922 = VERTEX_POINT('',#14923);
#14923 = CARTESIAN_POINT('',(27.3,65.8,-51.));
#14924 = LINE('',#14925,#14926);
#14925 = CARTESIAN_POINT('',(-16.25,65.8,-51.));
#14926 = VECTOR('',#14927,1.);
#14927 = DIRECTION('',(-1.,0.,0.));
#14928 = ORIENTED_EDGE('',*,*,#14929,.F.);
#14929 = EDGE_CURVE('',#14930,#14922,#14932,.T.);
#14930 = VERTEX_POINT('',#14931);
#14931 = CARTESIAN_POINT('',(28.5,64.6,-51.));
#14932 = CIRCLE('',#14933,1.2);
#14933 = AXIS2_PLACEMENT_3D('',#14934,#14935,#14936);
#14934 = CARTESIAN_POINT('',(27.3,64.6,-51.));
#14935 = DIRECTION('',(0.,0.,1.));
#14936 = DIRECTION('',(1.,0.,0.));
#14937 = ORIENTED_EDGE('',*,*,#14938,.F.);
#14938 = EDGE_CURVE('',#14939,#14930,#14941,.T.);
#14939 = VERTEX_POINT('',#14940);
#14940 = CARTESIAN_POINT('',(28.5,64.2,-51.));
#14941 = LINE('',#14942,#14943);
#14942 = CARTESIAN_POINT('',(28.5,28.25,-51.));
#14943 = VECTOR('',#14944,1.);
#14944 = DIRECTION('',(0.,1.,0.));
#14945 = ORIENTED_EDGE('',*,*,#14946,.F.);
#14946 = EDGE_CURVE('',#14947,#14939,#14949,.T.);
#14947 = VERTEX_POINT('',#14948);
#14948 = CARTESIAN_POINT('',(27.3,63.,-51.));
#14949 = CIRCLE('',#14950,1.2);
#14950 = AXIS2_PLACEMENT_3D('',#14951,#14952,#14953);
#14951 = CARTESIAN_POINT('',(27.3,64.2,-51.));
#14952 = DIRECTION('',(0.,0.,1.));
#14953 = DIRECTION('',(1.,0.,0.));
#14954 = ORIENTED_EDGE('',*,*,#14955,.T.);
#14955 = EDGE_CURVE('',#14947,#14896,#14956,.T.);
#14956 = LINE('',#14957,#14958);
#14957 = CARTESIAN_POINT('',(-16.25,63.,-51.));
#14958 = VECTOR('',#14959,1.);
#14959 = DIRECTION('',(-1.,0.,0.));
#14960 = FACE_BOUND('',#14961,.T.);
#14961 = EDGE_LOOP('',(#14962,#14973,#14981,#14990,#14998,#15007,#15015,
    #15024));
#14962 = ORIENTED_EDGE('',*,*,#14963,.F.);
#14963 = EDGE_CURVE('',#14964,#14966,#14968,.T.);
#14964 = VERTEX_POINT('',#14965);
#14965 = CARTESIAN_POINT('',(8.5,70.2,-51.));
#14966 = VERTEX_POINT('',#14967);
#14967 = CARTESIAN_POINT('',(9.7,69.,-51.));
#14968 = CIRCLE('',#14969,1.2);
#14969 = AXIS2_PLACEMENT_3D('',#14970,#14971,#14972);
#14970 = CARTESIAN_POINT('',(9.7,70.2,-51.));
#14971 = DIRECTION('',(0.,0.,1.));
#14972 = DIRECTION('',(-1.,0.,0.));
#14973 = ORIENTED_EDGE('',*,*,#14974,.T.);
#14974 = EDGE_CURVE('',#14964,#14975,#14977,.T.);
#14975 = VERTEX_POINT('',#14976);
#14976 = CARTESIAN_POINT('',(8.5,70.6,-51.));
#14977 = LINE('',#14978,#14979);
#14978 = CARTESIAN_POINT('',(8.5,31.25,-51.));
#14979 = VECTOR('',#14980,1.);
#14980 = DIRECTION('',(0.,1.,0.));
#14981 = ORIENTED_EDGE('',*,*,#14982,.F.);
#14982 = EDGE_CURVE('',#14983,#14975,#14985,.T.);
#14983 = VERTEX_POINT('',#14984);
#14984 = CARTESIAN_POINT('',(9.7,71.8,-51.));
#14985 = CIRCLE('',#14986,1.2);
#14986 = AXIS2_PLACEMENT_3D('',#14987,#14988,#14989);
#14987 = CARTESIAN_POINT('',(9.7,70.6,-51.));
#14988 = DIRECTION('',(0.,0.,1.));
#14989 = DIRECTION('',(-1.,0.,0.));
#14990 = ORIENTED_EDGE('',*,*,#14991,.F.);
#14991 = EDGE_CURVE('',#14992,#14983,#14994,.T.);
#14992 = VERTEX_POINT('',#14993);
#14993 = CARTESIAN_POINT('',(27.3,71.8,-51.));
#14994 = LINE('',#14995,#14996);
#14995 = CARTESIAN_POINT('',(-16.25,71.8,-51.));
#14996 = VECTOR('',#14997,1.);
#14997 = DIRECTION('',(-1.,0.,0.));
#14998 = ORIENTED_EDGE('',*,*,#14999,.F.);
#14999 = EDGE_CURVE('',#15000,#14992,#15002,.T.);
#15000 = VERTEX_POINT('',#15001);
#15001 = CARTESIAN_POINT('',(28.5,70.6,-51.));
#15002 = CIRCLE('',#15003,1.2);
#15003 = AXIS2_PLACEMENT_3D('',#15004,#15005,#15006);
#15004 = CARTESIAN_POINT('',(27.3,70.6,-51.));
#15005 = DIRECTION('',(0.,0.,1.));
#15006 = DIRECTION('',(1.,0.,0.));
#15007 = ORIENTED_EDGE('',*,*,#15008,.F.);
#15008 = EDGE_CURVE('',#15009,#15000,#15011,.T.);
#15009 = VERTEX_POINT('',#15010);
#15010 = CARTESIAN_POINT('',(28.5,70.2,-51.));
#15011 = LINE('',#15012,#15013);
#15012 = CARTESIAN_POINT('',(28.5,31.25,-51.));
#15013 = VECTOR('',#15014,1.);
#15014 = DIRECTION('',(0.,1.,0.));
#15015 = ORIENTED_EDGE('',*,*,#15016,.F.);
#15016 = EDGE_CURVE('',#15017,#15009,#15019,.T.);
#15017 = VERTEX_POINT('',#15018);
#15018 = CARTESIAN_POINT('',(27.3,69.,-51.));
#15019 = CIRCLE('',#15020,1.2);
#15020 = AXIS2_PLACEMENT_3D('',#15021,#15022,#15023);
#15021 = CARTESIAN_POINT('',(27.3,70.2,-51.));
#15022 = DIRECTION('',(0.,0.,1.));
#15023 = DIRECTION('',(1.,0.,0.));
#15024 = ORIENTED_EDGE('',*,*,#15025,.T.);
#15025 = EDGE_CURVE('',#15017,#14966,#15026,.T.);
#15026 = LINE('',#15027,#15028);
#15027 = CARTESIAN_POINT('',(-16.25,69.,-51.));
#15028 = VECTOR('',#15029,1.);
#15029 = DIRECTION('',(-1.,0.,0.));
#15030 = FACE_BOUND('',#15031,.T.);
#15031 = EDGE_LOOP('',(#15032));
#15032 = ORIENTED_EDGE('',*,*,#15033,.F.);
#15033 = EDGE_CURVE('',#15034,#15034,#15036,.T.);
#15034 = VERTEX_POINT('',#15035);
#15035 = CARTESIAN_POINT('',(-30.8,143.9,-51.));
#15036 = CIRCLE('',#15037,1.7);
#15037 = AXIS2_PLACEMENT_3D('',#15038,#15039,#15040);
#15038 = CARTESIAN_POINT('',(-32.5,143.9,-51.));
#15039 = DIRECTION('',(0.,0.,1.));
#15040 = DIRECTION('',(1.,0.,0.));
#15041 = FACE_BOUND('',#15042,.T.);
#15042 = EDGE_LOOP('',(#15043,#15054,#15062,#15071,#15079,#15088,#15096,
    #15105));
#15043 = ORIENTED_EDGE('',*,*,#15044,.F.);
#15044 = EDGE_CURVE('',#15045,#15047,#15049,.T.);
#15045 = VERTEX_POINT('',#15046);
#15046 = CARTESIAN_POINT('',(-32.55,115.35,-51.));
#15047 = VERTEX_POINT('',#15048);
#15048 = CARTESIAN_POINT('',(-28.55,111.35,-51.));
#15049 = CIRCLE('',#15050,4.);
#15050 = AXIS2_PLACEMENT_3D('',#15051,#15052,#15053);
#15051 = CARTESIAN_POINT('',(-28.55,115.35,-51.));
#15052 = DIRECTION('',(0.,0.,1.));
#15053 = DIRECTION('',(-1.,0.,0.));
#15054 = ORIENTED_EDGE('',*,*,#15055,.T.);
#15055 = EDGE_CURVE('',#15045,#15056,#15058,.T.);
#15056 = VERTEX_POINT('',#15057);
#15057 = CARTESIAN_POINT('',(-32.55,138.45,-51.));
#15058 = LINE('',#15059,#15060);
#15059 = CARTESIAN_POINT('',(-32.55,52.425,-51.));
#15060 = VECTOR('',#15061,1.);
#15061 = DIRECTION('',(0.,1.,0.));
#15062 = ORIENTED_EDGE('',*,*,#15063,.F.);
#15063 = EDGE_CURVE('',#15064,#15056,#15066,.T.);
#15064 = VERTEX_POINT('',#15065);
#15065 = CARTESIAN_POINT('',(-28.55,142.45,-51.));
#15066 = CIRCLE('',#15067,4.);
#15067 = AXIS2_PLACEMENT_3D('',#15068,#15069,#15070);
#15068 = CARTESIAN_POINT('',(-28.55,138.45,-51.));
#15069 = DIRECTION('',(0.,0.,1.));
#15070 = DIRECTION('',(-1.,0.,0.));
#15071 = ORIENTED_EDGE('',*,*,#15072,.F.);
#15072 = EDGE_CURVE('',#15073,#15064,#15075,.T.);
#15073 = VERTEX_POINT('',#15074);
#15074 = CARTESIAN_POINT('',(-5.45,142.45,-51.));
#15075 = LINE('',#15076,#15077);
#15076 = CARTESIAN_POINT('',(-36.775,142.45,-51.));
#15077 = VECTOR('',#15078,1.);
#15078 = DIRECTION('',(-1.,0.,0.));
#15079 = ORIENTED_EDGE('',*,*,#15080,.F.);
#15080 = EDGE_CURVE('',#15081,#15073,#15083,.T.);
#15081 = VERTEX_POINT('',#15082);
#15082 = CARTESIAN_POINT('',(-1.45,138.45,-51.));
#15083 = CIRCLE('',#15084,4.);
#15084 = AXIS2_PLACEMENT_3D('',#15085,#15086,#15087);
#15085 = CARTESIAN_POINT('',(-5.45,138.45,-51.));
#15086 = DIRECTION('',(0.,0.,1.));
#15087 = DIRECTION('',(1.,0.,0.));
#15088 = ORIENTED_EDGE('',*,*,#15089,.F.);
#15089 = EDGE_CURVE('',#15090,#15081,#15092,.T.);
#15090 = VERTEX_POINT('',#15091);
#15091 = CARTESIAN_POINT('',(-1.45,115.35,-51.));
#15092 = LINE('',#15093,#15094);
#15093 = CARTESIAN_POINT('',(-1.45,52.425,-51.));
#15094 = VECTOR('',#15095,1.);
#15095 = DIRECTION('',(0.,1.,0.));
#15096 = ORIENTED_EDGE('',*,*,#15097,.F.);
#15097 = EDGE_CURVE('',#15098,#15090,#15100,.T.);
#15098 = VERTEX_POINT('',#15099);
#15099 = CARTESIAN_POINT('',(-5.45,111.35,-51.));
#15100 = CIRCLE('',#15101,4.);
#15101 = AXIS2_PLACEMENT_3D('',#15102,#15103,#15104);
#15102 = CARTESIAN_POINT('',(-5.45,115.35,-51.));
#15103 = DIRECTION('',(0.,0.,1.));
#15104 = DIRECTION('',(1.,0.,0.));
#15105 = ORIENTED_EDGE('',*,*,#15106,.T.);
#15106 = EDGE_CURVE('',#15098,#15047,#15107,.T.);
#15107 = LINE('',#15108,#15109);
#15108 = CARTESIAN_POINT('',(-36.775,111.35,-51.));
#15109 = VECTOR('',#15110,1.);
#15110 = DIRECTION('',(-1.,0.,0.));
#15111 = FACE_BOUND('',#15112,.T.);
#15112 = EDGE_LOOP('',(#15113,#15124,#15132,#15141,#15149,#15158,#15166,
    #15175));
#15113 = ORIENTED_EDGE('',*,*,#15114,.F.);
#15114 = EDGE_CURVE('',#15115,#15117,#15119,.T.);
#15115 = VERTEX_POINT('',#15116);
#15116 = CARTESIAN_POINT('',(8.5,76.2,-51.));
#15117 = VERTEX_POINT('',#15118);
#15118 = CARTESIAN_POINT('',(9.7,75.,-51.));
#15119 = CIRCLE('',#15120,1.2);
#15120 = AXIS2_PLACEMENT_3D('',#15121,#15122,#15123);
#15121 = CARTESIAN_POINT('',(9.7,76.2,-51.));
#15122 = DIRECTION('',(0.,0.,1.));
#15123 = DIRECTION('',(-1.,0.,0.));
#15124 = ORIENTED_EDGE('',*,*,#15125,.T.);
#15125 = EDGE_CURVE('',#15115,#15126,#15128,.T.);
#15126 = VERTEX_POINT('',#15127);
#15127 = CARTESIAN_POINT('',(8.5,76.6,-51.));
#15128 = LINE('',#15129,#15130);
#15129 = CARTESIAN_POINT('',(8.5,34.25,-51.));
#15130 = VECTOR('',#15131,1.);
#15131 = DIRECTION('',(0.,1.,0.));
#15132 = ORIENTED_EDGE('',*,*,#15133,.F.);
#15133 = EDGE_CURVE('',#15134,#15126,#15136,.T.);
#15134 = VERTEX_POINT('',#15135);
#15135 = CARTESIAN_POINT('',(9.7,77.8,-51.));
#15136 = CIRCLE('',#15137,1.2);
#15137 = AXIS2_PLACEMENT_3D('',#15138,#15139,#15140);
#15138 = CARTESIAN_POINT('',(9.7,76.6,-51.));
#15139 = DIRECTION('',(0.,0.,1.));
#15140 = DIRECTION('',(-1.,0.,0.));
#15141 = ORIENTED_EDGE('',*,*,#15142,.F.);
#15142 = EDGE_CURVE('',#15143,#15134,#15145,.T.);
#15143 = VERTEX_POINT('',#15144);
#15144 = CARTESIAN_POINT('',(27.3,77.8,-51.));
#15145 = LINE('',#15146,#15147);
#15146 = CARTESIAN_POINT('',(-16.25,77.8,-51.));
#15147 = VECTOR('',#15148,1.);
#15148 = DIRECTION('',(-1.,0.,0.));
#15149 = ORIENTED_EDGE('',*,*,#15150,.F.);
#15150 = EDGE_CURVE('',#15151,#15143,#15153,.T.);
#15151 = VERTEX_POINT('',#15152);
#15152 = CARTESIAN_POINT('',(28.5,76.6,-51.));
#15153 = CIRCLE('',#15154,1.2);
#15154 = AXIS2_PLACEMENT_3D('',#15155,#15156,#15157);
#15155 = CARTESIAN_POINT('',(27.3,76.6,-51.));
#15156 = DIRECTION('',(0.,0.,1.));
#15157 = DIRECTION('',(1.,0.,0.));
#15158 = ORIENTED_EDGE('',*,*,#15159,.F.);
#15159 = EDGE_CURVE('',#15160,#15151,#15162,.T.);
#15160 = VERTEX_POINT('',#15161);
#15161 = CARTESIAN_POINT('',(28.5,76.2,-51.));
#15162 = LINE('',#15163,#15164);
#15163 = CARTESIAN_POINT('',(28.5,34.25,-51.));
#15164 = VECTOR('',#15165,1.);
#15165 = DIRECTION('',(0.,1.,0.));
#15166 = ORIENTED_EDGE('',*,*,#15167,.F.);
#15167 = EDGE_CURVE('',#15168,#15160,#15170,.T.);
#15168 = VERTEX_POINT('',#15169);
#15169 = CARTESIAN_POINT('',(27.3,75.,-51.));
#15170 = CIRCLE('',#15171,1.2);
#15171 = AXIS2_PLACEMENT_3D('',#15172,#15173,#15174);
#15172 = CARTESIAN_POINT('',(27.3,76.2,-51.));
#15173 = DIRECTION('',(0.,0.,1.));
#15174 = DIRECTION('',(1.,0.,0.));
#15175 = ORIENTED_EDGE('',*,*,#15176,.T.);
#15176 = EDGE_CURVE('',#15168,#15117,#15177,.T.);
#15177 = LINE('',#15178,#15179);
#15178 = CARTESIAN_POINT('',(-16.25,75.,-51.));
#15179 = VECTOR('',#15180,1.);
#15180 = DIRECTION('',(-1.,0.,0.));
#15181 = FACE_BOUND('',#15182,.T.);
#15182 = EDGE_LOOP('',(#15183,#15194,#15202,#15211,#15219,#15228,#15236,
    #15245));
#15183 = ORIENTED_EDGE('',*,*,#15184,.F.);
#15184 = EDGE_CURVE('',#15185,#15187,#15189,.T.);
#15185 = VERTEX_POINT('',#15186);
#15186 = CARTESIAN_POINT('',(8.5,82.2,-51.));
#15187 = VERTEX_POINT('',#15188);
#15188 = CARTESIAN_POINT('',(9.7,81.,-51.));
#15189 = CIRCLE('',#15190,1.2);
#15190 = AXIS2_PLACEMENT_3D('',#15191,#15192,#15193);
#15191 = CARTESIAN_POINT('',(9.7,82.2,-51.));
#15192 = DIRECTION('',(0.,0.,1.));
#15193 = DIRECTION('',(-1.,0.,0.));
#15194 = ORIENTED_EDGE('',*,*,#15195,.T.);
#15195 = EDGE_CURVE('',#15185,#15196,#15198,.T.);
#15196 = VERTEX_POINT('',#15197);
#15197 = CARTESIAN_POINT('',(8.5,82.6,-51.));
#15198 = LINE('',#15199,#15200);
#15199 = CARTESIAN_POINT('',(8.5,37.25,-51.));
#15200 = VECTOR('',#15201,1.);
#15201 = DIRECTION('',(0.,1.,0.));
#15202 = ORIENTED_EDGE('',*,*,#15203,.F.);
#15203 = EDGE_CURVE('',#15204,#15196,#15206,.T.);
#15204 = VERTEX_POINT('',#15205);
#15205 = CARTESIAN_POINT('',(9.7,83.8,-51.));
#15206 = CIRCLE('',#15207,1.2);
#15207 = AXIS2_PLACEMENT_3D('',#15208,#15209,#15210);
#15208 = CARTESIAN_POINT('',(9.7,82.6,-51.));
#15209 = DIRECTION('',(0.,0.,1.));
#15210 = DIRECTION('',(-1.,0.,0.));
#15211 = ORIENTED_EDGE('',*,*,#15212,.F.);
#15212 = EDGE_CURVE('',#15213,#15204,#15215,.T.);
#15213 = VERTEX_POINT('',#15214);
#15214 = CARTESIAN_POINT('',(27.3,83.8,-51.));
#15215 = LINE('',#15216,#15217);
#15216 = CARTESIAN_POINT('',(-16.25,83.8,-51.));
#15217 = VECTOR('',#15218,1.);
#15218 = DIRECTION('',(-1.,0.,0.));
#15219 = ORIENTED_EDGE('',*,*,#15220,.F.);
#15220 = EDGE_CURVE('',#15221,#15213,#15223,.T.);
#15221 = VERTEX_POINT('',#15222);
#15222 = CARTESIAN_POINT('',(28.5,82.6,-51.));
#15223 = CIRCLE('',#15224,1.2);
#15224 = AXIS2_PLACEMENT_3D('',#15225,#15226,#15227);
#15225 = CARTESIAN_POINT('',(27.3,82.6,-51.));
#15226 = DIRECTION('',(0.,0.,1.));
#15227 = DIRECTION('',(1.,0.,0.));
#15228 = ORIENTED_EDGE('',*,*,#15229,.F.);
#15229 = EDGE_CURVE('',#15230,#15221,#15232,.T.);
#15230 = VERTEX_POINT('',#15231);
#15231 = CARTESIAN_POINT('',(28.5,82.2,-51.));
#15232 = LINE('',#15233,#15234);
#15233 = CARTESIAN_POINT('',(28.5,37.25,-51.));
#15234 = VECTOR('',#15235,1.);
#15235 = DIRECTION('',(0.,1.,0.));
#15236 = ORIENTED_EDGE('',*,*,#15237,.F.);
#15237 = EDGE_CURVE('',#15238,#15230,#15240,.T.);
#15238 = VERTEX_POINT('',#15239);
#15239 = CARTESIAN_POINT('',(27.3,81.,-51.));
#15240 = CIRCLE('',#15241,1.2);
#15241 = AXIS2_PLACEMENT_3D('',#15242,#15243,#15244);
#15242 = CARTESIAN_POINT('',(27.3,82.2,-51.));
#15243 = DIRECTION('',(0.,0.,1.));
#15244 = DIRECTION('',(1.,0.,0.));
#15245 = ORIENTED_EDGE('',*,*,#15246,.T.);
#15246 = EDGE_CURVE('',#15238,#15187,#15247,.T.);
#15247 = LINE('',#15248,#15249);
#15248 = CARTESIAN_POINT('',(-16.25,81.,-51.));
#15249 = VECTOR('',#15250,1.);
#15250 = DIRECTION('',(-1.,0.,0.));
#15251 = FACE_BOUND('',#15252,.T.);
#15252 = EDGE_LOOP('',(#15253,#15264,#15272,#15281,#15289,#15298,#15306,
    #15315));
#15253 = ORIENTED_EDGE('',*,*,#15254,.F.);
#15254 = EDGE_CURVE('',#15255,#15257,#15259,.T.);
#15255 = VERTEX_POINT('',#15256);
#15256 = CARTESIAN_POINT('',(8.5,106.2,-51.));
#15257 = VERTEX_POINT('',#15258);
#15258 = CARTESIAN_POINT('',(9.7,105.,-51.));
#15259 = CIRCLE('',#15260,1.2);
#15260 = AXIS2_PLACEMENT_3D('',#15261,#15262,#15263);
#15261 = CARTESIAN_POINT('',(9.7,106.2,-51.));
#15262 = DIRECTION('',(0.,0.,1.));
#15263 = DIRECTION('',(-1.,0.,0.));
#15264 = ORIENTED_EDGE('',*,*,#15265,.T.);
#15265 = EDGE_CURVE('',#15255,#15266,#15268,.T.);
#15266 = VERTEX_POINT('',#15267);
#15267 = CARTESIAN_POINT('',(8.5,106.6,-51.));
#15268 = LINE('',#15269,#15270);
#15269 = CARTESIAN_POINT('',(8.5,49.25,-51.));
#15270 = VECTOR('',#15271,1.);
#15271 = DIRECTION('',(0.,1.,0.));
#15272 = ORIENTED_EDGE('',*,*,#15273,.F.);
#15273 = EDGE_CURVE('',#15274,#15266,#15276,.T.);
#15274 = VERTEX_POINT('',#15275);
#15275 = CARTESIAN_POINT('',(9.7,107.8,-51.));
#15276 = CIRCLE('',#15277,1.2);
#15277 = AXIS2_PLACEMENT_3D('',#15278,#15279,#15280);
#15278 = CARTESIAN_POINT('',(9.7,106.6,-51.));
#15279 = DIRECTION('',(0.,0.,1.));
#15280 = DIRECTION('',(-1.,0.,0.));
#15281 = ORIENTED_EDGE('',*,*,#15282,.F.);
#15282 = EDGE_CURVE('',#15283,#15274,#15285,.T.);
#15283 = VERTEX_POINT('',#15284);
#15284 = CARTESIAN_POINT('',(27.3,107.8,-51.));
#15285 = LINE('',#15286,#15287);
#15286 = CARTESIAN_POINT('',(-16.25,107.8,-51.));
#15287 = VECTOR('',#15288,1.);
#15288 = DIRECTION('',(-1.,0.,0.));
#15289 = ORIENTED_EDGE('',*,*,#15290,.F.);
#15290 = EDGE_CURVE('',#15291,#15283,#15293,.T.);
#15291 = VERTEX_POINT('',#15292);
#15292 = CARTESIAN_POINT('',(28.5,106.6,-51.));
#15293 = CIRCLE('',#15294,1.2);
#15294 = AXIS2_PLACEMENT_3D('',#15295,#15296,#15297);
#15295 = CARTESIAN_POINT('',(27.3,106.6,-51.));
#15296 = DIRECTION('',(0.,0.,1.));
#15297 = DIRECTION('',(1.,0.,0.));
#15298 = ORIENTED_EDGE('',*,*,#15299,.F.);
#15299 = EDGE_CURVE('',#15300,#15291,#15302,.T.);
#15300 = VERTEX_POINT('',#15301);
#15301 = CARTESIAN_POINT('',(28.5,106.2,-51.));
#15302 = LINE('',#15303,#15304);
#15303 = CARTESIAN_POINT('',(28.5,49.25,-51.));
#15304 = VECTOR('',#15305,1.);
#15305 = DIRECTION('',(0.,1.,0.));
#15306 = ORIENTED_EDGE('',*,*,#15307,.F.);
#15307 = EDGE_CURVE('',#15308,#15300,#15310,.T.);
#15308 = VERTEX_POINT('',#15309);
#15309 = CARTESIAN_POINT('',(27.3,105.,-51.));
#15310 = CIRCLE('',#15311,1.2);
#15311 = AXIS2_PLACEMENT_3D('',#15312,#15313,#15314);
#15312 = CARTESIAN_POINT('',(27.3,106.2,-51.));
#15313 = DIRECTION('',(0.,0.,1.));
#15314 = DIRECTION('',(1.,0.,0.));
#15315 = ORIENTED_EDGE('',*,*,#15316,.T.);
#15316 = EDGE_CURVE('',#15308,#15257,#15317,.T.);
#15317 = LINE('',#15318,#15319);
#15318 = CARTESIAN_POINT('',(-16.25,105.,-51.));
#15319 = VECTOR('',#15320,1.);
#15320 = DIRECTION('',(-1.,0.,0.));
#15321 = FACE_BOUND('',#15322,.T.);
#15322 = EDGE_LOOP('',(#15323,#15334,#15342,#15351,#15359,#15368,#15376,
    #15385));
#15323 = ORIENTED_EDGE('',*,*,#15324,.F.);
#15324 = EDGE_CURVE('',#15325,#15327,#15329,.T.);
#15325 = VERTEX_POINT('',#15326);
#15326 = CARTESIAN_POINT('',(8.5,112.2,-51.));
#15327 = VERTEX_POINT('',#15328);
#15328 = CARTESIAN_POINT('',(9.7,111.,-51.));
#15329 = CIRCLE('',#15330,1.2);
#15330 = AXIS2_PLACEMENT_3D('',#15331,#15332,#15333);
#15331 = CARTESIAN_POINT('',(9.7,112.2,-51.));
#15332 = DIRECTION('',(0.,0.,1.));
#15333 = DIRECTION('',(-1.,0.,0.));
#15334 = ORIENTED_EDGE('',*,*,#15335,.T.);
#15335 = EDGE_CURVE('',#15325,#15336,#15338,.T.);
#15336 = VERTEX_POINT('',#15337);
#15337 = CARTESIAN_POINT('',(8.5,112.6,-51.));
#15338 = LINE('',#15339,#15340);
#15339 = CARTESIAN_POINT('',(8.5,52.25,-51.));
#15340 = VECTOR('',#15341,1.);
#15341 = DIRECTION('',(0.,1.,0.));
#15342 = ORIENTED_EDGE('',*,*,#15343,.F.);
#15343 = EDGE_CURVE('',#15344,#15336,#15346,.T.);
#15344 = VERTEX_POINT('',#15345);
#15345 = CARTESIAN_POINT('',(9.7,113.8,-51.));
#15346 = CIRCLE('',#15347,1.2);
#15347 = AXIS2_PLACEMENT_3D('',#15348,#15349,#15350);
#15348 = CARTESIAN_POINT('',(9.7,112.6,-51.));
#15349 = DIRECTION('',(0.,0.,1.));
#15350 = DIRECTION('',(-1.,0.,0.));
#15351 = ORIENTED_EDGE('',*,*,#15352,.F.);
#15352 = EDGE_CURVE('',#15353,#15344,#15355,.T.);
#15353 = VERTEX_POINT('',#15354);
#15354 = CARTESIAN_POINT('',(27.3,113.8,-51.));
#15355 = LINE('',#15356,#15357);
#15356 = CARTESIAN_POINT('',(-16.25,113.8,-51.));
#15357 = VECTOR('',#15358,1.);
#15358 = DIRECTION('',(-1.,0.,0.));
#15359 = ORIENTED_EDGE('',*,*,#15360,.F.);
#15360 = EDGE_CURVE('',#15361,#15353,#15363,.T.);
#15361 = VERTEX_POINT('',#15362);
#15362 = CARTESIAN_POINT('',(28.5,112.6,-51.));
#15363 = CIRCLE('',#15364,1.2);
#15364 = AXIS2_PLACEMENT_3D('',#15365,#15366,#15367);
#15365 = CARTESIAN_POINT('',(27.3,112.6,-51.));
#15366 = DIRECTION('',(0.,0.,1.));
#15367 = DIRECTION('',(1.,0.,0.));
#15368 = ORIENTED_EDGE('',*,*,#15369,.F.);
#15369 = EDGE_CURVE('',#15370,#15361,#15372,.T.);
#15370 = VERTEX_POINT('',#15371);
#15371 = CARTESIAN_POINT('',(28.5,112.2,-51.));
#15372 = LINE('',#15373,#15374);
#15373 = CARTESIAN_POINT('',(28.5,52.25,-51.));
#15374 = VECTOR('',#15375,1.);
#15375 = DIRECTION('',(0.,1.,0.));
#15376 = ORIENTED_EDGE('',*,*,#15377,.F.);
#15377 = EDGE_CURVE('',#15378,#15370,#15380,.T.);
#15378 = VERTEX_POINT('',#15379);
#15379 = CARTESIAN_POINT('',(27.3,111.,-51.));
#15380 = CIRCLE('',#15381,1.2);
#15381 = AXIS2_PLACEMENT_3D('',#15382,#15383,#15384);
#15382 = CARTESIAN_POINT('',(27.3,112.2,-51.));
#15383 = DIRECTION('',(0.,0.,1.));
#15384 = DIRECTION('',(1.,0.,0.));
#15385 = ORIENTED_EDGE('',*,*,#15386,.T.);
#15386 = EDGE_CURVE('',#15378,#15327,#15387,.T.);
#15387 = LINE('',#15388,#15389);
#15388 = CARTESIAN_POINT('',(-16.25,111.,-51.));
#15389 = VECTOR('',#15390,1.);
#15390 = DIRECTION('',(-1.,0.,0.));
#15391 = FACE_BOUND('',#15392,.T.);
#15392 = EDGE_LOOP('',(#15393,#15404,#15412,#15421,#15429,#15438,#15446,
    #15455));
#15393 = ORIENTED_EDGE('',*,*,#15394,.F.);
#15394 = EDGE_CURVE('',#15395,#15397,#15399,.T.);
#15395 = VERTEX_POINT('',#15396);
#15396 = CARTESIAN_POINT('',(8.5,118.2,-51.));
#15397 = VERTEX_POINT('',#15398);
#15398 = CARTESIAN_POINT('',(9.7,117.,-51.));
#15399 = CIRCLE('',#15400,1.2);
#15400 = AXIS2_PLACEMENT_3D('',#15401,#15402,#15403);
#15401 = CARTESIAN_POINT('',(9.7,118.2,-51.));
#15402 = DIRECTION('',(0.,0.,1.));
#15403 = DIRECTION('',(-1.,0.,0.));
#15404 = ORIENTED_EDGE('',*,*,#15405,.T.);
#15405 = EDGE_CURVE('',#15395,#15406,#15408,.T.);
#15406 = VERTEX_POINT('',#15407);
#15407 = CARTESIAN_POINT('',(8.5,118.6,-51.));
#15408 = LINE('',#15409,#15410);
#15409 = CARTESIAN_POINT('',(8.5,55.25,-51.));
#15410 = VECTOR('',#15411,1.);
#15411 = DIRECTION('',(0.,1.,0.));
#15412 = ORIENTED_EDGE('',*,*,#15413,.F.);
#15413 = EDGE_CURVE('',#15414,#15406,#15416,.T.);
#15414 = VERTEX_POINT('',#15415);
#15415 = CARTESIAN_POINT('',(9.7,119.8,-51.));
#15416 = CIRCLE('',#15417,1.2);
#15417 = AXIS2_PLACEMENT_3D('',#15418,#15419,#15420);
#15418 = CARTESIAN_POINT('',(9.7,118.6,-51.));
#15419 = DIRECTION('',(0.,0.,1.));
#15420 = DIRECTION('',(-1.,0.,0.));
#15421 = ORIENTED_EDGE('',*,*,#15422,.F.);
#15422 = EDGE_CURVE('',#15423,#15414,#15425,.T.);
#15423 = VERTEX_POINT('',#15424);
#15424 = CARTESIAN_POINT('',(27.3,119.8,-51.));
#15425 = LINE('',#15426,#15427);
#15426 = CARTESIAN_POINT('',(-16.25,119.8,-51.));
#15427 = VECTOR('',#15428,1.);
#15428 = DIRECTION('',(-1.,0.,0.));
#15429 = ORIENTED_EDGE('',*,*,#15430,.F.);
#15430 = EDGE_CURVE('',#15431,#15423,#15433,.T.);
#15431 = VERTEX_POINT('',#15432);
#15432 = CARTESIAN_POINT('',(28.5,118.6,-51.));
#15433 = CIRCLE('',#15434,1.2);
#15434 = AXIS2_PLACEMENT_3D('',#15435,#15436,#15437);
#15435 = CARTESIAN_POINT('',(27.3,118.6,-51.));
#15436 = DIRECTION('',(0.,0.,1.));
#15437 = DIRECTION('',(1.,0.,0.));
#15438 = ORIENTED_EDGE('',*,*,#15439,.F.);
#15439 = EDGE_CURVE('',#15440,#15431,#15442,.T.);
#15440 = VERTEX_POINT('',#15441);
#15441 = CARTESIAN_POINT('',(28.5,118.2,-51.));
#15442 = LINE('',#15443,#15444);
#15443 = CARTESIAN_POINT('',(28.5,55.25,-51.));
#15444 = VECTOR('',#15445,1.);
#15445 = DIRECTION('',(0.,1.,0.));
#15446 = ORIENTED_EDGE('',*,*,#15447,.F.);
#15447 = EDGE_CURVE('',#15448,#15440,#15450,.T.);
#15448 = VERTEX_POINT('',#15449);
#15449 = CARTESIAN_POINT('',(27.3,117.,-51.));
#15450 = CIRCLE('',#15451,1.2);
#15451 = AXIS2_PLACEMENT_3D('',#15452,#15453,#15454);
#15452 = CARTESIAN_POINT('',(27.3,118.2,-51.));
#15453 = DIRECTION('',(0.,0.,1.));
#15454 = DIRECTION('',(1.,0.,0.));
#15455 = ORIENTED_EDGE('',*,*,#15456,.T.);
#15456 = EDGE_CURVE('',#15448,#15397,#15457,.T.);
#15457 = LINE('',#15458,#15459);
#15458 = CARTESIAN_POINT('',(-16.25,117.,-51.));
#15459 = VECTOR('',#15460,1.);
#15460 = DIRECTION('',(-1.,0.,0.));
#15461 = FACE_BOUND('',#15462,.T.);
#15462 = EDGE_LOOP('',(#15463,#15474,#15482,#15491,#15499,#15508,#15516,
    #15525));
#15463 = ORIENTED_EDGE('',*,*,#15464,.F.);
#15464 = EDGE_CURVE('',#15465,#15467,#15469,.T.);
#15465 = VERTEX_POINT('',#15466);
#15466 = CARTESIAN_POINT('',(8.5,124.2,-51.));
#15467 = VERTEX_POINT('',#15468);
#15468 = CARTESIAN_POINT('',(9.7,123.,-51.));
#15469 = CIRCLE('',#15470,1.2);
#15470 = AXIS2_PLACEMENT_3D('',#15471,#15472,#15473);
#15471 = CARTESIAN_POINT('',(9.7,124.2,-51.));
#15472 = DIRECTION('',(0.,0.,1.));
#15473 = DIRECTION('',(-1.,0.,0.));
#15474 = ORIENTED_EDGE('',*,*,#15475,.T.);
#15475 = EDGE_CURVE('',#15465,#15476,#15478,.T.);
#15476 = VERTEX_POINT('',#15477);
#15477 = CARTESIAN_POINT('',(8.5,124.6,-51.));
#15478 = LINE('',#15479,#15480);
#15479 = CARTESIAN_POINT('',(8.5,58.25,-51.));
#15480 = VECTOR('',#15481,1.);
#15481 = DIRECTION('',(0.,1.,0.));
#15482 = ORIENTED_EDGE('',*,*,#15483,.F.);
#15483 = EDGE_CURVE('',#15484,#15476,#15486,.T.);
#15484 = VERTEX_POINT('',#15485);
#15485 = CARTESIAN_POINT('',(9.7,125.8,-51.));
#15486 = CIRCLE('',#15487,1.2);
#15487 = AXIS2_PLACEMENT_3D('',#15488,#15489,#15490);
#15488 = CARTESIAN_POINT('',(9.7,124.6,-51.));
#15489 = DIRECTION('',(0.,0.,1.));
#15490 = DIRECTION('',(-1.,0.,0.));
#15491 = ORIENTED_EDGE('',*,*,#15492,.F.);
#15492 = EDGE_CURVE('',#15493,#15484,#15495,.T.);
#15493 = VERTEX_POINT('',#15494);
#15494 = CARTESIAN_POINT('',(27.3,125.8,-51.));
#15495 = LINE('',#15496,#15497);
#15496 = CARTESIAN_POINT('',(-16.25,125.8,-51.));
#15497 = VECTOR('',#15498,1.);
#15498 = DIRECTION('',(-1.,0.,0.));
#15499 = ORIENTED_EDGE('',*,*,#15500,.F.);
#15500 = EDGE_CURVE('',#15501,#15493,#15503,.T.);
#15501 = VERTEX_POINT('',#15502);
#15502 = CARTESIAN_POINT('',(28.5,124.6,-51.));
#15503 = CIRCLE('',#15504,1.2);
#15504 = AXIS2_PLACEMENT_3D('',#15505,#15506,#15507);
#15505 = CARTESIAN_POINT('',(27.3,124.6,-51.));
#15506 = DIRECTION('',(0.,0.,1.));
#15507 = DIRECTION('',(1.,0.,0.));
#15508 = ORIENTED_EDGE('',*,*,#15509,.F.);
#15509 = EDGE_CURVE('',#15510,#15501,#15512,.T.);
#15510 = VERTEX_POINT('',#15511);
#15511 = CARTESIAN_POINT('',(28.5,124.2,-51.));
#15512 = LINE('',#15513,#15514);
#15513 = CARTESIAN_POINT('',(28.5,58.25,-51.));
#15514 = VECTOR('',#15515,1.);
#15515 = DIRECTION('',(0.,1.,0.));
#15516 = ORIENTED_EDGE('',*,*,#15517,.F.);
#15517 = EDGE_CURVE('',#15518,#15510,#15520,.T.);
#15518 = VERTEX_POINT('',#15519);
#15519 = CARTESIAN_POINT('',(27.3,123.,-51.));
#15520 = CIRCLE('',#15521,1.2);
#15521 = AXIS2_PLACEMENT_3D('',#15522,#15523,#15524);
#15522 = CARTESIAN_POINT('',(27.3,124.2,-51.));
#15523 = DIRECTION('',(0.,0.,1.));
#15524 = DIRECTION('',(1.,0.,0.));
#15525 = ORIENTED_EDGE('',*,*,#15526,.T.);
#15526 = EDGE_CURVE('',#15518,#15467,#15527,.T.);
#15527 = LINE('',#15528,#15529);
#15528 = CARTESIAN_POINT('',(-16.25,123.,-51.));
#15529 = VECTOR('',#15530,1.);
#15530 = DIRECTION('',(-1.,0.,0.));
#15531 = FACE_BOUND('',#15532,.T.);
#15532 = EDGE_LOOP('',(#15533,#15544,#15552,#15561,#15569,#15578,#15586,
    #15595));
#15533 = ORIENTED_EDGE('',*,*,#15534,.F.);
#15534 = EDGE_CURVE('',#15535,#15537,#15539,.T.);
#15535 = VERTEX_POINT('',#15536);
#15536 = CARTESIAN_POINT('',(8.5,130.2,-51.));
#15537 = VERTEX_POINT('',#15538);
#15538 = CARTESIAN_POINT('',(9.7,129.,-51.));
#15539 = CIRCLE('',#15540,1.2);
#15540 = AXIS2_PLACEMENT_3D('',#15541,#15542,#15543);
#15541 = CARTESIAN_POINT('',(9.7,130.2,-51.));
#15542 = DIRECTION('',(0.,0.,1.));
#15543 = DIRECTION('',(-1.,0.,0.));
#15544 = ORIENTED_EDGE('',*,*,#15545,.T.);
#15545 = EDGE_CURVE('',#15535,#15546,#15548,.T.);
#15546 = VERTEX_POINT('',#15547);
#15547 = CARTESIAN_POINT('',(8.5,130.6,-51.));
#15548 = LINE('',#15549,#15550);
#15549 = CARTESIAN_POINT('',(8.5,61.25,-51.));
#15550 = VECTOR('',#15551,1.);
#15551 = DIRECTION('',(0.,1.,0.));
#15552 = ORIENTED_EDGE('',*,*,#15553,.F.);
#15553 = EDGE_CURVE('',#15554,#15546,#15556,.T.);
#15554 = VERTEX_POINT('',#15555);
#15555 = CARTESIAN_POINT('',(9.7,131.8,-51.));
#15556 = CIRCLE('',#15557,1.2);
#15557 = AXIS2_PLACEMENT_3D('',#15558,#15559,#15560);
#15558 = CARTESIAN_POINT('',(9.7,130.6,-51.));
#15559 = DIRECTION('',(0.,0.,1.));
#15560 = DIRECTION('',(-1.,0.,0.));
#15561 = ORIENTED_EDGE('',*,*,#15562,.F.);
#15562 = EDGE_CURVE('',#15563,#15554,#15565,.T.);
#15563 = VERTEX_POINT('',#15564);
#15564 = CARTESIAN_POINT('',(27.3,131.8,-51.));
#15565 = LINE('',#15566,#15567);
#15566 = CARTESIAN_POINT('',(-16.25,131.8,-51.));
#15567 = VECTOR('',#15568,1.);
#15568 = DIRECTION('',(-1.,0.,0.));
#15569 = ORIENTED_EDGE('',*,*,#15570,.F.);
#15570 = EDGE_CURVE('',#15571,#15563,#15573,.T.);
#15571 = VERTEX_POINT('',#15572);
#15572 = CARTESIAN_POINT('',(28.5,130.6,-51.));
#15573 = CIRCLE('',#15574,1.2);
#15574 = AXIS2_PLACEMENT_3D('',#15575,#15576,#15577);
#15575 = CARTESIAN_POINT('',(27.3,130.6,-51.));
#15576 = DIRECTION('',(0.,0.,1.));
#15577 = DIRECTION('',(1.,0.,0.));
#15578 = ORIENTED_EDGE('',*,*,#15579,.F.);
#15579 = EDGE_CURVE('',#15580,#15571,#15582,.T.);
#15580 = VERTEX_POINT('',#15581);
#15581 = CARTESIAN_POINT('',(28.5,130.2,-51.));
#15582 = LINE('',#15583,#15584);
#15583 = CARTESIAN_POINT('',(28.5,61.25,-51.));
#15584 = VECTOR('',#15585,1.);
#15585 = DIRECTION('',(0.,1.,0.));
#15586 = ORIENTED_EDGE('',*,*,#15587,.F.);
#15587 = EDGE_CURVE('',#15588,#15580,#15590,.T.);
#15588 = VERTEX_POINT('',#15589);
#15589 = CARTESIAN_POINT('',(27.3,129.,-51.));
#15590 = CIRCLE('',#15591,1.2);
#15591 = AXIS2_PLACEMENT_3D('',#15592,#15593,#15594);
#15592 = CARTESIAN_POINT('',(27.3,130.2,-51.));
#15593 = DIRECTION('',(0.,0.,1.));
#15594 = DIRECTION('',(1.,0.,0.));
#15595 = ORIENTED_EDGE('',*,*,#15596,.T.);
#15596 = EDGE_CURVE('',#15588,#15537,#15597,.T.);
#15597 = LINE('',#15598,#15599);
#15598 = CARTESIAN_POINT('',(-16.25,129.,-51.));
#15599 = VECTOR('',#15600,1.);
#15600 = DIRECTION('',(-1.,0.,0.));
#15601 = FACE_BOUND('',#15602,.T.);
#15602 = EDGE_LOOP('',(#15603,#15614,#15622,#15631,#15639,#15648,#15656,
    #15665));
#15603 = ORIENTED_EDGE('',*,*,#15604,.F.);
#15604 = EDGE_CURVE('',#15605,#15607,#15609,.T.);
#15605 = VERTEX_POINT('',#15606);
#15606 = CARTESIAN_POINT('',(8.5,136.2,-51.));
#15607 = VERTEX_POINT('',#15608);
#15608 = CARTESIAN_POINT('',(9.7,135.,-51.));
#15609 = CIRCLE('',#15610,1.2);
#15610 = AXIS2_PLACEMENT_3D('',#15611,#15612,#15613);
#15611 = CARTESIAN_POINT('',(9.7,136.2,-51.));
#15612 = DIRECTION('',(0.,0.,1.));
#15613 = DIRECTION('',(-1.,0.,0.));
#15614 = ORIENTED_EDGE('',*,*,#15615,.T.);
#15615 = EDGE_CURVE('',#15605,#15616,#15618,.T.);
#15616 = VERTEX_POINT('',#15617);
#15617 = CARTESIAN_POINT('',(8.5,136.6,-51.));
#15618 = LINE('',#15619,#15620);
#15619 = CARTESIAN_POINT('',(8.5,64.25,-51.));
#15620 = VECTOR('',#15621,1.);
#15621 = DIRECTION('',(0.,1.,0.));
#15622 = ORIENTED_EDGE('',*,*,#15623,.F.);
#15623 = EDGE_CURVE('',#15624,#15616,#15626,.T.);
#15624 = VERTEX_POINT('',#15625);
#15625 = CARTESIAN_POINT('',(9.7,137.8,-51.));
#15626 = CIRCLE('',#15627,1.2);
#15627 = AXIS2_PLACEMENT_3D('',#15628,#15629,#15630);
#15628 = CARTESIAN_POINT('',(9.7,136.6,-51.));
#15629 = DIRECTION('',(0.,0.,1.));
#15630 = DIRECTION('',(-1.,0.,0.));
#15631 = ORIENTED_EDGE('',*,*,#15632,.F.);
#15632 = EDGE_CURVE('',#15633,#15624,#15635,.T.);
#15633 = VERTEX_POINT('',#15634);
#15634 = CARTESIAN_POINT('',(27.3,137.8,-51.));
#15635 = LINE('',#15636,#15637);
#15636 = CARTESIAN_POINT('',(-16.25,137.8,-51.));
#15637 = VECTOR('',#15638,1.);
#15638 = DIRECTION('',(-1.,0.,0.));
#15639 = ORIENTED_EDGE('',*,*,#15640,.F.);
#15640 = EDGE_CURVE('',#15641,#15633,#15643,.T.);
#15641 = VERTEX_POINT('',#15642);
#15642 = CARTESIAN_POINT('',(28.5,136.6,-51.));
#15643 = CIRCLE('',#15644,1.2);
#15644 = AXIS2_PLACEMENT_3D('',#15645,#15646,#15647);
#15645 = CARTESIAN_POINT('',(27.3,136.6,-51.));
#15646 = DIRECTION('',(0.,0.,1.));
#15647 = DIRECTION('',(1.,0.,0.));
#15648 = ORIENTED_EDGE('',*,*,#15649,.F.);
#15649 = EDGE_CURVE('',#15650,#15641,#15652,.T.);
#15650 = VERTEX_POINT('',#15651);
#15651 = CARTESIAN_POINT('',(28.5,136.2,-51.));
#15652 = LINE('',#15653,#15654);
#15653 = CARTESIAN_POINT('',(28.5,64.25,-51.));
#15654 = VECTOR('',#15655,1.);
#15655 = DIRECTION('',(0.,1.,0.));
#15656 = ORIENTED_EDGE('',*,*,#15657,.F.);
#15657 = EDGE_CURVE('',#15658,#15650,#15660,.T.);
#15658 = VERTEX_POINT('',#15659);
#15659 = CARTESIAN_POINT('',(27.3,135.,-51.));
#15660 = CIRCLE('',#15661,1.2);
#15661 = AXIS2_PLACEMENT_3D('',#15662,#15663,#15664);
#15662 = CARTESIAN_POINT('',(27.3,136.2,-51.));
#15663 = DIRECTION('',(0.,0.,1.));
#15664 = DIRECTION('',(1.,0.,0.));
#15665 = ORIENTED_EDGE('',*,*,#15666,.T.);
#15666 = EDGE_CURVE('',#15658,#15607,#15667,.T.);
#15667 = LINE('',#15668,#15669);
#15668 = CARTESIAN_POINT('',(-16.25,135.,-51.));
#15669 = VECTOR('',#15670,1.);
#15670 = DIRECTION('',(-1.,0.,0.));
#15671 = FACE_BOUND('',#15672,.T.);
#15672 = EDGE_LOOP('',(#15673));
#15673 = ORIENTED_EDGE('',*,*,#15674,.F.);
#15674 = EDGE_CURVE('',#15675,#15675,#15677,.T.);
#15675 = VERTEX_POINT('',#15676);
#15676 = CARTESIAN_POINT('',(34.2,143.9,-51.));
#15677 = CIRCLE('',#15678,1.7);
#15678 = AXIS2_PLACEMENT_3D('',#15679,#15680,#15681);
#15679 = CARTESIAN_POINT('',(32.5,143.9,-51.));
#15680 = DIRECTION('',(0.,0.,1.));
#15681 = DIRECTION('',(1.,0.,0.));
#15682 = PLANE('',#15683);
#15683 = AXIS2_PLACEMENT_3D('',#15684,#15685,#15686);
#15684 = CARTESIAN_POINT('',(-41.,-6.5,-51.));
#15685 = DIRECTION('',(0.,0.,1.));
#15686 = DIRECTION('',(1.,0.,0.));
#15687 = ADVANCED_FACE('',(#15688),#15725,.T.);
#15688 = FACE_BOUND('',#15689,.T.);
#15689 = EDGE_LOOP('',(#15690,#15699,#15708,#15717,#15723,#15724));
#15690 = ORIENTED_EDGE('',*,*,#15691,.T.);
#15691 = EDGE_CURVE('',#14560,#15692,#15694,.T.);
#15692 = VERTEX_POINT('',#15693);
#15693 = CARTESIAN_POINT('',(-37.63241081628,-1.607790085071,-53.5));
#15694 = CIRCLE('',#15695,14.);
#15695 = AXIS2_PLACEMENT_3D('',#15696,#15697,#15698);
#15696 = CARTESIAN_POINT('',(-27.,7.5,-53.5));
#15697 = DIRECTION('',(-0.,0.,1.));
#15698 = DIRECTION('',(0.,-1.,0.));
#15699 = ORIENTED_EDGE('',*,*,#15700,.T.);
#15700 = EDGE_CURVE('',#15692,#15701,#15703,.T.);
#15701 = VERTEX_POINT('',#15702);
#15702 = CARTESIAN_POINT('',(-35.15060805163,-3.882775952666,-53.5));
#15703 = CIRCLE('',#15704,14.);
#15704 = AXIS2_PLACEMENT_3D('',#15705,#15706,#15707);
#15705 = CARTESIAN_POINT('',(-27.,7.5,-53.5));
#15706 = DIRECTION('',(-0.,0.,1.));
#15707 = DIRECTION('',(0.,-1.,0.));
#15708 = ORIENTED_EDGE('',*,*,#15709,.T.);
#15709 = EDGE_CURVE('',#15701,#15710,#15712,.T.);
#15710 = VERTEX_POINT('',#15711);
#15711 = CARTESIAN_POINT('',(-27.,-6.5,-53.5));
#15712 = CIRCLE('',#15713,14.);
#15713 = AXIS2_PLACEMENT_3D('',#15714,#15715,#15716);
#15714 = CARTESIAN_POINT('',(-27.,7.5,-53.5));
#15715 = DIRECTION('',(-0.,0.,1.));
#15716 = DIRECTION('',(0.,-1.,0.));
#15717 = ORIENTED_EDGE('',*,*,#15718,.T.);
#15718 = EDGE_CURVE('',#15710,#14591,#15719,.T.);
#15719 = LINE('',#15720,#15721);
#15720 = CARTESIAN_POINT('',(-27.,-6.5,-53.5));
#15721 = VECTOR('',#15722,1.);
#15722 = DIRECTION('',(0.,0.,1.));
#15723 = ORIENTED_EDGE('',*,*,#14590,.F.);
#15724 = ORIENTED_EDGE('',*,*,#14559,.F.);
#15725 = CYLINDRICAL_SURFACE('',#15726,14.);
#15726 = AXIS2_PLACEMENT_3D('',#15727,#15728,#15729);
#15727 = CARTESIAN_POINT('',(-27.,7.5,-53.5));
#15728 = DIRECTION('',(0.,0.,1.));
#15729 = DIRECTION('',(-1.,0.,0.));
#15730 = ADVANCED_FACE('',(#15731),#15768,.T.);
#15731 = FACE_BOUND('',#15732,.F.);
#15732 = EDGE_LOOP('',(#15733,#15742,#15751,#15760,#15766,#15767));
#15733 = ORIENTED_EDGE('',*,*,#15734,.T.);
#15734 = EDGE_CURVE('',#14568,#15735,#15737,.T.);
#15735 = VERTEX_POINT('',#15736);
#15736 = CARTESIAN_POINT('',(-37.63241081628,147.00779008507,-53.5));
#15737 = CIRCLE('',#15738,14.);
#15738 = AXIS2_PLACEMENT_3D('',#15739,#15740,#15741);
#15739 = CARTESIAN_POINT('',(-27.,137.9,-53.5));
#15740 = DIRECTION('',(-0.,-0.,-1.));
#15741 = DIRECTION('',(0.,-1.,0.));
#15742 = ORIENTED_EDGE('',*,*,#15743,.T.);
#15743 = EDGE_CURVE('',#15735,#15744,#15746,.T.);
#15744 = VERTEX_POINT('',#15745);
#15745 = CARTESIAN_POINT('',(-35.15060805163,149.28277595266,-53.5));
#15746 = CIRCLE('',#15747,14.);
#15747 = AXIS2_PLACEMENT_3D('',#15748,#15749,#15750);
#15748 = CARTESIAN_POINT('',(-27.,137.9,-53.5));
#15749 = DIRECTION('',(-0.,-0.,-1.));
#15750 = DIRECTION('',(0.,-1.,0.));
#15751 = ORIENTED_EDGE('',*,*,#15752,.T.);
#15752 = EDGE_CURVE('',#15744,#15753,#15755,.T.);
#15753 = VERTEX_POINT('',#15754);
#15754 = CARTESIAN_POINT('',(-27.,151.9,-53.5));
#15755 = CIRCLE('',#15756,14.);
#15756 = AXIS2_PLACEMENT_3D('',#15757,#15758,#15759);
#15757 = CARTESIAN_POINT('',(-27.,137.9,-53.5));
#15758 = DIRECTION('',(-0.,-0.,-1.));
#15759 = DIRECTION('',(0.,-1.,0.));
#15760 = ORIENTED_EDGE('',*,*,#15761,.T.);
#15761 = EDGE_CURVE('',#15753,#14634,#15762,.T.);
#15762 = LINE('',#15763,#15764);
#15763 = CARTESIAN_POINT('',(-27.,151.9,-53.5));
#15764 = VECTOR('',#15765,1.);
#15765 = DIRECTION('',(0.,0.,1.));
#15766 = ORIENTED_EDGE('',*,*,#14641,.F.);
#15767 = ORIENTED_EDGE('',*,*,#14575,.F.);
#15768 = CYLINDRICAL_SURFACE('',#15769,14.);
#15769 = AXIS2_PLACEMENT_3D('',#15770,#15771,#15772);
#15770 = CARTESIAN_POINT('',(-27.,137.9,-53.5));
#15771 = DIRECTION('',(0.,0.,1.));
#15772 = DIRECTION('',(-1.,0.,0.));
#15773 = ADVANCED_FACE('',(#15774,#15975,#15986,#16056,#16126,#16196,
    #16266,#16336,#16406,#16476,#16546,#16616,#16686,#16756,#16826),
  #16896,.F.);
#15774 = FACE_BOUND('',#15775,.F.);
#15775 = EDGE_LOOP('',(#15776,#15777,#15778,#15787,#15794,#15795,#15803,
    #15812,#15821,#15830,#15839,#15847,#15856,#15865,#15874,#15883,
    #15889,#15890,#15899,#15908,#15916,#15925,#15933,#15942,#15950,
    #15959,#15967,#15974));
#15776 = ORIENTED_EDGE('',*,*,#14567,.F.);
#15777 = ORIENTED_EDGE('',*,*,#15691,.T.);
#15778 = ORIENTED_EDGE('',*,*,#15779,.F.);
#15779 = EDGE_CURVE('',#15780,#15692,#15782,.T.);
#15780 = VERTEX_POINT('',#15781);
#15781 = CARTESIAN_POINT('',(-26.5,1.5,-53.5));
#15782 = CIRCLE('',#15783,6.);
#15783 = AXIS2_PLACEMENT_3D('',#15784,#15785,#15786);
#15784 = CARTESIAN_POINT('',(-32.5,1.5,-53.5));
#15785 = DIRECTION('',(0.,0.,1.));
#15786 = DIRECTION('',(1.,0.,0.));
#15787 = ORIENTED_EDGE('',*,*,#15788,.F.);
#15788 = EDGE_CURVE('',#15701,#15780,#15789,.T.);
#15789 = CIRCLE('',#15790,6.);
#15790 = AXIS2_PLACEMENT_3D('',#15791,#15792,#15793);
#15791 = CARTESIAN_POINT('',(-32.5,1.5,-53.5));
#15792 = DIRECTION('',(0.,0.,1.));
#15793 = DIRECTION('',(1.,0.,0.));
#15794 = ORIENTED_EDGE('',*,*,#15709,.T.);
#15795 = ORIENTED_EDGE('',*,*,#15796,.T.);
#15796 = EDGE_CURVE('',#15710,#15797,#15799,.T.);
#15797 = VERTEX_POINT('',#15798);
#15798 = CARTESIAN_POINT('',(27.,-6.5,-53.5));
#15799 = LINE('',#15800,#15801);
#15800 = CARTESIAN_POINT('',(-41.,-6.5,-53.5));
#15801 = VECTOR('',#15802,1.);
#15802 = DIRECTION('',(1.,0.,0.));
#15803 = ORIENTED_EDGE('',*,*,#15804,.F.);
#15804 = EDGE_CURVE('',#15805,#15797,#15807,.T.);
#15805 = VERTEX_POINT('',#15806);
#15806 = CARTESIAN_POINT('',(35.150608051638,-3.882775952666,-53.5));
#15807 = CIRCLE('',#15808,14.);
#15808 = AXIS2_PLACEMENT_3D('',#15809,#15810,#15811);
#15809 = CARTESIAN_POINT('',(27.,7.5,-53.5));
#15810 = DIRECTION('',(-0.,-0.,-1.));
#15811 = DIRECTION('',(0.,-1.,0.));
#15812 = ORIENTED_EDGE('',*,*,#15813,.F.);
#15813 = EDGE_CURVE('',#15814,#15805,#15816,.T.);
#15814 = VERTEX_POINT('',#15815);
#15815 = CARTESIAN_POINT('',(38.5,1.5,-53.5));
#15816 = CIRCLE('',#15817,6.);
#15817 = AXIS2_PLACEMENT_3D('',#15818,#15819,#15820);
#15818 = CARTESIAN_POINT('',(32.5,1.5,-53.5));
#15819 = DIRECTION('',(0.,0.,1.));
#15820 = DIRECTION('',(1.,0.,0.));
#15821 = ORIENTED_EDGE('',*,*,#15822,.F.);
#15822 = EDGE_CURVE('',#15823,#15814,#15825,.T.);
#15823 = VERTEX_POINT('',#15824);
#15824 = CARTESIAN_POINT('',(37.632410816287,-1.607790085071,-53.5));
#15825 = CIRCLE('',#15826,6.);
#15826 = AXIS2_PLACEMENT_3D('',#15827,#15828,#15829);
#15827 = CARTESIAN_POINT('',(32.5,1.5,-53.5));
#15828 = DIRECTION('',(0.,0.,1.));
#15829 = DIRECTION('',(1.,0.,0.));
#15830 = ORIENTED_EDGE('',*,*,#15831,.F.);
#15831 = EDGE_CURVE('',#15832,#15823,#15834,.T.);
#15832 = VERTEX_POINT('',#15833);
#15833 = CARTESIAN_POINT('',(41.,7.5,-53.5));
#15834 = CIRCLE('',#15835,14.);
#15835 = AXIS2_PLACEMENT_3D('',#15836,#15837,#15838);
#15836 = CARTESIAN_POINT('',(27.,7.5,-53.5));
#15837 = DIRECTION('',(-0.,-0.,-1.));
#15838 = DIRECTION('',(0.,-1.,0.));
#15839 = ORIENTED_EDGE('',*,*,#15840,.T.);
#15840 = EDGE_CURVE('',#15832,#15841,#15843,.T.);
#15841 = VERTEX_POINT('',#15842);
#15842 = CARTESIAN_POINT('',(41.,137.9,-53.5));
#15843 = LINE('',#15844,#15845);
#15844 = CARTESIAN_POINT('',(41.,-6.5,-53.5));
#15845 = VECTOR('',#15846,1.);
#15846 = DIRECTION('',(0.,1.,0.));
#15847 = ORIENTED_EDGE('',*,*,#15848,.T.);
#15848 = EDGE_CURVE('',#15841,#15849,#15851,.T.);
#15849 = VERTEX_POINT('',#15850);
#15850 = CARTESIAN_POINT('',(37.632410816287,147.00779008507,-53.5));
#15851 = CIRCLE('',#15852,14.);
#15852 = AXIS2_PLACEMENT_3D('',#15853,#15854,#15855);
#15853 = CARTESIAN_POINT('',(27.,137.9,-53.5));
#15854 = DIRECTION('',(-0.,0.,1.));
#15855 = DIRECTION('',(0.,-1.,0.));
#15856 = ORIENTED_EDGE('',*,*,#15857,.F.);
#15857 = EDGE_CURVE('',#15858,#15849,#15860,.T.);
#15858 = VERTEX_POINT('',#15859);
#15859 = CARTESIAN_POINT('',(38.5,143.9,-53.5));
#15860 = CIRCLE('',#15861,6.);
#15861 = AXIS2_PLACEMENT_3D('',#15862,#15863,#15864);
#15862 = CARTESIAN_POINT('',(32.5,143.9,-53.5));
#15863 = DIRECTION('',(0.,0.,1.));
#15864 = DIRECTION('',(1.,0.,0.));
#15865 = ORIENTED_EDGE('',*,*,#15866,.F.);
#15866 = EDGE_CURVE('',#15867,#15858,#15869,.T.);
#15867 = VERTEX_POINT('',#15868);
#15868 = CARTESIAN_POINT('',(35.150608051638,149.28277595266,-53.5));
#15869 = CIRCLE('',#15870,6.);
#15870 = AXIS2_PLACEMENT_3D('',#15871,#15872,#15873);
#15871 = CARTESIAN_POINT('',(32.5,143.9,-53.5));
#15872 = DIRECTION('',(0.,0.,1.));
#15873 = DIRECTION('',(1.,0.,0.));
#15874 = ORIENTED_EDGE('',*,*,#15875,.T.);
#15875 = EDGE_CURVE('',#15867,#15876,#15878,.T.);
#15876 = VERTEX_POINT('',#15877);
#15877 = CARTESIAN_POINT('',(27.,151.9,-53.5));
#15878 = CIRCLE('',#15879,14.);
#15879 = AXIS2_PLACEMENT_3D('',#15880,#15881,#15882);
#15880 = CARTESIAN_POINT('',(27.,137.9,-53.5));
#15881 = DIRECTION('',(-0.,0.,1.));
#15882 = DIRECTION('',(0.,-1.,0.));
#15883 = ORIENTED_EDGE('',*,*,#15884,.F.);
#15884 = EDGE_CURVE('',#15753,#15876,#15885,.T.);
#15885 = LINE('',#15886,#15887);
#15886 = CARTESIAN_POINT('',(-41.,151.9,-53.5));
#15887 = VECTOR('',#15888,1.);
#15888 = DIRECTION('',(1.,0.,0.));
#15889 = ORIENTED_EDGE('',*,*,#15752,.F.);
#15890 = ORIENTED_EDGE('',*,*,#15891,.F.);
#15891 = EDGE_CURVE('',#15892,#15744,#15894,.T.);
#15892 = VERTEX_POINT('',#15893);
#15893 = CARTESIAN_POINT('',(-26.5,143.9,-53.5));
#15894 = CIRCLE('',#15895,6.);
#15895 = AXIS2_PLACEMENT_3D('',#15896,#15897,#15898);
#15896 = CARTESIAN_POINT('',(-32.5,143.9,-53.5));
#15897 = DIRECTION('',(0.,0.,1.));
#15898 = DIRECTION('',(1.,0.,0.));
#15899 = ORIENTED_EDGE('',*,*,#15900,.F.);
#15900 = EDGE_CURVE('',#15901,#15892,#15903,.T.);
#15901 = VERTEX_POINT('',#15902);
#15902 = CARTESIAN_POINT('',(-26.67784404193,142.45,-53.5));
#15903 = CIRCLE('',#15904,6.);
#15904 = AXIS2_PLACEMENT_3D('',#15905,#15906,#15907);
#15905 = CARTESIAN_POINT('',(-32.5,143.9,-53.5));
#15906 = DIRECTION('',(0.,0.,1.));
#15907 = DIRECTION('',(1.,0.,0.));
#15908 = ORIENTED_EDGE('',*,*,#15909,.F.);
#15909 = EDGE_CURVE('',#15910,#15901,#15912,.T.);
#15910 = VERTEX_POINT('',#15911);
#15911 = CARTESIAN_POINT('',(-5.45,142.45,-53.5));
#15912 = LINE('',#15913,#15914);
#15913 = CARTESIAN_POINT('',(-36.775,142.45,-53.5));
#15914 = VECTOR('',#15915,1.);
#15915 = DIRECTION('',(-1.,0.,0.));
#15916 = ORIENTED_EDGE('',*,*,#15917,.F.);
#15917 = EDGE_CURVE('',#15918,#15910,#15920,.T.);
#15918 = VERTEX_POINT('',#15919);
#15919 = CARTESIAN_POINT('',(-1.45,138.45,-53.5));
#15920 = CIRCLE('',#15921,4.);
#15921 = AXIS2_PLACEMENT_3D('',#15922,#15923,#15924);
#15922 = CARTESIAN_POINT('',(-5.45,138.45,-53.5));
#15923 = DIRECTION('',(0.,0.,1.));
#15924 = DIRECTION('',(1.,0.,0.));
#15925 = ORIENTED_EDGE('',*,*,#15926,.F.);
#15926 = EDGE_CURVE('',#15927,#15918,#15929,.T.);
#15927 = VERTEX_POINT('',#15928);
#15928 = CARTESIAN_POINT('',(-1.45,115.35,-53.5));
#15929 = LINE('',#15930,#15931);
#15930 = CARTESIAN_POINT('',(-1.45,52.425,-53.5));
#15931 = VECTOR('',#15932,1.);
#15932 = DIRECTION('',(0.,1.,0.));
#15933 = ORIENTED_EDGE('',*,*,#15934,.F.);
#15934 = EDGE_CURVE('',#15935,#15927,#15937,.T.);
#15935 = VERTEX_POINT('',#15936);
#15936 = CARTESIAN_POINT('',(-5.45,111.35,-53.5));
#15937 = CIRCLE('',#15938,4.);
#15938 = AXIS2_PLACEMENT_3D('',#15939,#15940,#15941);
#15939 = CARTESIAN_POINT('',(-5.45,115.35,-53.5));
#15940 = DIRECTION('',(0.,0.,1.));
#15941 = DIRECTION('',(1.,0.,0.));
#15942 = ORIENTED_EDGE('',*,*,#15943,.T.);
#15943 = EDGE_CURVE('',#15935,#15944,#15946,.T.);
#15944 = VERTEX_POINT('',#15945);
#15945 = CARTESIAN_POINT('',(-28.55,111.35,-53.5));
#15946 = LINE('',#15947,#15948);
#15947 = CARTESIAN_POINT('',(-36.775,111.35,-53.5));
#15948 = VECTOR('',#15949,1.);
#15949 = DIRECTION('',(-1.,0.,0.));
#15950 = ORIENTED_EDGE('',*,*,#15951,.F.);
#15951 = EDGE_CURVE('',#15952,#15944,#15954,.T.);
#15952 = VERTEX_POINT('',#15953);
#15953 = CARTESIAN_POINT('',(-32.55,115.35,-53.5));
#15954 = CIRCLE('',#15955,4.);
#15955 = AXIS2_PLACEMENT_3D('',#15956,#15957,#15958);
#15956 = CARTESIAN_POINT('',(-28.55,115.35,-53.5));
#15957 = DIRECTION('',(0.,0.,1.));
#15958 = DIRECTION('',(-1.,0.,0.));
#15959 = ORIENTED_EDGE('',*,*,#15960,.T.);
#15960 = EDGE_CURVE('',#15952,#15961,#15963,.T.);
#15961 = VERTEX_POINT('',#15962);
#15962 = CARTESIAN_POINT('',(-32.55,137.90020833695,-53.5));
#15963 = LINE('',#15964,#15965);
#15964 = CARTESIAN_POINT('',(-32.55,52.425,-53.5));
#15965 = VECTOR('',#15966,1.);
#15966 = DIRECTION('',(0.,1.,0.));
#15967 = ORIENTED_EDGE('',*,*,#15968,.F.);
#15968 = EDGE_CURVE('',#15735,#15961,#15969,.T.);
#15969 = CIRCLE('',#15970,6.);
#15970 = AXIS2_PLACEMENT_3D('',#15971,#15972,#15973);
#15971 = CARTESIAN_POINT('',(-32.5,143.9,-53.5));
#15972 = DIRECTION('',(0.,0.,1.));
#15973 = DIRECTION('',(1.,0.,0.));
#15974 = ORIENTED_EDGE('',*,*,#15734,.F.);
#15975 = FACE_BOUND('',#15976,.F.);
#15976 = EDGE_LOOP('',(#15977));
#15977 = ORIENTED_EDGE('',*,*,#15978,.F.);
#15978 = EDGE_CURVE('',#15979,#15979,#15981,.T.);
#15979 = VERTEX_POINT('',#15980);
#15980 = CARTESIAN_POINT('',(-7.75,55.,-53.5));
#15981 = CIRCLE('',#15982,4.25);
#15982 = AXIS2_PLACEMENT_3D('',#15983,#15984,#15985);
#15983 = CARTESIAN_POINT('',(-12.,55.,-53.5));
#15984 = DIRECTION('',(0.,0.,1.));
#15985 = DIRECTION('',(1.,0.,0.));
#15986 = FACE_BOUND('',#15987,.F.);
#15987 = EDGE_LOOP('',(#15988,#15999,#16007,#16016,#16024,#16033,#16041,
    #16050));
#15988 = ORIENTED_EDGE('',*,*,#15989,.F.);
#15989 = EDGE_CURVE('',#15990,#15992,#15994,.T.);
#15990 = VERTEX_POINT('',#15991);
#15991 = CARTESIAN_POINT('',(8.5,46.2,-53.5));
#15992 = VERTEX_POINT('',#15993);
#15993 = CARTESIAN_POINT('',(9.7,45.,-53.5));
#15994 = CIRCLE('',#15995,1.2);
#15995 = AXIS2_PLACEMENT_3D('',#15996,#15997,#15998);
#15996 = CARTESIAN_POINT('',(9.7,46.2,-53.5));
#15997 = DIRECTION('',(0.,0.,1.));
#15998 = DIRECTION('',(-1.,0.,0.));
#15999 = ORIENTED_EDGE('',*,*,#16000,.T.);
#16000 = EDGE_CURVE('',#15990,#16001,#16003,.T.);
#16001 = VERTEX_POINT('',#16002);
#16002 = CARTESIAN_POINT('',(8.5,46.6,-53.5));
#16003 = LINE('',#16004,#16005);
#16004 = CARTESIAN_POINT('',(8.5,19.25,-53.5));
#16005 = VECTOR('',#16006,1.);
#16006 = DIRECTION('',(0.,1.,0.));
#16007 = ORIENTED_EDGE('',*,*,#16008,.F.);
#16008 = EDGE_CURVE('',#16009,#16001,#16011,.T.);
#16009 = VERTEX_POINT('',#16010);
#16010 = CARTESIAN_POINT('',(9.7,47.8,-53.5));
#16011 = CIRCLE('',#16012,1.2);
#16012 = AXIS2_PLACEMENT_3D('',#16013,#16014,#16015);
#16013 = CARTESIAN_POINT('',(9.7,46.6,-53.5));
#16014 = DIRECTION('',(0.,0.,1.));
#16015 = DIRECTION('',(-1.,0.,0.));
#16016 = ORIENTED_EDGE('',*,*,#16017,.F.);
#16017 = EDGE_CURVE('',#16018,#16009,#16020,.T.);
#16018 = VERTEX_POINT('',#16019);
#16019 = CARTESIAN_POINT('',(27.3,47.8,-53.5));
#16020 = LINE('',#16021,#16022);
#16021 = CARTESIAN_POINT('',(-16.25,47.8,-53.5));
#16022 = VECTOR('',#16023,1.);
#16023 = DIRECTION('',(-1.,0.,0.));
#16024 = ORIENTED_EDGE('',*,*,#16025,.F.);
#16025 = EDGE_CURVE('',#16026,#16018,#16028,.T.);
#16026 = VERTEX_POINT('',#16027);
#16027 = CARTESIAN_POINT('',(28.5,46.6,-53.5));
#16028 = CIRCLE('',#16029,1.2);
#16029 = AXIS2_PLACEMENT_3D('',#16030,#16031,#16032);
#16030 = CARTESIAN_POINT('',(27.3,46.6,-53.5));
#16031 = DIRECTION('',(0.,0.,1.));
#16032 = DIRECTION('',(1.,0.,0.));
#16033 = ORIENTED_EDGE('',*,*,#16034,.F.);
#16034 = EDGE_CURVE('',#16035,#16026,#16037,.T.);
#16035 = VERTEX_POINT('',#16036);
#16036 = CARTESIAN_POINT('',(28.5,46.2,-53.5));
#16037 = LINE('',#16038,#16039);
#16038 = CARTESIAN_POINT('',(28.5,19.25,-53.5));
#16039 = VECTOR('',#16040,1.);
#16040 = DIRECTION('',(0.,1.,0.));
#16041 = ORIENTED_EDGE('',*,*,#16042,.F.);
#16042 = EDGE_CURVE('',#16043,#16035,#16045,.T.);
#16043 = VERTEX_POINT('',#16044);
#16044 = CARTESIAN_POINT('',(27.3,45.,-53.5));
#16045 = CIRCLE('',#16046,1.2);
#16046 = AXIS2_PLACEMENT_3D('',#16047,#16048,#16049);
#16047 = CARTESIAN_POINT('',(27.3,46.2,-53.5));
#16048 = DIRECTION('',(0.,0.,1.));
#16049 = DIRECTION('',(1.,0.,0.));
#16050 = ORIENTED_EDGE('',*,*,#16051,.T.);
#16051 = EDGE_CURVE('',#16043,#15992,#16052,.T.);
#16052 = LINE('',#16053,#16054);
#16053 = CARTESIAN_POINT('',(-16.25,45.,-53.5));
#16054 = VECTOR('',#16055,1.);
#16055 = DIRECTION('',(-1.,0.,0.));
#16056 = FACE_BOUND('',#16057,.F.);
#16057 = EDGE_LOOP('',(#16058,#16069,#16077,#16086,#16094,#16103,#16111,
    #16120));
#16058 = ORIENTED_EDGE('',*,*,#16059,.F.);
#16059 = EDGE_CURVE('',#16060,#16062,#16064,.T.);
#16060 = VERTEX_POINT('',#16061);
#16061 = CARTESIAN_POINT('',(8.5,52.2,-53.5));
#16062 = VERTEX_POINT('',#16063);
#16063 = CARTESIAN_POINT('',(9.7,51.,-53.5));
#16064 = CIRCLE('',#16065,1.2);
#16065 = AXIS2_PLACEMENT_3D('',#16066,#16067,#16068);
#16066 = CARTESIAN_POINT('',(9.7,52.2,-53.5));
#16067 = DIRECTION('',(0.,0.,1.));
#16068 = DIRECTION('',(-1.,0.,0.));
#16069 = ORIENTED_EDGE('',*,*,#16070,.T.);
#16070 = EDGE_CURVE('',#16060,#16071,#16073,.T.);
#16071 = VERTEX_POINT('',#16072);
#16072 = CARTESIAN_POINT('',(8.5,52.6,-53.5));
#16073 = LINE('',#16074,#16075);
#16074 = CARTESIAN_POINT('',(8.5,22.25,-53.5));
#16075 = VECTOR('',#16076,1.);
#16076 = DIRECTION('',(0.,1.,0.));
#16077 = ORIENTED_EDGE('',*,*,#16078,.F.);
#16078 = EDGE_CURVE('',#16079,#16071,#16081,.T.);
#16079 = VERTEX_POINT('',#16080);
#16080 = CARTESIAN_POINT('',(9.7,53.8,-53.5));
#16081 = CIRCLE('',#16082,1.2);
#16082 = AXIS2_PLACEMENT_3D('',#16083,#16084,#16085);
#16083 = CARTESIAN_POINT('',(9.7,52.6,-53.5));
#16084 = DIRECTION('',(0.,0.,1.));
#16085 = DIRECTION('',(-1.,0.,0.));
#16086 = ORIENTED_EDGE('',*,*,#16087,.F.);
#16087 = EDGE_CURVE('',#16088,#16079,#16090,.T.);
#16088 = VERTEX_POINT('',#16089);
#16089 = CARTESIAN_POINT('',(27.3,53.8,-53.5));
#16090 = LINE('',#16091,#16092);
#16091 = CARTESIAN_POINT('',(-16.25,53.8,-53.5));
#16092 = VECTOR('',#16093,1.);
#16093 = DIRECTION('',(-1.,0.,0.));
#16094 = ORIENTED_EDGE('',*,*,#16095,.F.);
#16095 = EDGE_CURVE('',#16096,#16088,#16098,.T.);
#16096 = VERTEX_POINT('',#16097);
#16097 = CARTESIAN_POINT('',(28.5,52.6,-53.5));
#16098 = CIRCLE('',#16099,1.2);
#16099 = AXIS2_PLACEMENT_3D('',#16100,#16101,#16102);
#16100 = CARTESIAN_POINT('',(27.3,52.6,-53.5));
#16101 = DIRECTION('',(0.,0.,1.));
#16102 = DIRECTION('',(1.,0.,0.));
#16103 = ORIENTED_EDGE('',*,*,#16104,.F.);
#16104 = EDGE_CURVE('',#16105,#16096,#16107,.T.);
#16105 = VERTEX_POINT('',#16106);
#16106 = CARTESIAN_POINT('',(28.5,52.2,-53.5));
#16107 = LINE('',#16108,#16109);
#16108 = CARTESIAN_POINT('',(28.5,22.25,-53.5));
#16109 = VECTOR('',#16110,1.);
#16110 = DIRECTION('',(0.,1.,0.));
#16111 = ORIENTED_EDGE('',*,*,#16112,.F.);
#16112 = EDGE_CURVE('',#16113,#16105,#16115,.T.);
#16113 = VERTEX_POINT('',#16114);
#16114 = CARTESIAN_POINT('',(27.3,51.,-53.5));
#16115 = CIRCLE('',#16116,1.2);
#16116 = AXIS2_PLACEMENT_3D('',#16117,#16118,#16119);
#16117 = CARTESIAN_POINT('',(27.3,52.2,-53.5));
#16118 = DIRECTION('',(0.,0.,1.));
#16119 = DIRECTION('',(1.,0.,0.));
#16120 = ORIENTED_EDGE('',*,*,#16121,.T.);
#16121 = EDGE_CURVE('',#16113,#16062,#16122,.T.);
#16122 = LINE('',#16123,#16124);
#16123 = CARTESIAN_POINT('',(-16.25,51.,-53.5));
#16124 = VECTOR('',#16125,1.);
#16125 = DIRECTION('',(-1.,0.,0.));
#16126 = FACE_BOUND('',#16127,.F.);
#16127 = EDGE_LOOP('',(#16128,#16139,#16147,#16156,#16164,#16173,#16181,
    #16190));
#16128 = ORIENTED_EDGE('',*,*,#16129,.F.);
#16129 = EDGE_CURVE('',#16130,#16132,#16134,.T.);
#16130 = VERTEX_POINT('',#16131);
#16131 = CARTESIAN_POINT('',(8.5,58.2,-53.5));
#16132 = VERTEX_POINT('',#16133);
#16133 = CARTESIAN_POINT('',(9.7,57.,-53.5));
#16134 = CIRCLE('',#16135,1.2);
#16135 = AXIS2_PLACEMENT_3D('',#16136,#16137,#16138);
#16136 = CARTESIAN_POINT('',(9.7,58.2,-53.5));
#16137 = DIRECTION('',(0.,0.,1.));
#16138 = DIRECTION('',(-1.,0.,0.));
#16139 = ORIENTED_EDGE('',*,*,#16140,.T.);
#16140 = EDGE_CURVE('',#16130,#16141,#16143,.T.);
#16141 = VERTEX_POINT('',#16142);
#16142 = CARTESIAN_POINT('',(8.5,58.6,-53.5));
#16143 = LINE('',#16144,#16145);
#16144 = CARTESIAN_POINT('',(8.5,25.25,-53.5));
#16145 = VECTOR('',#16146,1.);
#16146 = DIRECTION('',(0.,1.,0.));
#16147 = ORIENTED_EDGE('',*,*,#16148,.F.);
#16148 = EDGE_CURVE('',#16149,#16141,#16151,.T.);
#16149 = VERTEX_POINT('',#16150);
#16150 = CARTESIAN_POINT('',(9.7,59.8,-53.5));
#16151 = CIRCLE('',#16152,1.2);
#16152 = AXIS2_PLACEMENT_3D('',#16153,#16154,#16155);
#16153 = CARTESIAN_POINT('',(9.7,58.6,-53.5));
#16154 = DIRECTION('',(0.,0.,1.));
#16155 = DIRECTION('',(-1.,0.,0.));
#16156 = ORIENTED_EDGE('',*,*,#16157,.F.);
#16157 = EDGE_CURVE('',#16158,#16149,#16160,.T.);
#16158 = VERTEX_POINT('',#16159);
#16159 = CARTESIAN_POINT('',(27.3,59.8,-53.5));
#16160 = LINE('',#16161,#16162);
#16161 = CARTESIAN_POINT('',(-16.25,59.8,-53.5));
#16162 = VECTOR('',#16163,1.);
#16163 = DIRECTION('',(-1.,0.,0.));
#16164 = ORIENTED_EDGE('',*,*,#16165,.F.);
#16165 = EDGE_CURVE('',#16166,#16158,#16168,.T.);
#16166 = VERTEX_POINT('',#16167);
#16167 = CARTESIAN_POINT('',(28.5,58.6,-53.5));
#16168 = CIRCLE('',#16169,1.2);
#16169 = AXIS2_PLACEMENT_3D('',#16170,#16171,#16172);
#16170 = CARTESIAN_POINT('',(27.3,58.6,-53.5));
#16171 = DIRECTION('',(0.,0.,1.));
#16172 = DIRECTION('',(1.,0.,0.));
#16173 = ORIENTED_EDGE('',*,*,#16174,.F.);
#16174 = EDGE_CURVE('',#16175,#16166,#16177,.T.);
#16175 = VERTEX_POINT('',#16176);
#16176 = CARTESIAN_POINT('',(28.5,58.2,-53.5));
#16177 = LINE('',#16178,#16179);
#16178 = CARTESIAN_POINT('',(28.5,25.25,-53.5));
#16179 = VECTOR('',#16180,1.);
#16180 = DIRECTION('',(0.,1.,0.));
#16181 = ORIENTED_EDGE('',*,*,#16182,.F.);
#16182 = EDGE_CURVE('',#16183,#16175,#16185,.T.);
#16183 = VERTEX_POINT('',#16184);
#16184 = CARTESIAN_POINT('',(27.3,57.,-53.5));
#16185 = CIRCLE('',#16186,1.2);
#16186 = AXIS2_PLACEMENT_3D('',#16187,#16188,#16189);
#16187 = CARTESIAN_POINT('',(27.3,58.2,-53.5));
#16188 = DIRECTION('',(0.,0.,1.));
#16189 = DIRECTION('',(1.,0.,0.));
#16190 = ORIENTED_EDGE('',*,*,#16191,.T.);
#16191 = EDGE_CURVE('',#16183,#16132,#16192,.T.);
#16192 = LINE('',#16193,#16194);
#16193 = CARTESIAN_POINT('',(-16.25,57.,-53.5));
#16194 = VECTOR('',#16195,1.);
#16195 = DIRECTION('',(-1.,0.,0.));
#16196 = FACE_BOUND('',#16197,.F.);
#16197 = EDGE_LOOP('',(#16198,#16209,#16217,#16226,#16234,#16243,#16251,
    #16260));
#16198 = ORIENTED_EDGE('',*,*,#16199,.F.);
#16199 = EDGE_CURVE('',#16200,#16202,#16204,.T.);
#16200 = VERTEX_POINT('',#16201);
#16201 = CARTESIAN_POINT('',(8.5,64.2,-53.5));
#16202 = VERTEX_POINT('',#16203);
#16203 = CARTESIAN_POINT('',(9.7,63.,-53.5));
#16204 = CIRCLE('',#16205,1.2);
#16205 = AXIS2_PLACEMENT_3D('',#16206,#16207,#16208);
#16206 = CARTESIAN_POINT('',(9.7,64.2,-53.5));
#16207 = DIRECTION('',(0.,0.,1.));
#16208 = DIRECTION('',(-1.,0.,0.));
#16209 = ORIENTED_EDGE('',*,*,#16210,.T.);
#16210 = EDGE_CURVE('',#16200,#16211,#16213,.T.);
#16211 = VERTEX_POINT('',#16212);
#16212 = CARTESIAN_POINT('',(8.5,64.6,-53.5));
#16213 = LINE('',#16214,#16215);
#16214 = CARTESIAN_POINT('',(8.5,28.25,-53.5));
#16215 = VECTOR('',#16216,1.);
#16216 = DIRECTION('',(0.,1.,0.));
#16217 = ORIENTED_EDGE('',*,*,#16218,.F.);
#16218 = EDGE_CURVE('',#16219,#16211,#16221,.T.);
#16219 = VERTEX_POINT('',#16220);
#16220 = CARTESIAN_POINT('',(9.7,65.8,-53.5));
#16221 = CIRCLE('',#16222,1.2);
#16222 = AXIS2_PLACEMENT_3D('',#16223,#16224,#16225);
#16223 = CARTESIAN_POINT('',(9.7,64.6,-53.5));
#16224 = DIRECTION('',(0.,0.,1.));
#16225 = DIRECTION('',(-1.,0.,0.));
#16226 = ORIENTED_EDGE('',*,*,#16227,.F.);
#16227 = EDGE_CURVE('',#16228,#16219,#16230,.T.);
#16228 = VERTEX_POINT('',#16229);
#16229 = CARTESIAN_POINT('',(27.3,65.8,-53.5));
#16230 = LINE('',#16231,#16232);
#16231 = CARTESIAN_POINT('',(-16.25,65.8,-53.5));
#16232 = VECTOR('',#16233,1.);
#16233 = DIRECTION('',(-1.,0.,0.));
#16234 = ORIENTED_EDGE('',*,*,#16235,.F.);
#16235 = EDGE_CURVE('',#16236,#16228,#16238,.T.);
#16236 = VERTEX_POINT('',#16237);
#16237 = CARTESIAN_POINT('',(28.5,64.6,-53.5));
#16238 = CIRCLE('',#16239,1.2);
#16239 = AXIS2_PLACEMENT_3D('',#16240,#16241,#16242);
#16240 = CARTESIAN_POINT('',(27.3,64.6,-53.5));
#16241 = DIRECTION('',(0.,0.,1.));
#16242 = DIRECTION('',(1.,0.,0.));
#16243 = ORIENTED_EDGE('',*,*,#16244,.F.);
#16244 = EDGE_CURVE('',#16245,#16236,#16247,.T.);
#16245 = VERTEX_POINT('',#16246);
#16246 = CARTESIAN_POINT('',(28.5,64.2,-53.5));
#16247 = LINE('',#16248,#16249);
#16248 = CARTESIAN_POINT('',(28.5,28.25,-53.5));
#16249 = VECTOR('',#16250,1.);
#16250 = DIRECTION('',(0.,1.,0.));
#16251 = ORIENTED_EDGE('',*,*,#16252,.F.);
#16252 = EDGE_CURVE('',#16253,#16245,#16255,.T.);
#16253 = VERTEX_POINT('',#16254);
#16254 = CARTESIAN_POINT('',(27.3,63.,-53.5));
#16255 = CIRCLE('',#16256,1.2);
#16256 = AXIS2_PLACEMENT_3D('',#16257,#16258,#16259);
#16257 = CARTESIAN_POINT('',(27.3,64.2,-53.5));
#16258 = DIRECTION('',(0.,0.,1.));
#16259 = DIRECTION('',(1.,0.,0.));
#16260 = ORIENTED_EDGE('',*,*,#16261,.T.);
#16261 = EDGE_CURVE('',#16253,#16202,#16262,.T.);
#16262 = LINE('',#16263,#16264);
#16263 = CARTESIAN_POINT('',(-16.25,63.,-53.5));
#16264 = VECTOR('',#16265,1.);
#16265 = DIRECTION('',(-1.,0.,0.));
#16266 = FACE_BOUND('',#16267,.F.);
#16267 = EDGE_LOOP('',(#16268,#16279,#16287,#16296,#16304,#16313,#16321,
    #16330));
#16268 = ORIENTED_EDGE('',*,*,#16269,.F.);
#16269 = EDGE_CURVE('',#16270,#16272,#16274,.T.);
#16270 = VERTEX_POINT('',#16271);
#16271 = CARTESIAN_POINT('',(8.5,70.2,-53.5));
#16272 = VERTEX_POINT('',#16273);
#16273 = CARTESIAN_POINT('',(9.7,69.,-53.5));
#16274 = CIRCLE('',#16275,1.2);
#16275 = AXIS2_PLACEMENT_3D('',#16276,#16277,#16278);
#16276 = CARTESIAN_POINT('',(9.7,70.2,-53.5));
#16277 = DIRECTION('',(0.,0.,1.));
#16278 = DIRECTION('',(-1.,0.,0.));
#16279 = ORIENTED_EDGE('',*,*,#16280,.T.);
#16280 = EDGE_CURVE('',#16270,#16281,#16283,.T.);
#16281 = VERTEX_POINT('',#16282);
#16282 = CARTESIAN_POINT('',(8.5,70.6,-53.5));
#16283 = LINE('',#16284,#16285);
#16284 = CARTESIAN_POINT('',(8.5,31.25,-53.5));
#16285 = VECTOR('',#16286,1.);
#16286 = DIRECTION('',(0.,1.,0.));
#16287 = ORIENTED_EDGE('',*,*,#16288,.F.);
#16288 = EDGE_CURVE('',#16289,#16281,#16291,.T.);
#16289 = VERTEX_POINT('',#16290);
#16290 = CARTESIAN_POINT('',(9.7,71.8,-53.5));
#16291 = CIRCLE('',#16292,1.2);
#16292 = AXIS2_PLACEMENT_3D('',#16293,#16294,#16295);
#16293 = CARTESIAN_POINT('',(9.7,70.6,-53.5));
#16294 = DIRECTION('',(0.,0.,1.));
#16295 = DIRECTION('',(-1.,0.,0.));
#16296 = ORIENTED_EDGE('',*,*,#16297,.F.);
#16297 = EDGE_CURVE('',#16298,#16289,#16300,.T.);
#16298 = VERTEX_POINT('',#16299);
#16299 = CARTESIAN_POINT('',(27.3,71.8,-53.5));
#16300 = LINE('',#16301,#16302);
#16301 = CARTESIAN_POINT('',(-16.25,71.8,-53.5));
#16302 = VECTOR('',#16303,1.);
#16303 = DIRECTION('',(-1.,0.,0.));
#16304 = ORIENTED_EDGE('',*,*,#16305,.F.);
#16305 = EDGE_CURVE('',#16306,#16298,#16308,.T.);
#16306 = VERTEX_POINT('',#16307);
#16307 = CARTESIAN_POINT('',(28.5,70.6,-53.5));
#16308 = CIRCLE('',#16309,1.2);
#16309 = AXIS2_PLACEMENT_3D('',#16310,#16311,#16312);
#16310 = CARTESIAN_POINT('',(27.3,70.6,-53.5));
#16311 = DIRECTION('',(0.,0.,1.));
#16312 = DIRECTION('',(1.,0.,0.));
#16313 = ORIENTED_EDGE('',*,*,#16314,.F.);
#16314 = EDGE_CURVE('',#16315,#16306,#16317,.T.);
#16315 = VERTEX_POINT('',#16316);
#16316 = CARTESIAN_POINT('',(28.5,70.2,-53.5));
#16317 = LINE('',#16318,#16319);
#16318 = CARTESIAN_POINT('',(28.5,31.25,-53.5));
#16319 = VECTOR('',#16320,1.);
#16320 = DIRECTION('',(0.,1.,0.));
#16321 = ORIENTED_EDGE('',*,*,#16322,.F.);
#16322 = EDGE_CURVE('',#16323,#16315,#16325,.T.);
#16323 = VERTEX_POINT('',#16324);
#16324 = CARTESIAN_POINT('',(27.3,69.,-53.5));
#16325 = CIRCLE('',#16326,1.2);
#16326 = AXIS2_PLACEMENT_3D('',#16327,#16328,#16329);
#16327 = CARTESIAN_POINT('',(27.3,70.2,-53.5));
#16328 = DIRECTION('',(0.,0.,1.));
#16329 = DIRECTION('',(1.,0.,0.));
#16330 = ORIENTED_EDGE('',*,*,#16331,.T.);
#16331 = EDGE_CURVE('',#16323,#16272,#16332,.T.);
#16332 = LINE('',#16333,#16334);
#16333 = CARTESIAN_POINT('',(-16.25,69.,-53.5));
#16334 = VECTOR('',#16335,1.);
#16335 = DIRECTION('',(-1.,0.,0.));
#16336 = FACE_BOUND('',#16337,.F.);
#16337 = EDGE_LOOP('',(#16338,#16349,#16357,#16366,#16374,#16383,#16391,
    #16400));
#16338 = ORIENTED_EDGE('',*,*,#16339,.F.);
#16339 = EDGE_CURVE('',#16340,#16342,#16344,.T.);
#16340 = VERTEX_POINT('',#16341);
#16341 = CARTESIAN_POINT('',(8.5,76.2,-53.5));
#16342 = VERTEX_POINT('',#16343);
#16343 = CARTESIAN_POINT('',(9.7,75.,-53.5));
#16344 = CIRCLE('',#16345,1.2);
#16345 = AXIS2_PLACEMENT_3D('',#16346,#16347,#16348);
#16346 = CARTESIAN_POINT('',(9.7,76.2,-53.5));
#16347 = DIRECTION('',(0.,0.,1.));
#16348 = DIRECTION('',(-1.,0.,0.));
#16349 = ORIENTED_EDGE('',*,*,#16350,.T.);
#16350 = EDGE_CURVE('',#16340,#16351,#16353,.T.);
#16351 = VERTEX_POINT('',#16352);
#16352 = CARTESIAN_POINT('',(8.5,76.6,-53.5));
#16353 = LINE('',#16354,#16355);
#16354 = CARTESIAN_POINT('',(8.5,34.25,-53.5));
#16355 = VECTOR('',#16356,1.);
#16356 = DIRECTION('',(0.,1.,0.));
#16357 = ORIENTED_EDGE('',*,*,#16358,.F.);
#16358 = EDGE_CURVE('',#16359,#16351,#16361,.T.);
#16359 = VERTEX_POINT('',#16360);
#16360 = CARTESIAN_POINT('',(9.7,77.8,-53.5));
#16361 = CIRCLE('',#16362,1.2);
#16362 = AXIS2_PLACEMENT_3D('',#16363,#16364,#16365);
#16363 = CARTESIAN_POINT('',(9.7,76.6,-53.5));
#16364 = DIRECTION('',(0.,0.,1.));
#16365 = DIRECTION('',(-1.,0.,0.));
#16366 = ORIENTED_EDGE('',*,*,#16367,.F.);
#16367 = EDGE_CURVE('',#16368,#16359,#16370,.T.);
#16368 = VERTEX_POINT('',#16369);
#16369 = CARTESIAN_POINT('',(27.3,77.8,-53.5));
#16370 = LINE('',#16371,#16372);
#16371 = CARTESIAN_POINT('',(-16.25,77.8,-53.5));
#16372 = VECTOR('',#16373,1.);
#16373 = DIRECTION('',(-1.,0.,0.));
#16374 = ORIENTED_EDGE('',*,*,#16375,.F.);
#16375 = EDGE_CURVE('',#16376,#16368,#16378,.T.);
#16376 = VERTEX_POINT('',#16377);
#16377 = CARTESIAN_POINT('',(28.5,76.6,-53.5));
#16378 = CIRCLE('',#16379,1.2);
#16379 = AXIS2_PLACEMENT_3D('',#16380,#16381,#16382);
#16380 = CARTESIAN_POINT('',(27.3,76.6,-53.5));
#16381 = DIRECTION('',(0.,0.,1.));
#16382 = DIRECTION('',(1.,0.,0.));
#16383 = ORIENTED_EDGE('',*,*,#16384,.F.);
#16384 = EDGE_CURVE('',#16385,#16376,#16387,.T.);
#16385 = VERTEX_POINT('',#16386);
#16386 = CARTESIAN_POINT('',(28.5,76.2,-53.5));
#16387 = LINE('',#16388,#16389);
#16388 = CARTESIAN_POINT('',(28.5,34.25,-53.5));
#16389 = VECTOR('',#16390,1.);
#16390 = DIRECTION('',(0.,1.,0.));
#16391 = ORIENTED_EDGE('',*,*,#16392,.F.);
#16392 = EDGE_CURVE('',#16393,#16385,#16395,.T.);
#16393 = VERTEX_POINT('',#16394);
#16394 = CARTESIAN_POINT('',(27.3,75.,-53.5));
#16395 = CIRCLE('',#16396,1.2);
#16396 = AXIS2_PLACEMENT_3D('',#16397,#16398,#16399);
#16397 = CARTESIAN_POINT('',(27.3,76.2,-53.5));
#16398 = DIRECTION('',(0.,0.,1.));
#16399 = DIRECTION('',(1.,0.,0.));
#16400 = ORIENTED_EDGE('',*,*,#16401,.T.);
#16401 = EDGE_CURVE('',#16393,#16342,#16402,.T.);
#16402 = LINE('',#16403,#16404);
#16403 = CARTESIAN_POINT('',(-16.25,75.,-53.5));
#16404 = VECTOR('',#16405,1.);
#16405 = DIRECTION('',(-1.,0.,0.));
#16406 = FACE_BOUND('',#16407,.F.);
#16407 = EDGE_LOOP('',(#16408,#16419,#16427,#16436,#16444,#16453,#16461,
    #16470));
#16408 = ORIENTED_EDGE('',*,*,#16409,.F.);
#16409 = EDGE_CURVE('',#16410,#16412,#16414,.T.);
#16410 = VERTEX_POINT('',#16411);
#16411 = CARTESIAN_POINT('',(8.5,82.2,-53.5));
#16412 = VERTEX_POINT('',#16413);
#16413 = CARTESIAN_POINT('',(9.7,81.,-53.5));
#16414 = CIRCLE('',#16415,1.2);
#16415 = AXIS2_PLACEMENT_3D('',#16416,#16417,#16418);
#16416 = CARTESIAN_POINT('',(9.7,82.2,-53.5));
#16417 = DIRECTION('',(0.,0.,1.));
#16418 = DIRECTION('',(-1.,0.,0.));
#16419 = ORIENTED_EDGE('',*,*,#16420,.T.);
#16420 = EDGE_CURVE('',#16410,#16421,#16423,.T.);
#16421 = VERTEX_POINT('',#16422);
#16422 = CARTESIAN_POINT('',(8.5,82.6,-53.5));
#16423 = LINE('',#16424,#16425);
#16424 = CARTESIAN_POINT('',(8.5,37.25,-53.5));
#16425 = VECTOR('',#16426,1.);
#16426 = DIRECTION('',(0.,1.,0.));
#16427 = ORIENTED_EDGE('',*,*,#16428,.F.);
#16428 = EDGE_CURVE('',#16429,#16421,#16431,.T.);
#16429 = VERTEX_POINT('',#16430);
#16430 = CARTESIAN_POINT('',(9.7,83.8,-53.5));
#16431 = CIRCLE('',#16432,1.2);
#16432 = AXIS2_PLACEMENT_3D('',#16433,#16434,#16435);
#16433 = CARTESIAN_POINT('',(9.7,82.6,-53.5));
#16434 = DIRECTION('',(0.,0.,1.));
#16435 = DIRECTION('',(-1.,0.,0.));
#16436 = ORIENTED_EDGE('',*,*,#16437,.F.);
#16437 = EDGE_CURVE('',#16438,#16429,#16440,.T.);
#16438 = VERTEX_POINT('',#16439);
#16439 = CARTESIAN_POINT('',(27.3,83.8,-53.5));
#16440 = LINE('',#16441,#16442);
#16441 = CARTESIAN_POINT('',(-16.25,83.8,-53.5));
#16442 = VECTOR('',#16443,1.);
#16443 = DIRECTION('',(-1.,0.,0.));
#16444 = ORIENTED_EDGE('',*,*,#16445,.F.);
#16445 = EDGE_CURVE('',#16446,#16438,#16448,.T.);
#16446 = VERTEX_POINT('',#16447);
#16447 = CARTESIAN_POINT('',(28.5,82.6,-53.5));
#16448 = CIRCLE('',#16449,1.2);
#16449 = AXIS2_PLACEMENT_3D('',#16450,#16451,#16452);
#16450 = CARTESIAN_POINT('',(27.3,82.6,-53.5));
#16451 = DIRECTION('',(0.,0.,1.));
#16452 = DIRECTION('',(1.,0.,0.));
#16453 = ORIENTED_EDGE('',*,*,#16454,.F.);
#16454 = EDGE_CURVE('',#16455,#16446,#16457,.T.);
#16455 = VERTEX_POINT('',#16456);
#16456 = CARTESIAN_POINT('',(28.5,82.2,-53.5));
#16457 = LINE('',#16458,#16459);
#16458 = CARTESIAN_POINT('',(28.5,37.25,-53.5));
#16459 = VECTOR('',#16460,1.);
#16460 = DIRECTION('',(0.,1.,0.));
#16461 = ORIENTED_EDGE('',*,*,#16462,.F.);
#16462 = EDGE_CURVE('',#16463,#16455,#16465,.T.);
#16463 = VERTEX_POINT('',#16464);
#16464 = CARTESIAN_POINT('',(27.3,81.,-53.5));
#16465 = CIRCLE('',#16466,1.2);
#16466 = AXIS2_PLACEMENT_3D('',#16467,#16468,#16469);
#16467 = CARTESIAN_POINT('',(27.3,82.2,-53.5));
#16468 = DIRECTION('',(0.,0.,1.));
#16469 = DIRECTION('',(1.,0.,0.));
#16470 = ORIENTED_EDGE('',*,*,#16471,.T.);
#16471 = EDGE_CURVE('',#16463,#16412,#16472,.T.);
#16472 = LINE('',#16473,#16474);
#16473 = CARTESIAN_POINT('',(-16.25,81.,-53.5));
#16474 = VECTOR('',#16475,1.);
#16475 = DIRECTION('',(-1.,0.,0.));
#16476 = FACE_BOUND('',#16477,.F.);
#16477 = EDGE_LOOP('',(#16478,#16489,#16497,#16506,#16514,#16523,#16531,
    #16540));
#16478 = ORIENTED_EDGE('',*,*,#16479,.F.);
#16479 = EDGE_CURVE('',#16480,#16482,#16484,.T.);
#16480 = VERTEX_POINT('',#16481);
#16481 = CARTESIAN_POINT('',(8.5,106.2,-53.5));
#16482 = VERTEX_POINT('',#16483);
#16483 = CARTESIAN_POINT('',(9.7,105.,-53.5));
#16484 = CIRCLE('',#16485,1.2);
#16485 = AXIS2_PLACEMENT_3D('',#16486,#16487,#16488);
#16486 = CARTESIAN_POINT('',(9.7,106.2,-53.5));
#16487 = DIRECTION('',(0.,0.,1.));
#16488 = DIRECTION('',(-1.,0.,0.));
#16489 = ORIENTED_EDGE('',*,*,#16490,.T.);
#16490 = EDGE_CURVE('',#16480,#16491,#16493,.T.);
#16491 = VERTEX_POINT('',#16492);
#16492 = CARTESIAN_POINT('',(8.5,106.6,-53.5));
#16493 = LINE('',#16494,#16495);
#16494 = CARTESIAN_POINT('',(8.5,49.25,-53.5));
#16495 = VECTOR('',#16496,1.);
#16496 = DIRECTION('',(0.,1.,0.));
#16497 = ORIENTED_EDGE('',*,*,#16498,.F.);
#16498 = EDGE_CURVE('',#16499,#16491,#16501,.T.);
#16499 = VERTEX_POINT('',#16500);
#16500 = CARTESIAN_POINT('',(9.7,107.8,-53.5));
#16501 = CIRCLE('',#16502,1.2);
#16502 = AXIS2_PLACEMENT_3D('',#16503,#16504,#16505);
#16503 = CARTESIAN_POINT('',(9.7,106.6,-53.5));
#16504 = DIRECTION('',(0.,0.,1.));
#16505 = DIRECTION('',(-1.,0.,0.));
#16506 = ORIENTED_EDGE('',*,*,#16507,.F.);
#16507 = EDGE_CURVE('',#16508,#16499,#16510,.T.);
#16508 = VERTEX_POINT('',#16509);
#16509 = CARTESIAN_POINT('',(27.3,107.8,-53.5));
#16510 = LINE('',#16511,#16512);
#16511 = CARTESIAN_POINT('',(-16.25,107.8,-53.5));
#16512 = VECTOR('',#16513,1.);
#16513 = DIRECTION('',(-1.,0.,0.));
#16514 = ORIENTED_EDGE('',*,*,#16515,.F.);
#16515 = EDGE_CURVE('',#16516,#16508,#16518,.T.);
#16516 = VERTEX_POINT('',#16517);
#16517 = CARTESIAN_POINT('',(28.5,106.6,-53.5));
#16518 = CIRCLE('',#16519,1.2);
#16519 = AXIS2_PLACEMENT_3D('',#16520,#16521,#16522);
#16520 = CARTESIAN_POINT('',(27.3,106.6,-53.5));
#16521 = DIRECTION('',(0.,0.,1.));
#16522 = DIRECTION('',(1.,0.,0.));
#16523 = ORIENTED_EDGE('',*,*,#16524,.F.);
#16524 = EDGE_CURVE('',#16525,#16516,#16527,.T.);
#16525 = VERTEX_POINT('',#16526);
#16526 = CARTESIAN_POINT('',(28.5,106.2,-53.5));
#16527 = LINE('',#16528,#16529);
#16528 = CARTESIAN_POINT('',(28.5,49.25,-53.5));
#16529 = VECTOR('',#16530,1.);
#16530 = DIRECTION('',(0.,1.,0.));
#16531 = ORIENTED_EDGE('',*,*,#16532,.F.);
#16532 = EDGE_CURVE('',#16533,#16525,#16535,.T.);
#16533 = VERTEX_POINT('',#16534);
#16534 = CARTESIAN_POINT('',(27.3,105.,-53.5));
#16535 = CIRCLE('',#16536,1.2);
#16536 = AXIS2_PLACEMENT_3D('',#16537,#16538,#16539);
#16537 = CARTESIAN_POINT('',(27.3,106.2,-53.5));
#16538 = DIRECTION('',(0.,0.,1.));
#16539 = DIRECTION('',(1.,0.,0.));
#16540 = ORIENTED_EDGE('',*,*,#16541,.T.);
#16541 = EDGE_CURVE('',#16533,#16482,#16542,.T.);
#16542 = LINE('',#16543,#16544);
#16543 = CARTESIAN_POINT('',(-16.25,105.,-53.5));
#16544 = VECTOR('',#16545,1.);
#16545 = DIRECTION('',(-1.,0.,0.));
#16546 = FACE_BOUND('',#16547,.F.);
#16547 = EDGE_LOOP('',(#16548,#16559,#16567,#16576,#16584,#16593,#16601,
    #16610));
#16548 = ORIENTED_EDGE('',*,*,#16549,.F.);
#16549 = EDGE_CURVE('',#16550,#16552,#16554,.T.);
#16550 = VERTEX_POINT('',#16551);
#16551 = CARTESIAN_POINT('',(8.5,112.2,-53.5));
#16552 = VERTEX_POINT('',#16553);
#16553 = CARTESIAN_POINT('',(9.7,111.,-53.5));
#16554 = CIRCLE('',#16555,1.2);
#16555 = AXIS2_PLACEMENT_3D('',#16556,#16557,#16558);
#16556 = CARTESIAN_POINT('',(9.7,112.2,-53.5));
#16557 = DIRECTION('',(0.,0.,1.));
#16558 = DIRECTION('',(-1.,0.,0.));
#16559 = ORIENTED_EDGE('',*,*,#16560,.T.);
#16560 = EDGE_CURVE('',#16550,#16561,#16563,.T.);
#16561 = VERTEX_POINT('',#16562);
#16562 = CARTESIAN_POINT('',(8.5,112.6,-53.5));
#16563 = LINE('',#16564,#16565);
#16564 = CARTESIAN_POINT('',(8.5,52.25,-53.5));
#16565 = VECTOR('',#16566,1.);
#16566 = DIRECTION('',(0.,1.,0.));
#16567 = ORIENTED_EDGE('',*,*,#16568,.F.);
#16568 = EDGE_CURVE('',#16569,#16561,#16571,.T.);
#16569 = VERTEX_POINT('',#16570);
#16570 = CARTESIAN_POINT('',(9.7,113.8,-53.5));
#16571 = CIRCLE('',#16572,1.2);
#16572 = AXIS2_PLACEMENT_3D('',#16573,#16574,#16575);
#16573 = CARTESIAN_POINT('',(9.7,112.6,-53.5));
#16574 = DIRECTION('',(0.,0.,1.));
#16575 = DIRECTION('',(-1.,0.,0.));
#16576 = ORIENTED_EDGE('',*,*,#16577,.F.);
#16577 = EDGE_CURVE('',#16578,#16569,#16580,.T.);
#16578 = VERTEX_POINT('',#16579);
#16579 = CARTESIAN_POINT('',(27.3,113.8,-53.5));
#16580 = LINE('',#16581,#16582);
#16581 = CARTESIAN_POINT('',(-16.25,113.8,-53.5));
#16582 = VECTOR('',#16583,1.);
#16583 = DIRECTION('',(-1.,0.,0.));
#16584 = ORIENTED_EDGE('',*,*,#16585,.F.);
#16585 = EDGE_CURVE('',#16586,#16578,#16588,.T.);
#16586 = VERTEX_POINT('',#16587);
#16587 = CARTESIAN_POINT('',(28.5,112.6,-53.5));
#16588 = CIRCLE('',#16589,1.2);
#16589 = AXIS2_PLACEMENT_3D('',#16590,#16591,#16592);
#16590 = CARTESIAN_POINT('',(27.3,112.6,-53.5));
#16591 = DIRECTION('',(0.,0.,1.));
#16592 = DIRECTION('',(1.,0.,0.));
#16593 = ORIENTED_EDGE('',*,*,#16594,.F.);
#16594 = EDGE_CURVE('',#16595,#16586,#16597,.T.);
#16595 = VERTEX_POINT('',#16596);
#16596 = CARTESIAN_POINT('',(28.5,112.2,-53.5));
#16597 = LINE('',#16598,#16599);
#16598 = CARTESIAN_POINT('',(28.5,52.25,-53.5));
#16599 = VECTOR('',#16600,1.);
#16600 = DIRECTION('',(0.,1.,0.));
#16601 = ORIENTED_EDGE('',*,*,#16602,.F.);
#16602 = EDGE_CURVE('',#16603,#16595,#16605,.T.);
#16603 = VERTEX_POINT('',#16604);
#16604 = CARTESIAN_POINT('',(27.3,111.,-53.5));
#16605 = CIRCLE('',#16606,1.2);
#16606 = AXIS2_PLACEMENT_3D('',#16607,#16608,#16609);
#16607 = CARTESIAN_POINT('',(27.3,112.2,-53.5));
#16608 = DIRECTION('',(0.,0.,1.));
#16609 = DIRECTION('',(1.,0.,0.));
#16610 = ORIENTED_EDGE('',*,*,#16611,.T.);
#16611 = EDGE_CURVE('',#16603,#16552,#16612,.T.);
#16612 = LINE('',#16613,#16614);
#16613 = CARTESIAN_POINT('',(-16.25,111.,-53.5));
#16614 = VECTOR('',#16615,1.);
#16615 = DIRECTION('',(-1.,0.,0.));
#16616 = FACE_BOUND('',#16617,.F.);
#16617 = EDGE_LOOP('',(#16618,#16629,#16637,#16646,#16654,#16663,#16671,
    #16680));
#16618 = ORIENTED_EDGE('',*,*,#16619,.F.);
#16619 = EDGE_CURVE('',#16620,#16622,#16624,.T.);
#16620 = VERTEX_POINT('',#16621);
#16621 = CARTESIAN_POINT('',(8.5,118.2,-53.5));
#16622 = VERTEX_POINT('',#16623);
#16623 = CARTESIAN_POINT('',(9.7,117.,-53.5));
#16624 = CIRCLE('',#16625,1.2);
#16625 = AXIS2_PLACEMENT_3D('',#16626,#16627,#16628);
#16626 = CARTESIAN_POINT('',(9.7,118.2,-53.5));
#16627 = DIRECTION('',(0.,0.,1.));
#16628 = DIRECTION('',(-1.,0.,0.));
#16629 = ORIENTED_EDGE('',*,*,#16630,.T.);
#16630 = EDGE_CURVE('',#16620,#16631,#16633,.T.);
#16631 = VERTEX_POINT('',#16632);
#16632 = CARTESIAN_POINT('',(8.5,118.6,-53.5));
#16633 = LINE('',#16634,#16635);
#16634 = CARTESIAN_POINT('',(8.5,55.25,-53.5));
#16635 = VECTOR('',#16636,1.);
#16636 = DIRECTION('',(0.,1.,0.));
#16637 = ORIENTED_EDGE('',*,*,#16638,.F.);
#16638 = EDGE_CURVE('',#16639,#16631,#16641,.T.);
#16639 = VERTEX_POINT('',#16640);
#16640 = CARTESIAN_POINT('',(9.7,119.8,-53.5));
#16641 = CIRCLE('',#16642,1.2);
#16642 = AXIS2_PLACEMENT_3D('',#16643,#16644,#16645);
#16643 = CARTESIAN_POINT('',(9.7,118.6,-53.5));
#16644 = DIRECTION('',(0.,0.,1.));
#16645 = DIRECTION('',(-1.,0.,0.));
#16646 = ORIENTED_EDGE('',*,*,#16647,.F.);
#16647 = EDGE_CURVE('',#16648,#16639,#16650,.T.);
#16648 = VERTEX_POINT('',#16649);
#16649 = CARTESIAN_POINT('',(27.3,119.8,-53.5));
#16650 = LINE('',#16651,#16652);
#16651 = CARTESIAN_POINT('',(-16.25,119.8,-53.5));
#16652 = VECTOR('',#16653,1.);
#16653 = DIRECTION('',(-1.,0.,0.));
#16654 = ORIENTED_EDGE('',*,*,#16655,.F.);
#16655 = EDGE_CURVE('',#16656,#16648,#16658,.T.);
#16656 = VERTEX_POINT('',#16657);
#16657 = CARTESIAN_POINT('',(28.5,118.6,-53.5));
#16658 = CIRCLE('',#16659,1.2);
#16659 = AXIS2_PLACEMENT_3D('',#16660,#16661,#16662);
#16660 = CARTESIAN_POINT('',(27.3,118.6,-53.5));
#16661 = DIRECTION('',(0.,0.,1.));
#16662 = DIRECTION('',(1.,0.,0.));
#16663 = ORIENTED_EDGE('',*,*,#16664,.F.);
#16664 = EDGE_CURVE('',#16665,#16656,#16667,.T.);
#16665 = VERTEX_POINT('',#16666);
#16666 = CARTESIAN_POINT('',(28.5,118.2,-53.5));
#16667 = LINE('',#16668,#16669);
#16668 = CARTESIAN_POINT('',(28.5,55.25,-53.5));
#16669 = VECTOR('',#16670,1.);
#16670 = DIRECTION('',(0.,1.,0.));
#16671 = ORIENTED_EDGE('',*,*,#16672,.F.);
#16672 = EDGE_CURVE('',#16673,#16665,#16675,.T.);
#16673 = VERTEX_POINT('',#16674);
#16674 = CARTESIAN_POINT('',(27.3,117.,-53.5));
#16675 = CIRCLE('',#16676,1.2);
#16676 = AXIS2_PLACEMENT_3D('',#16677,#16678,#16679);
#16677 = CARTESIAN_POINT('',(27.3,118.2,-53.5));
#16678 = DIRECTION('',(0.,0.,1.));
#16679 = DIRECTION('',(1.,0.,0.));
#16680 = ORIENTED_EDGE('',*,*,#16681,.T.);
#16681 = EDGE_CURVE('',#16673,#16622,#16682,.T.);
#16682 = LINE('',#16683,#16684);
#16683 = CARTESIAN_POINT('',(-16.25,117.,-53.5));
#16684 = VECTOR('',#16685,1.);
#16685 = DIRECTION('',(-1.,0.,0.));
#16686 = FACE_BOUND('',#16687,.F.);
#16687 = EDGE_LOOP('',(#16688,#16699,#16707,#16716,#16724,#16733,#16741,
    #16750));
#16688 = ORIENTED_EDGE('',*,*,#16689,.F.);
#16689 = EDGE_CURVE('',#16690,#16692,#16694,.T.);
#16690 = VERTEX_POINT('',#16691);
#16691 = CARTESIAN_POINT('',(8.5,124.2,-53.5));
#16692 = VERTEX_POINT('',#16693);
#16693 = CARTESIAN_POINT('',(9.7,123.,-53.5));
#16694 = CIRCLE('',#16695,1.2);
#16695 = AXIS2_PLACEMENT_3D('',#16696,#16697,#16698);
#16696 = CARTESIAN_POINT('',(9.7,124.2,-53.5));
#16697 = DIRECTION('',(0.,0.,1.));
#16698 = DIRECTION('',(-1.,0.,0.));
#16699 = ORIENTED_EDGE('',*,*,#16700,.T.);
#16700 = EDGE_CURVE('',#16690,#16701,#16703,.T.);
#16701 = VERTEX_POINT('',#16702);
#16702 = CARTESIAN_POINT('',(8.5,124.6,-53.5));
#16703 = LINE('',#16704,#16705);
#16704 = CARTESIAN_POINT('',(8.5,58.25,-53.5));
#16705 = VECTOR('',#16706,1.);
#16706 = DIRECTION('',(0.,1.,0.));
#16707 = ORIENTED_EDGE('',*,*,#16708,.F.);
#16708 = EDGE_CURVE('',#16709,#16701,#16711,.T.);
#16709 = VERTEX_POINT('',#16710);
#16710 = CARTESIAN_POINT('',(9.7,125.8,-53.5));
#16711 = CIRCLE('',#16712,1.2);
#16712 = AXIS2_PLACEMENT_3D('',#16713,#16714,#16715);
#16713 = CARTESIAN_POINT('',(9.7,124.6,-53.5));
#16714 = DIRECTION('',(0.,0.,1.));
#16715 = DIRECTION('',(-1.,0.,0.));
#16716 = ORIENTED_EDGE('',*,*,#16717,.F.);
#16717 = EDGE_CURVE('',#16718,#16709,#16720,.T.);
#16718 = VERTEX_POINT('',#16719);
#16719 = CARTESIAN_POINT('',(27.3,125.8,-53.5));
#16720 = LINE('',#16721,#16722);
#16721 = CARTESIAN_POINT('',(-16.25,125.8,-53.5));
#16722 = VECTOR('',#16723,1.);
#16723 = DIRECTION('',(-1.,0.,0.));
#16724 = ORIENTED_EDGE('',*,*,#16725,.F.);
#16725 = EDGE_CURVE('',#16726,#16718,#16728,.T.);
#16726 = VERTEX_POINT('',#16727);
#16727 = CARTESIAN_POINT('',(28.5,124.6,-53.5));
#16728 = CIRCLE('',#16729,1.2);
#16729 = AXIS2_PLACEMENT_3D('',#16730,#16731,#16732);
#16730 = CARTESIAN_POINT('',(27.3,124.6,-53.5));
#16731 = DIRECTION('',(0.,0.,1.));
#16732 = DIRECTION('',(1.,0.,0.));
#16733 = ORIENTED_EDGE('',*,*,#16734,.F.);
#16734 = EDGE_CURVE('',#16735,#16726,#16737,.T.);
#16735 = VERTEX_POINT('',#16736);
#16736 = CARTESIAN_POINT('',(28.5,124.2,-53.5));
#16737 = LINE('',#16738,#16739);
#16738 = CARTESIAN_POINT('',(28.5,58.25,-53.5));
#16739 = VECTOR('',#16740,1.);
#16740 = DIRECTION('',(0.,1.,0.));
#16741 = ORIENTED_EDGE('',*,*,#16742,.F.);
#16742 = EDGE_CURVE('',#16743,#16735,#16745,.T.);
#16743 = VERTEX_POINT('',#16744);
#16744 = CARTESIAN_POINT('',(27.3,123.,-53.5));
#16745 = CIRCLE('',#16746,1.2);
#16746 = AXIS2_PLACEMENT_3D('',#16747,#16748,#16749);
#16747 = CARTESIAN_POINT('',(27.3,124.2,-53.5));
#16748 = DIRECTION('',(0.,0.,1.));
#16749 = DIRECTION('',(1.,0.,0.));
#16750 = ORIENTED_EDGE('',*,*,#16751,.T.);
#16751 = EDGE_CURVE('',#16743,#16692,#16752,.T.);
#16752 = LINE('',#16753,#16754);
#16753 = CARTESIAN_POINT('',(-16.25,123.,-53.5));
#16754 = VECTOR('',#16755,1.);
#16755 = DIRECTION('',(-1.,0.,0.));
#16756 = FACE_BOUND('',#16757,.F.);
#16757 = EDGE_LOOP('',(#16758,#16769,#16777,#16786,#16794,#16803,#16811,
    #16820));
#16758 = ORIENTED_EDGE('',*,*,#16759,.F.);
#16759 = EDGE_CURVE('',#16760,#16762,#16764,.T.);
#16760 = VERTEX_POINT('',#16761);
#16761 = CARTESIAN_POINT('',(8.5,130.2,-53.5));
#16762 = VERTEX_POINT('',#16763);
#16763 = CARTESIAN_POINT('',(9.7,129.,-53.5));
#16764 = CIRCLE('',#16765,1.2);
#16765 = AXIS2_PLACEMENT_3D('',#16766,#16767,#16768);
#16766 = CARTESIAN_POINT('',(9.7,130.2,-53.5));
#16767 = DIRECTION('',(0.,0.,1.));
#16768 = DIRECTION('',(-1.,0.,0.));
#16769 = ORIENTED_EDGE('',*,*,#16770,.T.);
#16770 = EDGE_CURVE('',#16760,#16771,#16773,.T.);
#16771 = VERTEX_POINT('',#16772);
#16772 = CARTESIAN_POINT('',(8.5,130.6,-53.5));
#16773 = LINE('',#16774,#16775);
#16774 = CARTESIAN_POINT('',(8.5,61.25,-53.5));
#16775 = VECTOR('',#16776,1.);
#16776 = DIRECTION('',(0.,1.,0.));
#16777 = ORIENTED_EDGE('',*,*,#16778,.F.);
#16778 = EDGE_CURVE('',#16779,#16771,#16781,.T.);
#16779 = VERTEX_POINT('',#16780);
#16780 = CARTESIAN_POINT('',(9.7,131.8,-53.5));
#16781 = CIRCLE('',#16782,1.2);
#16782 = AXIS2_PLACEMENT_3D('',#16783,#16784,#16785);
#16783 = CARTESIAN_POINT('',(9.7,130.6,-53.5));
#16784 = DIRECTION('',(0.,0.,1.));
#16785 = DIRECTION('',(-1.,0.,0.));
#16786 = ORIENTED_EDGE('',*,*,#16787,.F.);
#16787 = EDGE_CURVE('',#16788,#16779,#16790,.T.);
#16788 = VERTEX_POINT('',#16789);
#16789 = CARTESIAN_POINT('',(27.3,131.8,-53.5));
#16790 = LINE('',#16791,#16792);
#16791 = CARTESIAN_POINT('',(-16.25,131.8,-53.5));
#16792 = VECTOR('',#16793,1.);
#16793 = DIRECTION('',(-1.,0.,0.));
#16794 = ORIENTED_EDGE('',*,*,#16795,.F.);
#16795 = EDGE_CURVE('',#16796,#16788,#16798,.T.);
#16796 = VERTEX_POINT('',#16797);
#16797 = CARTESIAN_POINT('',(28.5,130.6,-53.5));
#16798 = CIRCLE('',#16799,1.2);
#16799 = AXIS2_PLACEMENT_3D('',#16800,#16801,#16802);
#16800 = CARTESIAN_POINT('',(27.3,130.6,-53.5));
#16801 = DIRECTION('',(0.,0.,1.));
#16802 = DIRECTION('',(1.,0.,0.));
#16803 = ORIENTED_EDGE('',*,*,#16804,.F.);
#16804 = EDGE_CURVE('',#16805,#16796,#16807,.T.);
#16805 = VERTEX_POINT('',#16806);
#16806 = CARTESIAN_POINT('',(28.5,130.2,-53.5));
#16807 = LINE('',#16808,#16809);
#16808 = CARTESIAN_POINT('',(28.5,61.25,-53.5));
#16809 = VECTOR('',#16810,1.);
#16810 = DIRECTION('',(0.,1.,0.));
#16811 = ORIENTED_EDGE('',*,*,#16812,.F.);
#16812 = EDGE_CURVE('',#16813,#16805,#16815,.T.);
#16813 = VERTEX_POINT('',#16814);
#16814 = CARTESIAN_POINT('',(27.3,129.,-53.5));
#16815 = CIRCLE('',#16816,1.2);
#16816 = AXIS2_PLACEMENT_3D('',#16817,#16818,#16819);
#16817 = CARTESIAN_POINT('',(27.3,130.2,-53.5));
#16818 = DIRECTION('',(0.,0.,1.));
#16819 = DIRECTION('',(1.,0.,0.));
#16820 = ORIENTED_EDGE('',*,*,#16821,.T.);
#16821 = EDGE_CURVE('',#16813,#16762,#16822,.T.);
#16822 = LINE('',#16823,#16824);
#16823 = CARTESIAN_POINT('',(-16.25,129.,-53.5));
#16824 = VECTOR('',#16825,1.);
#16825 = DIRECTION('',(-1.,0.,0.));
#16826 = FACE_BOUND('',#16827,.F.);
#16827 = EDGE_LOOP('',(#16828,#16839,#16847,#16856,#16864,#16873,#16881,
    #16890));
#16828 = ORIENTED_EDGE('',*,*,#16829,.F.);
#16829 = EDGE_CURVE('',#16830,#16832,#16834,.T.);
#16830 = VERTEX_POINT('',#16831);
#16831 = CARTESIAN_POINT('',(8.5,136.2,-53.5));
#16832 = VERTEX_POINT('',#16833);
#16833 = CARTESIAN_POINT('',(9.7,135.,-53.5));
#16834 = CIRCLE('',#16835,1.2);
#16835 = AXIS2_PLACEMENT_3D('',#16836,#16837,#16838);
#16836 = CARTESIAN_POINT('',(9.7,136.2,-53.5));
#16837 = DIRECTION('',(0.,0.,1.));
#16838 = DIRECTION('',(-1.,0.,0.));
#16839 = ORIENTED_EDGE('',*,*,#16840,.T.);
#16840 = EDGE_CURVE('',#16830,#16841,#16843,.T.);
#16841 = VERTEX_POINT('',#16842);
#16842 = CARTESIAN_POINT('',(8.5,136.6,-53.5));
#16843 = LINE('',#16844,#16845);
#16844 = CARTESIAN_POINT('',(8.5,64.25,-53.5));
#16845 = VECTOR('',#16846,1.);
#16846 = DIRECTION('',(0.,1.,0.));
#16847 = ORIENTED_EDGE('',*,*,#16848,.F.);
#16848 = EDGE_CURVE('',#16849,#16841,#16851,.T.);
#16849 = VERTEX_POINT('',#16850);
#16850 = CARTESIAN_POINT('',(9.7,137.8,-53.5));
#16851 = CIRCLE('',#16852,1.2);
#16852 = AXIS2_PLACEMENT_3D('',#16853,#16854,#16855);
#16853 = CARTESIAN_POINT('',(9.7,136.6,-53.5));
#16854 = DIRECTION('',(0.,0.,1.));
#16855 = DIRECTION('',(-1.,0.,0.));
#16856 = ORIENTED_EDGE('',*,*,#16857,.F.);
#16857 = EDGE_CURVE('',#16858,#16849,#16860,.T.);
#16858 = VERTEX_POINT('',#16859);
#16859 = CARTESIAN_POINT('',(27.3,137.8,-53.5));
#16860 = LINE('',#16861,#16862);
#16861 = CARTESIAN_POINT('',(-16.25,137.8,-53.5));
#16862 = VECTOR('',#16863,1.);
#16863 = DIRECTION('',(-1.,0.,0.));
#16864 = ORIENTED_EDGE('',*,*,#16865,.F.);
#16865 = EDGE_CURVE('',#16866,#16858,#16868,.T.);
#16866 = VERTEX_POINT('',#16867);
#16867 = CARTESIAN_POINT('',(28.5,136.6,-53.5));
#16868 = CIRCLE('',#16869,1.2);
#16869 = AXIS2_PLACEMENT_3D('',#16870,#16871,#16872);
#16870 = CARTESIAN_POINT('',(27.3,136.6,-53.5));
#16871 = DIRECTION('',(0.,0.,1.));
#16872 = DIRECTION('',(1.,0.,0.));
#16873 = ORIENTED_EDGE('',*,*,#16874,.F.);
#16874 = EDGE_CURVE('',#16875,#16866,#16877,.T.);
#16875 = VERTEX_POINT('',#16876);
#16876 = CARTESIAN_POINT('',(28.5,136.2,-53.5));
#16877 = LINE('',#16878,#16879);
#16878 = CARTESIAN_POINT('',(28.5,64.25,-53.5));
#16879 = VECTOR('',#16880,1.);
#16880 = DIRECTION('',(0.,1.,0.));
#16881 = ORIENTED_EDGE('',*,*,#16882,.F.);
#16882 = EDGE_CURVE('',#16883,#16875,#16885,.T.);
#16883 = VERTEX_POINT('',#16884);
#16884 = CARTESIAN_POINT('',(27.3,135.,-53.5));
#16885 = CIRCLE('',#16886,1.2);
#16886 = AXIS2_PLACEMENT_3D('',#16887,#16888,#16889);
#16887 = CARTESIAN_POINT('',(27.3,136.2,-53.5));
#16888 = DIRECTION('',(0.,0.,1.));
#16889 = DIRECTION('',(1.,0.,0.));
#16890 = ORIENTED_EDGE('',*,*,#16891,.T.);
#16891 = EDGE_CURVE('',#16883,#16832,#16892,.T.);
#16892 = LINE('',#16893,#16894);
#16893 = CARTESIAN_POINT('',(-16.25,135.,-53.5));
#16894 = VECTOR('',#16895,1.);
#16895 = DIRECTION('',(-1.,0.,0.));
#16896 = PLANE('',#16897);
#16897 = AXIS2_PLACEMENT_3D('',#16898,#16899,#16900);
#16898 = CARTESIAN_POINT('',(-41.,-6.5,-53.5));
#16899 = DIRECTION('',(0.,0.,1.));
#16900 = DIRECTION('',(1.,0.,0.));
#16901 = ADVANCED_FACE('',(#16902),#16913,.F.);
#16902 = FACE_BOUND('',#16903,.F.);
#16903 = EDGE_LOOP('',(#16904,#16905,#16906,#16907));
#16904 = ORIENTED_EDGE('',*,*,#15796,.F.);
#16905 = ORIENTED_EDGE('',*,*,#15718,.T.);
#16906 = ORIENTED_EDGE('',*,*,#14599,.T.);
#16907 = ORIENTED_EDGE('',*,*,#16908,.F.);
#16908 = EDGE_CURVE('',#15797,#14600,#16909,.T.);
#16909 = LINE('',#16910,#16911);
#16910 = CARTESIAN_POINT('',(27.,-6.5,-53.5));
#16911 = VECTOR('',#16912,1.);
#16912 = DIRECTION('',(0.,0.,1.));
#16913 = PLANE('',#16914);
#16914 = AXIS2_PLACEMENT_3D('',#16915,#16916,#16917);
#16915 = CARTESIAN_POINT('',(-41.,-6.5,-53.5));
#16916 = DIRECTION('',(0.,1.,0.));
#16917 = DIRECTION('',(0.,0.,1.));
#16918 = ADVANCED_FACE('',(#16919),#16930,.T.);
#16919 = FACE_BOUND('',#16920,.T.);
#16920 = EDGE_LOOP('',(#16921,#16922,#16923,#16924));
#16921 = ORIENTED_EDGE('',*,*,#15884,.F.);
#16922 = ORIENTED_EDGE('',*,*,#15761,.T.);
#16923 = ORIENTED_EDGE('',*,*,#14633,.T.);
#16924 = ORIENTED_EDGE('',*,*,#16925,.F.);
#16925 = EDGE_CURVE('',#15876,#14625,#16926,.T.);
#16926 = LINE('',#16927,#16928);
#16927 = CARTESIAN_POINT('',(27.,151.9,-53.5));
#16928 = VECTOR('',#16929,1.);
#16929 = DIRECTION('',(0.,0.,1.));
#16930 = PLANE('',#16931);
#16931 = AXIS2_PLACEMENT_3D('',#16932,#16933,#16934);
#16932 = CARTESIAN_POINT('',(-41.,151.9,-53.5));
#16933 = DIRECTION('',(0.,1.,0.));
#16934 = DIRECTION('',(0.,0.,1.));
#16935 = ADVANCED_FACE('',(#16936),#16955,.T.);
#16936 = FACE_BOUND('',#16937,.F.);
#16937 = EDGE_LOOP('',(#16938,#16939,#16946,#16947,#16948,#16949));
#16938 = ORIENTED_EDGE('',*,*,#15831,.T.);
#16939 = ORIENTED_EDGE('',*,*,#16940,.T.);
#16940 = EDGE_CURVE('',#15823,#15805,#16941,.T.);
#16941 = CIRCLE('',#16942,14.);
#16942 = AXIS2_PLACEMENT_3D('',#16943,#16944,#16945);
#16943 = CARTESIAN_POINT('',(27.,7.5,-53.5));
#16944 = DIRECTION('',(-0.,-0.,-1.));
#16945 = DIRECTION('',(0.,-1.,0.));
#16946 = ORIENTED_EDGE('',*,*,#15804,.T.);
#16947 = ORIENTED_EDGE('',*,*,#16908,.T.);
#16948 = ORIENTED_EDGE('',*,*,#14607,.F.);
#16949 = ORIENTED_EDGE('',*,*,#16950,.F.);
#16950 = EDGE_CURVE('',#15832,#14608,#16951,.T.);
#16951 = LINE('',#16952,#16953);
#16952 = CARTESIAN_POINT('',(41.,7.5,-53.5));
#16953 = VECTOR('',#16954,1.);
#16954 = DIRECTION('',(0.,0.,1.));
#16955 = CYLINDRICAL_SURFACE('',#16956,14.);
#16956 = AXIS2_PLACEMENT_3D('',#16957,#16958,#16959);
#16957 = CARTESIAN_POINT('',(27.,7.5,-53.5));
#16958 = DIRECTION('',(0.,0.,1.));
#16959 = DIRECTION('',(1.,0.,0.));
#16960 = ADVANCED_FACE('',(#16961),#16980,.T.);
#16961 = FACE_BOUND('',#16962,.T.);
#16962 = EDGE_LOOP('',(#16963,#16964,#16971,#16972,#16973,#16974));
#16963 = ORIENTED_EDGE('',*,*,#15848,.T.);
#16964 = ORIENTED_EDGE('',*,*,#16965,.T.);
#16965 = EDGE_CURVE('',#15849,#15867,#16966,.T.);
#16966 = CIRCLE('',#16967,14.);
#16967 = AXIS2_PLACEMENT_3D('',#16968,#16969,#16970);
#16968 = CARTESIAN_POINT('',(27.,137.9,-53.5));
#16969 = DIRECTION('',(-0.,0.,1.));
#16970 = DIRECTION('',(0.,-1.,0.));
#16971 = ORIENTED_EDGE('',*,*,#15875,.T.);
#16972 = ORIENTED_EDGE('',*,*,#16925,.T.);
#16973 = ORIENTED_EDGE('',*,*,#14624,.F.);
#16974 = ORIENTED_EDGE('',*,*,#16975,.F.);
#16975 = EDGE_CURVE('',#15841,#14617,#16976,.T.);
#16976 = LINE('',#16977,#16978);
#16977 = CARTESIAN_POINT('',(41.,137.9,-53.5));
#16978 = VECTOR('',#16979,1.);
#16979 = DIRECTION('',(0.,0.,1.));
#16980 = CYLINDRICAL_SURFACE('',#16981,14.);
#16981 = AXIS2_PLACEMENT_3D('',#16982,#16983,#16984);
#16982 = CARTESIAN_POINT('',(27.,137.9,-53.5));
#16983 = DIRECTION('',(0.,0.,1.));
#16984 = DIRECTION('',(1.,0.,0.));
#16985 = ADVANCED_FACE('',(#16986),#16992,.T.);
#16986 = FACE_BOUND('',#16987,.T.);
#16987 = EDGE_LOOP('',(#16988,#16989,#16990,#16991));
#16988 = ORIENTED_EDGE('',*,*,#14616,.F.);
#16989 = ORIENTED_EDGE('',*,*,#16950,.F.);
#16990 = ORIENTED_EDGE('',*,*,#15840,.T.);
#16991 = ORIENTED_EDGE('',*,*,#16975,.T.);
#16992 = PLANE('',#16993);
#16993 = AXIS2_PLACEMENT_3D('',#16994,#16995,#16996);
#16994 = CARTESIAN_POINT('',(41.,-6.5,-53.5));
#16995 = DIRECTION('',(1.,0.,0.));
#16996 = DIRECTION('',(0.,0.,1.));
#16997 = ADVANCED_FACE('',(#16998),#17017,.F.);
#16998 = FACE_BOUND('',#16999,.F.);
#16999 = EDGE_LOOP('',(#17000,#17001,#17009,#17016));
#17000 = ORIENTED_EDGE('',*,*,#14650,.F.);
#17001 = ORIENTED_EDGE('',*,*,#17002,.F.);
#17002 = EDGE_CURVE('',#17003,#14651,#17005,.T.);
#17003 = VERTEX_POINT('',#17004);
#17004 = CARTESIAN_POINT('',(-30.8,1.5,-57.1));
#17005 = LINE('',#17006,#17007);
#17006 = CARTESIAN_POINT('',(-30.8,1.5,-61.));
#17007 = VECTOR('',#17008,1.);
#17008 = DIRECTION('',(0.,0.,1.));
#17009 = ORIENTED_EDGE('',*,*,#17010,.T.);
#17010 = EDGE_CURVE('',#17003,#17003,#17011,.T.);
#17011 = CIRCLE('',#17012,1.7);
#17012 = AXIS2_PLACEMENT_3D('',#17013,#17014,#17015);
#17013 = CARTESIAN_POINT('',(-32.5,1.5,-57.1));
#17014 = DIRECTION('',(0.,0.,1.));
#17015 = DIRECTION('',(1.,0.,0.));
#17016 = ORIENTED_EDGE('',*,*,#17002,.T.);
#17017 = CYLINDRICAL_SURFACE('',#17018,1.7);
#17018 = AXIS2_PLACEMENT_3D('',#17019,#17020,#17021);
#17019 = CARTESIAN_POINT('',(-32.5,1.5,-61.));
#17020 = DIRECTION('',(0.,0.,1.));
#17021 = DIRECTION('',(1.,0.,0.));
#17022 = ADVANCED_FACE('',(#17023),#17042,.T.);
#17023 = FACE_BOUND('',#17024,.T.);
#17024 = EDGE_LOOP('',(#17025,#17034,#17040,#17041));
#17025 = ORIENTED_EDGE('',*,*,#17026,.F.);
#17026 = EDGE_CURVE('',#17027,#17027,#17029,.T.);
#17027 = VERTEX_POINT('',#17028);
#17028 = CARTESIAN_POINT('',(-4.5,55.,-45.));
#17029 = CIRCLE('',#17030,7.5);
#17030 = AXIS2_PLACEMENT_3D('',#17031,#17032,#17033);
#17031 = CARTESIAN_POINT('',(-12.,55.,-45.));
#17032 = DIRECTION('',(0.,0.,1.));
#17033 = DIRECTION('',(1.,0.,0.));
#17034 = ORIENTED_EDGE('',*,*,#17035,.F.);
#17035 = EDGE_CURVE('',#14662,#17027,#17036,.T.);
#17036 = LINE('',#17037,#17038);
#17037 = CARTESIAN_POINT('',(-4.5,55.,-51.));
#17038 = VECTOR('',#17039,1.);
#17039 = DIRECTION('',(0.,0.,1.));
#17040 = ORIENTED_EDGE('',*,*,#14661,.T.);
#17041 = ORIENTED_EDGE('',*,*,#17035,.T.);
#17042 = CYLINDRICAL_SURFACE('',#17043,7.5);
#17043 = AXIS2_PLACEMENT_3D('',#17044,#17045,#17046);
#17044 = CARTESIAN_POINT('',(-12.,55.,-51.));
#17045 = DIRECTION('',(0.,0.,1.));
#17046 = DIRECTION('',(1.,0.,0.));
#17047 = ADVANCED_FACE('',(#17048),#17067,.F.);
#17048 = FACE_BOUND('',#17049,.F.);
#17049 = EDGE_LOOP('',(#17050,#17051,#17059,#17066));
#17050 = ORIENTED_EDGE('',*,*,#14672,.F.);
#17051 = ORIENTED_EDGE('',*,*,#17052,.F.);
#17052 = EDGE_CURVE('',#17053,#14673,#17055,.T.);
#17053 = VERTEX_POINT('',#17054);
#17054 = CARTESIAN_POINT('',(34.2,1.5,-57.1));
#17055 = LINE('',#17056,#17057);
#17056 = CARTESIAN_POINT('',(34.2,1.5,-61.));
#17057 = VECTOR('',#17058,1.);
#17058 = DIRECTION('',(0.,0.,1.));
#17059 = ORIENTED_EDGE('',*,*,#17060,.T.);
#17060 = EDGE_CURVE('',#17053,#17053,#17061,.T.);
#17061 = CIRCLE('',#17062,1.7);
#17062 = AXIS2_PLACEMENT_3D('',#17063,#17064,#17065);
#17063 = CARTESIAN_POINT('',(32.5,1.5,-57.1));
#17064 = DIRECTION('',(0.,0.,1.));
#17065 = DIRECTION('',(1.,0.,0.));
#17066 = ORIENTED_EDGE('',*,*,#17052,.T.);
#17067 = CYLINDRICAL_SURFACE('',#17068,1.7);
#17068 = AXIS2_PLACEMENT_3D('',#17069,#17070,#17071);
#17069 = CARTESIAN_POINT('',(32.5,1.5,-61.));
#17070 = DIRECTION('',(0.,0.,1.));
#17071 = DIRECTION('',(1.,0.,0.));
#17072 = ADVANCED_FACE('',(#17073),#17089,.F.);
#17073 = FACE_BOUND('',#17074,.F.);
#17074 = EDGE_LOOP('',(#17075,#17081,#17082,#17088));
#17075 = ORIENTED_EDGE('',*,*,#17076,.F.);
#17076 = EDGE_CURVE('',#15990,#14684,#17077,.T.);
#17077 = LINE('',#17078,#17079);
#17078 = CARTESIAN_POINT('',(8.5,46.2,-55.));
#17079 = VECTOR('',#17080,1.);
#17080 = DIRECTION('',(0.,0.,1.));
#17081 = ORIENTED_EDGE('',*,*,#15989,.T.);
#17082 = ORIENTED_EDGE('',*,*,#17083,.T.);
#17083 = EDGE_CURVE('',#15992,#14686,#17084,.T.);
#17084 = LINE('',#17085,#17086);
#17085 = CARTESIAN_POINT('',(9.7,45.,-55.));
#17086 = VECTOR('',#17087,1.);
#17087 = DIRECTION('',(0.,0.,1.));
#17088 = ORIENTED_EDGE('',*,*,#14683,.F.);
#17089 = CYLINDRICAL_SURFACE('',#17090,1.2);
#17090 = AXIS2_PLACEMENT_3D('',#17091,#17092,#17093);
#17091 = CARTESIAN_POINT('',(9.7,46.2,-55.));
#17092 = DIRECTION('',(0.,0.,1.));
#17093 = DIRECTION('',(-1.,0.,0.));
#17094 = ADVANCED_FACE('',(#17095),#17106,.T.);
#17095 = FACE_BOUND('',#17096,.T.);
#17096 = EDGE_LOOP('',(#17097,#17098,#17099,#17100));
#17097 = ORIENTED_EDGE('',*,*,#16051,.T.);
#17098 = ORIENTED_EDGE('',*,*,#17083,.T.);
#17099 = ORIENTED_EDGE('',*,*,#14745,.F.);
#17100 = ORIENTED_EDGE('',*,*,#17101,.F.);
#17101 = EDGE_CURVE('',#16043,#14737,#17102,.T.);
#17102 = LINE('',#17103,#17104);
#17103 = CARTESIAN_POINT('',(27.3,45.,-55.));
#17104 = VECTOR('',#17105,1.);
#17105 = DIRECTION('',(0.,0.,1.));
#17106 = PLANE('',#17107);
#17107 = AXIS2_PLACEMENT_3D('',#17108,#17109,#17110);
#17108 = CARTESIAN_POINT('',(8.5,45.,-55.));
#17109 = DIRECTION('',(0.,1.,0.));
#17110 = DIRECTION('',(0.,0.,1.));
#17111 = ADVANCED_FACE('',(#17112),#17123,.F.);
#17112 = FACE_BOUND('',#17113,.T.);
#17113 = EDGE_LOOP('',(#17114,#17120,#17121,#17122));
#17114 = ORIENTED_EDGE('',*,*,#17115,.F.);
#17115 = EDGE_CURVE('',#16035,#14729,#17116,.T.);
#17116 = LINE('',#17117,#17118);
#17117 = CARTESIAN_POINT('',(28.5,46.2,-55.));
#17118 = VECTOR('',#17119,1.);
#17119 = DIRECTION('',(0.,0.,1.));
#17120 = ORIENTED_EDGE('',*,*,#16042,.F.);
#17121 = ORIENTED_EDGE('',*,*,#17101,.T.);
#17122 = ORIENTED_EDGE('',*,*,#14736,.T.);
#17123 = CYLINDRICAL_SURFACE('',#17124,1.2);
#17124 = AXIS2_PLACEMENT_3D('',#17125,#17126,#17127);
#17125 = CARTESIAN_POINT('',(27.3,46.2,-55.));
#17126 = DIRECTION('',(0.,0.,1.));
#17127 = DIRECTION('',(1.,0.,0.));
#17128 = ADVANCED_FACE('',(#17129),#17140,.F.);
#17129 = FACE_BOUND('',#17130,.F.);
#17130 = EDGE_LOOP('',(#17131,#17132,#17133,#17134));
#17131 = ORIENTED_EDGE('',*,*,#14728,.F.);
#17132 = ORIENTED_EDGE('',*,*,#17115,.F.);
#17133 = ORIENTED_EDGE('',*,*,#16034,.T.);
#17134 = ORIENTED_EDGE('',*,*,#17135,.T.);
#17135 = EDGE_CURVE('',#16026,#14720,#17136,.T.);
#17136 = LINE('',#17137,#17138);
#17137 = CARTESIAN_POINT('',(28.5,46.6,-55.));
#17138 = VECTOR('',#17139,1.);
#17139 = DIRECTION('',(0.,0.,1.));
#17140 = PLANE('',#17141);
#17141 = AXIS2_PLACEMENT_3D('',#17142,#17143,#17144);
#17142 = CARTESIAN_POINT('',(28.5,45.,-55.));
#17143 = DIRECTION('',(1.,0.,0.));
#17144 = DIRECTION('',(0.,0.,1.));
#17145 = ADVANCED_FACE('',(#17146),#17157,.F.);
#17146 = FACE_BOUND('',#17147,.F.);
#17147 = EDGE_LOOP('',(#17148,#17149,#17150,#17156));
#17148 = ORIENTED_EDGE('',*,*,#17135,.F.);
#17149 = ORIENTED_EDGE('',*,*,#16025,.T.);
#17150 = ORIENTED_EDGE('',*,*,#17151,.T.);
#17151 = EDGE_CURVE('',#16018,#14712,#17152,.T.);
#17152 = LINE('',#17153,#17154);
#17153 = CARTESIAN_POINT('',(27.3,47.8,-55.));
#17154 = VECTOR('',#17155,1.);
#17155 = DIRECTION('',(0.,0.,1.));
#17156 = ORIENTED_EDGE('',*,*,#14719,.F.);
#17157 = CYLINDRICAL_SURFACE('',#17158,1.2);
#17158 = AXIS2_PLACEMENT_3D('',#17159,#17160,#17161);
#17159 = CARTESIAN_POINT('',(27.3,46.6,-55.));
#17160 = DIRECTION('',(0.,0.,1.));
#17161 = DIRECTION('',(1.,0.,0.));
#17162 = ADVANCED_FACE('',(#17163),#17174,.F.);
#17163 = FACE_BOUND('',#17164,.F.);
#17164 = EDGE_LOOP('',(#17165,#17166,#17172,#17173));
#17165 = ORIENTED_EDGE('',*,*,#16017,.T.);
#17166 = ORIENTED_EDGE('',*,*,#17167,.T.);
#17167 = EDGE_CURVE('',#16009,#14703,#17168,.T.);
#17168 = LINE('',#17169,#17170);
#17169 = CARTESIAN_POINT('',(9.7,47.8,-55.));
#17170 = VECTOR('',#17171,1.);
#17171 = DIRECTION('',(0.,0.,1.));
#17172 = ORIENTED_EDGE('',*,*,#14711,.F.);
#17173 = ORIENTED_EDGE('',*,*,#17151,.F.);
#17174 = PLANE('',#17175);
#17175 = AXIS2_PLACEMENT_3D('',#17176,#17177,#17178);
#17176 = CARTESIAN_POINT('',(8.5,47.8,-55.));
#17177 = DIRECTION('',(0.,1.,0.));
#17178 = DIRECTION('',(0.,0.,1.));
#17179 = ADVANCED_FACE('',(#17180),#17191,.F.);
#17180 = FACE_BOUND('',#17181,.T.);
#17181 = EDGE_LOOP('',(#17182,#17188,#17189,#17190));
#17182 = ORIENTED_EDGE('',*,*,#17183,.F.);
#17183 = EDGE_CURVE('',#16001,#14695,#17184,.T.);
#17184 = LINE('',#17185,#17186);
#17185 = CARTESIAN_POINT('',(8.5,46.6,-55.));
#17186 = VECTOR('',#17187,1.);
#17187 = DIRECTION('',(0.,0.,1.));
#17188 = ORIENTED_EDGE('',*,*,#16008,.F.);
#17189 = ORIENTED_EDGE('',*,*,#17167,.T.);
#17190 = ORIENTED_EDGE('',*,*,#14702,.T.);
#17191 = CYLINDRICAL_SURFACE('',#17192,1.2);
#17192 = AXIS2_PLACEMENT_3D('',#17193,#17194,#17195);
#17193 = CARTESIAN_POINT('',(9.7,46.6,-55.));
#17194 = DIRECTION('',(0.,0.,1.));
#17195 = DIRECTION('',(-1.,0.,0.));
#17196 = ADVANCED_FACE('',(#17197),#17203,.T.);
#17197 = FACE_BOUND('',#17198,.T.);
#17198 = EDGE_LOOP('',(#17199,#17200,#17201,#17202));
#17199 = ORIENTED_EDGE('',*,*,#14694,.F.);
#17200 = ORIENTED_EDGE('',*,*,#17076,.F.);
#17201 = ORIENTED_EDGE('',*,*,#16000,.T.);
#17202 = ORIENTED_EDGE('',*,*,#17183,.T.);
#17203 = PLANE('',#17204);
#17204 = AXIS2_PLACEMENT_3D('',#17205,#17206,#17207);
#17205 = CARTESIAN_POINT('',(8.5,45.,-55.));
#17206 = DIRECTION('',(1.,0.,0.));
#17207 = DIRECTION('',(0.,0.,1.));
#17208 = ADVANCED_FACE('',(#17209),#17225,.F.);
#17209 = FACE_BOUND('',#17210,.F.);
#17210 = EDGE_LOOP('',(#17211,#17217,#17218,#17224));
#17211 = ORIENTED_EDGE('',*,*,#17212,.F.);
#17212 = EDGE_CURVE('',#16060,#14754,#17213,.T.);
#17213 = LINE('',#17214,#17215);
#17214 = CARTESIAN_POINT('',(8.5,52.2,-55.));
#17215 = VECTOR('',#17216,1.);
#17216 = DIRECTION('',(0.,0.,1.));
#17217 = ORIENTED_EDGE('',*,*,#16059,.T.);
#17218 = ORIENTED_EDGE('',*,*,#17219,.T.);
#17219 = EDGE_CURVE('',#16062,#14756,#17220,.T.);
#17220 = LINE('',#17221,#17222);
#17221 = CARTESIAN_POINT('',(9.7,51.,-55.));
#17222 = VECTOR('',#17223,1.);
#17223 = DIRECTION('',(0.,0.,1.));
#17224 = ORIENTED_EDGE('',*,*,#14753,.F.);
#17225 = CYLINDRICAL_SURFACE('',#17226,1.2);
#17226 = AXIS2_PLACEMENT_3D('',#17227,#17228,#17229);
#17227 = CARTESIAN_POINT('',(9.7,52.2,-55.));
#17228 = DIRECTION('',(0.,0.,1.));
#17229 = DIRECTION('',(-1.,0.,0.));
#17230 = ADVANCED_FACE('',(#17231),#17242,.T.);
#17231 = FACE_BOUND('',#17232,.T.);
#17232 = EDGE_LOOP('',(#17233,#17234,#17235,#17236));
#17233 = ORIENTED_EDGE('',*,*,#16121,.T.);
#17234 = ORIENTED_EDGE('',*,*,#17219,.T.);
#17235 = ORIENTED_EDGE('',*,*,#14815,.F.);
#17236 = ORIENTED_EDGE('',*,*,#17237,.F.);
#17237 = EDGE_CURVE('',#16113,#14807,#17238,.T.);
#17238 = LINE('',#17239,#17240);
#17239 = CARTESIAN_POINT('',(27.3,51.,-55.));
#17240 = VECTOR('',#17241,1.);
#17241 = DIRECTION('',(0.,0.,1.));
#17242 = PLANE('',#17243);
#17243 = AXIS2_PLACEMENT_3D('',#17244,#17245,#17246);
#17244 = CARTESIAN_POINT('',(8.5,51.,-55.));
#17245 = DIRECTION('',(0.,1.,0.));
#17246 = DIRECTION('',(0.,0.,1.));
#17247 = ADVANCED_FACE('',(#17248),#17259,.F.);
#17248 = FACE_BOUND('',#17249,.T.);
#17249 = EDGE_LOOP('',(#17250,#17256,#17257,#17258));
#17250 = ORIENTED_EDGE('',*,*,#17251,.F.);
#17251 = EDGE_CURVE('',#16105,#14799,#17252,.T.);
#17252 = LINE('',#17253,#17254);
#17253 = CARTESIAN_POINT('',(28.5,52.2,-55.));
#17254 = VECTOR('',#17255,1.);
#17255 = DIRECTION('',(0.,0.,1.));
#17256 = ORIENTED_EDGE('',*,*,#16112,.F.);
#17257 = ORIENTED_EDGE('',*,*,#17237,.T.);
#17258 = ORIENTED_EDGE('',*,*,#14806,.T.);
#17259 = CYLINDRICAL_SURFACE('',#17260,1.2);
#17260 = AXIS2_PLACEMENT_3D('',#17261,#17262,#17263);
#17261 = CARTESIAN_POINT('',(27.3,52.2,-55.));
#17262 = DIRECTION('',(0.,0.,1.));
#17263 = DIRECTION('',(1.,0.,0.));
#17264 = ADVANCED_FACE('',(#17265),#17276,.F.);
#17265 = FACE_BOUND('',#17266,.F.);
#17266 = EDGE_LOOP('',(#17267,#17268,#17269,#17270));
#17267 = ORIENTED_EDGE('',*,*,#14798,.F.);
#17268 = ORIENTED_EDGE('',*,*,#17251,.F.);
#17269 = ORIENTED_EDGE('',*,*,#16104,.T.);
#17270 = ORIENTED_EDGE('',*,*,#17271,.T.);
#17271 = EDGE_CURVE('',#16096,#14790,#17272,.T.);
#17272 = LINE('',#17273,#17274);
#17273 = CARTESIAN_POINT('',(28.5,52.6,-55.));
#17274 = VECTOR('',#17275,1.);
#17275 = DIRECTION('',(0.,0.,1.));
#17276 = PLANE('',#17277);
#17277 = AXIS2_PLACEMENT_3D('',#17278,#17279,#17280);
#17278 = CARTESIAN_POINT('',(28.5,51.,-55.));
#17279 = DIRECTION('',(1.,0.,0.));
#17280 = DIRECTION('',(0.,0.,1.));
#17281 = ADVANCED_FACE('',(#17282),#17293,.F.);
#17282 = FACE_BOUND('',#17283,.F.);
#17283 = EDGE_LOOP('',(#17284,#17285,#17286,#17292));
#17284 = ORIENTED_EDGE('',*,*,#17271,.F.);
#17285 = ORIENTED_EDGE('',*,*,#16095,.T.);
#17286 = ORIENTED_EDGE('',*,*,#17287,.T.);
#17287 = EDGE_CURVE('',#16088,#14782,#17288,.T.);
#17288 = LINE('',#17289,#17290);
#17289 = CARTESIAN_POINT('',(27.3,53.8,-55.));
#17290 = VECTOR('',#17291,1.);
#17291 = DIRECTION('',(0.,0.,1.));
#17292 = ORIENTED_EDGE('',*,*,#14789,.F.);
#17293 = CYLINDRICAL_SURFACE('',#17294,1.2);
#17294 = AXIS2_PLACEMENT_3D('',#17295,#17296,#17297);
#17295 = CARTESIAN_POINT('',(27.3,52.6,-55.));
#17296 = DIRECTION('',(0.,0.,1.));
#17297 = DIRECTION('',(1.,0.,0.));
#17298 = ADVANCED_FACE('',(#17299),#17310,.F.);
#17299 = FACE_BOUND('',#17300,.F.);
#17300 = EDGE_LOOP('',(#17301,#17302,#17308,#17309));
#17301 = ORIENTED_EDGE('',*,*,#16087,.T.);
#17302 = ORIENTED_EDGE('',*,*,#17303,.T.);
#17303 = EDGE_CURVE('',#16079,#14773,#17304,.T.);
#17304 = LINE('',#17305,#17306);
#17305 = CARTESIAN_POINT('',(9.7,53.8,-55.));
#17306 = VECTOR('',#17307,1.);
#17307 = DIRECTION('',(0.,0.,1.));
#17308 = ORIENTED_EDGE('',*,*,#14781,.F.);
#17309 = ORIENTED_EDGE('',*,*,#17287,.F.);
#17310 = PLANE('',#17311);
#17311 = AXIS2_PLACEMENT_3D('',#17312,#17313,#17314);
#17312 = CARTESIAN_POINT('',(8.5,53.8,-55.));
#17313 = DIRECTION('',(0.,1.,0.));
#17314 = DIRECTION('',(0.,0.,1.));
#17315 = ADVANCED_FACE('',(#17316),#17327,.F.);
#17316 = FACE_BOUND('',#17317,.T.);
#17317 = EDGE_LOOP('',(#17318,#17324,#17325,#17326));
#17318 = ORIENTED_EDGE('',*,*,#17319,.F.);
#17319 = EDGE_CURVE('',#16071,#14765,#17320,.T.);
#17320 = LINE('',#17321,#17322);
#17321 = CARTESIAN_POINT('',(8.5,52.6,-55.));
#17322 = VECTOR('',#17323,1.);
#17323 = DIRECTION('',(0.,0.,1.));
#17324 = ORIENTED_EDGE('',*,*,#16078,.F.);
#17325 = ORIENTED_EDGE('',*,*,#17303,.T.);
#17326 = ORIENTED_EDGE('',*,*,#14772,.T.);
#17327 = CYLINDRICAL_SURFACE('',#17328,1.2);
#17328 = AXIS2_PLACEMENT_3D('',#17329,#17330,#17331);
#17329 = CARTESIAN_POINT('',(9.7,52.6,-55.));
#17330 = DIRECTION('',(0.,0.,1.));
#17331 = DIRECTION('',(-1.,0.,0.));
#17332 = ADVANCED_FACE('',(#17333),#17339,.T.);
#17333 = FACE_BOUND('',#17334,.T.);
#17334 = EDGE_LOOP('',(#17335,#17336,#17337,#17338));
#17335 = ORIENTED_EDGE('',*,*,#14764,.F.);
#17336 = ORIENTED_EDGE('',*,*,#17212,.F.);
#17337 = ORIENTED_EDGE('',*,*,#16070,.T.);
#17338 = ORIENTED_EDGE('',*,*,#17319,.T.);
#17339 = PLANE('',#17340);
#17340 = AXIS2_PLACEMENT_3D('',#17341,#17342,#17343);
#17341 = CARTESIAN_POINT('',(8.5,51.,-55.));
#17342 = DIRECTION('',(1.,0.,0.));
#17343 = DIRECTION('',(0.,0.,1.));
#17344 = ADVANCED_FACE('',(#17345),#17361,.F.);
#17345 = FACE_BOUND('',#17346,.F.);
#17346 = EDGE_LOOP('',(#17347,#17353,#17354,#17360));
#17347 = ORIENTED_EDGE('',*,*,#17348,.F.);
#17348 = EDGE_CURVE('',#16130,#14824,#17349,.T.);
#17349 = LINE('',#17350,#17351);
#17350 = CARTESIAN_POINT('',(8.5,58.2,-55.));
#17351 = VECTOR('',#17352,1.);
#17352 = DIRECTION('',(0.,0.,1.));
#17353 = ORIENTED_EDGE('',*,*,#16129,.T.);
#17354 = ORIENTED_EDGE('',*,*,#17355,.T.);
#17355 = EDGE_CURVE('',#16132,#14826,#17356,.T.);
#17356 = LINE('',#17357,#17358);
#17357 = CARTESIAN_POINT('',(9.7,57.,-55.));
#17358 = VECTOR('',#17359,1.);
#17359 = DIRECTION('',(0.,0.,1.));
#17360 = ORIENTED_EDGE('',*,*,#14823,.F.);
#17361 = CYLINDRICAL_SURFACE('',#17362,1.2);
#17362 = AXIS2_PLACEMENT_3D('',#17363,#17364,#17365);
#17363 = CARTESIAN_POINT('',(9.7,58.2,-55.));
#17364 = DIRECTION('',(0.,0.,1.));
#17365 = DIRECTION('',(-1.,0.,0.));
#17366 = ADVANCED_FACE('',(#17367),#17378,.T.);
#17367 = FACE_BOUND('',#17368,.T.);
#17368 = EDGE_LOOP('',(#17369,#17370,#17371,#17372));
#17369 = ORIENTED_EDGE('',*,*,#16191,.T.);
#17370 = ORIENTED_EDGE('',*,*,#17355,.T.);
#17371 = ORIENTED_EDGE('',*,*,#14885,.F.);
#17372 = ORIENTED_EDGE('',*,*,#17373,.F.);
#17373 = EDGE_CURVE('',#16183,#14877,#17374,.T.);
#17374 = LINE('',#17375,#17376);
#17375 = CARTESIAN_POINT('',(27.3,57.,-55.));
#17376 = VECTOR('',#17377,1.);
#17377 = DIRECTION('',(0.,0.,1.));
#17378 = PLANE('',#17379);
#17379 = AXIS2_PLACEMENT_3D('',#17380,#17381,#17382);
#17380 = CARTESIAN_POINT('',(8.5,57.,-55.));
#17381 = DIRECTION('',(0.,1.,0.));
#17382 = DIRECTION('',(0.,0.,1.));
#17383 = ADVANCED_FACE('',(#17384),#17395,.F.);
#17384 = FACE_BOUND('',#17385,.T.);
#17385 = EDGE_LOOP('',(#17386,#17392,#17393,#17394));
#17386 = ORIENTED_EDGE('',*,*,#17387,.F.);
#17387 = EDGE_CURVE('',#16175,#14869,#17388,.T.);
#17388 = LINE('',#17389,#17390);
#17389 = CARTESIAN_POINT('',(28.5,58.2,-55.));
#17390 = VECTOR('',#17391,1.);
#17391 = DIRECTION('',(0.,0.,1.));
#17392 = ORIENTED_EDGE('',*,*,#16182,.F.);
#17393 = ORIENTED_EDGE('',*,*,#17373,.T.);
#17394 = ORIENTED_EDGE('',*,*,#14876,.T.);
#17395 = CYLINDRICAL_SURFACE('',#17396,1.2);
#17396 = AXIS2_PLACEMENT_3D('',#17397,#17398,#17399);
#17397 = CARTESIAN_POINT('',(27.3,58.2,-55.));
#17398 = DIRECTION('',(0.,0.,1.));
#17399 = DIRECTION('',(1.,0.,0.));
#17400 = ADVANCED_FACE('',(#17401),#17412,.F.);
#17401 = FACE_BOUND('',#17402,.F.);
#17402 = EDGE_LOOP('',(#17403,#17404,#17405,#17406));
#17403 = ORIENTED_EDGE('',*,*,#14868,.F.);
#17404 = ORIENTED_EDGE('',*,*,#17387,.F.);
#17405 = ORIENTED_EDGE('',*,*,#16174,.T.);
#17406 = ORIENTED_EDGE('',*,*,#17407,.T.);
#17407 = EDGE_CURVE('',#16166,#14860,#17408,.T.);
#17408 = LINE('',#17409,#17410);
#17409 = CARTESIAN_POINT('',(28.5,58.6,-55.));
#17410 = VECTOR('',#17411,1.);
#17411 = DIRECTION('',(0.,0.,1.));
#17412 = PLANE('',#17413);
#17413 = AXIS2_PLACEMENT_3D('',#17414,#17415,#17416);
#17414 = CARTESIAN_POINT('',(28.5,57.,-55.));
#17415 = DIRECTION('',(1.,0.,0.));
#17416 = DIRECTION('',(0.,0.,1.));
#17417 = ADVANCED_FACE('',(#17418),#17429,.F.);
#17418 = FACE_BOUND('',#17419,.F.);
#17419 = EDGE_LOOP('',(#17420,#17421,#17422,#17428));
#17420 = ORIENTED_EDGE('',*,*,#17407,.F.);
#17421 = ORIENTED_EDGE('',*,*,#16165,.T.);
#17422 = ORIENTED_EDGE('',*,*,#17423,.T.);
#17423 = EDGE_CURVE('',#16158,#14852,#17424,.T.);
#17424 = LINE('',#17425,#17426);
#17425 = CARTESIAN_POINT('',(27.3,59.8,-55.));
#17426 = VECTOR('',#17427,1.);
#17427 = DIRECTION('',(0.,0.,1.));
#17428 = ORIENTED_EDGE('',*,*,#14859,.F.);
#17429 = CYLINDRICAL_SURFACE('',#17430,1.2);
#17430 = AXIS2_PLACEMENT_3D('',#17431,#17432,#17433);
#17431 = CARTESIAN_POINT('',(27.3,58.6,-55.));
#17432 = DIRECTION('',(0.,0.,1.));
#17433 = DIRECTION('',(1.,0.,0.));
#17434 = ADVANCED_FACE('',(#17435),#17446,.F.);
#17435 = FACE_BOUND('',#17436,.F.);
#17436 = EDGE_LOOP('',(#17437,#17438,#17444,#17445));
#17437 = ORIENTED_EDGE('',*,*,#16157,.T.);
#17438 = ORIENTED_EDGE('',*,*,#17439,.T.);
#17439 = EDGE_CURVE('',#16149,#14843,#17440,.T.);
#17440 = LINE('',#17441,#17442);
#17441 = CARTESIAN_POINT('',(9.7,59.8,-55.));
#17442 = VECTOR('',#17443,1.);
#17443 = DIRECTION('',(0.,0.,1.));
#17444 = ORIENTED_EDGE('',*,*,#14851,.F.);
#17445 = ORIENTED_EDGE('',*,*,#17423,.F.);
#17446 = PLANE('',#17447);
#17447 = AXIS2_PLACEMENT_3D('',#17448,#17449,#17450);
#17448 = CARTESIAN_POINT('',(8.5,59.8,-55.));
#17449 = DIRECTION('',(0.,1.,0.));
#17450 = DIRECTION('',(0.,0.,1.));
#17451 = ADVANCED_FACE('',(#17452),#17463,.F.);
#17452 = FACE_BOUND('',#17453,.T.);
#17453 = EDGE_LOOP('',(#17454,#17460,#17461,#17462));
#17454 = ORIENTED_EDGE('',*,*,#17455,.F.);
#17455 = EDGE_CURVE('',#16141,#14835,#17456,.T.);
#17456 = LINE('',#17457,#17458);
#17457 = CARTESIAN_POINT('',(8.5,58.6,-55.));
#17458 = VECTOR('',#17459,1.);
#17459 = DIRECTION('',(0.,0.,1.));
#17460 = ORIENTED_EDGE('',*,*,#16148,.F.);
#17461 = ORIENTED_EDGE('',*,*,#17439,.T.);
#17462 = ORIENTED_EDGE('',*,*,#14842,.T.);
#17463 = CYLINDRICAL_SURFACE('',#17464,1.2);
#17464 = AXIS2_PLACEMENT_3D('',#17465,#17466,#17467);
#17465 = CARTESIAN_POINT('',(9.7,58.6,-55.));
#17466 = DIRECTION('',(0.,0.,1.));
#17467 = DIRECTION('',(-1.,0.,0.));
#17468 = ADVANCED_FACE('',(#17469),#17475,.T.);
#17469 = FACE_BOUND('',#17470,.T.);
#17470 = EDGE_LOOP('',(#17471,#17472,#17473,#17474));
#17471 = ORIENTED_EDGE('',*,*,#14834,.F.);
#17472 = ORIENTED_EDGE('',*,*,#17348,.F.);
#17473 = ORIENTED_EDGE('',*,*,#16140,.T.);
#17474 = ORIENTED_EDGE('',*,*,#17455,.T.);
#17475 = PLANE('',#17476);
#17476 = AXIS2_PLACEMENT_3D('',#17477,#17478,#17479);
#17477 = CARTESIAN_POINT('',(8.5,57.,-55.));
#17478 = DIRECTION('',(1.,0.,0.));
#17479 = DIRECTION('',(0.,0.,1.));
#17480 = ADVANCED_FACE('',(#17481),#17497,.F.);
#17481 = FACE_BOUND('',#17482,.F.);
#17482 = EDGE_LOOP('',(#17483,#17489,#17490,#17496));
#17483 = ORIENTED_EDGE('',*,*,#17484,.F.);
#17484 = EDGE_CURVE('',#16200,#14894,#17485,.T.);
#17485 = LINE('',#17486,#17487);
#17486 = CARTESIAN_POINT('',(8.5,64.2,-55.));
#17487 = VECTOR('',#17488,1.);
#17488 = DIRECTION('',(0.,0.,1.));
#17489 = ORIENTED_EDGE('',*,*,#16199,.T.);
#17490 = ORIENTED_EDGE('',*,*,#17491,.T.);
#17491 = EDGE_CURVE('',#16202,#14896,#17492,.T.);
#17492 = LINE('',#17493,#17494);
#17493 = CARTESIAN_POINT('',(9.7,63.,-55.));
#17494 = VECTOR('',#17495,1.);
#17495 = DIRECTION('',(0.,0.,1.));
#17496 = ORIENTED_EDGE('',*,*,#14893,.F.);
#17497 = CYLINDRICAL_SURFACE('',#17498,1.2);
#17498 = AXIS2_PLACEMENT_3D('',#17499,#17500,#17501);
#17499 = CARTESIAN_POINT('',(9.7,64.2,-55.));
#17500 = DIRECTION('',(0.,0.,1.));
#17501 = DIRECTION('',(-1.,0.,0.));
#17502 = ADVANCED_FACE('',(#17503),#17514,.T.);
#17503 = FACE_BOUND('',#17504,.T.);
#17504 = EDGE_LOOP('',(#17505,#17506,#17507,#17508));
#17505 = ORIENTED_EDGE('',*,*,#16261,.T.);
#17506 = ORIENTED_EDGE('',*,*,#17491,.T.);
#17507 = ORIENTED_EDGE('',*,*,#14955,.F.);
#17508 = ORIENTED_EDGE('',*,*,#17509,.F.);
#17509 = EDGE_CURVE('',#16253,#14947,#17510,.T.);
#17510 = LINE('',#17511,#17512);
#17511 = CARTESIAN_POINT('',(27.3,63.,-55.));
#17512 = VECTOR('',#17513,1.);
#17513 = DIRECTION('',(0.,0.,1.));
#17514 = PLANE('',#17515);
#17515 = AXIS2_PLACEMENT_3D('',#17516,#17517,#17518);
#17516 = CARTESIAN_POINT('',(8.5,63.,-55.));
#17517 = DIRECTION('',(0.,1.,0.));
#17518 = DIRECTION('',(0.,0.,1.));
#17519 = ADVANCED_FACE('',(#17520),#17531,.F.);
#17520 = FACE_BOUND('',#17521,.T.);
#17521 = EDGE_LOOP('',(#17522,#17528,#17529,#17530));
#17522 = ORIENTED_EDGE('',*,*,#17523,.F.);
#17523 = EDGE_CURVE('',#16245,#14939,#17524,.T.);
#17524 = LINE('',#17525,#17526);
#17525 = CARTESIAN_POINT('',(28.5,64.2,-55.));
#17526 = VECTOR('',#17527,1.);
#17527 = DIRECTION('',(0.,0.,1.));
#17528 = ORIENTED_EDGE('',*,*,#16252,.F.);
#17529 = ORIENTED_EDGE('',*,*,#17509,.T.);
#17530 = ORIENTED_EDGE('',*,*,#14946,.T.);
#17531 = CYLINDRICAL_SURFACE('',#17532,1.2);
#17532 = AXIS2_PLACEMENT_3D('',#17533,#17534,#17535);
#17533 = CARTESIAN_POINT('',(27.3,64.2,-55.));
#17534 = DIRECTION('',(0.,0.,1.));
#17535 = DIRECTION('',(1.,0.,0.));
#17536 = ADVANCED_FACE('',(#17537),#17548,.F.);
#17537 = FACE_BOUND('',#17538,.F.);
#17538 = EDGE_LOOP('',(#17539,#17540,#17541,#17542));
#17539 = ORIENTED_EDGE('',*,*,#14938,.F.);
#17540 = ORIENTED_EDGE('',*,*,#17523,.F.);
#17541 = ORIENTED_EDGE('',*,*,#16244,.T.);
#17542 = ORIENTED_EDGE('',*,*,#17543,.T.);
#17543 = EDGE_CURVE('',#16236,#14930,#17544,.T.);
#17544 = LINE('',#17545,#17546);
#17545 = CARTESIAN_POINT('',(28.5,64.6,-55.));
#17546 = VECTOR('',#17547,1.);
#17547 = DIRECTION('',(0.,0.,1.));
#17548 = PLANE('',#17549);
#17549 = AXIS2_PLACEMENT_3D('',#17550,#17551,#17552);
#17550 = CARTESIAN_POINT('',(28.5,63.,-55.));
#17551 = DIRECTION('',(1.,0.,0.));
#17552 = DIRECTION('',(0.,0.,1.));
#17553 = ADVANCED_FACE('',(#17554),#17565,.F.);
#17554 = FACE_BOUND('',#17555,.F.);
#17555 = EDGE_LOOP('',(#17556,#17557,#17558,#17564));
#17556 = ORIENTED_EDGE('',*,*,#17543,.F.);
#17557 = ORIENTED_EDGE('',*,*,#16235,.T.);
#17558 = ORIENTED_EDGE('',*,*,#17559,.T.);
#17559 = EDGE_CURVE('',#16228,#14922,#17560,.T.);
#17560 = LINE('',#17561,#17562);
#17561 = CARTESIAN_POINT('',(27.3,65.8,-55.));
#17562 = VECTOR('',#17563,1.);
#17563 = DIRECTION('',(0.,0.,1.));
#17564 = ORIENTED_EDGE('',*,*,#14929,.F.);
#17565 = CYLINDRICAL_SURFACE('',#17566,1.2);
#17566 = AXIS2_PLACEMENT_3D('',#17567,#17568,#17569);
#17567 = CARTESIAN_POINT('',(27.3,64.6,-55.));
#17568 = DIRECTION('',(0.,0.,1.));
#17569 = DIRECTION('',(1.,0.,0.));
#17570 = ADVANCED_FACE('',(#17571),#17582,.F.);
#17571 = FACE_BOUND('',#17572,.F.);
#17572 = EDGE_LOOP('',(#17573,#17574,#17580,#17581));
#17573 = ORIENTED_EDGE('',*,*,#16227,.T.);
#17574 = ORIENTED_EDGE('',*,*,#17575,.T.);
#17575 = EDGE_CURVE('',#16219,#14913,#17576,.T.);
#17576 = LINE('',#17577,#17578);
#17577 = CARTESIAN_POINT('',(9.7,65.8,-55.));
#17578 = VECTOR('',#17579,1.);
#17579 = DIRECTION('',(0.,0.,1.));
#17580 = ORIENTED_EDGE('',*,*,#14921,.F.);
#17581 = ORIENTED_EDGE('',*,*,#17559,.F.);
#17582 = PLANE('',#17583);
#17583 = AXIS2_PLACEMENT_3D('',#17584,#17585,#17586);
#17584 = CARTESIAN_POINT('',(8.5,65.8,-55.));
#17585 = DIRECTION('',(0.,1.,0.));
#17586 = DIRECTION('',(0.,0.,1.));
#17587 = ADVANCED_FACE('',(#17588),#17599,.F.);
#17588 = FACE_BOUND('',#17589,.T.);
#17589 = EDGE_LOOP('',(#17590,#17596,#17597,#17598));
#17590 = ORIENTED_EDGE('',*,*,#17591,.F.);
#17591 = EDGE_CURVE('',#16211,#14905,#17592,.T.);
#17592 = LINE('',#17593,#17594);
#17593 = CARTESIAN_POINT('',(8.5,64.6,-55.));
#17594 = VECTOR('',#17595,1.);
#17595 = DIRECTION('',(0.,0.,1.));
#17596 = ORIENTED_EDGE('',*,*,#16218,.F.);
#17597 = ORIENTED_EDGE('',*,*,#17575,.T.);
#17598 = ORIENTED_EDGE('',*,*,#14912,.T.);
#17599 = CYLINDRICAL_SURFACE('',#17600,1.2);
#17600 = AXIS2_PLACEMENT_3D('',#17601,#17602,#17603);
#17601 = CARTESIAN_POINT('',(9.7,64.6,-55.));
#17602 = DIRECTION('',(0.,0.,1.));
#17603 = DIRECTION('',(-1.,0.,0.));
#17604 = ADVANCED_FACE('',(#17605),#17611,.T.);
#17605 = FACE_BOUND('',#17606,.T.);
#17606 = EDGE_LOOP('',(#17607,#17608,#17609,#17610));
#17607 = ORIENTED_EDGE('',*,*,#14904,.F.);
#17608 = ORIENTED_EDGE('',*,*,#17484,.F.);
#17609 = ORIENTED_EDGE('',*,*,#16210,.T.);
#17610 = ORIENTED_EDGE('',*,*,#17591,.T.);
#17611 = PLANE('',#17612);
#17612 = AXIS2_PLACEMENT_3D('',#17613,#17614,#17615);
#17613 = CARTESIAN_POINT('',(8.5,63.,-55.));
#17614 = DIRECTION('',(1.,0.,0.));
#17615 = DIRECTION('',(0.,0.,1.));
#17616 = ADVANCED_FACE('',(#17617),#17633,.F.);
#17617 = FACE_BOUND('',#17618,.F.);
#17618 = EDGE_LOOP('',(#17619,#17625,#17626,#17632));
#17619 = ORIENTED_EDGE('',*,*,#17620,.F.);
#17620 = EDGE_CURVE('',#16270,#14964,#17621,.T.);
#17621 = LINE('',#17622,#17623);
#17622 = CARTESIAN_POINT('',(8.5,70.2,-55.));
#17623 = VECTOR('',#17624,1.);
#17624 = DIRECTION('',(0.,0.,1.));
#17625 = ORIENTED_EDGE('',*,*,#16269,.T.);
#17626 = ORIENTED_EDGE('',*,*,#17627,.T.);
#17627 = EDGE_CURVE('',#16272,#14966,#17628,.T.);
#17628 = LINE('',#17629,#17630);
#17629 = CARTESIAN_POINT('',(9.7,69.,-55.));
#17630 = VECTOR('',#17631,1.);
#17631 = DIRECTION('',(0.,0.,1.));
#17632 = ORIENTED_EDGE('',*,*,#14963,.F.);
#17633 = CYLINDRICAL_SURFACE('',#17634,1.2);
#17634 = AXIS2_PLACEMENT_3D('',#17635,#17636,#17637);
#17635 = CARTESIAN_POINT('',(9.7,70.2,-55.));
#17636 = DIRECTION('',(0.,0.,1.));
#17637 = DIRECTION('',(-1.,0.,0.));
#17638 = ADVANCED_FACE('',(#17639),#17650,.T.);
#17639 = FACE_BOUND('',#17640,.T.);
#17640 = EDGE_LOOP('',(#17641,#17642,#17643,#17644));
#17641 = ORIENTED_EDGE('',*,*,#16331,.T.);
#17642 = ORIENTED_EDGE('',*,*,#17627,.T.);
#17643 = ORIENTED_EDGE('',*,*,#15025,.F.);
#17644 = ORIENTED_EDGE('',*,*,#17645,.F.);
#17645 = EDGE_CURVE('',#16323,#15017,#17646,.T.);
#17646 = LINE('',#17647,#17648);
#17647 = CARTESIAN_POINT('',(27.3,69.,-55.));
#17648 = VECTOR('',#17649,1.);
#17649 = DIRECTION('',(0.,0.,1.));
#17650 = PLANE('',#17651);
#17651 = AXIS2_PLACEMENT_3D('',#17652,#17653,#17654);
#17652 = CARTESIAN_POINT('',(8.5,69.,-55.));
#17653 = DIRECTION('',(0.,1.,0.));
#17654 = DIRECTION('',(0.,0.,1.));
#17655 = ADVANCED_FACE('',(#17656),#17667,.F.);
#17656 = FACE_BOUND('',#17657,.T.);
#17657 = EDGE_LOOP('',(#17658,#17664,#17665,#17666));
#17658 = ORIENTED_EDGE('',*,*,#17659,.F.);
#17659 = EDGE_CURVE('',#16315,#15009,#17660,.T.);
#17660 = LINE('',#17661,#17662);
#17661 = CARTESIAN_POINT('',(28.5,70.2,-55.));
#17662 = VECTOR('',#17663,1.);
#17663 = DIRECTION('',(0.,0.,1.));
#17664 = ORIENTED_EDGE('',*,*,#16322,.F.);
#17665 = ORIENTED_EDGE('',*,*,#17645,.T.);
#17666 = ORIENTED_EDGE('',*,*,#15016,.T.);
#17667 = CYLINDRICAL_SURFACE('',#17668,1.2);
#17668 = AXIS2_PLACEMENT_3D('',#17669,#17670,#17671);
#17669 = CARTESIAN_POINT('',(27.3,70.2,-55.));
#17670 = DIRECTION('',(0.,0.,1.));
#17671 = DIRECTION('',(1.,0.,0.));
#17672 = ADVANCED_FACE('',(#17673),#17684,.F.);
#17673 = FACE_BOUND('',#17674,.F.);
#17674 = EDGE_LOOP('',(#17675,#17676,#17677,#17678));
#17675 = ORIENTED_EDGE('',*,*,#15008,.F.);
#17676 = ORIENTED_EDGE('',*,*,#17659,.F.);
#17677 = ORIENTED_EDGE('',*,*,#16314,.T.);
#17678 = ORIENTED_EDGE('',*,*,#17679,.T.);
#17679 = EDGE_CURVE('',#16306,#15000,#17680,.T.);
#17680 = LINE('',#17681,#17682);
#17681 = CARTESIAN_POINT('',(28.5,70.6,-55.));
#17682 = VECTOR('',#17683,1.);
#17683 = DIRECTION('',(0.,0.,1.));
#17684 = PLANE('',#17685);
#17685 = AXIS2_PLACEMENT_3D('',#17686,#17687,#17688);
#17686 = CARTESIAN_POINT('',(28.5,69.,-55.));
#17687 = DIRECTION('',(1.,0.,0.));
#17688 = DIRECTION('',(0.,0.,1.));
#17689 = ADVANCED_FACE('',(#17690),#17701,.F.);
#17690 = FACE_BOUND('',#17691,.F.);
#17691 = EDGE_LOOP('',(#17692,#17693,#17694,#17700));
#17692 = ORIENTED_EDGE('',*,*,#17679,.F.);
#17693 = ORIENTED_EDGE('',*,*,#16305,.T.);
#17694 = ORIENTED_EDGE('',*,*,#17695,.T.);
#17695 = EDGE_CURVE('',#16298,#14992,#17696,.T.);
#17696 = LINE('',#17697,#17698);
#17697 = CARTESIAN_POINT('',(27.3,71.8,-55.));
#17698 = VECTOR('',#17699,1.);
#17699 = DIRECTION('',(0.,0.,1.));
#17700 = ORIENTED_EDGE('',*,*,#14999,.F.);
#17701 = CYLINDRICAL_SURFACE('',#17702,1.2);
#17702 = AXIS2_PLACEMENT_3D('',#17703,#17704,#17705);
#17703 = CARTESIAN_POINT('',(27.3,70.6,-55.));
#17704 = DIRECTION('',(0.,0.,1.));
#17705 = DIRECTION('',(1.,0.,0.));
#17706 = ADVANCED_FACE('',(#17707),#17718,.F.);
#17707 = FACE_BOUND('',#17708,.F.);
#17708 = EDGE_LOOP('',(#17709,#17710,#17716,#17717));
#17709 = ORIENTED_EDGE('',*,*,#16297,.T.);
#17710 = ORIENTED_EDGE('',*,*,#17711,.T.);
#17711 = EDGE_CURVE('',#16289,#14983,#17712,.T.);
#17712 = LINE('',#17713,#17714);
#17713 = CARTESIAN_POINT('',(9.7,71.8,-55.));
#17714 = VECTOR('',#17715,1.);
#17715 = DIRECTION('',(0.,0.,1.));
#17716 = ORIENTED_EDGE('',*,*,#14991,.F.);
#17717 = ORIENTED_EDGE('',*,*,#17695,.F.);
#17718 = PLANE('',#17719);
#17719 = AXIS2_PLACEMENT_3D('',#17720,#17721,#17722);
#17720 = CARTESIAN_POINT('',(8.5,71.8,-55.));
#17721 = DIRECTION('',(0.,1.,0.));
#17722 = DIRECTION('',(0.,0.,1.));
#17723 = ADVANCED_FACE('',(#17724),#17735,.F.);
#17724 = FACE_BOUND('',#17725,.T.);
#17725 = EDGE_LOOP('',(#17726,#17732,#17733,#17734));
#17726 = ORIENTED_EDGE('',*,*,#17727,.F.);
#17727 = EDGE_CURVE('',#16281,#14975,#17728,.T.);
#17728 = LINE('',#17729,#17730);
#17729 = CARTESIAN_POINT('',(8.5,70.6,-55.));
#17730 = VECTOR('',#17731,1.);
#17731 = DIRECTION('',(0.,0.,1.));
#17732 = ORIENTED_EDGE('',*,*,#16288,.F.);
#17733 = ORIENTED_EDGE('',*,*,#17711,.T.);
#17734 = ORIENTED_EDGE('',*,*,#14982,.T.);
#17735 = CYLINDRICAL_SURFACE('',#17736,1.2);
#17736 = AXIS2_PLACEMENT_3D('',#17737,#17738,#17739);
#17737 = CARTESIAN_POINT('',(9.7,70.6,-55.));
#17738 = DIRECTION('',(0.,0.,1.));
#17739 = DIRECTION('',(-1.,0.,0.));
#17740 = ADVANCED_FACE('',(#17741),#17747,.T.);
#17741 = FACE_BOUND('',#17742,.T.);
#17742 = EDGE_LOOP('',(#17743,#17744,#17745,#17746));
#17743 = ORIENTED_EDGE('',*,*,#14974,.F.);
#17744 = ORIENTED_EDGE('',*,*,#17620,.F.);
#17745 = ORIENTED_EDGE('',*,*,#16280,.T.);
#17746 = ORIENTED_EDGE('',*,*,#17727,.T.);
#17747 = PLANE('',#17748);
#17748 = AXIS2_PLACEMENT_3D('',#17749,#17750,#17751);
#17749 = CARTESIAN_POINT('',(8.5,69.,-55.));
#17750 = DIRECTION('',(1.,0.,0.));
#17751 = DIRECTION('',(0.,0.,1.));
#17752 = ADVANCED_FACE('',(#17753),#17772,.F.);
#17753 = FACE_BOUND('',#17754,.F.);
#17754 = EDGE_LOOP('',(#17755,#17756,#17764,#17771));
#17755 = ORIENTED_EDGE('',*,*,#15033,.F.);
#17756 = ORIENTED_EDGE('',*,*,#17757,.F.);
#17757 = EDGE_CURVE('',#17758,#15034,#17760,.T.);
#17758 = VERTEX_POINT('',#17759);
#17759 = CARTESIAN_POINT('',(-30.8,143.9,-57.1));
#17760 = LINE('',#17761,#17762);
#17761 = CARTESIAN_POINT('',(-30.8,143.9,-61.));
#17762 = VECTOR('',#17763,1.);
#17763 = DIRECTION('',(0.,0.,1.));
#17764 = ORIENTED_EDGE('',*,*,#17765,.T.);
#17765 = EDGE_CURVE('',#17758,#17758,#17766,.T.);
#17766 = CIRCLE('',#17767,1.7);
#17767 = AXIS2_PLACEMENT_3D('',#17768,#17769,#17770);
#17768 = CARTESIAN_POINT('',(-32.5,143.9,-57.1));
#17769 = DIRECTION('',(0.,0.,1.));
#17770 = DIRECTION('',(1.,0.,0.));
#17771 = ORIENTED_EDGE('',*,*,#17757,.T.);
#17772 = CYLINDRICAL_SURFACE('',#17773,1.7);
#17773 = AXIS2_PLACEMENT_3D('',#17774,#17775,#17776);
#17774 = CARTESIAN_POINT('',(-32.5,143.9,-61.));
#17775 = DIRECTION('',(0.,0.,1.));
#17776 = DIRECTION('',(1.,0.,0.));
#17777 = ADVANCED_FACE('',(#17778),#17794,.F.);
#17778 = FACE_BOUND('',#17779,.F.);
#17779 = EDGE_LOOP('',(#17780,#17786,#17787,#17793));
#17780 = ORIENTED_EDGE('',*,*,#17781,.F.);
#17781 = EDGE_CURVE('',#15952,#15045,#17782,.T.);
#17782 = LINE('',#17783,#17784);
#17783 = CARTESIAN_POINT('',(-32.55,115.35,-55.));
#17784 = VECTOR('',#17785,1.);
#17785 = DIRECTION('',(0.,0.,1.));
#17786 = ORIENTED_EDGE('',*,*,#15951,.T.);
#17787 = ORIENTED_EDGE('',*,*,#17788,.T.);
#17788 = EDGE_CURVE('',#15944,#15047,#17789,.T.);
#17789 = LINE('',#17790,#17791);
#17790 = CARTESIAN_POINT('',(-28.55,111.35,-55.));
#17791 = VECTOR('',#17792,1.);
#17792 = DIRECTION('',(0.,0.,1.));
#17793 = ORIENTED_EDGE('',*,*,#15044,.F.);
#17794 = CYLINDRICAL_SURFACE('',#17795,4.);
#17795 = AXIS2_PLACEMENT_3D('',#17796,#17797,#17798);
#17796 = CARTESIAN_POINT('',(-28.55,115.35,-55.));
#17797 = DIRECTION('',(0.,0.,1.));
#17798 = DIRECTION('',(-1.,0.,0.));
#17799 = ADVANCED_FACE('',(#17800),#17811,.T.);
#17800 = FACE_BOUND('',#17801,.T.);
#17801 = EDGE_LOOP('',(#17802,#17803,#17804,#17805));
#17802 = ORIENTED_EDGE('',*,*,#15943,.T.);
#17803 = ORIENTED_EDGE('',*,*,#17788,.T.);
#17804 = ORIENTED_EDGE('',*,*,#15106,.F.);
#17805 = ORIENTED_EDGE('',*,*,#17806,.F.);
#17806 = EDGE_CURVE('',#15935,#15098,#17807,.T.);
#17807 = LINE('',#17808,#17809);
#17808 = CARTESIAN_POINT('',(-5.45,111.35,-55.));
#17809 = VECTOR('',#17810,1.);
#17810 = DIRECTION('',(0.,0.,1.));
#17811 = PLANE('',#17812);
#17812 = AXIS2_PLACEMENT_3D('',#17813,#17814,#17815);
#17813 = CARTESIAN_POINT('',(-32.55,111.35,-55.));
#17814 = DIRECTION('',(0.,1.,0.));
#17815 = DIRECTION('',(0.,0.,1.));
#17816 = ADVANCED_FACE('',(#17817),#17828,.F.);
#17817 = FACE_BOUND('',#17818,.T.);
#17818 = EDGE_LOOP('',(#17819,#17825,#17826,#17827));
#17819 = ORIENTED_EDGE('',*,*,#17820,.F.);
#17820 = EDGE_CURVE('',#15927,#15090,#17821,.T.);
#17821 = LINE('',#17822,#17823);
#17822 = CARTESIAN_POINT('',(-1.45,115.35,-55.));
#17823 = VECTOR('',#17824,1.);
#17824 = DIRECTION('',(0.,0.,1.));
#17825 = ORIENTED_EDGE('',*,*,#15934,.F.);
#17826 = ORIENTED_EDGE('',*,*,#17806,.T.);
#17827 = ORIENTED_EDGE('',*,*,#15097,.T.);
#17828 = CYLINDRICAL_SURFACE('',#17829,4.);
#17829 = AXIS2_PLACEMENT_3D('',#17830,#17831,#17832);
#17830 = CARTESIAN_POINT('',(-5.45,115.35,-55.));
#17831 = DIRECTION('',(0.,0.,1.));
#17832 = DIRECTION('',(1.,0.,0.));
#17833 = ADVANCED_FACE('',(#17834),#17845,.F.);
#17834 = FACE_BOUND('',#17835,.F.);
#17835 = EDGE_LOOP('',(#17836,#17837,#17838,#17839));
#17836 = ORIENTED_EDGE('',*,*,#15089,.F.);
#17837 = ORIENTED_EDGE('',*,*,#17820,.F.);
#17838 = ORIENTED_EDGE('',*,*,#15926,.T.);
#17839 = ORIENTED_EDGE('',*,*,#17840,.T.);
#17840 = EDGE_CURVE('',#15918,#15081,#17841,.T.);
#17841 = LINE('',#17842,#17843);
#17842 = CARTESIAN_POINT('',(-1.45,138.45,-55.));
#17843 = VECTOR('',#17844,1.);
#17844 = DIRECTION('',(0.,0.,1.));
#17845 = PLANE('',#17846);
#17846 = AXIS2_PLACEMENT_3D('',#17847,#17848,#17849);
#17847 = CARTESIAN_POINT('',(-1.45,111.35,-55.));
#17848 = DIRECTION('',(1.,0.,0.));
#17849 = DIRECTION('',(0.,0.,1.));
#17850 = ADVANCED_FACE('',(#17851),#17862,.F.);
#17851 = FACE_BOUND('',#17852,.F.);
#17852 = EDGE_LOOP('',(#17853,#17854,#17855,#17861));
#17853 = ORIENTED_EDGE('',*,*,#17840,.F.);
#17854 = ORIENTED_EDGE('',*,*,#15917,.T.);
#17855 = ORIENTED_EDGE('',*,*,#17856,.T.);
#17856 = EDGE_CURVE('',#15910,#15073,#17857,.T.);
#17857 = LINE('',#17858,#17859);
#17858 = CARTESIAN_POINT('',(-5.45,142.45,-55.));
#17859 = VECTOR('',#17860,1.);
#17860 = DIRECTION('',(0.,0.,1.));
#17861 = ORIENTED_EDGE('',*,*,#15080,.F.);
#17862 = CYLINDRICAL_SURFACE('',#17863,4.);
#17863 = AXIS2_PLACEMENT_3D('',#17864,#17865,#17866);
#17864 = CARTESIAN_POINT('',(-5.45,138.45,-55.));
#17865 = DIRECTION('',(0.,0.,1.));
#17866 = DIRECTION('',(1.,0.,0.));
#17867 = ADVANCED_FACE('',(#17868),#17895,.F.);
#17868 = FACE_BOUND('',#17869,.F.);
#17869 = EDGE_LOOP('',(#17870,#17880,#17886,#17887,#17888,#17889));
#17870 = ORIENTED_EDGE('',*,*,#17871,.F.);
#17871 = EDGE_CURVE('',#17872,#17874,#17876,.T.);
#17872 = VERTEX_POINT('',#17873);
#17873 = CARTESIAN_POINT('',(-28.55,142.45,-55.));
#17874 = VERTEX_POINT('',#17875);
#17875 = CARTESIAN_POINT('',(-26.67784404193,142.45,-55.));
#17876 = LINE('',#17877,#17878);
#17877 = CARTESIAN_POINT('',(-32.55,142.45,-55.));
#17878 = VECTOR('',#17879,1.);
#17879 = DIRECTION('',(1.,0.,0.));
#17880 = ORIENTED_EDGE('',*,*,#17881,.T.);
#17881 = EDGE_CURVE('',#17872,#15064,#17882,.T.);
#17882 = LINE('',#17883,#17884);
#17883 = CARTESIAN_POINT('',(-28.55,142.45,-55.));
#17884 = VECTOR('',#17885,1.);
#17885 = DIRECTION('',(0.,0.,1.));
#17886 = ORIENTED_EDGE('',*,*,#15072,.F.);
#17887 = ORIENTED_EDGE('',*,*,#17856,.F.);
#17888 = ORIENTED_EDGE('',*,*,#15909,.T.);
#17889 = ORIENTED_EDGE('',*,*,#17890,.F.);
#17890 = EDGE_CURVE('',#17874,#15901,#17891,.T.);
#17891 = LINE('',#17892,#17893);
#17892 = CARTESIAN_POINT('',(-26.67784404193,142.45,-59.5));
#17893 = VECTOR('',#17894,1.);
#17894 = DIRECTION('',(0.,0.,1.));
#17895 = PLANE('',#17896);
#17896 = AXIS2_PLACEMENT_3D('',#17897,#17898,#17899);
#17897 = CARTESIAN_POINT('',(-32.55,142.45,-55.));
#17898 = DIRECTION('',(0.,1.,0.));
#17899 = DIRECTION('',(0.,0.,1.));
#17900 = ADVANCED_FACE('',(#17901),#17920,.F.);
#17901 = FACE_BOUND('',#17902,.T.);
#17902 = EDGE_LOOP('',(#17903,#17911,#17918,#17919));
#17903 = ORIENTED_EDGE('',*,*,#17904,.F.);
#17904 = EDGE_CURVE('',#17905,#15056,#17907,.T.);
#17905 = VERTEX_POINT('',#17906);
#17906 = CARTESIAN_POINT('',(-32.55,138.45,-55.));
#17907 = LINE('',#17908,#17909);
#17908 = CARTESIAN_POINT('',(-32.55,138.45,-55.));
#17909 = VECTOR('',#17910,1.);
#17910 = DIRECTION('',(0.,0.,1.));
#17911 = ORIENTED_EDGE('',*,*,#17912,.T.);
#17912 = EDGE_CURVE('',#17905,#17872,#17913,.T.);
#17913 = CIRCLE('',#17914,4.);
#17914 = AXIS2_PLACEMENT_3D('',#17915,#17916,#17917);
#17915 = CARTESIAN_POINT('',(-28.55,138.45,-55.));
#17916 = DIRECTION('',(-0.,-0.,-1.));
#17917 = DIRECTION('',(0.,-1.,0.));
#17918 = ORIENTED_EDGE('',*,*,#17881,.T.);
#17919 = ORIENTED_EDGE('',*,*,#15063,.T.);
#17920 = CYLINDRICAL_SURFACE('',#17921,4.);
#17921 = AXIS2_PLACEMENT_3D('',#17922,#17923,#17924);
#17922 = CARTESIAN_POINT('',(-28.55,138.45,-55.));
#17923 = DIRECTION('',(0.,0.,1.));
#17924 = DIRECTION('',(-1.,0.,0.));
#17925 = ADVANCED_FACE('',(#17926),#17946,.T.);
#17926 = FACE_BOUND('',#17927,.T.);
#17927 = EDGE_LOOP('',(#17928,#17929,#17930,#17931,#17939,#17945));
#17928 = ORIENTED_EDGE('',*,*,#15055,.F.);
#17929 = ORIENTED_EDGE('',*,*,#17781,.F.);
#17930 = ORIENTED_EDGE('',*,*,#15960,.T.);
#17931 = ORIENTED_EDGE('',*,*,#17932,.F.);
#17932 = EDGE_CURVE('',#17933,#15961,#17935,.T.);
#17933 = VERTEX_POINT('',#17934);
#17934 = CARTESIAN_POINT('',(-32.55,137.90020833695,-55.));
#17935 = LINE('',#17936,#17937);
#17936 = CARTESIAN_POINT('',(-32.55,137.90020833695,-59.5));
#17937 = VECTOR('',#17938,1.);
#17938 = DIRECTION('',(0.,0.,1.));
#17939 = ORIENTED_EDGE('',*,*,#17940,.T.);
#17940 = EDGE_CURVE('',#17933,#17905,#17941,.T.);
#17941 = LINE('',#17942,#17943);
#17942 = CARTESIAN_POINT('',(-32.55,111.35,-55.));
#17943 = VECTOR('',#17944,1.);
#17944 = DIRECTION('',(0.,1.,0.));
#17945 = ORIENTED_EDGE('',*,*,#17904,.T.);
#17946 = PLANE('',#17947);
#17947 = AXIS2_PLACEMENT_3D('',#17948,#17949,#17950);
#17948 = CARTESIAN_POINT('',(-32.55,111.35,-55.));
#17949 = DIRECTION('',(1.,0.,0.));
#17950 = DIRECTION('',(0.,0.,1.));
#17951 = ADVANCED_FACE('',(#17952),#17968,.F.);
#17952 = FACE_BOUND('',#17953,.F.);
#17953 = EDGE_LOOP('',(#17954,#17960,#17961,#17967));
#17954 = ORIENTED_EDGE('',*,*,#17955,.F.);
#17955 = EDGE_CURVE('',#16340,#15115,#17956,.T.);
#17956 = LINE('',#17957,#17958);
#17957 = CARTESIAN_POINT('',(8.5,76.2,-55.));
#17958 = VECTOR('',#17959,1.);
#17959 = DIRECTION('',(0.,0.,1.));
#17960 = ORIENTED_EDGE('',*,*,#16339,.T.);
#17961 = ORIENTED_EDGE('',*,*,#17962,.T.);
#17962 = EDGE_CURVE('',#16342,#15117,#17963,.T.);
#17963 = LINE('',#17964,#17965);
#17964 = CARTESIAN_POINT('',(9.7,75.,-55.));
#17965 = VECTOR('',#17966,1.);
#17966 = DIRECTION('',(0.,0.,1.));
#17967 = ORIENTED_EDGE('',*,*,#15114,.F.);
#17968 = CYLINDRICAL_SURFACE('',#17969,1.2);
#17969 = AXIS2_PLACEMENT_3D('',#17970,#17971,#17972);
#17970 = CARTESIAN_POINT('',(9.7,76.2,-55.));
#17971 = DIRECTION('',(0.,0.,1.));
#17972 = DIRECTION('',(-1.,0.,0.));
#17973 = ADVANCED_FACE('',(#17974),#17985,.T.);
#17974 = FACE_BOUND('',#17975,.T.);
#17975 = EDGE_LOOP('',(#17976,#17977,#17978,#17979));
#17976 = ORIENTED_EDGE('',*,*,#16401,.T.);
#17977 = ORIENTED_EDGE('',*,*,#17962,.T.);
#17978 = ORIENTED_EDGE('',*,*,#15176,.F.);
#17979 = ORIENTED_EDGE('',*,*,#17980,.F.);
#17980 = EDGE_CURVE('',#16393,#15168,#17981,.T.);
#17981 = LINE('',#17982,#17983);
#17982 = CARTESIAN_POINT('',(27.3,75.,-55.));
#17983 = VECTOR('',#17984,1.);
#17984 = DIRECTION('',(0.,0.,1.));
#17985 = PLANE('',#17986);
#17986 = AXIS2_PLACEMENT_3D('',#17987,#17988,#17989);
#17987 = CARTESIAN_POINT('',(8.5,75.,-55.));
#17988 = DIRECTION('',(0.,1.,0.));
#17989 = DIRECTION('',(0.,0.,1.));
#17990 = ADVANCED_FACE('',(#17991),#18002,.F.);
#17991 = FACE_BOUND('',#17992,.T.);
#17992 = EDGE_LOOP('',(#17993,#17999,#18000,#18001));
#17993 = ORIENTED_EDGE('',*,*,#17994,.F.);
#17994 = EDGE_CURVE('',#16385,#15160,#17995,.T.);
#17995 = LINE('',#17996,#17997);
#17996 = CARTESIAN_POINT('',(28.5,76.2,-55.));
#17997 = VECTOR('',#17998,1.);
#17998 = DIRECTION('',(0.,0.,1.));
#17999 = ORIENTED_EDGE('',*,*,#16392,.F.);
#18000 = ORIENTED_EDGE('',*,*,#17980,.T.);
#18001 = ORIENTED_EDGE('',*,*,#15167,.T.);
#18002 = CYLINDRICAL_SURFACE('',#18003,1.2);
#18003 = AXIS2_PLACEMENT_3D('',#18004,#18005,#18006);
#18004 = CARTESIAN_POINT('',(27.3,76.2,-55.));
#18005 = DIRECTION('',(0.,0.,1.));
#18006 = DIRECTION('',(1.,0.,0.));
#18007 = ADVANCED_FACE('',(#18008),#18019,.F.);
#18008 = FACE_BOUND('',#18009,.F.);
#18009 = EDGE_LOOP('',(#18010,#18011,#18012,#18013));
#18010 = ORIENTED_EDGE('',*,*,#15159,.F.);
#18011 = ORIENTED_EDGE('',*,*,#17994,.F.);
#18012 = ORIENTED_EDGE('',*,*,#16384,.T.);
#18013 = ORIENTED_EDGE('',*,*,#18014,.T.);
#18014 = EDGE_CURVE('',#16376,#15151,#18015,.T.);
#18015 = LINE('',#18016,#18017);
#18016 = CARTESIAN_POINT('',(28.5,76.6,-55.));
#18017 = VECTOR('',#18018,1.);
#18018 = DIRECTION('',(0.,0.,1.));
#18019 = PLANE('',#18020);
#18020 = AXIS2_PLACEMENT_3D('',#18021,#18022,#18023);
#18021 = CARTESIAN_POINT('',(28.5,75.,-55.));
#18022 = DIRECTION('',(1.,0.,0.));
#18023 = DIRECTION('',(0.,0.,1.));
#18024 = ADVANCED_FACE('',(#18025),#18036,.F.);
#18025 = FACE_BOUND('',#18026,.F.);
#18026 = EDGE_LOOP('',(#18027,#18028,#18029,#18035));
#18027 = ORIENTED_EDGE('',*,*,#18014,.F.);
#18028 = ORIENTED_EDGE('',*,*,#16375,.T.);
#18029 = ORIENTED_EDGE('',*,*,#18030,.T.);
#18030 = EDGE_CURVE('',#16368,#15143,#18031,.T.);
#18031 = LINE('',#18032,#18033);
#18032 = CARTESIAN_POINT('',(27.3,77.8,-55.));
#18033 = VECTOR('',#18034,1.);
#18034 = DIRECTION('',(0.,0.,1.));
#18035 = ORIENTED_EDGE('',*,*,#15150,.F.);
#18036 = CYLINDRICAL_SURFACE('',#18037,1.2);
#18037 = AXIS2_PLACEMENT_3D('',#18038,#18039,#18040);
#18038 = CARTESIAN_POINT('',(27.3,76.6,-55.));
#18039 = DIRECTION('',(0.,0.,1.));
#18040 = DIRECTION('',(1.,0.,0.));
#18041 = ADVANCED_FACE('',(#18042),#18053,.F.);
#18042 = FACE_BOUND('',#18043,.F.);
#18043 = EDGE_LOOP('',(#18044,#18045,#18051,#18052));
#18044 = ORIENTED_EDGE('',*,*,#16367,.T.);
#18045 = ORIENTED_EDGE('',*,*,#18046,.T.);
#18046 = EDGE_CURVE('',#16359,#15134,#18047,.T.);
#18047 = LINE('',#18048,#18049);
#18048 = CARTESIAN_POINT('',(9.7,77.8,-55.));
#18049 = VECTOR('',#18050,1.);
#18050 = DIRECTION('',(0.,0.,1.));
#18051 = ORIENTED_EDGE('',*,*,#15142,.F.);
#18052 = ORIENTED_EDGE('',*,*,#18030,.F.);
#18053 = PLANE('',#18054);
#18054 = AXIS2_PLACEMENT_3D('',#18055,#18056,#18057);
#18055 = CARTESIAN_POINT('',(8.5,77.8,-55.));
#18056 = DIRECTION('',(0.,1.,0.));
#18057 = DIRECTION('',(0.,0.,1.));
#18058 = ADVANCED_FACE('',(#18059),#18070,.F.);
#18059 = FACE_BOUND('',#18060,.T.);
#18060 = EDGE_LOOP('',(#18061,#18067,#18068,#18069));
#18061 = ORIENTED_EDGE('',*,*,#18062,.F.);
#18062 = EDGE_CURVE('',#16351,#15126,#18063,.T.);
#18063 = LINE('',#18064,#18065);
#18064 = CARTESIAN_POINT('',(8.5,76.6,-55.));
#18065 = VECTOR('',#18066,1.);
#18066 = DIRECTION('',(0.,0.,1.));
#18067 = ORIENTED_EDGE('',*,*,#16358,.F.);
#18068 = ORIENTED_EDGE('',*,*,#18046,.T.);
#18069 = ORIENTED_EDGE('',*,*,#15133,.T.);
#18070 = CYLINDRICAL_SURFACE('',#18071,1.2);
#18071 = AXIS2_PLACEMENT_3D('',#18072,#18073,#18074);
#18072 = CARTESIAN_POINT('',(9.7,76.6,-55.));
#18073 = DIRECTION('',(0.,0.,1.));
#18074 = DIRECTION('',(-1.,0.,0.));
#18075 = ADVANCED_FACE('',(#18076),#18082,.T.);
#18076 = FACE_BOUND('',#18077,.T.);
#18077 = EDGE_LOOP('',(#18078,#18079,#18080,#18081));
#18078 = ORIENTED_EDGE('',*,*,#15125,.F.);
#18079 = ORIENTED_EDGE('',*,*,#17955,.F.);
#18080 = ORIENTED_EDGE('',*,*,#16350,.T.);
#18081 = ORIENTED_EDGE('',*,*,#18062,.T.);
#18082 = PLANE('',#18083);
#18083 = AXIS2_PLACEMENT_3D('',#18084,#18085,#18086);
#18084 = CARTESIAN_POINT('',(8.5,75.,-55.));
#18085 = DIRECTION('',(1.,0.,0.));
#18086 = DIRECTION('',(0.,0.,1.));
#18087 = ADVANCED_FACE('',(#18088),#18104,.F.);
#18088 = FACE_BOUND('',#18089,.F.);
#18089 = EDGE_LOOP('',(#18090,#18096,#18097,#18103));
#18090 = ORIENTED_EDGE('',*,*,#18091,.F.);
#18091 = EDGE_CURVE('',#16410,#15185,#18092,.T.);
#18092 = LINE('',#18093,#18094);
#18093 = CARTESIAN_POINT('',(8.5,82.2,-55.));
#18094 = VECTOR('',#18095,1.);
#18095 = DIRECTION('',(0.,0.,1.));
#18096 = ORIENTED_EDGE('',*,*,#16409,.T.);
#18097 = ORIENTED_EDGE('',*,*,#18098,.T.);
#18098 = EDGE_CURVE('',#16412,#15187,#18099,.T.);
#18099 = LINE('',#18100,#18101);
#18100 = CARTESIAN_POINT('',(9.7,81.,-55.));
#18101 = VECTOR('',#18102,1.);
#18102 = DIRECTION('',(0.,0.,1.));
#18103 = ORIENTED_EDGE('',*,*,#15184,.F.);
#18104 = CYLINDRICAL_SURFACE('',#18105,1.2);
#18105 = AXIS2_PLACEMENT_3D('',#18106,#18107,#18108);
#18106 = CARTESIAN_POINT('',(9.7,82.2,-55.));
#18107 = DIRECTION('',(0.,0.,1.));
#18108 = DIRECTION('',(-1.,0.,0.));
#18109 = ADVANCED_FACE('',(#18110),#18121,.T.);
#18110 = FACE_BOUND('',#18111,.T.);
#18111 = EDGE_LOOP('',(#18112,#18113,#18114,#18115));
#18112 = ORIENTED_EDGE('',*,*,#16471,.T.);
#18113 = ORIENTED_EDGE('',*,*,#18098,.T.);
#18114 = ORIENTED_EDGE('',*,*,#15246,.F.);
#18115 = ORIENTED_EDGE('',*,*,#18116,.F.);
#18116 = EDGE_CURVE('',#16463,#15238,#18117,.T.);
#18117 = LINE('',#18118,#18119);
#18118 = CARTESIAN_POINT('',(27.3,81.,-55.));
#18119 = VECTOR('',#18120,1.);
#18120 = DIRECTION('',(0.,0.,1.));
#18121 = PLANE('',#18122);
#18122 = AXIS2_PLACEMENT_3D('',#18123,#18124,#18125);
#18123 = CARTESIAN_POINT('',(8.5,81.,-55.));
#18124 = DIRECTION('',(0.,1.,0.));
#18125 = DIRECTION('',(0.,0.,1.));
#18126 = ADVANCED_FACE('',(#18127),#18138,.F.);
#18127 = FACE_BOUND('',#18128,.T.);
#18128 = EDGE_LOOP('',(#18129,#18135,#18136,#18137));
#18129 = ORIENTED_EDGE('',*,*,#18130,.F.);
#18130 = EDGE_CURVE('',#16455,#15230,#18131,.T.);
#18131 = LINE('',#18132,#18133);
#18132 = CARTESIAN_POINT('',(28.5,82.2,-55.));
#18133 = VECTOR('',#18134,1.);
#18134 = DIRECTION('',(0.,0.,1.));
#18135 = ORIENTED_EDGE('',*,*,#16462,.F.);
#18136 = ORIENTED_EDGE('',*,*,#18116,.T.);
#18137 = ORIENTED_EDGE('',*,*,#15237,.T.);
#18138 = CYLINDRICAL_SURFACE('',#18139,1.2);
#18139 = AXIS2_PLACEMENT_3D('',#18140,#18141,#18142);
#18140 = CARTESIAN_POINT('',(27.3,82.2,-55.));
#18141 = DIRECTION('',(0.,0.,1.));
#18142 = DIRECTION('',(1.,0.,0.));
#18143 = ADVANCED_FACE('',(#18144),#18155,.F.);
#18144 = FACE_BOUND('',#18145,.F.);
#18145 = EDGE_LOOP('',(#18146,#18147,#18148,#18149));
#18146 = ORIENTED_EDGE('',*,*,#15229,.F.);
#18147 = ORIENTED_EDGE('',*,*,#18130,.F.);
#18148 = ORIENTED_EDGE('',*,*,#16454,.T.);
#18149 = ORIENTED_EDGE('',*,*,#18150,.T.);
#18150 = EDGE_CURVE('',#16446,#15221,#18151,.T.);
#18151 = LINE('',#18152,#18153);
#18152 = CARTESIAN_POINT('',(28.5,82.6,-55.));
#18153 = VECTOR('',#18154,1.);
#18154 = DIRECTION('',(0.,0.,1.));
#18155 = PLANE('',#18156);
#18156 = AXIS2_PLACEMENT_3D('',#18157,#18158,#18159);
#18157 = CARTESIAN_POINT('',(28.5,81.,-55.));
#18158 = DIRECTION('',(1.,0.,0.));
#18159 = DIRECTION('',(0.,0.,1.));
#18160 = ADVANCED_FACE('',(#18161),#18172,.F.);
#18161 = FACE_BOUND('',#18162,.F.);
#18162 = EDGE_LOOP('',(#18163,#18164,#18165,#18171));
#18163 = ORIENTED_EDGE('',*,*,#18150,.F.);
#18164 = ORIENTED_EDGE('',*,*,#16445,.T.);
#18165 = ORIENTED_EDGE('',*,*,#18166,.T.);
#18166 = EDGE_CURVE('',#16438,#15213,#18167,.T.);
#18167 = LINE('',#18168,#18169);
#18168 = CARTESIAN_POINT('',(27.3,83.8,-55.));
#18169 = VECTOR('',#18170,1.);
#18170 = DIRECTION('',(0.,0.,1.));
#18171 = ORIENTED_EDGE('',*,*,#15220,.F.);
#18172 = CYLINDRICAL_SURFACE('',#18173,1.2);
#18173 = AXIS2_PLACEMENT_3D('',#18174,#18175,#18176);
#18174 = CARTESIAN_POINT('',(27.3,82.6,-55.));
#18175 = DIRECTION('',(0.,0.,1.));
#18176 = DIRECTION('',(1.,0.,0.));
#18177 = ADVANCED_FACE('',(#18178),#18189,.F.);
#18178 = FACE_BOUND('',#18179,.F.);
#18179 = EDGE_LOOP('',(#18180,#18181,#18187,#18188));
#18180 = ORIENTED_EDGE('',*,*,#16437,.T.);
#18181 = ORIENTED_EDGE('',*,*,#18182,.T.);
#18182 = EDGE_CURVE('',#16429,#15204,#18183,.T.);
#18183 = LINE('',#18184,#18185);
#18184 = CARTESIAN_POINT('',(9.7,83.8,-55.));
#18185 = VECTOR('',#18186,1.);
#18186 = DIRECTION('',(0.,0.,1.));
#18187 = ORIENTED_EDGE('',*,*,#15212,.F.);
#18188 = ORIENTED_EDGE('',*,*,#18166,.F.);
#18189 = PLANE('',#18190);
#18190 = AXIS2_PLACEMENT_3D('',#18191,#18192,#18193);
#18191 = CARTESIAN_POINT('',(8.5,83.8,-55.));
#18192 = DIRECTION('',(0.,1.,0.));
#18193 = DIRECTION('',(0.,0.,1.));
#18194 = ADVANCED_FACE('',(#18195),#18206,.F.);
#18195 = FACE_BOUND('',#18196,.T.);
#18196 = EDGE_LOOP('',(#18197,#18203,#18204,#18205));
#18197 = ORIENTED_EDGE('',*,*,#18198,.F.);
#18198 = EDGE_CURVE('',#16421,#15196,#18199,.T.);
#18199 = LINE('',#18200,#18201);
#18200 = CARTESIAN_POINT('',(8.5,82.6,-55.));
#18201 = VECTOR('',#18202,1.);
#18202 = DIRECTION('',(0.,0.,1.));
#18203 = ORIENTED_EDGE('',*,*,#16428,.F.);
#18204 = ORIENTED_EDGE('',*,*,#18182,.T.);
#18205 = ORIENTED_EDGE('',*,*,#15203,.T.);
#18206 = CYLINDRICAL_SURFACE('',#18207,1.2);
#18207 = AXIS2_PLACEMENT_3D('',#18208,#18209,#18210);
#18208 = CARTESIAN_POINT('',(9.7,82.6,-55.));
#18209 = DIRECTION('',(0.,0.,1.));
#18210 = DIRECTION('',(-1.,0.,0.));
#18211 = ADVANCED_FACE('',(#18212),#18218,.T.);
#18212 = FACE_BOUND('',#18213,.T.);
#18213 = EDGE_LOOP('',(#18214,#18215,#18216,#18217));
#18214 = ORIENTED_EDGE('',*,*,#15195,.F.);
#18215 = ORIENTED_EDGE('',*,*,#18091,.F.);
#18216 = ORIENTED_EDGE('',*,*,#16420,.T.);
#18217 = ORIENTED_EDGE('',*,*,#18198,.T.);
#18218 = PLANE('',#18219);
#18219 = AXIS2_PLACEMENT_3D('',#18220,#18221,#18222);
#18220 = CARTESIAN_POINT('',(8.5,81.,-55.));
#18221 = DIRECTION('',(1.,0.,0.));
#18222 = DIRECTION('',(0.,0.,1.));
#18223 = ADVANCED_FACE('',(#18224),#18240,.F.);
#18224 = FACE_BOUND('',#18225,.F.);
#18225 = EDGE_LOOP('',(#18226,#18232,#18233,#18239));
#18226 = ORIENTED_EDGE('',*,*,#18227,.F.);
#18227 = EDGE_CURVE('',#16480,#15255,#18228,.T.);
#18228 = LINE('',#18229,#18230);
#18229 = CARTESIAN_POINT('',(8.5,106.2,-55.));
#18230 = VECTOR('',#18231,1.);
#18231 = DIRECTION('',(0.,0.,1.));
#18232 = ORIENTED_EDGE('',*,*,#16479,.T.);
#18233 = ORIENTED_EDGE('',*,*,#18234,.T.);
#18234 = EDGE_CURVE('',#16482,#15257,#18235,.T.);
#18235 = LINE('',#18236,#18237);
#18236 = CARTESIAN_POINT('',(9.7,105.,-55.));
#18237 = VECTOR('',#18238,1.);
#18238 = DIRECTION('',(0.,0.,1.));
#18239 = ORIENTED_EDGE('',*,*,#15254,.F.);
#18240 = CYLINDRICAL_SURFACE('',#18241,1.2);
#18241 = AXIS2_PLACEMENT_3D('',#18242,#18243,#18244);
#18242 = CARTESIAN_POINT('',(9.7,106.2,-55.));
#18243 = DIRECTION('',(0.,0.,1.));
#18244 = DIRECTION('',(-1.,0.,0.));
#18245 = ADVANCED_FACE('',(#18246),#18257,.T.);
#18246 = FACE_BOUND('',#18247,.T.);
#18247 = EDGE_LOOP('',(#18248,#18249,#18250,#18251));
#18248 = ORIENTED_EDGE('',*,*,#16541,.T.);
#18249 = ORIENTED_EDGE('',*,*,#18234,.T.);
#18250 = ORIENTED_EDGE('',*,*,#15316,.F.);
#18251 = ORIENTED_EDGE('',*,*,#18252,.F.);
#18252 = EDGE_CURVE('',#16533,#15308,#18253,.T.);
#18253 = LINE('',#18254,#18255);
#18254 = CARTESIAN_POINT('',(27.3,105.,-55.));
#18255 = VECTOR('',#18256,1.);
#18256 = DIRECTION('',(0.,0.,1.));
#18257 = PLANE('',#18258);
#18258 = AXIS2_PLACEMENT_3D('',#18259,#18260,#18261);
#18259 = CARTESIAN_POINT('',(8.5,105.,-55.));
#18260 = DIRECTION('',(0.,1.,0.));
#18261 = DIRECTION('',(0.,0.,1.));
#18262 = ADVANCED_FACE('',(#18263),#18274,.F.);
#18263 = FACE_BOUND('',#18264,.T.);
#18264 = EDGE_LOOP('',(#18265,#18271,#18272,#18273));
#18265 = ORIENTED_EDGE('',*,*,#18266,.F.);
#18266 = EDGE_CURVE('',#16525,#15300,#18267,.T.);
#18267 = LINE('',#18268,#18269);
#18268 = CARTESIAN_POINT('',(28.5,106.2,-55.));
#18269 = VECTOR('',#18270,1.);
#18270 = DIRECTION('',(0.,0.,1.));
#18271 = ORIENTED_EDGE('',*,*,#16532,.F.);
#18272 = ORIENTED_EDGE('',*,*,#18252,.T.);
#18273 = ORIENTED_EDGE('',*,*,#15307,.T.);
#18274 = CYLINDRICAL_SURFACE('',#18275,1.2);
#18275 = AXIS2_PLACEMENT_3D('',#18276,#18277,#18278);
#18276 = CARTESIAN_POINT('',(27.3,106.2,-55.));
#18277 = DIRECTION('',(0.,0.,1.));
#18278 = DIRECTION('',(1.,0.,0.));
#18279 = ADVANCED_FACE('',(#18280),#18291,.F.);
#18280 = FACE_BOUND('',#18281,.F.);
#18281 = EDGE_LOOP('',(#18282,#18283,#18284,#18285));
#18282 = ORIENTED_EDGE('',*,*,#15299,.F.);
#18283 = ORIENTED_EDGE('',*,*,#18266,.F.);
#18284 = ORIENTED_EDGE('',*,*,#16524,.T.);
#18285 = ORIENTED_EDGE('',*,*,#18286,.T.);
#18286 = EDGE_CURVE('',#16516,#15291,#18287,.T.);
#18287 = LINE('',#18288,#18289);
#18288 = CARTESIAN_POINT('',(28.5,106.6,-55.));
#18289 = VECTOR('',#18290,1.);
#18290 = DIRECTION('',(0.,0.,1.));
#18291 = PLANE('',#18292);
#18292 = AXIS2_PLACEMENT_3D('',#18293,#18294,#18295);
#18293 = CARTESIAN_POINT('',(28.5,105.,-55.));
#18294 = DIRECTION('',(1.,0.,0.));
#18295 = DIRECTION('',(0.,0.,1.));
#18296 = ADVANCED_FACE('',(#18297),#18308,.F.);
#18297 = FACE_BOUND('',#18298,.F.);
#18298 = EDGE_LOOP('',(#18299,#18300,#18301,#18307));
#18299 = ORIENTED_EDGE('',*,*,#18286,.F.);
#18300 = ORIENTED_EDGE('',*,*,#16515,.T.);
#18301 = ORIENTED_EDGE('',*,*,#18302,.T.);
#18302 = EDGE_CURVE('',#16508,#15283,#18303,.T.);
#18303 = LINE('',#18304,#18305);
#18304 = CARTESIAN_POINT('',(27.3,107.8,-55.));
#18305 = VECTOR('',#18306,1.);
#18306 = DIRECTION('',(0.,0.,1.));
#18307 = ORIENTED_EDGE('',*,*,#15290,.F.);
#18308 = CYLINDRICAL_SURFACE('',#18309,1.2);
#18309 = AXIS2_PLACEMENT_3D('',#18310,#18311,#18312);
#18310 = CARTESIAN_POINT('',(27.3,106.6,-55.));
#18311 = DIRECTION('',(0.,0.,1.));
#18312 = DIRECTION('',(1.,0.,0.));
#18313 = ADVANCED_FACE('',(#18314),#18325,.F.);
#18314 = FACE_BOUND('',#18315,.F.);
#18315 = EDGE_LOOP('',(#18316,#18317,#18323,#18324));
#18316 = ORIENTED_EDGE('',*,*,#16507,.T.);
#18317 = ORIENTED_EDGE('',*,*,#18318,.T.);
#18318 = EDGE_CURVE('',#16499,#15274,#18319,.T.);
#18319 = LINE('',#18320,#18321);
#18320 = CARTESIAN_POINT('',(9.7,107.8,-55.));
#18321 = VECTOR('',#18322,1.);
#18322 = DIRECTION('',(0.,0.,1.));
#18323 = ORIENTED_EDGE('',*,*,#15282,.F.);
#18324 = ORIENTED_EDGE('',*,*,#18302,.F.);
#18325 = PLANE('',#18326);
#18326 = AXIS2_PLACEMENT_3D('',#18327,#18328,#18329);
#18327 = CARTESIAN_POINT('',(8.5,107.8,-55.));
#18328 = DIRECTION('',(0.,1.,0.));
#18329 = DIRECTION('',(0.,0.,1.));
#18330 = ADVANCED_FACE('',(#18331),#18342,.F.);
#18331 = FACE_BOUND('',#18332,.T.);
#18332 = EDGE_LOOP('',(#18333,#18339,#18340,#18341));
#18333 = ORIENTED_EDGE('',*,*,#18334,.F.);
#18334 = EDGE_CURVE('',#16491,#15266,#18335,.T.);
#18335 = LINE('',#18336,#18337);
#18336 = CARTESIAN_POINT('',(8.5,106.6,-55.));
#18337 = VECTOR('',#18338,1.);
#18338 = DIRECTION('',(0.,0.,1.));
#18339 = ORIENTED_EDGE('',*,*,#16498,.F.);
#18340 = ORIENTED_EDGE('',*,*,#18318,.T.);
#18341 = ORIENTED_EDGE('',*,*,#15273,.T.);
#18342 = CYLINDRICAL_SURFACE('',#18343,1.2);
#18343 = AXIS2_PLACEMENT_3D('',#18344,#18345,#18346);
#18344 = CARTESIAN_POINT('',(9.7,106.6,-55.));
#18345 = DIRECTION('',(0.,0.,1.));
#18346 = DIRECTION('',(-1.,0.,0.));
#18347 = ADVANCED_FACE('',(#18348),#18354,.T.);
#18348 = FACE_BOUND('',#18349,.T.);
#18349 = EDGE_LOOP('',(#18350,#18351,#18352,#18353));
#18350 = ORIENTED_EDGE('',*,*,#15265,.F.);
#18351 = ORIENTED_EDGE('',*,*,#18227,.F.);
#18352 = ORIENTED_EDGE('',*,*,#16490,.T.);
#18353 = ORIENTED_EDGE('',*,*,#18334,.T.);
#18354 = PLANE('',#18355);
#18355 = AXIS2_PLACEMENT_3D('',#18356,#18357,#18358);
#18356 = CARTESIAN_POINT('',(8.5,105.,-55.));
#18357 = DIRECTION('',(1.,0.,0.));
#18358 = DIRECTION('',(0.,0.,1.));
#18359 = ADVANCED_FACE('',(#18360),#18376,.F.);
#18360 = FACE_BOUND('',#18361,.F.);
#18361 = EDGE_LOOP('',(#18362,#18368,#18369,#18375));
#18362 = ORIENTED_EDGE('',*,*,#18363,.F.);
#18363 = EDGE_CURVE('',#16550,#15325,#18364,.T.);
#18364 = LINE('',#18365,#18366);
#18365 = CARTESIAN_POINT('',(8.5,112.2,-55.));
#18366 = VECTOR('',#18367,1.);
#18367 = DIRECTION('',(0.,0.,1.));
#18368 = ORIENTED_EDGE('',*,*,#16549,.T.);
#18369 = ORIENTED_EDGE('',*,*,#18370,.T.);
#18370 = EDGE_CURVE('',#16552,#15327,#18371,.T.);
#18371 = LINE('',#18372,#18373);
#18372 = CARTESIAN_POINT('',(9.7,111.,-55.));
#18373 = VECTOR('',#18374,1.);
#18374 = DIRECTION('',(0.,0.,1.));
#18375 = ORIENTED_EDGE('',*,*,#15324,.F.);
#18376 = CYLINDRICAL_SURFACE('',#18377,1.2);
#18377 = AXIS2_PLACEMENT_3D('',#18378,#18379,#18380);
#18378 = CARTESIAN_POINT('',(9.7,112.2,-55.));
#18379 = DIRECTION('',(0.,0.,1.));
#18380 = DIRECTION('',(-1.,0.,0.));
#18381 = ADVANCED_FACE('',(#18382),#18393,.T.);
#18382 = FACE_BOUND('',#18383,.T.);
#18383 = EDGE_LOOP('',(#18384,#18385,#18386,#18387));
#18384 = ORIENTED_EDGE('',*,*,#16611,.T.);
#18385 = ORIENTED_EDGE('',*,*,#18370,.T.);
#18386 = ORIENTED_EDGE('',*,*,#15386,.F.);
#18387 = ORIENTED_EDGE('',*,*,#18388,.F.);
#18388 = EDGE_CURVE('',#16603,#15378,#18389,.T.);
#18389 = LINE('',#18390,#18391);
#18390 = CARTESIAN_POINT('',(27.3,111.,-55.));
#18391 = VECTOR('',#18392,1.);
#18392 = DIRECTION('',(0.,0.,1.));
#18393 = PLANE('',#18394);
#18394 = AXIS2_PLACEMENT_3D('',#18395,#18396,#18397);
#18395 = CARTESIAN_POINT('',(8.5,111.,-55.));
#18396 = DIRECTION('',(0.,1.,0.));
#18397 = DIRECTION('',(0.,0.,1.));
#18398 = ADVANCED_FACE('',(#18399),#18410,.F.);
#18399 = FACE_BOUND('',#18400,.T.);
#18400 = EDGE_LOOP('',(#18401,#18407,#18408,#18409));
#18401 = ORIENTED_EDGE('',*,*,#18402,.F.);
#18402 = EDGE_CURVE('',#16595,#15370,#18403,.T.);
#18403 = LINE('',#18404,#18405);
#18404 = CARTESIAN_POINT('',(28.5,112.2,-55.));
#18405 = VECTOR('',#18406,1.);
#18406 = DIRECTION('',(0.,0.,1.));
#18407 = ORIENTED_EDGE('',*,*,#16602,.F.);
#18408 = ORIENTED_EDGE('',*,*,#18388,.T.);
#18409 = ORIENTED_EDGE('',*,*,#15377,.T.);
#18410 = CYLINDRICAL_SURFACE('',#18411,1.2);
#18411 = AXIS2_PLACEMENT_3D('',#18412,#18413,#18414);
#18412 = CARTESIAN_POINT('',(27.3,112.2,-55.));
#18413 = DIRECTION('',(0.,0.,1.));
#18414 = DIRECTION('',(1.,0.,0.));
#18415 = ADVANCED_FACE('',(#18416),#18427,.F.);
#18416 = FACE_BOUND('',#18417,.F.);
#18417 = EDGE_LOOP('',(#18418,#18419,#18420,#18421));
#18418 = ORIENTED_EDGE('',*,*,#15369,.F.);
#18419 = ORIENTED_EDGE('',*,*,#18402,.F.);
#18420 = ORIENTED_EDGE('',*,*,#16594,.T.);
#18421 = ORIENTED_EDGE('',*,*,#18422,.T.);
#18422 = EDGE_CURVE('',#16586,#15361,#18423,.T.);
#18423 = LINE('',#18424,#18425);
#18424 = CARTESIAN_POINT('',(28.5,112.6,-55.));
#18425 = VECTOR('',#18426,1.);
#18426 = DIRECTION('',(0.,0.,1.));
#18427 = PLANE('',#18428);
#18428 = AXIS2_PLACEMENT_3D('',#18429,#18430,#18431);
#18429 = CARTESIAN_POINT('',(28.5,111.,-55.));
#18430 = DIRECTION('',(1.,0.,0.));
#18431 = DIRECTION('',(0.,0.,1.));
#18432 = ADVANCED_FACE('',(#18433),#18444,.F.);
#18433 = FACE_BOUND('',#18434,.F.);
#18434 = EDGE_LOOP('',(#18435,#18436,#18437,#18443));
#18435 = ORIENTED_EDGE('',*,*,#18422,.F.);
#18436 = ORIENTED_EDGE('',*,*,#16585,.T.);
#18437 = ORIENTED_EDGE('',*,*,#18438,.T.);
#18438 = EDGE_CURVE('',#16578,#15353,#18439,.T.);
#18439 = LINE('',#18440,#18441);
#18440 = CARTESIAN_POINT('',(27.3,113.8,-55.));
#18441 = VECTOR('',#18442,1.);
#18442 = DIRECTION('',(0.,0.,1.));
#18443 = ORIENTED_EDGE('',*,*,#15360,.F.);
#18444 = CYLINDRICAL_SURFACE('',#18445,1.2);
#18445 = AXIS2_PLACEMENT_3D('',#18446,#18447,#18448);
#18446 = CARTESIAN_POINT('',(27.3,112.6,-55.));
#18447 = DIRECTION('',(0.,0.,1.));
#18448 = DIRECTION('',(1.,0.,0.));
#18449 = ADVANCED_FACE('',(#18450),#18461,.F.);
#18450 = FACE_BOUND('',#18451,.F.);
#18451 = EDGE_LOOP('',(#18452,#18453,#18459,#18460));
#18452 = ORIENTED_EDGE('',*,*,#16577,.T.);
#18453 = ORIENTED_EDGE('',*,*,#18454,.T.);
#18454 = EDGE_CURVE('',#16569,#15344,#18455,.T.);
#18455 = LINE('',#18456,#18457);
#18456 = CARTESIAN_POINT('',(9.7,113.8,-55.));
#18457 = VECTOR('',#18458,1.);
#18458 = DIRECTION('',(0.,0.,1.));
#18459 = ORIENTED_EDGE('',*,*,#15352,.F.);
#18460 = ORIENTED_EDGE('',*,*,#18438,.F.);
#18461 = PLANE('',#18462);
#18462 = AXIS2_PLACEMENT_3D('',#18463,#18464,#18465);
#18463 = CARTESIAN_POINT('',(8.5,113.8,-55.));
#18464 = DIRECTION('',(0.,1.,0.));
#18465 = DIRECTION('',(0.,0.,1.));
#18466 = ADVANCED_FACE('',(#18467),#18478,.F.);
#18467 = FACE_BOUND('',#18468,.T.);
#18468 = EDGE_LOOP('',(#18469,#18475,#18476,#18477));
#18469 = ORIENTED_EDGE('',*,*,#18470,.F.);
#18470 = EDGE_CURVE('',#16561,#15336,#18471,.T.);
#18471 = LINE('',#18472,#18473);
#18472 = CARTESIAN_POINT('',(8.5,112.6,-55.));
#18473 = VECTOR('',#18474,1.);
#18474 = DIRECTION('',(0.,0.,1.));
#18475 = ORIENTED_EDGE('',*,*,#16568,.F.);
#18476 = ORIENTED_EDGE('',*,*,#18454,.T.);
#18477 = ORIENTED_EDGE('',*,*,#15343,.T.);
#18478 = CYLINDRICAL_SURFACE('',#18479,1.2);
#18479 = AXIS2_PLACEMENT_3D('',#18480,#18481,#18482);
#18480 = CARTESIAN_POINT('',(9.7,112.6,-55.));
#18481 = DIRECTION('',(0.,0.,1.));
#18482 = DIRECTION('',(-1.,0.,0.));
#18483 = ADVANCED_FACE('',(#18484),#18490,.T.);
#18484 = FACE_BOUND('',#18485,.T.);
#18485 = EDGE_LOOP('',(#18486,#18487,#18488,#18489));
#18486 = ORIENTED_EDGE('',*,*,#15335,.F.);
#18487 = ORIENTED_EDGE('',*,*,#18363,.F.);
#18488 = ORIENTED_EDGE('',*,*,#16560,.T.);
#18489 = ORIENTED_EDGE('',*,*,#18470,.T.);
#18490 = PLANE('',#18491);
#18491 = AXIS2_PLACEMENT_3D('',#18492,#18493,#18494);
#18492 = CARTESIAN_POINT('',(8.5,111.,-55.));
#18493 = DIRECTION('',(1.,0.,0.));
#18494 = DIRECTION('',(0.,0.,1.));
#18495 = ADVANCED_FACE('',(#18496),#18512,.F.);
#18496 = FACE_BOUND('',#18497,.F.);
#18497 = EDGE_LOOP('',(#18498,#18504,#18505,#18511));
#18498 = ORIENTED_EDGE('',*,*,#18499,.F.);
#18499 = EDGE_CURVE('',#16620,#15395,#18500,.T.);
#18500 = LINE('',#18501,#18502);
#18501 = CARTESIAN_POINT('',(8.5,118.2,-55.));
#18502 = VECTOR('',#18503,1.);
#18503 = DIRECTION('',(0.,0.,1.));
#18504 = ORIENTED_EDGE('',*,*,#16619,.T.);
#18505 = ORIENTED_EDGE('',*,*,#18506,.T.);
#18506 = EDGE_CURVE('',#16622,#15397,#18507,.T.);
#18507 = LINE('',#18508,#18509);
#18508 = CARTESIAN_POINT('',(9.7,117.,-55.));
#18509 = VECTOR('',#18510,1.);
#18510 = DIRECTION('',(0.,0.,1.));
#18511 = ORIENTED_EDGE('',*,*,#15394,.F.);
#18512 = CYLINDRICAL_SURFACE('',#18513,1.2);
#18513 = AXIS2_PLACEMENT_3D('',#18514,#18515,#18516);
#18514 = CARTESIAN_POINT('',(9.7,118.2,-55.));
#18515 = DIRECTION('',(0.,0.,1.));
#18516 = DIRECTION('',(-1.,0.,0.));
#18517 = ADVANCED_FACE('',(#18518),#18529,.T.);
#18518 = FACE_BOUND('',#18519,.T.);
#18519 = EDGE_LOOP('',(#18520,#18521,#18522,#18523));
#18520 = ORIENTED_EDGE('',*,*,#16681,.T.);
#18521 = ORIENTED_EDGE('',*,*,#18506,.T.);
#18522 = ORIENTED_EDGE('',*,*,#15456,.F.);
#18523 = ORIENTED_EDGE('',*,*,#18524,.F.);
#18524 = EDGE_CURVE('',#16673,#15448,#18525,.T.);
#18525 = LINE('',#18526,#18527);
#18526 = CARTESIAN_POINT('',(27.3,117.,-55.));
#18527 = VECTOR('',#18528,1.);
#18528 = DIRECTION('',(0.,0.,1.));
#18529 = PLANE('',#18530);
#18530 = AXIS2_PLACEMENT_3D('',#18531,#18532,#18533);
#18531 = CARTESIAN_POINT('',(8.5,117.,-55.));
#18532 = DIRECTION('',(0.,1.,0.));
#18533 = DIRECTION('',(0.,0.,1.));
#18534 = ADVANCED_FACE('',(#18535),#18546,.F.);
#18535 = FACE_BOUND('',#18536,.T.);
#18536 = EDGE_LOOP('',(#18537,#18543,#18544,#18545));
#18537 = ORIENTED_EDGE('',*,*,#18538,.F.);
#18538 = EDGE_CURVE('',#16665,#15440,#18539,.T.);
#18539 = LINE('',#18540,#18541);
#18540 = CARTESIAN_POINT('',(28.5,118.2,-55.));
#18541 = VECTOR('',#18542,1.);
#18542 = DIRECTION('',(0.,0.,1.));
#18543 = ORIENTED_EDGE('',*,*,#16672,.F.);
#18544 = ORIENTED_EDGE('',*,*,#18524,.T.);
#18545 = ORIENTED_EDGE('',*,*,#15447,.T.);
#18546 = CYLINDRICAL_SURFACE('',#18547,1.2);
#18547 = AXIS2_PLACEMENT_3D('',#18548,#18549,#18550);
#18548 = CARTESIAN_POINT('',(27.3,118.2,-55.));
#18549 = DIRECTION('',(0.,0.,1.));
#18550 = DIRECTION('',(1.,0.,0.));
#18551 = ADVANCED_FACE('',(#18552),#18563,.F.);
#18552 = FACE_BOUND('',#18553,.F.);
#18553 = EDGE_LOOP('',(#18554,#18555,#18556,#18557));
#18554 = ORIENTED_EDGE('',*,*,#15439,.F.);
#18555 = ORIENTED_EDGE('',*,*,#18538,.F.);
#18556 = ORIENTED_EDGE('',*,*,#16664,.T.);
#18557 = ORIENTED_EDGE('',*,*,#18558,.T.);
#18558 = EDGE_CURVE('',#16656,#15431,#18559,.T.);
#18559 = LINE('',#18560,#18561);
#18560 = CARTESIAN_POINT('',(28.5,118.6,-55.));
#18561 = VECTOR('',#18562,1.);
#18562 = DIRECTION('',(0.,0.,1.));
#18563 = PLANE('',#18564);
#18564 = AXIS2_PLACEMENT_3D('',#18565,#18566,#18567);
#18565 = CARTESIAN_POINT('',(28.5,117.,-55.));
#18566 = DIRECTION('',(1.,0.,0.));
#18567 = DIRECTION('',(0.,0.,1.));
#18568 = ADVANCED_FACE('',(#18569),#18580,.F.);
#18569 = FACE_BOUND('',#18570,.F.);
#18570 = EDGE_LOOP('',(#18571,#18572,#18573,#18579));
#18571 = ORIENTED_EDGE('',*,*,#18558,.F.);
#18572 = ORIENTED_EDGE('',*,*,#16655,.T.);
#18573 = ORIENTED_EDGE('',*,*,#18574,.T.);
#18574 = EDGE_CURVE('',#16648,#15423,#18575,.T.);
#18575 = LINE('',#18576,#18577);
#18576 = CARTESIAN_POINT('',(27.3,119.8,-55.));
#18577 = VECTOR('',#18578,1.);
#18578 = DIRECTION('',(0.,0.,1.));
#18579 = ORIENTED_EDGE('',*,*,#15430,.F.);
#18580 = CYLINDRICAL_SURFACE('',#18581,1.2);
#18581 = AXIS2_PLACEMENT_3D('',#18582,#18583,#18584);
#18582 = CARTESIAN_POINT('',(27.3,118.6,-55.));
#18583 = DIRECTION('',(0.,0.,1.));
#18584 = DIRECTION('',(1.,0.,0.));
#18585 = ADVANCED_FACE('',(#18586),#18597,.F.);
#18586 = FACE_BOUND('',#18587,.F.);
#18587 = EDGE_LOOP('',(#18588,#18589,#18595,#18596));
#18588 = ORIENTED_EDGE('',*,*,#16647,.T.);
#18589 = ORIENTED_EDGE('',*,*,#18590,.T.);
#18590 = EDGE_CURVE('',#16639,#15414,#18591,.T.);
#18591 = LINE('',#18592,#18593);
#18592 = CARTESIAN_POINT('',(9.7,119.8,-55.));
#18593 = VECTOR('',#18594,1.);
#18594 = DIRECTION('',(0.,0.,1.));
#18595 = ORIENTED_EDGE('',*,*,#15422,.F.);
#18596 = ORIENTED_EDGE('',*,*,#18574,.F.);
#18597 = PLANE('',#18598);
#18598 = AXIS2_PLACEMENT_3D('',#18599,#18600,#18601);
#18599 = CARTESIAN_POINT('',(8.5,119.8,-55.));
#18600 = DIRECTION('',(0.,1.,0.));
#18601 = DIRECTION('',(0.,0.,1.));
#18602 = ADVANCED_FACE('',(#18603),#18614,.F.);
#18603 = FACE_BOUND('',#18604,.T.);
#18604 = EDGE_LOOP('',(#18605,#18611,#18612,#18613));
#18605 = ORIENTED_EDGE('',*,*,#18606,.F.);
#18606 = EDGE_CURVE('',#16631,#15406,#18607,.T.);
#18607 = LINE('',#18608,#18609);
#18608 = CARTESIAN_POINT('',(8.5,118.6,-55.));
#18609 = VECTOR('',#18610,1.);
#18610 = DIRECTION('',(0.,0.,1.));
#18611 = ORIENTED_EDGE('',*,*,#16638,.F.);
#18612 = ORIENTED_EDGE('',*,*,#18590,.T.);
#18613 = ORIENTED_EDGE('',*,*,#15413,.T.);
#18614 = CYLINDRICAL_SURFACE('',#18615,1.2);
#18615 = AXIS2_PLACEMENT_3D('',#18616,#18617,#18618);
#18616 = CARTESIAN_POINT('',(9.7,118.6,-55.));
#18617 = DIRECTION('',(0.,0.,1.));
#18618 = DIRECTION('',(-1.,0.,0.));
#18619 = ADVANCED_FACE('',(#18620),#18626,.T.);
#18620 = FACE_BOUND('',#18621,.T.);
#18621 = EDGE_LOOP('',(#18622,#18623,#18624,#18625));
#18622 = ORIENTED_EDGE('',*,*,#15405,.F.);
#18623 = ORIENTED_EDGE('',*,*,#18499,.F.);
#18624 = ORIENTED_EDGE('',*,*,#16630,.T.);
#18625 = ORIENTED_EDGE('',*,*,#18606,.T.);
#18626 = PLANE('',#18627);
#18627 = AXIS2_PLACEMENT_3D('',#18628,#18629,#18630);
#18628 = CARTESIAN_POINT('',(8.5,117.,-55.));
#18629 = DIRECTION('',(1.,0.,0.));
#18630 = DIRECTION('',(0.,0.,1.));
#18631 = ADVANCED_FACE('',(#18632),#18648,.F.);
#18632 = FACE_BOUND('',#18633,.F.);
#18633 = EDGE_LOOP('',(#18634,#18640,#18641,#18647));
#18634 = ORIENTED_EDGE('',*,*,#18635,.F.);
#18635 = EDGE_CURVE('',#16690,#15465,#18636,.T.);
#18636 = LINE('',#18637,#18638);
#18637 = CARTESIAN_POINT('',(8.5,124.2,-55.));
#18638 = VECTOR('',#18639,1.);
#18639 = DIRECTION('',(0.,0.,1.));
#18640 = ORIENTED_EDGE('',*,*,#16689,.T.);
#18641 = ORIENTED_EDGE('',*,*,#18642,.T.);
#18642 = EDGE_CURVE('',#16692,#15467,#18643,.T.);
#18643 = LINE('',#18644,#18645);
#18644 = CARTESIAN_POINT('',(9.7,123.,-55.));
#18645 = VECTOR('',#18646,1.);
#18646 = DIRECTION('',(0.,0.,1.));
#18647 = ORIENTED_EDGE('',*,*,#15464,.F.);
#18648 = CYLINDRICAL_SURFACE('',#18649,1.2);
#18649 = AXIS2_PLACEMENT_3D('',#18650,#18651,#18652);
#18650 = CARTESIAN_POINT('',(9.7,124.2,-55.));
#18651 = DIRECTION('',(0.,0.,1.));
#18652 = DIRECTION('',(-1.,0.,0.));
#18653 = ADVANCED_FACE('',(#18654),#18665,.T.);
#18654 = FACE_BOUND('',#18655,.T.);
#18655 = EDGE_LOOP('',(#18656,#18657,#18658,#18659));
#18656 = ORIENTED_EDGE('',*,*,#16751,.T.);
#18657 = ORIENTED_EDGE('',*,*,#18642,.T.);
#18658 = ORIENTED_EDGE('',*,*,#15526,.F.);
#18659 = ORIENTED_EDGE('',*,*,#18660,.F.);
#18660 = EDGE_CURVE('',#16743,#15518,#18661,.T.);
#18661 = LINE('',#18662,#18663);
#18662 = CARTESIAN_POINT('',(27.3,123.,-55.));
#18663 = VECTOR('',#18664,1.);
#18664 = DIRECTION('',(0.,0.,1.));
#18665 = PLANE('',#18666);
#18666 = AXIS2_PLACEMENT_3D('',#18667,#18668,#18669);
#18667 = CARTESIAN_POINT('',(8.5,123.,-55.));
#18668 = DIRECTION('',(0.,1.,0.));
#18669 = DIRECTION('',(0.,0.,1.));
#18670 = ADVANCED_FACE('',(#18671),#18682,.F.);
#18671 = FACE_BOUND('',#18672,.T.);
#18672 = EDGE_LOOP('',(#18673,#18679,#18680,#18681));
#18673 = ORIENTED_EDGE('',*,*,#18674,.F.);
#18674 = EDGE_CURVE('',#16735,#15510,#18675,.T.);
#18675 = LINE('',#18676,#18677);
#18676 = CARTESIAN_POINT('',(28.5,124.2,-55.));
#18677 = VECTOR('',#18678,1.);
#18678 = DIRECTION('',(0.,0.,1.));
#18679 = ORIENTED_EDGE('',*,*,#16742,.F.);
#18680 = ORIENTED_EDGE('',*,*,#18660,.T.);
#18681 = ORIENTED_EDGE('',*,*,#15517,.T.);
#18682 = CYLINDRICAL_SURFACE('',#18683,1.2);
#18683 = AXIS2_PLACEMENT_3D('',#18684,#18685,#18686);
#18684 = CARTESIAN_POINT('',(27.3,124.2,-55.));
#18685 = DIRECTION('',(0.,0.,1.));
#18686 = DIRECTION('',(1.,0.,0.));
#18687 = ADVANCED_FACE('',(#18688),#18699,.F.);
#18688 = FACE_BOUND('',#18689,.F.);
#18689 = EDGE_LOOP('',(#18690,#18691,#18692,#18693));
#18690 = ORIENTED_EDGE('',*,*,#15509,.F.);
#18691 = ORIENTED_EDGE('',*,*,#18674,.F.);
#18692 = ORIENTED_EDGE('',*,*,#16734,.T.);
#18693 = ORIENTED_EDGE('',*,*,#18694,.T.);
#18694 = EDGE_CURVE('',#16726,#15501,#18695,.T.);
#18695 = LINE('',#18696,#18697);
#18696 = CARTESIAN_POINT('',(28.5,124.6,-55.));
#18697 = VECTOR('',#18698,1.);
#18698 = DIRECTION('',(0.,0.,1.));
#18699 = PLANE('',#18700);
#18700 = AXIS2_PLACEMENT_3D('',#18701,#18702,#18703);
#18701 = CARTESIAN_POINT('',(28.5,123.,-55.));
#18702 = DIRECTION('',(1.,0.,0.));
#18703 = DIRECTION('',(0.,0.,1.));
#18704 = ADVANCED_FACE('',(#18705),#18716,.F.);
#18705 = FACE_BOUND('',#18706,.F.);
#18706 = EDGE_LOOP('',(#18707,#18708,#18709,#18715));
#18707 = ORIENTED_EDGE('',*,*,#18694,.F.);
#18708 = ORIENTED_EDGE('',*,*,#16725,.T.);
#18709 = ORIENTED_EDGE('',*,*,#18710,.T.);
#18710 = EDGE_CURVE('',#16718,#15493,#18711,.T.);
#18711 = LINE('',#18712,#18713);
#18712 = CARTESIAN_POINT('',(27.3,125.8,-55.));
#18713 = VECTOR('',#18714,1.);
#18714 = DIRECTION('',(0.,0.,1.));
#18715 = ORIENTED_EDGE('',*,*,#15500,.F.);
#18716 = CYLINDRICAL_SURFACE('',#18717,1.2);
#18717 = AXIS2_PLACEMENT_3D('',#18718,#18719,#18720);
#18718 = CARTESIAN_POINT('',(27.3,124.6,-55.));
#18719 = DIRECTION('',(0.,0.,1.));
#18720 = DIRECTION('',(1.,0.,0.));
#18721 = ADVANCED_FACE('',(#18722),#18733,.F.);
#18722 = FACE_BOUND('',#18723,.F.);
#18723 = EDGE_LOOP('',(#18724,#18725,#18731,#18732));
#18724 = ORIENTED_EDGE('',*,*,#16717,.T.);
#18725 = ORIENTED_EDGE('',*,*,#18726,.T.);
#18726 = EDGE_CURVE('',#16709,#15484,#18727,.T.);
#18727 = LINE('',#18728,#18729);
#18728 = CARTESIAN_POINT('',(9.7,125.8,-55.));
#18729 = VECTOR('',#18730,1.);
#18730 = DIRECTION('',(0.,0.,1.));
#18731 = ORIENTED_EDGE('',*,*,#15492,.F.);
#18732 = ORIENTED_EDGE('',*,*,#18710,.F.);
#18733 = PLANE('',#18734);
#18734 = AXIS2_PLACEMENT_3D('',#18735,#18736,#18737);
#18735 = CARTESIAN_POINT('',(8.5,125.8,-55.));
#18736 = DIRECTION('',(0.,1.,0.));
#18737 = DIRECTION('',(0.,0.,1.));
#18738 = ADVANCED_FACE('',(#18739),#18750,.F.);
#18739 = FACE_BOUND('',#18740,.T.);
#18740 = EDGE_LOOP('',(#18741,#18747,#18748,#18749));
#18741 = ORIENTED_EDGE('',*,*,#18742,.F.);
#18742 = EDGE_CURVE('',#16701,#15476,#18743,.T.);
#18743 = LINE('',#18744,#18745);
#18744 = CARTESIAN_POINT('',(8.5,124.6,-55.));
#18745 = VECTOR('',#18746,1.);
#18746 = DIRECTION('',(0.,0.,1.));
#18747 = ORIENTED_EDGE('',*,*,#16708,.F.);
#18748 = ORIENTED_EDGE('',*,*,#18726,.T.);
#18749 = ORIENTED_EDGE('',*,*,#15483,.T.);
#18750 = CYLINDRICAL_SURFACE('',#18751,1.2);
#18751 = AXIS2_PLACEMENT_3D('',#18752,#18753,#18754);
#18752 = CARTESIAN_POINT('',(9.7,124.6,-55.));
#18753 = DIRECTION('',(0.,0.,1.));
#18754 = DIRECTION('',(-1.,0.,0.));
#18755 = ADVANCED_FACE('',(#18756),#18762,.T.);
#18756 = FACE_BOUND('',#18757,.T.);
#18757 = EDGE_LOOP('',(#18758,#18759,#18760,#18761));
#18758 = ORIENTED_EDGE('',*,*,#15475,.F.);
#18759 = ORIENTED_EDGE('',*,*,#18635,.F.);
#18760 = ORIENTED_EDGE('',*,*,#16700,.T.);
#18761 = ORIENTED_EDGE('',*,*,#18742,.T.);
#18762 = PLANE('',#18763);
#18763 = AXIS2_PLACEMENT_3D('',#18764,#18765,#18766);
#18764 = CARTESIAN_POINT('',(8.5,123.,-55.));
#18765 = DIRECTION('',(1.,0.,0.));
#18766 = DIRECTION('',(0.,0.,1.));
#18767 = ADVANCED_FACE('',(#18768),#18784,.F.);
#18768 = FACE_BOUND('',#18769,.F.);
#18769 = EDGE_LOOP('',(#18770,#18776,#18777,#18783));
#18770 = ORIENTED_EDGE('',*,*,#18771,.F.);
#18771 = EDGE_CURVE('',#16760,#15535,#18772,.T.);
#18772 = LINE('',#18773,#18774);
#18773 = CARTESIAN_POINT('',(8.5,130.2,-55.));
#18774 = VECTOR('',#18775,1.);
#18775 = DIRECTION('',(0.,0.,1.));
#18776 = ORIENTED_EDGE('',*,*,#16759,.T.);
#18777 = ORIENTED_EDGE('',*,*,#18778,.T.);
#18778 = EDGE_CURVE('',#16762,#15537,#18779,.T.);
#18779 = LINE('',#18780,#18781);
#18780 = CARTESIAN_POINT('',(9.7,129.,-55.));
#18781 = VECTOR('',#18782,1.);
#18782 = DIRECTION('',(0.,0.,1.));
#18783 = ORIENTED_EDGE('',*,*,#15534,.F.);
#18784 = CYLINDRICAL_SURFACE('',#18785,1.2);
#18785 = AXIS2_PLACEMENT_3D('',#18786,#18787,#18788);
#18786 = CARTESIAN_POINT('',(9.7,130.2,-55.));
#18787 = DIRECTION('',(0.,0.,1.));
#18788 = DIRECTION('',(-1.,0.,0.));
#18789 = ADVANCED_FACE('',(#18790),#18801,.T.);
#18790 = FACE_BOUND('',#18791,.T.);
#18791 = EDGE_LOOP('',(#18792,#18793,#18794,#18795));
#18792 = ORIENTED_EDGE('',*,*,#16821,.T.);
#18793 = ORIENTED_EDGE('',*,*,#18778,.T.);
#18794 = ORIENTED_EDGE('',*,*,#15596,.F.);
#18795 = ORIENTED_EDGE('',*,*,#18796,.F.);
#18796 = EDGE_CURVE('',#16813,#15588,#18797,.T.);
#18797 = LINE('',#18798,#18799);
#18798 = CARTESIAN_POINT('',(27.3,129.,-55.));
#18799 = VECTOR('',#18800,1.);
#18800 = DIRECTION('',(0.,0.,1.));
#18801 = PLANE('',#18802);
#18802 = AXIS2_PLACEMENT_3D('',#18803,#18804,#18805);
#18803 = CARTESIAN_POINT('',(8.5,129.,-55.));
#18804 = DIRECTION('',(0.,1.,0.));
#18805 = DIRECTION('',(0.,0.,1.));
#18806 = ADVANCED_FACE('',(#18807),#18818,.F.);
#18807 = FACE_BOUND('',#18808,.T.);
#18808 = EDGE_LOOP('',(#18809,#18815,#18816,#18817));
#18809 = ORIENTED_EDGE('',*,*,#18810,.F.);
#18810 = EDGE_CURVE('',#16805,#15580,#18811,.T.);
#18811 = LINE('',#18812,#18813);
#18812 = CARTESIAN_POINT('',(28.5,130.2,-55.));
#18813 = VECTOR('',#18814,1.);
#18814 = DIRECTION('',(0.,0.,1.));
#18815 = ORIENTED_EDGE('',*,*,#16812,.F.);
#18816 = ORIENTED_EDGE('',*,*,#18796,.T.);
#18817 = ORIENTED_EDGE('',*,*,#15587,.T.);
#18818 = CYLINDRICAL_SURFACE('',#18819,1.2);
#18819 = AXIS2_PLACEMENT_3D('',#18820,#18821,#18822);
#18820 = CARTESIAN_POINT('',(27.3,130.2,-55.));
#18821 = DIRECTION('',(0.,0.,1.));
#18822 = DIRECTION('',(1.,0.,0.));
#18823 = ADVANCED_FACE('',(#18824),#18835,.F.);
#18824 = FACE_BOUND('',#18825,.F.);
#18825 = EDGE_LOOP('',(#18826,#18827,#18828,#18829));
#18826 = ORIENTED_EDGE('',*,*,#15579,.F.);
#18827 = ORIENTED_EDGE('',*,*,#18810,.F.);
#18828 = ORIENTED_EDGE('',*,*,#16804,.T.);
#18829 = ORIENTED_EDGE('',*,*,#18830,.T.);
#18830 = EDGE_CURVE('',#16796,#15571,#18831,.T.);
#18831 = LINE('',#18832,#18833);
#18832 = CARTESIAN_POINT('',(28.5,130.6,-55.));
#18833 = VECTOR('',#18834,1.);
#18834 = DIRECTION('',(0.,0.,1.));
#18835 = PLANE('',#18836);
#18836 = AXIS2_PLACEMENT_3D('',#18837,#18838,#18839);
#18837 = CARTESIAN_POINT('',(28.5,129.,-55.));
#18838 = DIRECTION('',(1.,0.,0.));
#18839 = DIRECTION('',(0.,0.,1.));
#18840 = ADVANCED_FACE('',(#18841),#18852,.F.);
#18841 = FACE_BOUND('',#18842,.F.);
#18842 = EDGE_LOOP('',(#18843,#18844,#18845,#18851));
#18843 = ORIENTED_EDGE('',*,*,#18830,.F.);
#18844 = ORIENTED_EDGE('',*,*,#16795,.T.);
#18845 = ORIENTED_EDGE('',*,*,#18846,.T.);
#18846 = EDGE_CURVE('',#16788,#15563,#18847,.T.);
#18847 = LINE('',#18848,#18849);
#18848 = CARTESIAN_POINT('',(27.3,131.8,-55.));
#18849 = VECTOR('',#18850,1.);
#18850 = DIRECTION('',(0.,0.,1.));
#18851 = ORIENTED_EDGE('',*,*,#15570,.F.);
#18852 = CYLINDRICAL_SURFACE('',#18853,1.2);
#18853 = AXIS2_PLACEMENT_3D('',#18854,#18855,#18856);
#18854 = CARTESIAN_POINT('',(27.3,130.6,-55.));
#18855 = DIRECTION('',(0.,0.,1.));
#18856 = DIRECTION('',(1.,0.,0.));
#18857 = ADVANCED_FACE('',(#18858),#18869,.F.);
#18858 = FACE_BOUND('',#18859,.F.);
#18859 = EDGE_LOOP('',(#18860,#18861,#18867,#18868));
#18860 = ORIENTED_EDGE('',*,*,#16787,.T.);
#18861 = ORIENTED_EDGE('',*,*,#18862,.T.);
#18862 = EDGE_CURVE('',#16779,#15554,#18863,.T.);
#18863 = LINE('',#18864,#18865);
#18864 = CARTESIAN_POINT('',(9.7,131.8,-55.));
#18865 = VECTOR('',#18866,1.);
#18866 = DIRECTION('',(0.,0.,1.));
#18867 = ORIENTED_EDGE('',*,*,#15562,.F.);
#18868 = ORIENTED_EDGE('',*,*,#18846,.F.);
#18869 = PLANE('',#18870);
#18870 = AXIS2_PLACEMENT_3D('',#18871,#18872,#18873);
#18871 = CARTESIAN_POINT('',(8.5,131.8,-55.));
#18872 = DIRECTION('',(0.,1.,0.));
#18873 = DIRECTION('',(0.,0.,1.));
#18874 = ADVANCED_FACE('',(#18875),#18886,.F.);
#18875 = FACE_BOUND('',#18876,.T.);
#18876 = EDGE_LOOP('',(#18877,#18883,#18884,#18885));
#18877 = ORIENTED_EDGE('',*,*,#18878,.F.);
#18878 = EDGE_CURVE('',#16771,#15546,#18879,.T.);
#18879 = LINE('',#18880,#18881);
#18880 = CARTESIAN_POINT('',(8.5,130.6,-55.));
#18881 = VECTOR('',#18882,1.);
#18882 = DIRECTION('',(0.,0.,1.));
#18883 = ORIENTED_EDGE('',*,*,#16778,.F.);
#18884 = ORIENTED_EDGE('',*,*,#18862,.T.);
#18885 = ORIENTED_EDGE('',*,*,#15553,.T.);
#18886 = CYLINDRICAL_SURFACE('',#18887,1.2);
#18887 = AXIS2_PLACEMENT_3D('',#18888,#18889,#18890);
#18888 = CARTESIAN_POINT('',(9.7,130.6,-55.));
#18889 = DIRECTION('',(0.,0.,1.));
#18890 = DIRECTION('',(-1.,0.,0.));
#18891 = ADVANCED_FACE('',(#18892),#18898,.T.);
#18892 = FACE_BOUND('',#18893,.T.);
#18893 = EDGE_LOOP('',(#18894,#18895,#18896,#18897));
#18894 = ORIENTED_EDGE('',*,*,#15545,.F.);
#18895 = ORIENTED_EDGE('',*,*,#18771,.F.);
#18896 = ORIENTED_EDGE('',*,*,#16770,.T.);
#18897 = ORIENTED_EDGE('',*,*,#18878,.T.);
#18898 = PLANE('',#18899);
#18899 = AXIS2_PLACEMENT_3D('',#18900,#18901,#18902);
#18900 = CARTESIAN_POINT('',(8.5,129.,-55.));
#18901 = DIRECTION('',(1.,0.,0.));
#18902 = DIRECTION('',(0.,0.,1.));
#18903 = ADVANCED_FACE('',(#18904),#18920,.F.);
#18904 = FACE_BOUND('',#18905,.F.);
#18905 = EDGE_LOOP('',(#18906,#18912,#18913,#18919));
#18906 = ORIENTED_EDGE('',*,*,#18907,.F.);
#18907 = EDGE_CURVE('',#16830,#15605,#18908,.T.);
#18908 = LINE('',#18909,#18910);
#18909 = CARTESIAN_POINT('',(8.5,136.2,-55.));
#18910 = VECTOR('',#18911,1.);
#18911 = DIRECTION('',(0.,0.,1.));
#18912 = ORIENTED_EDGE('',*,*,#16829,.T.);
#18913 = ORIENTED_EDGE('',*,*,#18914,.T.);
#18914 = EDGE_CURVE('',#16832,#15607,#18915,.T.);
#18915 = LINE('',#18916,#18917);
#18916 = CARTESIAN_POINT('',(9.7,135.,-55.));
#18917 = VECTOR('',#18918,1.);
#18918 = DIRECTION('',(0.,0.,1.));
#18919 = ORIENTED_EDGE('',*,*,#15604,.F.);
#18920 = CYLINDRICAL_SURFACE('',#18921,1.2);
#18921 = AXIS2_PLACEMENT_3D('',#18922,#18923,#18924);
#18922 = CARTESIAN_POINT('',(9.7,136.2,-55.));
#18923 = DIRECTION('',(0.,0.,1.));
#18924 = DIRECTION('',(-1.,0.,0.));
#18925 = ADVANCED_FACE('',(#18926),#18937,.T.);
#18926 = FACE_BOUND('',#18927,.T.);
#18927 = EDGE_LOOP('',(#18928,#18929,#18930,#18931));
#18928 = ORIENTED_EDGE('',*,*,#16891,.T.);
#18929 = ORIENTED_EDGE('',*,*,#18914,.T.);
#18930 = ORIENTED_EDGE('',*,*,#15666,.F.);
#18931 = ORIENTED_EDGE('',*,*,#18932,.F.);
#18932 = EDGE_CURVE('',#16883,#15658,#18933,.T.);
#18933 = LINE('',#18934,#18935);
#18934 = CARTESIAN_POINT('',(27.3,135.,-55.));
#18935 = VECTOR('',#18936,1.);
#18936 = DIRECTION('',(0.,0.,1.));
#18937 = PLANE('',#18938);
#18938 = AXIS2_PLACEMENT_3D('',#18939,#18940,#18941);
#18939 = CARTESIAN_POINT('',(8.5,135.,-55.));
#18940 = DIRECTION('',(0.,1.,0.));
#18941 = DIRECTION('',(0.,0.,1.));
#18942 = ADVANCED_FACE('',(#18943),#18954,.F.);
#18943 = FACE_BOUND('',#18944,.T.);
#18944 = EDGE_LOOP('',(#18945,#18951,#18952,#18953));
#18945 = ORIENTED_EDGE('',*,*,#18946,.F.);
#18946 = EDGE_CURVE('',#16875,#15650,#18947,.T.);
#18947 = LINE('',#18948,#18949);
#18948 = CARTESIAN_POINT('',(28.5,136.2,-55.));
#18949 = VECTOR('',#18950,1.);
#18950 = DIRECTION('',(0.,0.,1.));
#18951 = ORIENTED_EDGE('',*,*,#16882,.F.);
#18952 = ORIENTED_EDGE('',*,*,#18932,.T.);
#18953 = ORIENTED_EDGE('',*,*,#15657,.T.);
#18954 = CYLINDRICAL_SURFACE('',#18955,1.2);
#18955 = AXIS2_PLACEMENT_3D('',#18956,#18957,#18958);
#18956 = CARTESIAN_POINT('',(27.3,136.2,-55.));
#18957 = DIRECTION('',(0.,0.,1.));
#18958 = DIRECTION('',(1.,0.,0.));
#18959 = ADVANCED_FACE('',(#18960),#18971,.F.);
#18960 = FACE_BOUND('',#18961,.F.);
#18961 = EDGE_LOOP('',(#18962,#18963,#18964,#18965));
#18962 = ORIENTED_EDGE('',*,*,#15649,.F.);
#18963 = ORIENTED_EDGE('',*,*,#18946,.F.);
#18964 = ORIENTED_EDGE('',*,*,#16874,.T.);
#18965 = ORIENTED_EDGE('',*,*,#18966,.T.);
#18966 = EDGE_CURVE('',#16866,#15641,#18967,.T.);
#18967 = LINE('',#18968,#18969);
#18968 = CARTESIAN_POINT('',(28.5,136.6,-55.));
#18969 = VECTOR('',#18970,1.);
#18970 = DIRECTION('',(0.,0.,1.));
#18971 = PLANE('',#18972);
#18972 = AXIS2_PLACEMENT_3D('',#18973,#18974,#18975);
#18973 = CARTESIAN_POINT('',(28.5,135.,-55.));
#18974 = DIRECTION('',(1.,0.,0.));
#18975 = DIRECTION('',(0.,0.,1.));
#18976 = ADVANCED_FACE('',(#18977),#18988,.F.);
#18977 = FACE_BOUND('',#18978,.F.);
#18978 = EDGE_LOOP('',(#18979,#18980,#18981,#18987));
#18979 = ORIENTED_EDGE('',*,*,#18966,.F.);
#18980 = ORIENTED_EDGE('',*,*,#16865,.T.);
#18981 = ORIENTED_EDGE('',*,*,#18982,.T.);
#18982 = EDGE_CURVE('',#16858,#15633,#18983,.T.);
#18983 = LINE('',#18984,#18985);
#18984 = CARTESIAN_POINT('',(27.3,137.8,-55.));
#18985 = VECTOR('',#18986,1.);
#18986 = DIRECTION('',(0.,0.,1.));
#18987 = ORIENTED_EDGE('',*,*,#15640,.F.);
#18988 = CYLINDRICAL_SURFACE('',#18989,1.2);
#18989 = AXIS2_PLACEMENT_3D('',#18990,#18991,#18992);
#18990 = CARTESIAN_POINT('',(27.3,136.6,-55.));
#18991 = DIRECTION('',(0.,0.,1.));
#18992 = DIRECTION('',(1.,0.,0.));
#18993 = ADVANCED_FACE('',(#18994),#19005,.F.);
#18994 = FACE_BOUND('',#18995,.F.);
#18995 = EDGE_LOOP('',(#18996,#18997,#19003,#19004));
#18996 = ORIENTED_EDGE('',*,*,#16857,.T.);
#18997 = ORIENTED_EDGE('',*,*,#18998,.T.);
#18998 = EDGE_CURVE('',#16849,#15624,#18999,.T.);
#18999 = LINE('',#19000,#19001);
#19000 = CARTESIAN_POINT('',(9.7,137.8,-55.));
#19001 = VECTOR('',#19002,1.);
#19002 = DIRECTION('',(0.,0.,1.));
#19003 = ORIENTED_EDGE('',*,*,#15632,.F.);
#19004 = ORIENTED_EDGE('',*,*,#18982,.F.);
#19005 = PLANE('',#19006);
#19006 = AXIS2_PLACEMENT_3D('',#19007,#19008,#19009);
#19007 = CARTESIAN_POINT('',(8.5,137.8,-55.));
#19008 = DIRECTION('',(0.,1.,0.));
#19009 = DIRECTION('',(0.,0.,1.));
#19010 = ADVANCED_FACE('',(#19011),#19022,.F.);
#19011 = FACE_BOUND('',#19012,.T.);
#19012 = EDGE_LOOP('',(#19013,#19019,#19020,#19021));
#19013 = ORIENTED_EDGE('',*,*,#19014,.F.);
#19014 = EDGE_CURVE('',#16841,#15616,#19015,.T.);
#19015 = LINE('',#19016,#19017);
#19016 = CARTESIAN_POINT('',(8.5,136.6,-55.));
#19017 = VECTOR('',#19018,1.);
#19018 = DIRECTION('',(0.,0.,1.));
#19019 = ORIENTED_EDGE('',*,*,#16848,.F.);
#19020 = ORIENTED_EDGE('',*,*,#18998,.T.);
#19021 = ORIENTED_EDGE('',*,*,#15623,.T.);
#19022 = CYLINDRICAL_SURFACE('',#19023,1.2);
#19023 = AXIS2_PLACEMENT_3D('',#19024,#19025,#19026);
#19024 = CARTESIAN_POINT('',(9.7,136.6,-55.));
#19025 = DIRECTION('',(0.,0.,1.));
#19026 = DIRECTION('',(-1.,0.,0.));
#19027 = ADVANCED_FACE('',(#19028),#19034,.T.);
#19028 = FACE_BOUND('',#19029,.T.);
#19029 = EDGE_LOOP('',(#19030,#19031,#19032,#19033));
#19030 = ORIENTED_EDGE('',*,*,#15615,.F.);
#19031 = ORIENTED_EDGE('',*,*,#18907,.F.);
#19032 = ORIENTED_EDGE('',*,*,#16840,.T.);
#19033 = ORIENTED_EDGE('',*,*,#19014,.T.);
#19034 = PLANE('',#19035);
#19035 = AXIS2_PLACEMENT_3D('',#19036,#19037,#19038);
#19036 = CARTESIAN_POINT('',(8.5,135.,-55.));
#19037 = DIRECTION('',(1.,0.,0.));
#19038 = DIRECTION('',(0.,0.,1.));
#19039 = ADVANCED_FACE('',(#19040),#19059,.F.);
#19040 = FACE_BOUND('',#19041,.F.);
#19041 = EDGE_LOOP('',(#19042,#19043,#19051,#19058));
#19042 = ORIENTED_EDGE('',*,*,#15674,.F.);
#19043 = ORIENTED_EDGE('',*,*,#19044,.F.);
#19044 = EDGE_CURVE('',#19045,#15675,#19047,.T.);
#19045 = VERTEX_POINT('',#19046);
#19046 = CARTESIAN_POINT('',(34.2,143.9,-57.1));
#19047 = LINE('',#19048,#19049);
#19048 = CARTESIAN_POINT('',(34.2,143.9,-61.));
#19049 = VECTOR('',#19050,1.);
#19050 = DIRECTION('',(0.,0.,1.));
#19051 = ORIENTED_EDGE('',*,*,#19052,.T.);
#19052 = EDGE_CURVE('',#19045,#19045,#19053,.T.);
#19053 = CIRCLE('',#19054,1.7);
#19054 = AXIS2_PLACEMENT_3D('',#19055,#19056,#19057);
#19055 = CARTESIAN_POINT('',(32.5,143.9,-57.1));
#19056 = DIRECTION('',(0.,0.,1.));
#19057 = DIRECTION('',(1.,0.,0.));
#19058 = ORIENTED_EDGE('',*,*,#19044,.T.);
#19059 = CYLINDRICAL_SURFACE('',#19060,1.7);
#19060 = AXIS2_PLACEMENT_3D('',#19061,#19062,#19063);
#19061 = CARTESIAN_POINT('',(32.5,143.9,-61.));
#19062 = DIRECTION('',(0.,0.,1.));
#19063 = DIRECTION('',(1.,0.,0.));
#19064 = ADVANCED_FACE('',(#19065),#19075,.T.);
#19065 = FACE_BOUND('',#19066,.T.);
#19066 = EDGE_LOOP('',(#19067,#19068));
#19067 = ORIENTED_EDGE('',*,*,#15700,.F.);
#19068 = ORIENTED_EDGE('',*,*,#19069,.T.);
#19069 = EDGE_CURVE('',#15692,#15701,#19070,.T.);
#19070 = CIRCLE('',#19071,6.);
#19071 = AXIS2_PLACEMENT_3D('',#19072,#19073,#19074);
#19072 = CARTESIAN_POINT('',(-32.5,1.5,-53.5));
#19073 = DIRECTION('',(0.,0.,1.));
#19074 = DIRECTION('',(1.,0.,0.));
#19075 = PLANE('',#19076);
#19076 = AXIS2_PLACEMENT_3D('',#19077,#19078,#19079);
#19077 = CARTESIAN_POINT('',(-32.5,1.5,-53.5));
#19078 = DIRECTION('',(0.,0.,1.));
#19079 = DIRECTION('',(1.,0.,0.));
#19080 = ADVANCED_FACE('',(#19081),#19091,.T.);
#19081 = FACE_BOUND('',#19082,.T.);
#19082 = EDGE_LOOP('',(#19083,#19084));
#19083 = ORIENTED_EDGE('',*,*,#15743,.T.);
#19084 = ORIENTED_EDGE('',*,*,#19085,.T.);
#19085 = EDGE_CURVE('',#15744,#15735,#19086,.T.);
#19086 = CIRCLE('',#19087,6.);
#19087 = AXIS2_PLACEMENT_3D('',#19088,#19089,#19090);
#19088 = CARTESIAN_POINT('',(-32.5,143.9,-53.5));
#19089 = DIRECTION('',(0.,0.,1.));
#19090 = DIRECTION('',(1.,0.,0.));
#19091 = PLANE('',#19092);
#19092 = AXIS2_PLACEMENT_3D('',#19093,#19094,#19095);
#19093 = CARTESIAN_POINT('',(-32.5,143.9,-53.5));
#19094 = DIRECTION('',(0.,0.,1.));
#19095 = DIRECTION('',(1.,0.,0.));
#19096 = ADVANCED_FACE('',(#19097),#19128,.T.);
#19097 = FACE_BOUND('',#19098,.T.);
#19098 = EDGE_LOOP('',(#19099,#19108,#19114,#19115,#19116,#19123,#19124,
    #19125,#19126,#19127));
#19099 = ORIENTED_EDGE('',*,*,#19100,.T.);
#19100 = EDGE_CURVE('',#19101,#19101,#19103,.T.);
#19101 = VERTEX_POINT('',#19102);
#19102 = CARTESIAN_POINT('',(-26.5,143.9,-59.5));
#19103 = CIRCLE('',#19104,6.);
#19104 = AXIS2_PLACEMENT_3D('',#19105,#19106,#19107);
#19105 = CARTESIAN_POINT('',(-32.5,143.9,-59.5));
#19106 = DIRECTION('',(0.,0.,1.));
#19107 = DIRECTION('',(1.,0.,0.));
#19108 = ORIENTED_EDGE('',*,*,#19109,.T.);
#19109 = EDGE_CURVE('',#19101,#15892,#19110,.T.);
#19110 = LINE('',#19111,#19112);
#19111 = CARTESIAN_POINT('',(-26.5,143.9,-59.5));
#19112 = VECTOR('',#19113,1.);
#19113 = DIRECTION('',(0.,0.,1.));
#19114 = ORIENTED_EDGE('',*,*,#15900,.F.);
#19115 = ORIENTED_EDGE('',*,*,#17890,.F.);
#19116 = ORIENTED_EDGE('',*,*,#19117,.F.);
#19117 = EDGE_CURVE('',#17933,#17874,#19118,.T.);
#19118 = CIRCLE('',#19119,6.);
#19119 = AXIS2_PLACEMENT_3D('',#19120,#19121,#19122);
#19120 = CARTESIAN_POINT('',(-32.5,143.9,-55.));
#19121 = DIRECTION('',(0.,0.,1.));
#19122 = DIRECTION('',(1.,0.,0.));
#19123 = ORIENTED_EDGE('',*,*,#17932,.T.);
#19124 = ORIENTED_EDGE('',*,*,#15968,.F.);
#19125 = ORIENTED_EDGE('',*,*,#19085,.F.);
#19126 = ORIENTED_EDGE('',*,*,#15891,.F.);
#19127 = ORIENTED_EDGE('',*,*,#19109,.F.);
#19128 = CYLINDRICAL_SURFACE('',#19129,6.);
#19129 = AXIS2_PLACEMENT_3D('',#19130,#19131,#19132);
#19130 = CARTESIAN_POINT('',(-32.5,143.9,-59.5));
#19131 = DIRECTION('',(0.,0.,1.));
#19132 = DIRECTION('',(1.,0.,0.));
#19133 = ADVANCED_FACE('',(#19134),#19161,.T.);
#19134 = FACE_BOUND('',#19135,.T.);
#19135 = EDGE_LOOP('',(#19136,#19144,#19145,#19152,#19153,#19154));
#19136 = ORIENTED_EDGE('',*,*,#19137,.T.);
#19137 = EDGE_CURVE('',#19138,#15858,#19140,.T.);
#19138 = VERTEX_POINT('',#19139);
#19139 = CARTESIAN_POINT('',(38.5,143.9,-59.5));
#19140 = LINE('',#19141,#19142);
#19141 = CARTESIAN_POINT('',(38.5,143.9,-59.5));
#19142 = VECTOR('',#19143,1.);
#19143 = DIRECTION('',(0.,0.,1.));
#19144 = ORIENTED_EDGE('',*,*,#15866,.F.);
#19145 = ORIENTED_EDGE('',*,*,#19146,.F.);
#19146 = EDGE_CURVE('',#15849,#15867,#19147,.T.);
#19147 = CIRCLE('',#19148,6.);
#19148 = AXIS2_PLACEMENT_3D('',#19149,#19150,#19151);
#19149 = CARTESIAN_POINT('',(32.5,143.9,-53.5));
#19150 = DIRECTION('',(0.,0.,1.));
#19151 = DIRECTION('',(1.,0.,0.));
#19152 = ORIENTED_EDGE('',*,*,#15857,.F.);
#19153 = ORIENTED_EDGE('',*,*,#19137,.F.);
#19154 = ORIENTED_EDGE('',*,*,#19155,.T.);
#19155 = EDGE_CURVE('',#19138,#19138,#19156,.T.);
#19156 = CIRCLE('',#19157,6.);
#19157 = AXIS2_PLACEMENT_3D('',#19158,#19159,#19160);
#19158 = CARTESIAN_POINT('',(32.5,143.9,-59.5));
#19159 = DIRECTION('',(0.,0.,1.));
#19160 = DIRECTION('',(1.,0.,0.));
#19161 = CYLINDRICAL_SURFACE('',#19162,6.);
#19162 = AXIS2_PLACEMENT_3D('',#19163,#19164,#19165);
#19163 = CARTESIAN_POINT('',(32.5,143.9,-59.5));
#19164 = DIRECTION('',(0.,0.,1.));
#19165 = DIRECTION('',(1.,0.,0.));
#19166 = ADVANCED_FACE('',(#19167),#19194,.T.);
#19167 = FACE_BOUND('',#19168,.T.);
#19168 = EDGE_LOOP('',(#19169,#19177,#19178,#19185,#19186,#19187));
#19169 = ORIENTED_EDGE('',*,*,#19170,.T.);
#19170 = EDGE_CURVE('',#19171,#15814,#19173,.T.);
#19171 = VERTEX_POINT('',#19172);
#19172 = CARTESIAN_POINT('',(38.5,1.5,-59.5));
#19173 = LINE('',#19174,#19175);
#19174 = CARTESIAN_POINT('',(38.5,1.5,-59.5));
#19175 = VECTOR('',#19176,1.);
#19176 = DIRECTION('',(0.,0.,1.));
#19177 = ORIENTED_EDGE('',*,*,#15822,.F.);
#19178 = ORIENTED_EDGE('',*,*,#19179,.F.);
#19179 = EDGE_CURVE('',#15805,#15823,#19180,.T.);
#19180 = CIRCLE('',#19181,6.);
#19181 = AXIS2_PLACEMENT_3D('',#19182,#19183,#19184);
#19182 = CARTESIAN_POINT('',(32.5,1.5,-53.5));
#19183 = DIRECTION('',(0.,0.,1.));
#19184 = DIRECTION('',(1.,0.,0.));
#19185 = ORIENTED_EDGE('',*,*,#15813,.F.);
#19186 = ORIENTED_EDGE('',*,*,#19170,.F.);
#19187 = ORIENTED_EDGE('',*,*,#19188,.T.);
#19188 = EDGE_CURVE('',#19171,#19171,#19189,.T.);
#19189 = CIRCLE('',#19190,6.);
#19190 = AXIS2_PLACEMENT_3D('',#19191,#19192,#19193);
#19191 = CARTESIAN_POINT('',(32.5,1.5,-59.5));
#19192 = DIRECTION('',(0.,0.,1.));
#19193 = DIRECTION('',(1.,0.,0.));
#19194 = CYLINDRICAL_SURFACE('',#19195,6.);
#19195 = AXIS2_PLACEMENT_3D('',#19196,#19197,#19198);
#19196 = CARTESIAN_POINT('',(32.5,1.5,-59.5));
#19197 = DIRECTION('',(0.,0.,1.));
#19198 = DIRECTION('',(1.,0.,0.));
#19199 = ADVANCED_FACE('',(#19200),#19221,.T.);
#19200 = FACE_BOUND('',#19201,.T.);
#19201 = EDGE_LOOP('',(#19202,#19210,#19211,#19212,#19213,#19214));
#19202 = ORIENTED_EDGE('',*,*,#19203,.T.);
#19203 = EDGE_CURVE('',#19204,#15780,#19206,.T.);
#19204 = VERTEX_POINT('',#19205);
#19205 = CARTESIAN_POINT('',(-26.5,1.5,-59.5));
#19206 = LINE('',#19207,#19208);
#19207 = CARTESIAN_POINT('',(-26.5,1.5,-59.5));
#19208 = VECTOR('',#19209,1.);
#19209 = DIRECTION('',(0.,0.,1.));
#19210 = ORIENTED_EDGE('',*,*,#15788,.F.);
#19211 = ORIENTED_EDGE('',*,*,#19069,.F.);
#19212 = ORIENTED_EDGE('',*,*,#15779,.F.);
#19213 = ORIENTED_EDGE('',*,*,#19203,.F.);
#19214 = ORIENTED_EDGE('',*,*,#19215,.T.);
#19215 = EDGE_CURVE('',#19204,#19204,#19216,.T.);
#19216 = CIRCLE('',#19217,6.);
#19217 = AXIS2_PLACEMENT_3D('',#19218,#19219,#19220);
#19218 = CARTESIAN_POINT('',(-32.5,1.5,-59.5));
#19219 = DIRECTION('',(0.,0.,1.));
#19220 = DIRECTION('',(1.,0.,0.));
#19221 = CYLINDRICAL_SURFACE('',#19222,6.);
#19222 = AXIS2_PLACEMENT_3D('',#19223,#19224,#19225);
#19223 = CARTESIAN_POINT('',(-32.5,1.5,-59.5));
#19224 = DIRECTION('',(0.,0.,1.));
#19225 = DIRECTION('',(1.,0.,0.));
#19226 = ADVANCED_FACE('',(#19227),#19246,.F.);
#19227 = FACE_BOUND('',#19228,.F.);
#19228 = EDGE_LOOP('',(#19229,#19237,#19244,#19245));
#19229 = ORIENTED_EDGE('',*,*,#19230,.T.);
#19230 = EDGE_CURVE('',#15979,#19231,#19233,.T.);
#19231 = VERTEX_POINT('',#19232);
#19232 = CARTESIAN_POINT('',(-7.75,55.,-45.5));
#19233 = LINE('',#19234,#19235);
#19234 = CARTESIAN_POINT('',(-7.75,55.,-54.));
#19235 = VECTOR('',#19236,1.);
#19236 = DIRECTION('',(0.,0.,1.));
#19237 = ORIENTED_EDGE('',*,*,#19238,.F.);
#19238 = EDGE_CURVE('',#19231,#19231,#19239,.T.);
#19239 = CIRCLE('',#19240,4.25);
#19240 = AXIS2_PLACEMENT_3D('',#19241,#19242,#19243);
#19241 = CARTESIAN_POINT('',(-12.,55.,-45.5));
#19242 = DIRECTION('',(0.,0.,1.));
#19243 = DIRECTION('',(1.,0.,0.));
#19244 = ORIENTED_EDGE('',*,*,#19230,.F.);
#19245 = ORIENTED_EDGE('',*,*,#15978,.T.);
#19246 = CYLINDRICAL_SURFACE('',#19247,4.25);
#19247 = AXIS2_PLACEMENT_3D('',#19248,#19249,#19250);
#19248 = CARTESIAN_POINT('',(-12.,55.,-54.));
#19249 = DIRECTION('',(0.,0.,1.));
#19250 = DIRECTION('',(1.,0.,0.));
#19251 = ADVANCED_FACE('',(#19252),#19256,.T.);
#19252 = FACE_BOUND('',#19253,.T.);
#19253 = EDGE_LOOP('',(#19254,#19255));
#19254 = ORIENTED_EDGE('',*,*,#16940,.T.);
#19255 = ORIENTED_EDGE('',*,*,#19179,.T.);
#19256 = PLANE('',#19257);
#19257 = AXIS2_PLACEMENT_3D('',#19258,#19259,#19260);
#19258 = CARTESIAN_POINT('',(32.5,1.5,-53.5));
#19259 = DIRECTION('',(0.,0.,1.));
#19260 = DIRECTION('',(1.,0.,0.));
#19261 = ADVANCED_FACE('',(#19262),#19266,.T.);
#19262 = FACE_BOUND('',#19263,.T.);
#19263 = EDGE_LOOP('',(#19264,#19265));
#19264 = ORIENTED_EDGE('',*,*,#16965,.F.);
#19265 = ORIENTED_EDGE('',*,*,#19146,.T.);
#19266 = PLANE('',#19267);
#19267 = AXIS2_PLACEMENT_3D('',#19268,#19269,#19270);
#19268 = CARTESIAN_POINT('',(32.5,143.9,-53.5));
#19269 = DIRECTION('',(0.,0.,1.));
#19270 = DIRECTION('',(1.,0.,0.));
#19271 = ADVANCED_FACE('',(#19272,#19283),#19286,.F.);
#19272 = FACE_BOUND('',#19273,.F.);
#19273 = EDGE_LOOP('',(#19274));
#19274 = ORIENTED_EDGE('',*,*,#19275,.T.);
#19275 = EDGE_CURVE('',#19276,#19276,#19278,.T.);
#19276 = VERTEX_POINT('',#19277);
#19277 = CARTESIAN_POINT('',(-28.75,1.5,-57.1));
#19278 = CIRCLE('',#19279,3.75);
#19279 = AXIS2_PLACEMENT_3D('',#19280,#19281,#19282);
#19280 = CARTESIAN_POINT('',(-32.5,1.5,-57.1));
#19281 = DIRECTION('',(0.,0.,1.));
#19282 = DIRECTION('',(1.,0.,0.));
#19283 = FACE_BOUND('',#19284,.F.);
#19284 = EDGE_LOOP('',(#19285));
#19285 = ORIENTED_EDGE('',*,*,#17010,.F.);
#19286 = PLANE('',#19287);
#19287 = AXIS2_PLACEMENT_3D('',#19288,#19289,#19290);
#19288 = CARTESIAN_POINT('',(-32.5,1.5,-57.1));
#19289 = DIRECTION('',(0.,0.,1.));
#19290 = DIRECTION('',(1.,0.,0.));
#19291 = ADVANCED_FACE('',(#19292),#19295,.T.);
#19292 = FACE_BOUND('',#19293,.T.);
#19293 = EDGE_LOOP('',(#19294));
#19294 = ORIENTED_EDGE('',*,*,#17026,.T.);
#19295 = PLANE('',#19296);
#19296 = AXIS2_PLACEMENT_3D('',#19297,#19298,#19299);
#19297 = CARTESIAN_POINT('',(-12.,55.,-45.));
#19298 = DIRECTION('',(0.,0.,1.));
#19299 = DIRECTION('',(1.,0.,0.));
#19300 = ADVANCED_FACE('',(#19301,#19312),#19315,.F.);
#19301 = FACE_BOUND('',#19302,.F.);
#19302 = EDGE_LOOP('',(#19303));
#19303 = ORIENTED_EDGE('',*,*,#19304,.T.);
#19304 = EDGE_CURVE('',#19305,#19305,#19307,.T.);
#19305 = VERTEX_POINT('',#19306);
#19306 = CARTESIAN_POINT('',(36.25,1.5,-57.1));
#19307 = CIRCLE('',#19308,3.75);
#19308 = AXIS2_PLACEMENT_3D('',#19309,#19310,#19311);
#19309 = CARTESIAN_POINT('',(32.5,1.5,-57.1));
#19310 = DIRECTION('',(0.,0.,1.));
#19311 = DIRECTION('',(1.,0.,0.));
#19312 = FACE_BOUND('',#19313,.F.);
#19313 = EDGE_LOOP('',(#19314));
#19314 = ORIENTED_EDGE('',*,*,#17060,.F.);
#19315 = PLANE('',#19316);
#19316 = AXIS2_PLACEMENT_3D('',#19317,#19318,#19319);
#19317 = CARTESIAN_POINT('',(32.5,1.5,-57.1));
#19318 = DIRECTION('',(0.,0.,1.));
#19319 = DIRECTION('',(1.,0.,0.));
#19320 = ADVANCED_FACE('',(#19321,#19332),#19335,.F.);
#19321 = FACE_BOUND('',#19322,.F.);
#19322 = EDGE_LOOP('',(#19323));
#19323 = ORIENTED_EDGE('',*,*,#19324,.T.);
#19324 = EDGE_CURVE('',#19325,#19325,#19327,.T.);
#19325 = VERTEX_POINT('',#19326);
#19326 = CARTESIAN_POINT('',(-28.75,143.9,-57.1));
#19327 = CIRCLE('',#19328,3.75);
#19328 = AXIS2_PLACEMENT_3D('',#19329,#19330,#19331);
#19329 = CARTESIAN_POINT('',(-32.5,143.9,-57.1));
#19330 = DIRECTION('',(0.,0.,1.));
#19331 = DIRECTION('',(1.,0.,0.));
#19332 = FACE_BOUND('',#19333,.F.);
#19333 = EDGE_LOOP('',(#19334));
#19334 = ORIENTED_EDGE('',*,*,#17765,.F.);
#19335 = PLANE('',#19336);
#19336 = AXIS2_PLACEMENT_3D('',#19337,#19338,#19339);
#19337 = CARTESIAN_POINT('',(-32.5,143.9,-57.1));
#19338 = DIRECTION('',(0.,0.,1.));
#19339 = DIRECTION('',(1.,0.,0.));
#19340 = ADVANCED_FACE('',(#19341),#19347,.T.);
#19341 = FACE_BOUND('',#19342,.T.);
#19342 = EDGE_LOOP('',(#19343,#19344,#19345,#19346));
#19343 = ORIENTED_EDGE('',*,*,#17940,.F.);
#19344 = ORIENTED_EDGE('',*,*,#19117,.T.);
#19345 = ORIENTED_EDGE('',*,*,#17871,.F.);
#19346 = ORIENTED_EDGE('',*,*,#17912,.F.);
#19347 = PLANE('',#19348);
#19348 = AXIS2_PLACEMENT_3D('',#19349,#19350,#19351);
#19349 = CARTESIAN_POINT('',(-32.55,111.35,-55.));
#19350 = DIRECTION('',(0.,0.,1.));
#19351 = DIRECTION('',(1.,0.,0.));
#19352 = ADVANCED_FACE('',(#19353,#19364),#19367,.F.);
#19353 = FACE_BOUND('',#19354,.F.);
#19354 = EDGE_LOOP('',(#19355));
#19355 = ORIENTED_EDGE('',*,*,#19356,.T.);
#19356 = EDGE_CURVE('',#19357,#19357,#19359,.T.);
#19357 = VERTEX_POINT('',#19358);
#19358 = CARTESIAN_POINT('',(36.25,143.9,-57.1));
#19359 = CIRCLE('',#19360,3.75);
#19360 = AXIS2_PLACEMENT_3D('',#19361,#19362,#19363);
#19361 = CARTESIAN_POINT('',(32.5,143.9,-57.1));
#19362 = DIRECTION('',(0.,0.,1.));
#19363 = DIRECTION('',(1.,0.,0.));
#19364 = FACE_BOUND('',#19365,.F.);
#19365 = EDGE_LOOP('',(#19366));
#19366 = ORIENTED_EDGE('',*,*,#19052,.F.);
#19367 = PLANE('',#19368);
#19368 = AXIS2_PLACEMENT_3D('',#19369,#19370,#19371);
#19369 = CARTESIAN_POINT('',(32.5,143.9,-57.1));
#19370 = DIRECTION('',(0.,0.,1.));
#19371 = DIRECTION('',(1.,0.,0.));
#19372 = ADVANCED_FACE('',(#19373,#19376),#19387,.F.);
#19373 = FACE_BOUND('',#19374,.F.);
#19374 = EDGE_LOOP('',(#19375));
#19375 = ORIENTED_EDGE('',*,*,#19100,.T.);
#19376 = FACE_BOUND('',#19377,.F.);
#19377 = EDGE_LOOP('',(#19378));
#19378 = ORIENTED_EDGE('',*,*,#19379,.F.);
#19379 = EDGE_CURVE('',#19380,#19380,#19382,.T.);
#19380 = VERTEX_POINT('',#19381);
#19381 = CARTESIAN_POINT('',(-28.75,143.9,-59.5));
#19382 = CIRCLE('',#19383,3.75);
#19383 = AXIS2_PLACEMENT_3D('',#19384,#19385,#19386);
#19384 = CARTESIAN_POINT('',(-32.5,143.9,-59.5));
#19385 = DIRECTION('',(0.,0.,1.));
#19386 = DIRECTION('',(1.,0.,0.));
#19387 = PLANE('',#19388);
#19388 = AXIS2_PLACEMENT_3D('',#19389,#19390,#19391);
#19389 = CARTESIAN_POINT('',(-32.5,143.9,-59.5));
#19390 = DIRECTION('',(0.,0.,1.));
#19391 = DIRECTION('',(1.,0.,0.));
#19392 = ADVANCED_FACE('',(#19393,#19396),#19407,.F.);
#19393 = FACE_BOUND('',#19394,.F.);
#19394 = EDGE_LOOP('',(#19395));
#19395 = ORIENTED_EDGE('',*,*,#19155,.T.);
#19396 = FACE_BOUND('',#19397,.F.);
#19397 = EDGE_LOOP('',(#19398));
#19398 = ORIENTED_EDGE('',*,*,#19399,.F.);
#19399 = EDGE_CURVE('',#19400,#19400,#19402,.T.);
#19400 = VERTEX_POINT('',#19401);
#19401 = CARTESIAN_POINT('',(36.25,143.9,-59.5));
#19402 = CIRCLE('',#19403,3.75);
#19403 = AXIS2_PLACEMENT_3D('',#19404,#19405,#19406);
#19404 = CARTESIAN_POINT('',(32.5,143.9,-59.5));
#19405 = DIRECTION('',(0.,0.,1.));
#19406 = DIRECTION('',(1.,0.,0.));
#19407 = PLANE('',#19408);
#19408 = AXIS2_PLACEMENT_3D('',#19409,#19410,#19411);
#19409 = CARTESIAN_POINT('',(32.5,143.9,-59.5));
#19410 = DIRECTION('',(0.,0.,1.));
#19411 = DIRECTION('',(1.,0.,0.));
#19412 = ADVANCED_FACE('',(#19413,#19416),#19427,.F.);
#19413 = FACE_BOUND('',#19414,.F.);
#19414 = EDGE_LOOP('',(#19415));
#19415 = ORIENTED_EDGE('',*,*,#19188,.T.);
#19416 = FACE_BOUND('',#19417,.F.);
#19417 = EDGE_LOOP('',(#19418));
#19418 = ORIENTED_EDGE('',*,*,#19419,.F.);
#19419 = EDGE_CURVE('',#19420,#19420,#19422,.T.);
#19420 = VERTEX_POINT('',#19421);
#19421 = CARTESIAN_POINT('',(36.25,1.5,-59.5));
#19422 = CIRCLE('',#19423,3.75);
#19423 = AXIS2_PLACEMENT_3D('',#19424,#19425,#19426);
#19424 = CARTESIAN_POINT('',(32.5,1.5,-59.5));
#19425 = DIRECTION('',(0.,0.,1.));
#19426 = DIRECTION('',(1.,0.,0.));
#19427 = PLANE('',#19428);
#19428 = AXIS2_PLACEMENT_3D('',#19429,#19430,#19431);
#19429 = CARTESIAN_POINT('',(32.5,1.5,-59.5));
#19430 = DIRECTION('',(0.,0.,1.));
#19431 = DIRECTION('',(1.,0.,0.));
#19432 = ADVANCED_FACE('',(#19433,#19436),#19447,.F.);
#19433 = FACE_BOUND('',#19434,.F.);
#19434 = EDGE_LOOP('',(#19435));
#19435 = ORIENTED_EDGE('',*,*,#19215,.T.);
#19436 = FACE_BOUND('',#19437,.F.);
#19437 = EDGE_LOOP('',(#19438));
#19438 = ORIENTED_EDGE('',*,*,#19439,.F.);
#19439 = EDGE_CURVE('',#19440,#19440,#19442,.T.);
#19440 = VERTEX_POINT('',#19441);
#19441 = CARTESIAN_POINT('',(-28.75,1.5,-59.5));
#19442 = CIRCLE('',#19443,3.75);
#19443 = AXIS2_PLACEMENT_3D('',#19444,#19445,#19446);
#19444 = CARTESIAN_POINT('',(-32.5,1.5,-59.5));
#19445 = DIRECTION('',(0.,0.,1.));
#19446 = DIRECTION('',(1.,0.,0.));
#19447 = PLANE('',#19448);
#19448 = AXIS2_PLACEMENT_3D('',#19449,#19450,#19451);
#19449 = CARTESIAN_POINT('',(-32.5,1.5,-59.5));
#19450 = DIRECTION('',(0.,0.,1.));
#19451 = DIRECTION('',(1.,0.,0.));
#19452 = ADVANCED_FACE('',(#19453),#19456,.F.);
#19453 = FACE_BOUND('',#19454,.F.);
#19454 = EDGE_LOOP('',(#19455));
#19455 = ORIENTED_EDGE('',*,*,#19238,.T.);
#19456 = PLANE('',#19457);
#19457 = AXIS2_PLACEMENT_3D('',#19458,#19459,#19460);
#19458 = CARTESIAN_POINT('',(-12.,55.,-45.5));
#19459 = DIRECTION('',(0.,0.,1.));
#19460 = DIRECTION('',(1.,0.,0.));
#19461 = ADVANCED_FACE('',(#19462),#19473,.F.);
#19462 = FACE_BOUND('',#19463,.F.);
#19463 = EDGE_LOOP('',(#19464,#19470,#19471,#19472));
#19464 = ORIENTED_EDGE('',*,*,#19465,.T.);
#19465 = EDGE_CURVE('',#19440,#19276,#19466,.T.);
#19466 = LINE('',#19467,#19468);
#19467 = CARTESIAN_POINT('',(-28.75,1.5,-59.6));
#19468 = VECTOR('',#19469,1.);
#19469 = DIRECTION('',(0.,0.,1.));
#19470 = ORIENTED_EDGE('',*,*,#19275,.F.);
#19471 = ORIENTED_EDGE('',*,*,#19465,.F.);
#19472 = ORIENTED_EDGE('',*,*,#19439,.T.);
#19473 = CYLINDRICAL_SURFACE('',#19474,3.75);
#19474 = AXIS2_PLACEMENT_3D('',#19475,#19476,#19477);
#19475 = CARTESIAN_POINT('',(-32.5,1.5,-59.6));
#19476 = DIRECTION('',(0.,0.,1.));
#19477 = DIRECTION('',(1.,0.,0.));
#19478 = ADVANCED_FACE('',(#19479),#19490,.F.);
#19479 = FACE_BOUND('',#19480,.F.);
#19480 = EDGE_LOOP('',(#19481,#19487,#19488,#19489));
#19481 = ORIENTED_EDGE('',*,*,#19482,.T.);
#19482 = EDGE_CURVE('',#19420,#19305,#19483,.T.);
#19483 = LINE('',#19484,#19485);
#19484 = CARTESIAN_POINT('',(36.25,1.5,-59.6));
#19485 = VECTOR('',#19486,1.);
#19486 = DIRECTION('',(0.,0.,1.));
#19487 = ORIENTED_EDGE('',*,*,#19304,.F.);
#19488 = ORIENTED_EDGE('',*,*,#19482,.F.);
#19489 = ORIENTED_EDGE('',*,*,#19419,.T.);
#19490 = CYLINDRICAL_SURFACE('',#19491,3.75);
#19491 = AXIS2_PLACEMENT_3D('',#19492,#19493,#19494);
#19492 = CARTESIAN_POINT('',(32.5,1.5,-59.6));
#19493 = DIRECTION('',(0.,0.,1.));
#19494 = DIRECTION('',(1.,0.,0.));
#19495 = ADVANCED_FACE('',(#19496),#19507,.F.);
#19496 = FACE_BOUND('',#19497,.F.);
#19497 = EDGE_LOOP('',(#19498,#19504,#19505,#19506));
#19498 = ORIENTED_EDGE('',*,*,#19499,.T.);
#19499 = EDGE_CURVE('',#19380,#19325,#19500,.T.);
#19500 = LINE('',#19501,#19502);
#19501 = CARTESIAN_POINT('',(-28.75,143.9,-59.6));
#19502 = VECTOR('',#19503,1.);
#19503 = DIRECTION('',(0.,0.,1.));
#19504 = ORIENTED_EDGE('',*,*,#19324,.F.);
#19505 = ORIENTED_EDGE('',*,*,#19499,.F.);
#19506 = ORIENTED_EDGE('',*,*,#19379,.T.);
#19507 = CYLINDRICAL_SURFACE('',#19508,3.75);
#19508 = AXIS2_PLACEMENT_3D('',#19509,#19510,#19511);
#19509 = CARTESIAN_POINT('',(-32.5,143.9,-59.6));
#19510 = DIRECTION('',(0.,0.,1.));
#19511 = DIRECTION('',(1.,0.,0.));
#19512 = ADVANCED_FACE('',(#19513),#19524,.F.);
#19513 = FACE_BOUND('',#19514,.F.);
#19514 = EDGE_LOOP('',(#19515,#19521,#19522,#19523));
#19515 = ORIENTED_EDGE('',*,*,#19516,.T.);
#19516 = EDGE_CURVE('',#19400,#19357,#19517,.T.);
#19517 = LINE('',#19518,#19519);
#19518 = CARTESIAN_POINT('',(36.25,143.9,-59.6));
#19519 = VECTOR('',#19520,1.);
#19520 = DIRECTION('',(0.,0.,1.));
#19521 = ORIENTED_EDGE('',*,*,#19356,.F.);
#19522 = ORIENTED_EDGE('',*,*,#19516,.F.);
#19523 = ORIENTED_EDGE('',*,*,#19399,.T.);
#19524 = CYLINDRICAL_SURFACE('',#19525,3.75);
#19525 = AXIS2_PLACEMENT_3D('',#19526,#19527,#19528);
#19526 = CARTESIAN_POINT('',(32.5,143.9,-59.6));
#19527 = DIRECTION('',(0.,0.,1.));
#19528 = DIRECTION('',(1.,0.,0.));
#19529 = MANIFOLD_SOLID_BREP('',#19530);
#19530 = CLOSED_SHELL('',(#19531,#19571,#19740,#19765,#19790,#19955,
    #19972,#19989,#20006,#20023,#20060,#20095,#20134,#20151,#20168,
    #20185,#20202,#20219,#20236,#20248,#20266,#20291,#20316,#20341,
    #20366,#20379,#20388,#20397,#20406));
#19531 = ADVANCED_FACE('',(#19532),#19566,.F.);
#19532 = FACE_BOUND('',#19533,.F.);
#19533 = EDGE_LOOP('',(#19534,#19544,#19552,#19560));
#19534 = ORIENTED_EDGE('',*,*,#19535,.F.);
#19535 = EDGE_CURVE('',#19536,#19538,#19540,.T.);
#19536 = VERTEX_POINT('',#19537);
#19537 = CARTESIAN_POINT('',(-41.,7.5,38.));
#19538 = VERTEX_POINT('',#19539);
#19539 = CARTESIAN_POINT('',(-41.,137.9,38.));
#19540 = LINE('',#19541,#19542);
#19541 = CARTESIAN_POINT('',(-41.,-6.5,38.));
#19542 = VECTOR('',#19543,1.);
#19543 = DIRECTION('',(0.,1.,0.));
#19544 = ORIENTED_EDGE('',*,*,#19545,.F.);
#19545 = EDGE_CURVE('',#19546,#19536,#19548,.T.);
#19546 = VERTEX_POINT('',#19547);
#19547 = CARTESIAN_POINT('',(-41.,7.5,35.));
#19548 = LINE('',#19549,#19550);
#19549 = CARTESIAN_POINT('',(-41.,7.5,35.));
#19550 = VECTOR('',#19551,1.);
#19551 = DIRECTION('',(0.,0.,1.));
#19552 = ORIENTED_EDGE('',*,*,#19553,.T.);
#19553 = EDGE_CURVE('',#19546,#19554,#19556,.T.);
#19554 = VERTEX_POINT('',#19555);
#19555 = CARTESIAN_POINT('',(-41.,137.9,35.));
#19556 = LINE('',#19557,#19558);
#19557 = CARTESIAN_POINT('',(-41.,-6.5,35.));
#19558 = VECTOR('',#19559,1.);
#19559 = DIRECTION('',(0.,1.,0.));
#19560 = ORIENTED_EDGE('',*,*,#19561,.T.);
#19561 = EDGE_CURVE('',#19554,#19538,#19562,.T.);
#19562 = LINE('',#19563,#19564);
#19563 = CARTESIAN_POINT('',(-41.,137.9,35.));
#19564 = VECTOR('',#19565,1.);
#19565 = DIRECTION('',(0.,0.,1.));
#19566 = PLANE('',#19567);
#19567 = AXIS2_PLACEMENT_3D('',#19568,#19569,#19570);
#19568 = CARTESIAN_POINT('',(-41.,-6.5,35.));
#19569 = DIRECTION('',(1.,0.,0.));
#19570 = DIRECTION('',(0.,0.,1.));
#19571 = ADVANCED_FACE('',(#19572),#19735,.T.);
#19572 = FACE_BOUND('',#19573,.T.);
#19573 = EDGE_LOOP('',(#19574,#19575,#19584,#19592,#19601,#19609,#19618,
    #19626,#19635,#19643,#19652,#19660,#19669,#19677,#19686,#19694,
    #19703,#19711,#19720,#19728));
#19574 = ORIENTED_EDGE('',*,*,#19535,.F.);
#19575 = ORIENTED_EDGE('',*,*,#19576,.T.);
#19576 = EDGE_CURVE('',#19536,#19577,#19579,.T.);
#19577 = VERTEX_POINT('',#19578);
#19578 = CARTESIAN_POINT('',(-27.,-6.5,38.));
#19579 = CIRCLE('',#19580,14.);
#19580 = AXIS2_PLACEMENT_3D('',#19581,#19582,#19583);
#19581 = CARTESIAN_POINT('',(-27.,7.5,38.));
#19582 = DIRECTION('',(-0.,0.,1.));
#19583 = DIRECTION('',(0.,-1.,0.));
#19584 = ORIENTED_EDGE('',*,*,#19585,.T.);
#19585 = EDGE_CURVE('',#19577,#19586,#19588,.T.);
#19586 = VERTEX_POINT('',#19587);
#19587 = CARTESIAN_POINT('',(-15.39162349087,-6.5,38.));
#19588 = LINE('',#19589,#19590);
#19589 = CARTESIAN_POINT('',(-41.,-6.5,38.));
#19590 = VECTOR('',#19591,1.);
#19591 = DIRECTION('',(1.,0.,0.));
#19592 = ORIENTED_EDGE('',*,*,#19593,.F.);
#19593 = EDGE_CURVE('',#19594,#19586,#19596,.T.);
#19594 = VERTEX_POINT('',#19595);
#19595 = CARTESIAN_POINT('',(-18.59961000138,1.2,38.));
#19596 = ELLIPSE('',#19597,6.033049677381,6.);
#19597 = AXIS2_PLACEMENT_3D('',#19598,#19599,#19600);
#19598 = CARTESIAN_POINT('',(-13.,-0.966950322619,38.));
#19599 = DIRECTION('',(0.,-0.,1.));
#19600 = DIRECTION('',(0.,1.,0.));
#19601 = ORIENTED_EDGE('',*,*,#19602,.T.);
#19602 = EDGE_CURVE('',#19594,#19603,#19605,.T.);
#19603 = VERTEX_POINT('',#19604);
#19604 = CARTESIAN_POINT('',(-24.7,1.2,38.));
#19605 = LINE('',#19606,#19607);
#19606 = CARTESIAN_POINT('',(-37.65,1.2,38.));
#19607 = VECTOR('',#19608,1.);
#19608 = DIRECTION('',(-1.,0.,0.));
#19609 = ORIENTED_EDGE('',*,*,#19610,.F.);
#19610 = EDGE_CURVE('',#19611,#19603,#19613,.T.);
#19611 = VERTEX_POINT('',#19612);
#19612 = CARTESIAN_POINT('',(-34.3,10.8,38.));
#19613 = CIRCLE('',#19614,9.6);
#19614 = AXIS2_PLACEMENT_3D('',#19615,#19616,#19617);
#19615 = CARTESIAN_POINT('',(-24.7,10.8,38.));
#19616 = DIRECTION('',(0.,0.,1.));
#19617 = DIRECTION('',(-1.,0.,0.));
#19618 = ORIENTED_EDGE('',*,*,#19619,.T.);
#19619 = EDGE_CURVE('',#19611,#19620,#19622,.T.);
#19620 = VERTEX_POINT('',#19621);
#19621 = CARTESIAN_POINT('',(-34.3,134.6,38.));
#19622 = LINE('',#19623,#19624);
#19623 = CARTESIAN_POINT('',(-34.3,-2.65,38.));
#19624 = VECTOR('',#19625,1.);
#19625 = DIRECTION('',(0.,1.,0.));
#19626 = ORIENTED_EDGE('',*,*,#19627,.F.);
#19627 = EDGE_CURVE('',#19628,#19620,#19630,.T.);
#19628 = VERTEX_POINT('',#19629);
#19629 = CARTESIAN_POINT('',(-24.7,144.2,38.));
#19630 = CIRCLE('',#19631,9.6);
#19631 = AXIS2_PLACEMENT_3D('',#19632,#19633,#19634);
#19632 = CARTESIAN_POINT('',(-24.7,134.6,38.));
#19633 = DIRECTION('',(0.,0.,1.));
#19634 = DIRECTION('',(-1.,0.,0.));
#19635 = ORIENTED_EDGE('',*,*,#19636,.F.);
#19636 = EDGE_CURVE('',#19637,#19628,#19639,.T.);
#19637 = VERTEX_POINT('',#19638);
#19638 = CARTESIAN_POINT('',(24.7,144.2,38.));
#19639 = LINE('',#19640,#19641);
#19640 = CARTESIAN_POINT('',(-37.65,144.2,38.));
#19641 = VECTOR('',#19642,1.);
#19642 = DIRECTION('',(-1.,0.,0.));
#19643 = ORIENTED_EDGE('',*,*,#19644,.F.);
#19644 = EDGE_CURVE('',#19645,#19637,#19647,.T.);
#19645 = VERTEX_POINT('',#19646);
#19646 = CARTESIAN_POINT('',(34.3,134.6,38.));
#19647 = CIRCLE('',#19648,9.6);
#19648 = AXIS2_PLACEMENT_3D('',#19649,#19650,#19651);
#19649 = CARTESIAN_POINT('',(24.7,134.6,38.));
#19650 = DIRECTION('',(0.,0.,1.));
#19651 = DIRECTION('',(1.,0.,0.));
#19652 = ORIENTED_EDGE('',*,*,#19653,.F.);
#19653 = EDGE_CURVE('',#19654,#19645,#19656,.T.);
#19654 = VERTEX_POINT('',#19655);
#19655 = CARTESIAN_POINT('',(34.3,10.8,38.));
#19656 = LINE('',#19657,#19658);
#19657 = CARTESIAN_POINT('',(34.3,-2.65,38.));
#19658 = VECTOR('',#19659,1.);
#19659 = DIRECTION('',(0.,1.,0.));
#19660 = ORIENTED_EDGE('',*,*,#19661,.F.);
#19661 = EDGE_CURVE('',#19662,#19654,#19664,.T.);
#19662 = VERTEX_POINT('',#19663);
#19663 = CARTESIAN_POINT('',(24.7,1.2,38.));
#19664 = CIRCLE('',#19665,9.6);
#19665 = AXIS2_PLACEMENT_3D('',#19666,#19667,#19668);
#19666 = CARTESIAN_POINT('',(24.7,10.8,38.));
#19667 = DIRECTION('',(0.,0.,1.));
#19668 = DIRECTION('',(1.,0.,0.));
#19669 = ORIENTED_EDGE('',*,*,#19670,.T.);
#19670 = EDGE_CURVE('',#19662,#19671,#19673,.T.);
#19671 = VERTEX_POINT('',#19672);
#19672 = CARTESIAN_POINT('',(18.599610001381,1.2,38.));
#19673 = LINE('',#19674,#19675);
#19674 = CARTESIAN_POINT('',(-37.65,1.2,38.));
#19675 = VECTOR('',#19676,1.);
#19676 = DIRECTION('',(-1.,0.,0.));
#19677 = ORIENTED_EDGE('',*,*,#19678,.F.);
#19678 = EDGE_CURVE('',#19679,#19671,#19681,.T.);
#19679 = VERTEX_POINT('',#19680);
#19680 = CARTESIAN_POINT('',(15.391623490878,-6.5,38.));
#19681 = ELLIPSE('',#19682,6.033049677381,6.);
#19682 = AXIS2_PLACEMENT_3D('',#19683,#19684,#19685);
#19683 = CARTESIAN_POINT('',(13.,-0.966950322619,38.));
#19684 = DIRECTION('',(0.,-0.,1.));
#19685 = DIRECTION('',(0.,1.,0.));
#19686 = ORIENTED_EDGE('',*,*,#19687,.T.);
#19687 = EDGE_CURVE('',#19679,#19688,#19690,.T.);
#19688 = VERTEX_POINT('',#19689);
#19689 = CARTESIAN_POINT('',(27.,-6.5,38.));
#19690 = LINE('',#19691,#19692);
#19691 = CARTESIAN_POINT('',(-41.,-6.5,38.));
#19692 = VECTOR('',#19693,1.);
#19693 = DIRECTION('',(1.,0.,0.));
#19694 = ORIENTED_EDGE('',*,*,#19695,.F.);
#19695 = EDGE_CURVE('',#19696,#19688,#19698,.T.);
#19696 = VERTEX_POINT('',#19697);
#19697 = CARTESIAN_POINT('',(41.,7.5,38.));
#19698 = CIRCLE('',#19699,14.);
#19699 = AXIS2_PLACEMENT_3D('',#19700,#19701,#19702);
#19700 = CARTESIAN_POINT('',(27.,7.5,38.));
#19701 = DIRECTION('',(-0.,-0.,-1.));
#19702 = DIRECTION('',(0.,-1.,0.));
#19703 = ORIENTED_EDGE('',*,*,#19704,.T.);
#19704 = EDGE_CURVE('',#19696,#19705,#19707,.T.);
#19705 = VERTEX_POINT('',#19706);
#19706 = CARTESIAN_POINT('',(41.,137.9,38.));
#19707 = LINE('',#19708,#19709);
#19708 = CARTESIAN_POINT('',(41.,-6.5,38.));
#19709 = VECTOR('',#19710,1.);
#19710 = DIRECTION('',(0.,1.,0.));
#19711 = ORIENTED_EDGE('',*,*,#19712,.T.);
#19712 = EDGE_CURVE('',#19705,#19713,#19715,.T.);
#19713 = VERTEX_POINT('',#19714);
#19714 = CARTESIAN_POINT('',(27.,151.9,38.));
#19715 = CIRCLE('',#19716,14.);
#19716 = AXIS2_PLACEMENT_3D('',#19717,#19718,#19719);
#19717 = CARTESIAN_POINT('',(27.,137.9,38.));
#19718 = DIRECTION('',(-0.,0.,1.));
#19719 = DIRECTION('',(0.,-1.,0.));
#19720 = ORIENTED_EDGE('',*,*,#19721,.F.);
#19721 = EDGE_CURVE('',#19722,#19713,#19724,.T.);
#19722 = VERTEX_POINT('',#19723);
#19723 = CARTESIAN_POINT('',(-27.,151.9,38.));
#19724 = LINE('',#19725,#19726);
#19725 = CARTESIAN_POINT('',(-41.,151.9,38.));
#19726 = VECTOR('',#19727,1.);
#19727 = DIRECTION('',(1.,0.,0.));
#19728 = ORIENTED_EDGE('',*,*,#19729,.F.);
#19729 = EDGE_CURVE('',#19538,#19722,#19730,.T.);
#19730 = CIRCLE('',#19731,14.);
#19731 = AXIS2_PLACEMENT_3D('',#19732,#19733,#19734);
#19732 = CARTESIAN_POINT('',(-27.,137.9,38.));
#19733 = DIRECTION('',(-0.,-0.,-1.));
#19734 = DIRECTION('',(0.,-1.,0.));
#19735 = PLANE('',#19736);
#19736 = AXIS2_PLACEMENT_3D('',#19737,#19738,#19739);
#19737 = CARTESIAN_POINT('',(-41.,-6.5,38.));
#19738 = DIRECTION('',(0.,0.,1.));
#19739 = DIRECTION('',(1.,0.,0.));
#19740 = ADVANCED_FACE('',(#19741),#19760,.T.);
#19741 = FACE_BOUND('',#19742,.T.);
#19742 = EDGE_LOOP('',(#19743,#19752,#19758,#19759));
#19743 = ORIENTED_EDGE('',*,*,#19744,.T.);
#19744 = EDGE_CURVE('',#19546,#19745,#19747,.T.);
#19745 = VERTEX_POINT('',#19746);
#19746 = CARTESIAN_POINT('',(-27.,-6.5,35.));
#19747 = CIRCLE('',#19748,14.);
#19748 = AXIS2_PLACEMENT_3D('',#19749,#19750,#19751);
#19749 = CARTESIAN_POINT('',(-27.,7.5,35.));
#19750 = DIRECTION('',(-0.,0.,1.));
#19751 = DIRECTION('',(0.,-1.,0.));
#19752 = ORIENTED_EDGE('',*,*,#19753,.T.);
#19753 = EDGE_CURVE('',#19745,#19577,#19754,.T.);
#19754 = LINE('',#19755,#19756);
#19755 = CARTESIAN_POINT('',(-27.,-6.5,35.));
#19756 = VECTOR('',#19757,1.);
#19757 = DIRECTION('',(0.,0.,1.));
#19758 = ORIENTED_EDGE('',*,*,#19576,.F.);
#19759 = ORIENTED_EDGE('',*,*,#19545,.F.);
#19760 = CYLINDRICAL_SURFACE('',#19761,14.);
#19761 = AXIS2_PLACEMENT_3D('',#19762,#19763,#19764);
#19762 = CARTESIAN_POINT('',(-27.,7.5,35.));
#19763 = DIRECTION('',(0.,0.,1.));
#19764 = DIRECTION('',(-1.,0.,0.));
#19765 = ADVANCED_FACE('',(#19766),#19785,.T.);
#19766 = FACE_BOUND('',#19767,.F.);
#19767 = EDGE_LOOP('',(#19768,#19777,#19783,#19784));
#19768 = ORIENTED_EDGE('',*,*,#19769,.T.);
#19769 = EDGE_CURVE('',#19554,#19770,#19772,.T.);
#19770 = VERTEX_POINT('',#19771);
#19771 = CARTESIAN_POINT('',(-27.,151.9,35.));
#19772 = CIRCLE('',#19773,14.);
#19773 = AXIS2_PLACEMENT_3D('',#19774,#19775,#19776);
#19774 = CARTESIAN_POINT('',(-27.,137.9,35.));
#19775 = DIRECTION('',(-0.,-0.,-1.));
#19776 = DIRECTION('',(0.,-1.,0.));
#19777 = ORIENTED_EDGE('',*,*,#19778,.T.);
#19778 = EDGE_CURVE('',#19770,#19722,#19779,.T.);
#19779 = LINE('',#19780,#19781);
#19780 = CARTESIAN_POINT('',(-27.,151.9,35.));
#19781 = VECTOR('',#19782,1.);
#19782 = DIRECTION('',(0.,0.,1.));
#19783 = ORIENTED_EDGE('',*,*,#19729,.F.);
#19784 = ORIENTED_EDGE('',*,*,#19561,.F.);
#19785 = CYLINDRICAL_SURFACE('',#19786,14.);
#19786 = AXIS2_PLACEMENT_3D('',#19787,#19788,#19789);
#19787 = CARTESIAN_POINT('',(-27.,137.9,35.));
#19788 = DIRECTION('',(0.,0.,1.));
#19789 = DIRECTION('',(-1.,0.,0.));
#19790 = ADVANCED_FACE('',(#19791,#19836,#19847,#19858,#19928,#19939),
  #19950,.F.);
#19791 = FACE_BOUND('',#19792,.F.);
#19792 = EDGE_LOOP('',(#19793,#19794,#19795,#19803,#19812,#19820,#19829,
    #19835));
#19793 = ORIENTED_EDGE('',*,*,#19553,.F.);
#19794 = ORIENTED_EDGE('',*,*,#19744,.T.);
#19795 = ORIENTED_EDGE('',*,*,#19796,.T.);
#19796 = EDGE_CURVE('',#19745,#19797,#19799,.T.);
#19797 = VERTEX_POINT('',#19798);
#19798 = CARTESIAN_POINT('',(27.,-6.5,35.));
#19799 = LINE('',#19800,#19801);
#19800 = CARTESIAN_POINT('',(-41.,-6.5,35.));
#19801 = VECTOR('',#19802,1.);
#19802 = DIRECTION('',(1.,0.,0.));
#19803 = ORIENTED_EDGE('',*,*,#19804,.F.);
#19804 = EDGE_CURVE('',#19805,#19797,#19807,.T.);
#19805 = VERTEX_POINT('',#19806);
#19806 = CARTESIAN_POINT('',(41.,7.5,35.));
#19807 = CIRCLE('',#19808,14.);
#19808 = AXIS2_PLACEMENT_3D('',#19809,#19810,#19811);
#19809 = CARTESIAN_POINT('',(27.,7.5,35.));
#19810 = DIRECTION('',(-0.,-0.,-1.));
#19811 = DIRECTION('',(0.,-1.,0.));
#19812 = ORIENTED_EDGE('',*,*,#19813,.T.);
#19813 = EDGE_CURVE('',#19805,#19814,#19816,.T.);
#19814 = VERTEX_POINT('',#19815);
#19815 = CARTESIAN_POINT('',(41.,137.9,35.));
#19816 = LINE('',#19817,#19818);
#19817 = CARTESIAN_POINT('',(41.,-6.5,35.));
#19818 = VECTOR('',#19819,1.);
#19819 = DIRECTION('',(0.,1.,0.));
#19820 = ORIENTED_EDGE('',*,*,#19821,.T.);
#19821 = EDGE_CURVE('',#19814,#19822,#19824,.T.);
#19822 = VERTEX_POINT('',#19823);
#19823 = CARTESIAN_POINT('',(27.,151.9,35.));
#19824 = CIRCLE('',#19825,14.);
#19825 = AXIS2_PLACEMENT_3D('',#19826,#19827,#19828);
#19826 = CARTESIAN_POINT('',(27.,137.9,35.));
#19827 = DIRECTION('',(-0.,0.,1.));
#19828 = DIRECTION('',(0.,-1.,0.));
#19829 = ORIENTED_EDGE('',*,*,#19830,.F.);
#19830 = EDGE_CURVE('',#19770,#19822,#19831,.T.);
#19831 = LINE('',#19832,#19833);
#19832 = CARTESIAN_POINT('',(-41.,151.9,35.));
#19833 = VECTOR('',#19834,1.);
#19834 = DIRECTION('',(1.,0.,0.));
#19835 = ORIENTED_EDGE('',*,*,#19769,.F.);
#19836 = FACE_BOUND('',#19837,.F.);
#19837 = EDGE_LOOP('',(#19838));
#19838 = ORIENTED_EDGE('',*,*,#19839,.F.);
#19839 = EDGE_CURVE('',#19840,#19840,#19842,.T.);
#19840 = VERTEX_POINT('',#19841);
#19841 = CARTESIAN_POINT('',(-30.4,1.5,35.));
#19842 = CIRCLE('',#19843,2.1);
#19843 = AXIS2_PLACEMENT_3D('',#19844,#19845,#19846);
#19844 = CARTESIAN_POINT('',(-32.5,1.5,35.));
#19845 = DIRECTION('',(0.,0.,1.));
#19846 = DIRECTION('',(1.,0.,0.));
#19847 = FACE_BOUND('',#19848,.F.);
#19848 = EDGE_LOOP('',(#19849));
#19849 = ORIENTED_EDGE('',*,*,#19850,.F.);
#19850 = EDGE_CURVE('',#19851,#19851,#19853,.T.);
#19851 = VERTEX_POINT('',#19852);
#19852 = CARTESIAN_POINT('',(34.6,1.5,35.));
#19853 = CIRCLE('',#19854,2.1);
#19854 = AXIS2_PLACEMENT_3D('',#19855,#19856,#19857);
#19855 = CARTESIAN_POINT('',(32.5,1.5,35.));
#19856 = DIRECTION('',(0.,0.,1.));
#19857 = DIRECTION('',(1.,0.,0.));
#19858 = FACE_BOUND('',#19859,.F.);
#19859 = EDGE_LOOP('',(#19860,#19871,#19879,#19888,#19896,#19905,#19913,
    #19922));
#19860 = ORIENTED_EDGE('',*,*,#19861,.F.);
#19861 = EDGE_CURVE('',#19862,#19864,#19866,.T.);
#19862 = VERTEX_POINT('',#19863);
#19863 = CARTESIAN_POINT('',(-34.3,10.8,35.));
#19864 = VERTEX_POINT('',#19865);
#19865 = CARTESIAN_POINT('',(-24.7,1.2,35.));
#19866 = CIRCLE('',#19867,9.6);
#19867 = AXIS2_PLACEMENT_3D('',#19868,#19869,#19870);
#19868 = CARTESIAN_POINT('',(-24.7,10.8,35.));
#19869 = DIRECTION('',(0.,0.,1.));
#19870 = DIRECTION('',(-1.,0.,0.));
#19871 = ORIENTED_EDGE('',*,*,#19872,.T.);
#19872 = EDGE_CURVE('',#19862,#19873,#19875,.T.);
#19873 = VERTEX_POINT('',#19874);
#19874 = CARTESIAN_POINT('',(-34.3,134.6,35.));
#19875 = LINE('',#19876,#19877);
#19876 = CARTESIAN_POINT('',(-34.3,-2.65,35.));
#19877 = VECTOR('',#19878,1.);
#19878 = DIRECTION('',(0.,1.,0.));
#19879 = ORIENTED_EDGE('',*,*,#19880,.F.);
#19880 = EDGE_CURVE('',#19881,#19873,#19883,.T.);
#19881 = VERTEX_POINT('',#19882);
#19882 = CARTESIAN_POINT('',(-24.7,144.2,35.));
#19883 = CIRCLE('',#19884,9.6);
#19884 = AXIS2_PLACEMENT_3D('',#19885,#19886,#19887);
#19885 = CARTESIAN_POINT('',(-24.7,134.6,35.));
#19886 = DIRECTION('',(0.,0.,1.));
#19887 = DIRECTION('',(-1.,0.,0.));
#19888 = ORIENTED_EDGE('',*,*,#19889,.F.);
#19889 = EDGE_CURVE('',#19890,#19881,#19892,.T.);
#19890 = VERTEX_POINT('',#19891);
#19891 = CARTESIAN_POINT('',(24.7,144.2,35.));
#19892 = LINE('',#19893,#19894);
#19893 = CARTESIAN_POINT('',(-37.65,144.2,35.));
#19894 = VECTOR('',#19895,1.);
#19895 = DIRECTION('',(-1.,0.,0.));
#19896 = ORIENTED_EDGE('',*,*,#19897,.F.);
#19897 = EDGE_CURVE('',#19898,#19890,#19900,.T.);
#19898 = VERTEX_POINT('',#19899);
#19899 = CARTESIAN_POINT('',(34.3,134.6,35.));
#19900 = CIRCLE('',#19901,9.6);
#19901 = AXIS2_PLACEMENT_3D('',#19902,#19903,#19904);
#19902 = CARTESIAN_POINT('',(24.7,134.6,35.));
#19903 = DIRECTION('',(0.,0.,1.));
#19904 = DIRECTION('',(1.,0.,0.));
#19905 = ORIENTED_EDGE('',*,*,#19906,.F.);
#19906 = EDGE_CURVE('',#19907,#19898,#19909,.T.);
#19907 = VERTEX_POINT('',#19908);
#19908 = CARTESIAN_POINT('',(34.3,10.8,35.));
#19909 = LINE('',#19910,#19911);
#19910 = CARTESIAN_POINT('',(34.3,-2.65,35.));
#19911 = VECTOR('',#19912,1.);
#19912 = DIRECTION('',(0.,1.,0.));
#19913 = ORIENTED_EDGE('',*,*,#19914,.F.);
#19914 = EDGE_CURVE('',#19915,#19907,#19917,.T.);
#19915 = VERTEX_POINT('',#19916);
#19916 = CARTESIAN_POINT('',(24.7,1.2,35.));
#19917 = CIRCLE('',#19918,9.6);
#19918 = AXIS2_PLACEMENT_3D('',#19919,#19920,#19921);
#19919 = CARTESIAN_POINT('',(24.7,10.8,35.));
#19920 = DIRECTION('',(0.,0.,1.));
#19921 = DIRECTION('',(1.,0.,0.));
#19922 = ORIENTED_EDGE('',*,*,#19923,.T.);
#19923 = EDGE_CURVE('',#19915,#19864,#19924,.T.);
#19924 = LINE('',#19925,#19926);
#19925 = CARTESIAN_POINT('',(-37.65,1.2,35.));
#19926 = VECTOR('',#19927,1.);
#19927 = DIRECTION('',(-1.,0.,0.));
#19928 = FACE_BOUND('',#19929,.F.);
#19929 = EDGE_LOOP('',(#19930));
#19930 = ORIENTED_EDGE('',*,*,#19931,.F.);
#19931 = EDGE_CURVE('',#19932,#19932,#19934,.T.);
#19932 = VERTEX_POINT('',#19933);
#19933 = CARTESIAN_POINT('',(-30.4,143.9,35.));
#19934 = CIRCLE('',#19935,2.1);
#19935 = AXIS2_PLACEMENT_3D('',#19936,#19937,#19938);
#19936 = CARTESIAN_POINT('',(-32.5,143.9,35.));
#19937 = DIRECTION('',(0.,0.,1.));
#19938 = DIRECTION('',(1.,0.,0.));
#19939 = FACE_BOUND('',#19940,.F.);
#19940 = EDGE_LOOP('',(#19941));
#19941 = ORIENTED_EDGE('',*,*,#19942,.F.);
#19942 = EDGE_CURVE('',#19943,#19943,#19945,.T.);
#19943 = VERTEX_POINT('',#19944);
#19944 = CARTESIAN_POINT('',(34.6,143.9,35.));
#19945 = CIRCLE('',#19946,2.1);
#19946 = AXIS2_PLACEMENT_3D('',#19947,#19948,#19949);
#19947 = CARTESIAN_POINT('',(32.5,143.9,35.));
#19948 = DIRECTION('',(0.,0.,1.));
#19949 = DIRECTION('',(1.,0.,0.));
#19950 = PLANE('',#19951);
#19951 = AXIS2_PLACEMENT_3D('',#19952,#19953,#19954);
#19952 = CARTESIAN_POINT('',(-41.,-6.5,35.));
#19953 = DIRECTION('',(0.,0.,1.));
#19954 = DIRECTION('',(1.,0.,0.));
#19955 = ADVANCED_FACE('',(#19956),#19967,.T.);
#19956 = FACE_BOUND('',#19957,.T.);
#19957 = EDGE_LOOP('',(#19958,#19959,#19960,#19961));
#19958 = ORIENTED_EDGE('',*,*,#19830,.F.);
#19959 = ORIENTED_EDGE('',*,*,#19778,.T.);
#19960 = ORIENTED_EDGE('',*,*,#19721,.T.);
#19961 = ORIENTED_EDGE('',*,*,#19962,.F.);
#19962 = EDGE_CURVE('',#19822,#19713,#19963,.T.);
#19963 = LINE('',#19964,#19965);
#19964 = CARTESIAN_POINT('',(27.,151.9,35.));
#19965 = VECTOR('',#19966,1.);
#19966 = DIRECTION('',(0.,0.,1.));
#19967 = PLANE('',#19968);
#19968 = AXIS2_PLACEMENT_3D('',#19969,#19970,#19971);
#19969 = CARTESIAN_POINT('',(-41.,151.9,35.));
#19970 = DIRECTION('',(0.,1.,0.));
#19971 = DIRECTION('',(0.,0.,1.));
#19972 = ADVANCED_FACE('',(#19973),#19984,.T.);
#19973 = FACE_BOUND('',#19974,.T.);
#19974 = EDGE_LOOP('',(#19975,#19976,#19977,#19978));
#19975 = ORIENTED_EDGE('',*,*,#19821,.T.);
#19976 = ORIENTED_EDGE('',*,*,#19962,.T.);
#19977 = ORIENTED_EDGE('',*,*,#19712,.F.);
#19978 = ORIENTED_EDGE('',*,*,#19979,.F.);
#19979 = EDGE_CURVE('',#19814,#19705,#19980,.T.);
#19980 = LINE('',#19981,#19982);
#19981 = CARTESIAN_POINT('',(41.,137.9,35.));
#19982 = VECTOR('',#19983,1.);
#19983 = DIRECTION('',(0.,0.,1.));
#19984 = CYLINDRICAL_SURFACE('',#19985,14.);
#19985 = AXIS2_PLACEMENT_3D('',#19986,#19987,#19988);
#19986 = CARTESIAN_POINT('',(27.,137.9,35.));
#19987 = DIRECTION('',(0.,0.,1.));
#19988 = DIRECTION('',(1.,0.,0.));
#19989 = ADVANCED_FACE('',(#19990),#20001,.T.);
#19990 = FACE_BOUND('',#19991,.T.);
#19991 = EDGE_LOOP('',(#19992,#19993,#19999,#20000));
#19992 = ORIENTED_EDGE('',*,*,#19704,.F.);
#19993 = ORIENTED_EDGE('',*,*,#19994,.F.);
#19994 = EDGE_CURVE('',#19805,#19696,#19995,.T.);
#19995 = LINE('',#19996,#19997);
#19996 = CARTESIAN_POINT('',(41.,7.5,35.));
#19997 = VECTOR('',#19998,1.);
#19998 = DIRECTION('',(0.,0.,1.));
#19999 = ORIENTED_EDGE('',*,*,#19813,.T.);
#20000 = ORIENTED_EDGE('',*,*,#19979,.T.);
#20001 = PLANE('',#20002);
#20002 = AXIS2_PLACEMENT_3D('',#20003,#20004,#20005);
#20003 = CARTESIAN_POINT('',(41.,-6.5,35.));
#20004 = DIRECTION('',(1.,0.,0.));
#20005 = DIRECTION('',(0.,0.,1.));
#20006 = ADVANCED_FACE('',(#20007),#20018,.T.);
#20007 = FACE_BOUND('',#20008,.F.);
#20008 = EDGE_LOOP('',(#20009,#20010,#20016,#20017));
#20009 = ORIENTED_EDGE('',*,*,#19804,.T.);
#20010 = ORIENTED_EDGE('',*,*,#20011,.T.);
#20011 = EDGE_CURVE('',#19797,#19688,#20012,.T.);
#20012 = LINE('',#20013,#20014);
#20013 = CARTESIAN_POINT('',(27.,-6.5,35.));
#20014 = VECTOR('',#20015,1.);
#20015 = DIRECTION('',(0.,0.,1.));
#20016 = ORIENTED_EDGE('',*,*,#19695,.F.);
#20017 = ORIENTED_EDGE('',*,*,#19994,.F.);
#20018 = CYLINDRICAL_SURFACE('',#20019,14.);
#20019 = AXIS2_PLACEMENT_3D('',#20020,#20021,#20022);
#20020 = CARTESIAN_POINT('',(27.,7.5,35.));
#20021 = DIRECTION('',(0.,0.,1.));
#20022 = DIRECTION('',(1.,0.,0.));
#20023 = ADVANCED_FACE('',(#20024),#20055,.F.);
#20024 = FACE_BOUND('',#20025,.F.);
#20025 = EDGE_LOOP('',(#20026,#20027,#20028,#20029,#20038,#20046,#20053,
    #20054));
#20026 = ORIENTED_EDGE('',*,*,#19796,.F.);
#20027 = ORIENTED_EDGE('',*,*,#19753,.T.);
#20028 = ORIENTED_EDGE('',*,*,#19585,.T.);
#20029 = ORIENTED_EDGE('',*,*,#20030,.F.);
#20030 = EDGE_CURVE('',#20031,#19586,#20033,.T.);
#20031 = VERTEX_POINT('',#20032);
#20032 = CARTESIAN_POINT('',(-15.71595852876,-6.5,36.539736290978));
#20033 = ELLIPSE('',#20034,57.400633401034,6.);
#20034 = AXIS2_PLACEMENT_3D('',#20035,#20036,#20037);
#20035 = CARTESIAN_POINT('',(-13.,-6.5,-14.64345117392));
#20036 = DIRECTION('',(0.,1.,0.));
#20037 = DIRECTION('',(0.,0.,1.));
#20038 = ORIENTED_EDGE('',*,*,#20039,.F.);
#20039 = EDGE_CURVE('',#20040,#20031,#20042,.T.);
#20040 = VERTEX_POINT('',#20041);
#20041 = CARTESIAN_POINT('',(15.715958528763,-6.5,36.539736290978));
#20042 = LINE('',#20043,#20044);
#20043 = CARTESIAN_POINT('',(-20.41285913213,-6.5,36.539736290978));
#20044 = VECTOR('',#20045,1.);
#20045 = DIRECTION('',(-1.,0.,0.));
#20046 = ORIENTED_EDGE('',*,*,#20047,.F.);
#20047 = EDGE_CURVE('',#19679,#20040,#20048,.T.);
#20048 = ELLIPSE('',#20049,57.400633401034,6.);
#20049 = AXIS2_PLACEMENT_3D('',#20050,#20051,#20052);
#20050 = CARTESIAN_POINT('',(13.,-6.5,-14.64345117392));
#20051 = DIRECTION('',(0.,1.,0.));
#20052 = DIRECTION('',(0.,0.,1.));
#20053 = ORIENTED_EDGE('',*,*,#19687,.T.);
#20054 = ORIENTED_EDGE('',*,*,#20011,.F.);
#20055 = PLANE('',#20056);
#20056 = AXIS2_PLACEMENT_3D('',#20057,#20058,#20059);
#20057 = CARTESIAN_POINT('',(-41.,-6.5,35.));
#20058 = DIRECTION('',(0.,1.,0.));
#20059 = DIRECTION('',(0.,0.,1.));
#20060 = ADVANCED_FACE('',(#20061),#20090,.F.);
#20061 = FACE_BOUND('',#20062,.F.);
#20062 = EDGE_LOOP('',(#20063,#20064,#20073,#20082,#20089));
#20063 = ORIENTED_EDGE('',*,*,#20047,.T.);
#20064 = ORIENTED_EDGE('',*,*,#20065,.T.);
#20065 = EDGE_CURVE('',#20040,#20066,#20068,.T.);
#20066 = VERTEX_POINT('',#20067);
#20067 = CARTESIAN_POINT('',(19.,-1.179208476365,35.980498566878));
#20068 = CIRCLE('',#20069,6.);
#20069 = AXIS2_PLACEMENT_3D('',#20070,#20071,#20072);
#20070 = CARTESIAN_POINT('',(13.,-1.179208476365,35.980498566878));
#20071 = DIRECTION('',(-0.,0.104528463268,0.994521895368));
#20072 = DIRECTION('',(1.,0.,0.));
#20073 = ORIENTED_EDGE('',*,*,#20074,.T.);
#20074 = EDGE_CURVE('',#20066,#20075,#20077,.T.);
#20075 = VERTEX_POINT('',#20076);
#20076 = CARTESIAN_POINT('',(18.502438966318,1.2,35.730433679433));
#20077 = CIRCLE('',#20078,6.);
#20078 = AXIS2_PLACEMENT_3D('',#20079,#20080,#20081);
#20079 = CARTESIAN_POINT('',(13.,-1.179208476365,35.980498566878));
#20080 = DIRECTION('',(-0.,0.104528463268,0.994521895368));
#20081 = DIRECTION('',(1.,0.,0.));
#20082 = ORIENTED_EDGE('',*,*,#20083,.F.);
#20083 = EDGE_CURVE('',#19671,#20075,#20084,.T.);
#20084 = ELLIPSE('',#20085,57.400633401034,6.);
#20085 = AXIS2_PLACEMENT_3D('',#20086,#20087,#20088);
#20086 = CARTESIAN_POINT('',(13.,1.2,58.617155123591));
#20087 = DIRECTION('',(0.,1.,0.));
#20088 = DIRECTION('',(0.,0.,1.));
#20089 = ORIENTED_EDGE('',*,*,#19678,.F.);
#20090 = CYLINDRICAL_SURFACE('',#20091,6.);
#20091 = AXIS2_PLACEMENT_3D('',#20092,#20093,#20094);
#20092 = CARTESIAN_POINT('',(13.,-1.179208476365,35.980498566878));
#20093 = DIRECTION('',(0.,0.104528463268,0.994521895368));
#20094 = DIRECTION('',(1.,0.,0.));
#20095 = ADVANCED_FACE('',(#20096),#20129,.T.);
#20096 = FACE_BOUND('',#20097,.T.);
#20097 = EDGE_LOOP('',(#20098,#20104,#20105,#20111,#20112,#20121,#20127,
    #20128));
#20098 = ORIENTED_EDGE('',*,*,#20099,.F.);
#20099 = EDGE_CURVE('',#19915,#19662,#20100,.T.);
#20100 = LINE('',#20101,#20102);
#20101 = CARTESIAN_POINT('',(24.7,1.2,34.));
#20102 = VECTOR('',#20103,1.);
#20103 = DIRECTION('',(0.,0.,1.));
#20104 = ORIENTED_EDGE('',*,*,#19923,.T.);
#20105 = ORIENTED_EDGE('',*,*,#20106,.T.);
#20106 = EDGE_CURVE('',#19864,#19603,#20107,.T.);
#20107 = LINE('',#20108,#20109);
#20108 = CARTESIAN_POINT('',(-24.7,1.2,34.));
#20109 = VECTOR('',#20110,1.);
#20110 = DIRECTION('',(0.,0.,1.));
#20111 = ORIENTED_EDGE('',*,*,#19602,.F.);
#20112 = ORIENTED_EDGE('',*,*,#20113,.F.);
#20113 = EDGE_CURVE('',#20114,#19594,#20116,.T.);
#20114 = VERTEX_POINT('',#20115);
#20115 = CARTESIAN_POINT('',(-18.50243896631,1.2,35.730433679433));
#20116 = ELLIPSE('',#20117,57.400633401034,6.);
#20117 = AXIS2_PLACEMENT_3D('',#20118,#20119,#20120);
#20118 = CARTESIAN_POINT('',(-13.,1.2,58.617155123591));
#20119 = DIRECTION('',(0.,1.,0.));
#20120 = DIRECTION('',(0.,0.,1.));
#20121 = ORIENTED_EDGE('',*,*,#20122,.F.);
#20122 = EDGE_CURVE('',#20075,#20114,#20123,.T.);
#20123 = LINE('',#20124,#20125);
#20124 = CARTESIAN_POINT('',(-17.06285913213,1.2,35.730433679433));
#20125 = VECTOR('',#20126,1.);
#20126 = DIRECTION('',(-1.,0.,0.));
#20127 = ORIENTED_EDGE('',*,*,#20083,.F.);
#20128 = ORIENTED_EDGE('',*,*,#19670,.F.);
#20129 = PLANE('',#20130);
#20130 = AXIS2_PLACEMENT_3D('',#20131,#20132,#20133);
#20131 = CARTESIAN_POINT('',(-34.3,1.2,34.));
#20132 = DIRECTION('',(0.,1.,0.));
#20133 = DIRECTION('',(0.,0.,1.));
#20134 = ADVANCED_FACE('',(#20135),#20146,.F.);
#20135 = FACE_BOUND('',#20136,.T.);
#20136 = EDGE_LOOP('',(#20137,#20143,#20144,#20145));
#20137 = ORIENTED_EDGE('',*,*,#20138,.F.);
#20138 = EDGE_CURVE('',#19907,#19654,#20139,.T.);
#20139 = LINE('',#20140,#20141);
#20140 = CARTESIAN_POINT('',(34.3,10.8,34.));
#20141 = VECTOR('',#20142,1.);
#20142 = DIRECTION('',(0.,0.,1.));
#20143 = ORIENTED_EDGE('',*,*,#19914,.F.);
#20144 = ORIENTED_EDGE('',*,*,#20099,.T.);
#20145 = ORIENTED_EDGE('',*,*,#19661,.T.);
#20146 = CYLINDRICAL_SURFACE('',#20147,9.6);
#20147 = AXIS2_PLACEMENT_3D('',#20148,#20149,#20150);
#20148 = CARTESIAN_POINT('',(24.7,10.8,34.));
#20149 = DIRECTION('',(0.,0.,1.));
#20150 = DIRECTION('',(1.,0.,0.));
#20151 = ADVANCED_FACE('',(#20152),#20163,.F.);
#20152 = FACE_BOUND('',#20153,.F.);
#20153 = EDGE_LOOP('',(#20154,#20155,#20156,#20157));
#20154 = ORIENTED_EDGE('',*,*,#19653,.F.);
#20155 = ORIENTED_EDGE('',*,*,#20138,.F.);
#20156 = ORIENTED_EDGE('',*,*,#19906,.T.);
#20157 = ORIENTED_EDGE('',*,*,#20158,.T.);
#20158 = EDGE_CURVE('',#19898,#19645,#20159,.T.);
#20159 = LINE('',#20160,#20161);
#20160 = CARTESIAN_POINT('',(34.3,134.6,34.));
#20161 = VECTOR('',#20162,1.);
#20162 = DIRECTION('',(0.,0.,1.));
#20163 = PLANE('',#20164);
#20164 = AXIS2_PLACEMENT_3D('',#20165,#20166,#20167);
#20165 = CARTESIAN_POINT('',(34.3,1.2,34.));
#20166 = DIRECTION('',(1.,0.,0.));
#20167 = DIRECTION('',(0.,0.,1.));
#20168 = ADVANCED_FACE('',(#20169),#20180,.F.);
#20169 = FACE_BOUND('',#20170,.F.);
#20170 = EDGE_LOOP('',(#20171,#20172,#20173,#20179));
#20171 = ORIENTED_EDGE('',*,*,#20158,.F.);
#20172 = ORIENTED_EDGE('',*,*,#19897,.T.);
#20173 = ORIENTED_EDGE('',*,*,#20174,.T.);
#20174 = EDGE_CURVE('',#19890,#19637,#20175,.T.);
#20175 = LINE('',#20176,#20177);
#20176 = CARTESIAN_POINT('',(24.7,144.2,34.));
#20177 = VECTOR('',#20178,1.);
#20178 = DIRECTION('',(0.,0.,1.));
#20179 = ORIENTED_EDGE('',*,*,#19644,.F.);
#20180 = CYLINDRICAL_SURFACE('',#20181,9.6);
#20181 = AXIS2_PLACEMENT_3D('',#20182,#20183,#20184);
#20182 = CARTESIAN_POINT('',(24.7,134.6,34.));
#20183 = DIRECTION('',(0.,0.,1.));
#20184 = DIRECTION('',(1.,0.,0.));
#20185 = ADVANCED_FACE('',(#20186),#20197,.F.);
#20186 = FACE_BOUND('',#20187,.F.);
#20187 = EDGE_LOOP('',(#20188,#20189,#20195,#20196));
#20188 = ORIENTED_EDGE('',*,*,#19889,.T.);
#20189 = ORIENTED_EDGE('',*,*,#20190,.T.);
#20190 = EDGE_CURVE('',#19881,#19628,#20191,.T.);
#20191 = LINE('',#20192,#20193);
#20192 = CARTESIAN_POINT('',(-24.7,144.2,34.));
#20193 = VECTOR('',#20194,1.);
#20194 = DIRECTION('',(0.,0.,1.));
#20195 = ORIENTED_EDGE('',*,*,#19636,.F.);
#20196 = ORIENTED_EDGE('',*,*,#20174,.F.);
#20197 = PLANE('',#20198);
#20198 = AXIS2_PLACEMENT_3D('',#20199,#20200,#20201);
#20199 = CARTESIAN_POINT('',(-34.3,144.2,34.));
#20200 = DIRECTION('',(0.,1.,0.));
#20201 = DIRECTION('',(0.,0.,1.));
#20202 = ADVANCED_FACE('',(#20203),#20214,.F.);
#20203 = FACE_BOUND('',#20204,.T.);
#20204 = EDGE_LOOP('',(#20205,#20211,#20212,#20213));
#20205 = ORIENTED_EDGE('',*,*,#20206,.F.);
#20206 = EDGE_CURVE('',#19873,#19620,#20207,.T.);
#20207 = LINE('',#20208,#20209);
#20208 = CARTESIAN_POINT('',(-34.3,134.6,34.));
#20209 = VECTOR('',#20210,1.);
#20210 = DIRECTION('',(0.,0.,1.));
#20211 = ORIENTED_EDGE('',*,*,#19880,.F.);
#20212 = ORIENTED_EDGE('',*,*,#20190,.T.);
#20213 = ORIENTED_EDGE('',*,*,#19627,.T.);
#20214 = CYLINDRICAL_SURFACE('',#20215,9.6);
#20215 = AXIS2_PLACEMENT_3D('',#20216,#20217,#20218);
#20216 = CARTESIAN_POINT('',(-24.7,134.6,34.));
#20217 = DIRECTION('',(0.,0.,1.));
#20218 = DIRECTION('',(-1.,0.,0.));
#20219 = ADVANCED_FACE('',(#20220),#20231,.T.);
#20220 = FACE_BOUND('',#20221,.T.);
#20221 = EDGE_LOOP('',(#20222,#20223,#20229,#20230));
#20222 = ORIENTED_EDGE('',*,*,#19619,.F.);
#20223 = ORIENTED_EDGE('',*,*,#20224,.F.);
#20224 = EDGE_CURVE('',#19862,#19611,#20225,.T.);
#20225 = LINE('',#20226,#20227);
#20226 = CARTESIAN_POINT('',(-34.3,10.8,34.));
#20227 = VECTOR('',#20228,1.);
#20228 = DIRECTION('',(0.,0.,1.));
#20229 = ORIENTED_EDGE('',*,*,#19872,.T.);
#20230 = ORIENTED_EDGE('',*,*,#20206,.T.);
#20231 = PLANE('',#20232);
#20232 = AXIS2_PLACEMENT_3D('',#20233,#20234,#20235);
#20233 = CARTESIAN_POINT('',(-34.3,1.2,34.));
#20234 = DIRECTION('',(1.,0.,0.));
#20235 = DIRECTION('',(0.,0.,1.));
#20236 = ADVANCED_FACE('',(#20237),#20243,.F.);
#20237 = FACE_BOUND('',#20238,.F.);
#20238 = EDGE_LOOP('',(#20239,#20240,#20241,#20242));
#20239 = ORIENTED_EDGE('',*,*,#20224,.F.);
#20240 = ORIENTED_EDGE('',*,*,#19861,.T.);
#20241 = ORIENTED_EDGE('',*,*,#20106,.T.);
#20242 = ORIENTED_EDGE('',*,*,#19610,.F.);
#20243 = CYLINDRICAL_SURFACE('',#20244,9.6);
#20244 = AXIS2_PLACEMENT_3D('',#20245,#20246,#20247);
#20245 = CARTESIAN_POINT('',(-24.7,10.8,34.));
#20246 = DIRECTION('',(0.,0.,1.));
#20247 = DIRECTION('',(-1.,0.,0.));
#20248 = ADVANCED_FACE('',(#20249),#20261,.F.);
#20249 = FACE_BOUND('',#20250,.F.);
#20250 = EDGE_LOOP('',(#20251,#20252,#20259,#20260));
#20251 = ORIENTED_EDGE('',*,*,#20113,.F.);
#20252 = ORIENTED_EDGE('',*,*,#20253,.T.);
#20253 = EDGE_CURVE('',#20114,#20031,#20254,.T.);
#20254 = CIRCLE('',#20255,6.);
#20255 = AXIS2_PLACEMENT_3D('',#20256,#20257,#20258);
#20256 = CARTESIAN_POINT('',(-13.,-1.179208476365,35.980498566878));
#20257 = DIRECTION('',(-0.,0.104528463268,0.994521895368));
#20258 = DIRECTION('',(1.,0.,0.));
#20259 = ORIENTED_EDGE('',*,*,#20030,.T.);
#20260 = ORIENTED_EDGE('',*,*,#19593,.F.);
#20261 = CYLINDRICAL_SURFACE('',#20262,6.);
#20262 = AXIS2_PLACEMENT_3D('',#20263,#20264,#20265);
#20263 = CARTESIAN_POINT('',(-13.,-1.179208476365,35.980498566878));
#20264 = DIRECTION('',(0.,0.104528463268,0.994521895368));
#20265 = DIRECTION('',(1.,0.,0.));
#20266 = ADVANCED_FACE('',(#20267),#20286,.F.);
#20267 = FACE_BOUND('',#20268,.F.);
#20268 = EDGE_LOOP('',(#20269,#20277,#20284,#20285));
#20269 = ORIENTED_EDGE('',*,*,#20270,.T.);
#20270 = EDGE_CURVE('',#19840,#20271,#20273,.T.);
#20271 = VERTEX_POINT('',#20272);
#20272 = CARTESIAN_POINT('',(-30.4,1.5,37.4));
#20273 = LINE('',#20274,#20275);
#20274 = CARTESIAN_POINT('',(-30.4,1.5,34.9));
#20275 = VECTOR('',#20276,1.);
#20276 = DIRECTION('',(0.,0.,1.));
#20277 = ORIENTED_EDGE('',*,*,#20278,.F.);
#20278 = EDGE_CURVE('',#20271,#20271,#20279,.T.);
#20279 = CIRCLE('',#20280,2.1);
#20280 = AXIS2_PLACEMENT_3D('',#20281,#20282,#20283);
#20281 = CARTESIAN_POINT('',(-32.5,1.5,37.4));
#20282 = DIRECTION('',(0.,0.,1.));
#20283 = DIRECTION('',(1.,0.,0.));
#20284 = ORIENTED_EDGE('',*,*,#20270,.F.);
#20285 = ORIENTED_EDGE('',*,*,#19839,.T.);
#20286 = CYLINDRICAL_SURFACE('',#20287,2.1);
#20287 = AXIS2_PLACEMENT_3D('',#20288,#20289,#20290);
#20288 = CARTESIAN_POINT('',(-32.5,1.5,34.9));
#20289 = DIRECTION('',(0.,0.,1.));
#20290 = DIRECTION('',(1.,0.,0.));
#20291 = ADVANCED_FACE('',(#20292),#20311,.F.);
#20292 = FACE_BOUND('',#20293,.F.);
#20293 = EDGE_LOOP('',(#20294,#20302,#20309,#20310));
#20294 = ORIENTED_EDGE('',*,*,#20295,.T.);
#20295 = EDGE_CURVE('',#19851,#20296,#20298,.T.);
#20296 = VERTEX_POINT('',#20297);
#20297 = CARTESIAN_POINT('',(34.6,1.5,37.4));
#20298 = LINE('',#20299,#20300);
#20299 = CARTESIAN_POINT('',(34.6,1.5,34.9));
#20300 = VECTOR('',#20301,1.);
#20301 = DIRECTION('',(0.,0.,1.));
#20302 = ORIENTED_EDGE('',*,*,#20303,.F.);
#20303 = EDGE_CURVE('',#20296,#20296,#20304,.T.);
#20304 = CIRCLE('',#20305,2.1);
#20305 = AXIS2_PLACEMENT_3D('',#20306,#20307,#20308);
#20306 = CARTESIAN_POINT('',(32.5,1.5,37.4));
#20307 = DIRECTION('',(0.,0.,1.));
#20308 = DIRECTION('',(1.,0.,0.));
#20309 = ORIENTED_EDGE('',*,*,#20295,.F.);
#20310 = ORIENTED_EDGE('',*,*,#19850,.T.);
#20311 = CYLINDRICAL_SURFACE('',#20312,2.1);
#20312 = AXIS2_PLACEMENT_3D('',#20313,#20314,#20315);
#20313 = CARTESIAN_POINT('',(32.5,1.5,34.9));
#20314 = DIRECTION('',(0.,0.,1.));
#20315 = DIRECTION('',(1.,0.,0.));
#20316 = ADVANCED_FACE('',(#20317),#20336,.F.);
#20317 = FACE_BOUND('',#20318,.F.);
#20318 = EDGE_LOOP('',(#20319,#20327,#20334,#20335));
#20319 = ORIENTED_EDGE('',*,*,#20320,.T.);
#20320 = EDGE_CURVE('',#19932,#20321,#20323,.T.);
#20321 = VERTEX_POINT('',#20322);
#20322 = CARTESIAN_POINT('',(-30.4,143.9,37.4));
#20323 = LINE('',#20324,#20325);
#20324 = CARTESIAN_POINT('',(-30.4,143.9,34.9));
#20325 = VECTOR('',#20326,1.);
#20326 = DIRECTION('',(0.,0.,1.));
#20327 = ORIENTED_EDGE('',*,*,#20328,.F.);
#20328 = EDGE_CURVE('',#20321,#20321,#20329,.T.);
#20329 = CIRCLE('',#20330,2.1);
#20330 = AXIS2_PLACEMENT_3D('',#20331,#20332,#20333);
#20331 = CARTESIAN_POINT('',(-32.5,143.9,37.4));
#20332 = DIRECTION('',(0.,0.,1.));
#20333 = DIRECTION('',(1.,0.,0.));
#20334 = ORIENTED_EDGE('',*,*,#20320,.F.);
#20335 = ORIENTED_EDGE('',*,*,#19931,.T.);
#20336 = CYLINDRICAL_SURFACE('',#20337,2.1);
#20337 = AXIS2_PLACEMENT_3D('',#20338,#20339,#20340);
#20338 = CARTESIAN_POINT('',(-32.5,143.9,34.9));
#20339 = DIRECTION('',(0.,0.,1.));
#20340 = DIRECTION('',(1.,0.,0.));
#20341 = ADVANCED_FACE('',(#20342),#20361,.F.);
#20342 = FACE_BOUND('',#20343,.F.);
#20343 = EDGE_LOOP('',(#20344,#20352,#20359,#20360));
#20344 = ORIENTED_EDGE('',*,*,#20345,.T.);
#20345 = EDGE_CURVE('',#19943,#20346,#20348,.T.);
#20346 = VERTEX_POINT('',#20347);
#20347 = CARTESIAN_POINT('',(34.6,143.9,37.4));
#20348 = LINE('',#20349,#20350);
#20349 = CARTESIAN_POINT('',(34.6,143.9,34.9));
#20350 = VECTOR('',#20351,1.);
#20351 = DIRECTION('',(0.,0.,1.));
#20352 = ORIENTED_EDGE('',*,*,#20353,.F.);
#20353 = EDGE_CURVE('',#20346,#20346,#20354,.T.);
#20354 = CIRCLE('',#20355,2.1);
#20355 = AXIS2_PLACEMENT_3D('',#20356,#20357,#20358);
#20356 = CARTESIAN_POINT('',(32.5,143.9,37.4));
#20357 = DIRECTION('',(0.,0.,1.));
#20358 = DIRECTION('',(1.,0.,0.));
#20359 = ORIENTED_EDGE('',*,*,#20345,.F.);
#20360 = ORIENTED_EDGE('',*,*,#19942,.T.);
#20361 = CYLINDRICAL_SURFACE('',#20362,2.1);
#20362 = AXIS2_PLACEMENT_3D('',#20363,#20364,#20365);
#20363 = CARTESIAN_POINT('',(32.5,143.9,34.9));
#20364 = DIRECTION('',(0.,0.,1.));
#20365 = DIRECTION('',(1.,0.,0.));
#20366 = ADVANCED_FACE('',(#20367),#20374,.F.);
#20367 = FACE_BOUND('',#20368,.F.);
#20368 = EDGE_LOOP('',(#20369,#20370,#20371,#20372,#20373));
#20369 = ORIENTED_EDGE('',*,*,#20253,.F.);
#20370 = ORIENTED_EDGE('',*,*,#20122,.F.);
#20371 = ORIENTED_EDGE('',*,*,#20074,.F.);
#20372 = ORIENTED_EDGE('',*,*,#20065,.F.);
#20373 = ORIENTED_EDGE('',*,*,#20039,.T.);
#20374 = PLANE('',#20375);
#20375 = AXIS2_PLACEMENT_3D('',#20376,#20377,#20378);
#20376 = CARTESIAN_POINT('',(0.17428173574,-1.179208476365,
    35.980498566878));
#20377 = DIRECTION('',(-0.,-0.104528463268,-0.994521895368));
#20378 = DIRECTION('',(-1.,0.,0.));
#20379 = ADVANCED_FACE('',(#20380),#20383,.F.);
#20380 = FACE_BOUND('',#20381,.F.);
#20381 = EDGE_LOOP('',(#20382));
#20382 = ORIENTED_EDGE('',*,*,#20278,.T.);
#20383 = PLANE('',#20384);
#20384 = AXIS2_PLACEMENT_3D('',#20385,#20386,#20387);
#20385 = CARTESIAN_POINT('',(-32.5,1.5,37.4));
#20386 = DIRECTION('',(0.,0.,1.));
#20387 = DIRECTION('',(1.,0.,0.));
#20388 = ADVANCED_FACE('',(#20389),#20392,.F.);
#20389 = FACE_BOUND('',#20390,.F.);
#20390 = EDGE_LOOP('',(#20391));
#20391 = ORIENTED_EDGE('',*,*,#20303,.T.);
#20392 = PLANE('',#20393);
#20393 = AXIS2_PLACEMENT_3D('',#20394,#20395,#20396);
#20394 = CARTESIAN_POINT('',(32.5,1.5,37.4));
#20395 = DIRECTION('',(0.,0.,1.));
#20396 = DIRECTION('',(1.,0.,0.));
#20397 = ADVANCED_FACE('',(#20398),#20401,.F.);
#20398 = FACE_BOUND('',#20399,.F.);
#20399 = EDGE_LOOP('',(#20400));
#20400 = ORIENTED_EDGE('',*,*,#20328,.T.);
#20401 = PLANE('',#20402);
#20402 = AXIS2_PLACEMENT_3D('',#20403,#20404,#20405);
#20403 = CARTESIAN_POINT('',(-32.5,143.9,37.4));
#20404 = DIRECTION('',(0.,0.,1.));
#20405 = DIRECTION('',(1.,0.,0.));
#20406 = ADVANCED_FACE('',(#20407),#20410,.F.);
#20407 = FACE_BOUND('',#20408,.F.);
#20408 = EDGE_LOOP('',(#20409));
#20409 = ORIENTED_EDGE('',*,*,#20353,.T.);
#20410 = PLANE('',#20411);
#20411 = AXIS2_PLACEMENT_3D('',#20412,#20413,#20414);
#20412 = CARTESIAN_POINT('',(32.5,143.9,37.4));
#20413 = DIRECTION('',(0.,0.,1.));
#20414 = DIRECTION('',(1.,0.,0.));
#20415 = ( GEOMETRIC_REPRESENTATION_CONTEXT(3) 
GLOBAL_UNCERTAINTY_ASSIGNED_CONTEXT((#20419)) 
GLOBAL_UNIT_ASSIGNED_CONTEXT((#20416,#20417,#20418)) 
REPRESENTATION_CONTEXT('Context #1',
  '3D Context with UNIT and UNCERTAINTY') );
#20416 = ( LENGTH_UNIT() NAMED_UNIT(*) SI_UNIT(.MILLI.,.METRE.) );
#20417 = ( NAMED_UNIT(*) PLANE_ANGLE_UNIT() SI_UNIT($,.RADIAN.) );
#20418 = ( NAMED_UNIT(*) SI_UNIT($,.STERADIAN.) SOLID_ANGLE_UNIT() );
#20419 = UNCERTAINTY_MEASURE_WITH_UNIT(LENGTH_MEASURE(1.E-07),#20416,
  'distance_accuracy_value','confusion accuracy');
#20420 = PRODUCT_RELATED_PRODUCT_CATEGORY('part',$,(#7));
ENDSEC;
END-ISO-10303-21;
