ISO-10303-21;
HEADER;
FILE_DESCRIPTION(('FreeCAD Model'),'2;1');
FILE_NAME('Open CASCADE Shape Model','2026-09-28T06:00:46',('FreeCAD'),(
    'FreeCAD'),'Open CASCADE STEP processor 7.8','FreeCAD','Unknown');
FILE_SCHEMA(('AUTOMOTIVE_DESIGN { 1 0 10303 214 1 1 1 1 }'));
ENDSEC;
DATA;
#1 = APPLICATION_PROTOCOL_DEFINITION('international standard',
  'automotive_design',2000,#2);
#2 = APPLICATION_CONTEXT(
  'core data for automotive mechanical design processes');
#3 = SHAPE_DEFINITION_REPRESENTATION(#4,#10);
#4 = PRODUCT_DEFINITION_SHAPE('','',#5);
#5 = PRODUCT_DEFINITION('design','',#6,#9);
#6 = PRODUCT_DEFINITION_FORMATION('','',#7);
#7 = PRODUCT('Open CASCADE STEP translator 7.8 1',
  'Open CASCADE STEP translator 7.8 1','',(#8));
#8 = PRODUCT_CONTEXT('',#2,'mechanical');
#9 = PRODUCT_DEFINITION_CONTEXT('part definition',#2,'design');
#10 = SHAPE_REPRESENTATION('',(#11,#15,#12328,#17314,#18200,#19276),
  #20944);
#11 = AXIS2_PLACEMENT_3D('',#12,#13,#14);
#12 = CARTESIAN_POINT('',(0.,0.,0.));
#13 = DIRECTION('',(0.,0.,1.));
#14 = DIRECTION('',(1.,0.,-0.));
#15 = MANIFOLD_SOLID_BREP('',#16);
#16 = CLOSED_SHELL('',(#17,#59,#335,#476,#500,#830,#847,#1734,#1751,
    #1876,#1888,#1919,#1944,#1968,#1993,#2017,#2041,#2066,#2132,#2157,
    #2181,#2206,#2264,#2289,#2721,#2746,#2804,#2829,#2864,#2889,#2955,
    #2980,#3031,#3062,#3087,#3112,#3129,#3160,#3185,#3209,#3227,#3252,
    #3274,#3291,#3308,#3320,#3345,#3406,#3423,#3454,#3512,#3542,#3559,
    #3590,#3648,#3678,#3695,#3794,#3812,#3830,#3889,#3914,#4131,#4155,
    #4198,#4216,#4241,#4266,#4346,#4377,#4450,#4474,#4556,#4580,#4597,
    #4621,#4638,#4655,#4679,#4696,#4713,#4744,#4817,#4841,#4923,#4947,
    #4964,#4988,#5005,#5022,#5046,#5063,#5080,#5111,#5184,#5208,#5290,
    #5314,#5331,#5355,#5372,#5389,#5413,#5430,#5447,#5478,#5551,#5575,
    #5657,#5681,#5698,#5722,#5739,#5756,#5780,#5797,#5814,#5845,#5918,
    #5942,#6024,#6048,#6065,#6089,#6106,#6123,#6147,#6164,#6181,#6212,
    #6285,#6309,#6391,#6415,#6432,#6456,#6473,#6490,#6514,#6531,#6548,
    #6579,#6604,#6635,#6659,#6717,#6735,#6747,#6764,#6796,#6820,#6845,
    #6862,#6894,#6918,#6943,#6960,#7270,#7504,#7535,#7559,#7618,#7642,
    #7666,#7690,#7749,#7766,#7797,#7821,#7880,#7904,#7928,#7952,#8011,
    #8028,#8059,#8083,#8142,#8166,#8190,#8214,#8273,#8290,#8321,#8345,
    #8404,#8428,#8452,#8476,#8535,#8552,#8583,#8607,#8666,#8690,#8714,
    #8738,#8797,#8814,#8845,#8869,#8928,#8952,#8976,#9000,#9059,#9076,
    #9085,#9107,#9124,#9141,#9153,#9165,#9187,#9204,#9221,#9233,#9245,
    #9267,#9284,#9301,#9313,#9329,#9347,#9358,#9374,#9392,#9403,#9436,
    #9460,#9485,#9502,#9535,#9559,#9584,#9601,#9632,#9650,#9678,#9703,
    #9727,#9745,#9756,#9767,#9796,#9807,#9818,#9829,#9840,#9869,#9880,
    #9891,#9902,#9913,#9942,#9953,#9964,#9975,#9986,#10015,#10026,#10037
    ,#10048,#10059,#10088,#10099,#10110,#10121,#10132,#10161,#10172,
    #10183,#10204,#10222,#10240,#10335,#10359,#10383,#10464,#10486,
    #10503,#10520,#10537,#10554,#10571,#10588,#10600,#10695,#10719,
    #10807,#10824,#10856,#10880,#10904,#10929,#10954,#10978,#11002,
    #11020,#11042,#11059,#11076,#11093,#11110,#11127,#11144,#11156,
    #11188,#11212,#11237,#11261,#11286,#11310,#11335,#11352,#11371,
    #11383,#11400,#11414,#11433,#11445,#11462,#11476,#11495,#11507,
    #11524,#11538,#11557,#11569,#11586,#11600,#11619,#11631,#11648,
    #11662,#11681,#11693,#11710,#11724,#11741,#11758,#11775,#11792,
    #11809,#11826,#11843,#11860,#11872,#11889,#11906,#11923,#11940,
    #11957,#11974,#11991,#12008,#12020,#12106,#12192,#12214,#12231,
    #12248,#12265,#12282,#12299,#12316));
#17 = ADVANCED_FACE('',(#18),#54,.T.);
#18 = FACE_BOUND('',#19,.F.);
#19 = EDGE_LOOP('',(#20,#31,#39,#48));
#20 = ORIENTED_EDGE('',*,*,#21,.T.);
#21 = EDGE_CURVE('',#22,#24,#26,.T.);
#22 = VERTEX_POINT('',#23);
#23 = CARTESIAN_POINT('',(-41.,137.9,-29.));
#24 = VERTEX_POINT('',#25);
#25 = CARTESIAN_POINT('',(-27.,151.9,-29.));
#26 = CIRCLE('',#27,14.);
#27 = AXIS2_PLACEMENT_3D('',#28,#29,#30);
#28 = CARTESIAN_POINT('',(-27.,137.9,-29.));
#29 = DIRECTION('',(-0.,-0.,-1.));
#30 = DIRECTION('',(0.,-1.,0.));
#31 = ORIENTED_EDGE('',*,*,#32,.T.);
#32 = EDGE_CURVE('',#24,#33,#35,.T.);
#33 = VERTEX_POINT('',#34);
#34 = CARTESIAN_POINT('',(-27.,151.9,0.));
#35 = LINE('',#36,#37);
#36 = CARTESIAN_POINT('',(-27.,151.9,-29.));
#37 = VECTOR('',#38,1.);
#38 = DIRECTION('',(0.,0.,1.));
#39 = ORIENTED_EDGE('',*,*,#40,.F.);
#40 = EDGE_CURVE('',#41,#33,#43,.T.);
#41 = VERTEX_POINT('',#42);
#42 = CARTESIAN_POINT('',(-41.,137.9,0.));
#43 = CIRCLE('',#44,14.);
#44 = AXIS2_PLACEMENT_3D('',#45,#46,#47);
#45 = CARTESIAN_POINT('',(-27.,137.9,0.));
#46 = DIRECTION('',(-0.,-0.,-1.));
#47 = DIRECTION('',(0.,-1.,0.));
#48 = ORIENTED_EDGE('',*,*,#49,.F.);
#49 = EDGE_CURVE('',#22,#41,#50,.T.);
#50 = LINE('',#51,#52);
#51 = CARTESIAN_POINT('',(-41.,137.9,-29.));
#52 = VECTOR('',#53,1.);
#53 = DIRECTION('',(0.,0.,1.));
#54 = CYLINDRICAL_SURFACE('',#55,14.);
#55 = AXIS2_PLACEMENT_3D('',#56,#57,#58);
#56 = CARTESIAN_POINT('',(-27.,137.9,-29.));
#57 = DIRECTION('',(0.,0.,1.));
#58 = DIRECTION('',(-1.,0.,0.));
#59 = ADVANCED_FACE('',(#60,#120),#330,.F.);
#60 = FACE_BOUND('',#61,.T.);
#61 = EDGE_LOOP('',(#62,#70,#71,#79,#88,#96,#105,#113));
#62 = ORIENTED_EDGE('',*,*,#63,.T.);
#63 = EDGE_CURVE('',#64,#22,#66,.T.);
#64 = VERTEX_POINT('',#65);
#65 = CARTESIAN_POINT('',(-41.,7.5,-29.));
#66 = LINE('',#67,#68);
#67 = CARTESIAN_POINT('',(-41.,-6.5,-29.));
#68 = VECTOR('',#69,1.);
#69 = DIRECTION('',(0.,1.,0.));
#70 = ORIENTED_EDGE('',*,*,#21,.T.);
#71 = ORIENTED_EDGE('',*,*,#72,.T.);
#72 = EDGE_CURVE('',#24,#73,#75,.T.);
#73 = VERTEX_POINT('',#74);
#74 = CARTESIAN_POINT('',(27.,151.9,-29.));
#75 = LINE('',#76,#77);
#76 = CARTESIAN_POINT('',(-41.,151.9,-29.));
#77 = VECTOR('',#78,1.);
#78 = DIRECTION('',(1.,0.,0.));
#79 = ORIENTED_EDGE('',*,*,#80,.F.);
#80 = EDGE_CURVE('',#81,#73,#83,.T.);
#81 = VERTEX_POINT('',#82);
#82 = CARTESIAN_POINT('',(41.,137.9,-29.));
#83 = CIRCLE('',#84,14.);
#84 = AXIS2_PLACEMENT_3D('',#85,#86,#87);
#85 = CARTESIAN_POINT('',(27.,137.9,-29.));
#86 = DIRECTION('',(-0.,0.,1.));
#87 = DIRECTION('',(0.,-1.,0.));
#88 = ORIENTED_EDGE('',*,*,#89,.F.);
#89 = EDGE_CURVE('',#90,#81,#92,.T.);
#90 = VERTEX_POINT('',#91);
#91 = CARTESIAN_POINT('',(41.,7.5,-29.));
#92 = LINE('',#93,#94);
#93 = CARTESIAN_POINT('',(41.,-6.5,-29.));
#94 = VECTOR('',#95,1.);
#95 = DIRECTION('',(0.,1.,0.));
#96 = ORIENTED_EDGE('',*,*,#97,.T.);
#97 = EDGE_CURVE('',#90,#98,#100,.T.);
#98 = VERTEX_POINT('',#99);
#99 = CARTESIAN_POINT('',(27.,-6.5,-29.));
#100 = CIRCLE('',#101,14.);
#101 = AXIS2_PLACEMENT_3D('',#102,#103,#104);
#102 = CARTESIAN_POINT('',(27.,7.5,-29.));
#103 = DIRECTION('',(-0.,-0.,-1.));
#104 = DIRECTION('',(0.,-1.,0.));
#105 = ORIENTED_EDGE('',*,*,#106,.F.);
#106 = EDGE_CURVE('',#107,#98,#109,.T.);
#107 = VERTEX_POINT('',#108);
#108 = CARTESIAN_POINT('',(-27.,-6.5,-29.));
#109 = LINE('',#110,#111);
#110 = CARTESIAN_POINT('',(-41.,-6.5,-29.));
#111 = VECTOR('',#112,1.);
#112 = DIRECTION('',(1.,0.,0.));
#113 = ORIENTED_EDGE('',*,*,#114,.F.);
#114 = EDGE_CURVE('',#64,#107,#115,.T.);
#115 = CIRCLE('',#116,14.);
#116 = AXIS2_PLACEMENT_3D('',#117,#118,#119);
#117 = CARTESIAN_POINT('',(-27.,7.5,-29.));
#118 = DIRECTION('',(-0.,0.,1.));
#119 = DIRECTION('',(0.,-1.,0.));
#120 = FACE_BOUND('',#121,.F.);
#121 = EDGE_LOOP('',(#122,#132,#141,#149,#158,#166,#174,#183,#192,#201,
    #209,#218,#227,#236,#245,#253,#262,#271,#280,#289,#297,#306,#315,
    #324));
#122 = ORIENTED_EDGE('',*,*,#123,.T.);
#123 = EDGE_CURVE('',#124,#126,#128,.T.);
#124 = VERTEX_POINT('',#125);
#125 = CARTESIAN_POINT('',(-36.,43.,-29.));
#126 = VERTEX_POINT('',#127);
#127 = CARTESIAN_POINT('',(-30.,43.,-29.));
#128 = LINE('',#129,#130);
#129 = CARTESIAN_POINT('',(-41.,43.,-29.));
#130 = VECTOR('',#131,1.);
#131 = DIRECTION('',(1.,0.,0.));
#132 = ORIENTED_EDGE('',*,*,#133,.F.);
#133 = EDGE_CURVE('',#134,#126,#136,.T.);
#134 = VERTEX_POINT('',#135);
#135 = CARTESIAN_POINT('',(-27.,46.,-29.));
#136 = CIRCLE('',#137,3.);
#137 = AXIS2_PLACEMENT_3D('',#138,#139,#140);
#138 = CARTESIAN_POINT('',(-30.,46.,-29.));
#139 = DIRECTION('',(-0.,-0.,-1.));
#140 = DIRECTION('',(0.,-1.,0.));
#141 = ORIENTED_EDGE('',*,*,#142,.T.);
#142 = EDGE_CURVE('',#134,#143,#145,.T.);
#143 = VERTEX_POINT('',#144);
#144 = CARTESIAN_POINT('',(-27.,60.,-29.));
#145 = LINE('',#146,#147);
#146 = CARTESIAN_POINT('',(-27.,43.,-29.));
#147 = VECTOR('',#148,1.);
#148 = DIRECTION('',(0.,1.,0.));
#149 = ORIENTED_EDGE('',*,*,#150,.T.);
#150 = EDGE_CURVE('',#143,#151,#153,.T.);
#151 = VERTEX_POINT('',#152);
#152 = CARTESIAN_POINT('',(-30.,63.,-29.));
#153 = CIRCLE('',#154,3.);
#154 = AXIS2_PLACEMENT_3D('',#155,#156,#157);
#155 = CARTESIAN_POINT('',(-30.,60.,-29.));
#156 = DIRECTION('',(-0.,0.,1.));
#157 = DIRECTION('',(0.,-1.,0.));
#158 = ORIENTED_EDGE('',*,*,#159,.F.);
#159 = EDGE_CURVE('',#160,#151,#162,.T.);
#160 = VERTEX_POINT('',#161);
#161 = CARTESIAN_POINT('',(-36.,63.,-29.));
#162 = LINE('',#163,#164);
#163 = CARTESIAN_POINT('',(-41.,63.,-29.));
#164 = VECTOR('',#165,1.);
#165 = DIRECTION('',(1.,0.,0.));
#166 = ORIENTED_EDGE('',*,*,#167,.T.);
#167 = EDGE_CURVE('',#160,#168,#170,.T.);
#168 = VERTEX_POINT('',#169);
#169 = CARTESIAN_POINT('',(-36.,137.7,-29.));
#170 = LINE('',#171,#172);
#171 = CARTESIAN_POINT('',(-36.,-3.4,-29.));
#172 = VECTOR('',#173,1.);
#173 = DIRECTION('',(0.,1.,0.));
#174 = ORIENTED_EDGE('',*,*,#175,.F.);
#175 = EDGE_CURVE('',#176,#168,#178,.T.);
#176 = VERTEX_POINT('',#177);
#177 = CARTESIAN_POINT('',(-33.96263506874,143.03357132107,-29.));
#178 = CIRCLE('',#179,8.);
#179 = AXIS2_PLACEMENT_3D('',#180,#181,#182);
#180 = CARTESIAN_POINT('',(-28.,137.7,-29.));
#181 = DIRECTION('',(0.,0.,1.));
#182 = DIRECTION('',(-1.,0.,0.));
#183 = ORIENTED_EDGE('',*,*,#184,.F.);
#184 = EDGE_CURVE('',#185,#176,#187,.T.);
#185 = VERTEX_POINT('',#186);
#186 = CARTESIAN_POINT('',(-31.22291613248,145.02207700061,-29.));
#187 = CIRCLE('',#188,1.7);
#188 = AXIS2_PLACEMENT_3D('',#189,#190,#191);
#189 = CARTESIAN_POINT('',(-32.5,143.9,-29.));
#190 = DIRECTION('',(0.,0.,1.));
#191 = DIRECTION('',(1.,0.,0.));
#192 = ORIENTED_EDGE('',*,*,#193,.F.);
#193 = EDGE_CURVE('',#194,#185,#196,.T.);
#194 = VERTEX_POINT('',#195);
#195 = CARTESIAN_POINT('',(-28.,145.7,-29.));
#196 = CIRCLE('',#197,8.);
#197 = AXIS2_PLACEMENT_3D('',#198,#199,#200);
#198 = CARTESIAN_POINT('',(-28.,137.7,-29.));
#199 = DIRECTION('',(0.,0.,1.));
#200 = DIRECTION('',(-1.,0.,0.));
#201 = ORIENTED_EDGE('',*,*,#202,.F.);
#202 = EDGE_CURVE('',#203,#194,#205,.T.);
#203 = VERTEX_POINT('',#204);
#204 = CARTESIAN_POINT('',(28.,145.7,-29.));
#205 = LINE('',#206,#207);
#206 = CARTESIAN_POINT('',(-38.5,145.7,-29.));
#207 = VECTOR('',#208,1.);
#208 = DIRECTION('',(-1.,0.,0.));
#209 = ORIENTED_EDGE('',*,*,#210,.F.);
#210 = EDGE_CURVE('',#211,#203,#213,.T.);
#211 = VERTEX_POINT('',#212);
#212 = CARTESIAN_POINT('',(31.22291613248,145.02207700061,-29.));
#213 = CIRCLE('',#214,8.);
#214 = AXIS2_PLACEMENT_3D('',#215,#216,#217);
#215 = CARTESIAN_POINT('',(28.,137.7,-29.));
#216 = DIRECTION('',(0.,0.,1.));
#217 = DIRECTION('',(1.,0.,0.));
#218 = ORIENTED_EDGE('',*,*,#219,.F.);
#219 = EDGE_CURVE('',#220,#211,#222,.T.);
#220 = VERTEX_POINT('',#221);
#221 = CARTESIAN_POINT('',(34.2,143.9,-29.));
#222 = CIRCLE('',#223,1.7);
#223 = AXIS2_PLACEMENT_3D('',#224,#225,#226);
#224 = CARTESIAN_POINT('',(32.5,143.9,-29.));
#225 = DIRECTION('',(0.,0.,1.));
#226 = DIRECTION('',(1.,0.,0.));
#227 = ORIENTED_EDGE('',*,*,#228,.F.);
#228 = EDGE_CURVE('',#229,#220,#231,.T.);
#229 = VERTEX_POINT('',#230);
#230 = CARTESIAN_POINT('',(33.962635068747,143.03357132107,-29.));
#231 = CIRCLE('',#232,1.7);
#232 = AXIS2_PLACEMENT_3D('',#233,#234,#235);
#233 = CARTESIAN_POINT('',(32.5,143.9,-29.));
#234 = DIRECTION('',(0.,0.,1.));
#235 = DIRECTION('',(1.,0.,0.));
#236 = ORIENTED_EDGE('',*,*,#237,.F.);
#237 = EDGE_CURVE('',#238,#229,#240,.T.);
#238 = VERTEX_POINT('',#239);
#239 = CARTESIAN_POINT('',(36.,137.7,-29.));
#240 = CIRCLE('',#241,8.);
#241 = AXIS2_PLACEMENT_3D('',#242,#243,#244);
#242 = CARTESIAN_POINT('',(28.,137.7,-29.));
#243 = DIRECTION('',(0.,0.,1.));
#244 = DIRECTION('',(1.,0.,0.));
#245 = ORIENTED_EDGE('',*,*,#246,.F.);
#246 = EDGE_CURVE('',#247,#238,#249,.T.);
#247 = VERTEX_POINT('',#248);
#248 = CARTESIAN_POINT('',(36.,7.7,-29.));
#249 = LINE('',#250,#251);
#250 = CARTESIAN_POINT('',(36.,-3.4,-29.));
#251 = VECTOR('',#252,1.);
#252 = DIRECTION('',(0.,1.,0.));
#253 = ORIENTED_EDGE('',*,*,#254,.F.);
#254 = EDGE_CURVE('',#255,#247,#257,.T.);
#255 = VERTEX_POINT('',#256);
#256 = CARTESIAN_POINT('',(33.962635068747,2.366428678929,-29.));
#257 = CIRCLE('',#258,8.);
#258 = AXIS2_PLACEMENT_3D('',#259,#260,#261);
#259 = CARTESIAN_POINT('',(28.,7.7,-29.));
#260 = DIRECTION('',(0.,0.,1.));
#261 = DIRECTION('',(1.,0.,0.));
#262 = ORIENTED_EDGE('',*,*,#263,.F.);
#263 = EDGE_CURVE('',#264,#255,#266,.T.);
#264 = VERTEX_POINT('',#265);
#265 = CARTESIAN_POINT('',(34.2,1.5,-29.));
#266 = CIRCLE('',#267,1.7);
#267 = AXIS2_PLACEMENT_3D('',#268,#269,#270);
#268 = CARTESIAN_POINT('',(32.5,1.5,-29.));
#269 = DIRECTION('',(0.,0.,1.));
#270 = DIRECTION('',(1.,0.,0.));
#271 = ORIENTED_EDGE('',*,*,#272,.F.);
#272 = EDGE_CURVE('',#273,#264,#275,.T.);
#273 = VERTEX_POINT('',#274);
#274 = CARTESIAN_POINT('',(31.22291613248,0.37792299938,-29.));
#275 = CIRCLE('',#276,1.7);
#276 = AXIS2_PLACEMENT_3D('',#277,#278,#279);
#277 = CARTESIAN_POINT('',(32.5,1.5,-29.));
#278 = DIRECTION('',(0.,0.,1.));
#279 = DIRECTION('',(1.,0.,0.));
#280 = ORIENTED_EDGE('',*,*,#281,.F.);
#281 = EDGE_CURVE('',#282,#273,#284,.T.);
#282 = VERTEX_POINT('',#283);
#283 = CARTESIAN_POINT('',(28.,-0.3,-29.));
#284 = CIRCLE('',#285,8.);
#285 = AXIS2_PLACEMENT_3D('',#286,#287,#288);
#286 = CARTESIAN_POINT('',(28.,7.7,-29.));
#287 = DIRECTION('',(0.,0.,1.));
#288 = DIRECTION('',(1.,0.,0.));
#289 = ORIENTED_EDGE('',*,*,#290,.T.);
#290 = EDGE_CURVE('',#282,#291,#293,.T.);
#291 = VERTEX_POINT('',#292);
#292 = CARTESIAN_POINT('',(-28.,-0.3,-29.));
#293 = LINE('',#294,#295);
#294 = CARTESIAN_POINT('',(-38.5,-0.3,-29.));
#295 = VECTOR('',#296,1.);
#296 = DIRECTION('',(-1.,0.,0.));
#297 = ORIENTED_EDGE('',*,*,#298,.F.);
#298 = EDGE_CURVE('',#299,#291,#301,.T.);
#299 = VERTEX_POINT('',#300);
#300 = CARTESIAN_POINT('',(-31.22291613248,0.37792299938,-29.));
#301 = CIRCLE('',#302,8.);
#302 = AXIS2_PLACEMENT_3D('',#303,#304,#305);
#303 = CARTESIAN_POINT('',(-28.,7.7,-29.));
#304 = DIRECTION('',(0.,0.,1.));
#305 = DIRECTION('',(-1.,0.,0.));
#306 = ORIENTED_EDGE('',*,*,#307,.F.);
#307 = EDGE_CURVE('',#308,#299,#310,.T.);
#308 = VERTEX_POINT('',#309);
#309 = CARTESIAN_POINT('',(-33.96263506874,2.366428678929,-29.));
#310 = CIRCLE('',#311,1.7);
#311 = AXIS2_PLACEMENT_3D('',#312,#313,#314);
#312 = CARTESIAN_POINT('',(-32.5,1.5,-29.));
#313 = DIRECTION('',(0.,0.,1.));
#314 = DIRECTION('',(1.,0.,0.));
#315 = ORIENTED_EDGE('',*,*,#316,.F.);
#316 = EDGE_CURVE('',#317,#308,#319,.T.);
#317 = VERTEX_POINT('',#318);
#318 = CARTESIAN_POINT('',(-36.,7.7,-29.));
#319 = CIRCLE('',#320,8.);
#320 = AXIS2_PLACEMENT_3D('',#321,#322,#323);
#321 = CARTESIAN_POINT('',(-28.,7.7,-29.));
#322 = DIRECTION('',(0.,0.,1.));
#323 = DIRECTION('',(-1.,0.,0.));
#324 = ORIENTED_EDGE('',*,*,#325,.T.);
#325 = EDGE_CURVE('',#317,#124,#326,.T.);
#326 = LINE('',#327,#328);
#327 = CARTESIAN_POINT('',(-36.,-3.4,-29.));
#328 = VECTOR('',#329,1.);
#329 = DIRECTION('',(0.,1.,0.));
#330 = PLANE('',#331);
#331 = AXIS2_PLACEMENT_3D('',#332,#333,#334);
#332 = CARTESIAN_POINT('',(-41.,-6.5,-29.));
#333 = DIRECTION('',(0.,0.,1.));
#334 = DIRECTION('',(1.,0.,0.));
#335 = ADVANCED_FACE('',(#336,#354,#390,#426,#437),#471,.T.);
#336 = FACE_BOUND('',#337,.T.);
#337 = EDGE_LOOP('',(#338,#346,#347,#348));
#338 = ORIENTED_EDGE('',*,*,#339,.T.);
#339 = EDGE_CURVE('',#340,#41,#342,.T.);
#340 = VERTEX_POINT('',#341);
#341 = CARTESIAN_POINT('',(-41.,7.5,0.));
#342 = LINE('',#343,#344);
#343 = CARTESIAN_POINT('',(-41.,-6.5,0.));
#344 = VECTOR('',#345,1.);
#345 = DIRECTION('',(0.,1.,0.));
#346 = ORIENTED_EDGE('',*,*,#49,.F.);
#347 = ORIENTED_EDGE('',*,*,#63,.F.);
#348 = ORIENTED_EDGE('',*,*,#349,.T.);
#349 = EDGE_CURVE('',#64,#340,#350,.T.);
#350 = LINE('',#351,#352);
#351 = CARTESIAN_POINT('',(-41.,7.5,-29.));
#352 = VECTOR('',#353,1.);
#353 = DIRECTION('',(0.,0.,1.));
#354 = FACE_BOUND('',#355,.T.);
#355 = EDGE_LOOP('',(#356,#366,#375,#383));
#356 = ORIENTED_EDGE('',*,*,#357,.F.);
#357 = EDGE_CURVE('',#358,#360,#362,.T.);
#358 = VERTEX_POINT('',#359);
#359 = CARTESIAN_POINT('',(-41.,100.8,-2.1));
#360 = VERTEX_POINT('',#361);
#361 = CARTESIAN_POINT('',(-41.,108.6,-2.1));
#362 = LINE('',#363,#364);
#363 = CARTESIAN_POINT('',(-41.,86.75,-2.1));
#364 = VECTOR('',#365,1.);
#365 = DIRECTION('',(0.,1.,0.));
#366 = ORIENTED_EDGE('',*,*,#367,.T.);
#367 = EDGE_CURVE('',#358,#368,#370,.T.);
#368 = VERTEX_POINT('',#369);
#369 = CARTESIAN_POINT('',(-41.,100.8,-6.3));
#370 = CIRCLE('',#371,2.1);
#371 = AXIS2_PLACEMENT_3D('',#372,#373,#374);
#372 = CARTESIAN_POINT('',(-41.,100.8,-4.2));
#373 = DIRECTION('',(1.,0.,-0.));
#374 = DIRECTION('',(0.,0.,1.));
#375 = ORIENTED_EDGE('',*,*,#376,.T.);
#376 = EDGE_CURVE('',#368,#377,#379,.T.);
#377 = VERTEX_POINT('',#378);
#378 = CARTESIAN_POINT('',(-41.,108.6,-6.3));
#379 = LINE('',#380,#381);
#380 = CARTESIAN_POINT('',(-41.,86.75,-6.3));
#381 = VECTOR('',#382,1.);
#382 = DIRECTION('',(0.,1.,0.));
#383 = ORIENTED_EDGE('',*,*,#384,.T.);
#384 = EDGE_CURVE('',#377,#360,#385,.T.);
#385 = CIRCLE('',#386,2.1);
#386 = AXIS2_PLACEMENT_3D('',#387,#388,#389);
#387 = CARTESIAN_POINT('',(-41.,108.6,-4.2));
#388 = DIRECTION('',(1.,0.,-0.));
#389 = DIRECTION('',(0.,0.,1.));
#390 = FACE_BOUND('',#391,.T.);
#391 = EDGE_LOOP('',(#392,#402,#411,#419));
#392 = ORIENTED_EDGE('',*,*,#393,.F.);
#393 = EDGE_CURVE('',#394,#396,#398,.T.);
#394 = VERTEX_POINT('',#395);
#395 = CARTESIAN_POINT('',(-41.,70.85,-2.1));
#396 = VERTEX_POINT('',#397);
#397 = CARTESIAN_POINT('',(-41.,89.15,-2.1));
#398 = LINE('',#399,#400);
#399 = CARTESIAN_POINT('',(-41.,71.775,-2.1));
#400 = VECTOR('',#401,1.);
#401 = DIRECTION('',(0.,1.,0.));
#402 = ORIENTED_EDGE('',*,*,#403,.T.);
#403 = EDGE_CURVE('',#394,#404,#406,.T.);
#404 = VERTEX_POINT('',#405);
#405 = CARTESIAN_POINT('',(-41.,70.85,-6.3));
#406 = CIRCLE('',#407,2.1);
#407 = AXIS2_PLACEMENT_3D('',#408,#409,#410);
#408 = CARTESIAN_POINT('',(-41.,70.85,-4.2));
#409 = DIRECTION('',(1.,0.,-0.));
#410 = DIRECTION('',(0.,0.,1.));
#411 = ORIENTED_EDGE('',*,*,#412,.T.);
#412 = EDGE_CURVE('',#404,#413,#415,.T.);
#413 = VERTEX_POINT('',#414);
#414 = CARTESIAN_POINT('',(-41.,89.15,-6.3));
#415 = LINE('',#416,#417);
#416 = CARTESIAN_POINT('',(-41.,71.775,-6.3));
#417 = VECTOR('',#418,1.);
#418 = DIRECTION('',(0.,1.,0.));
#419 = ORIENTED_EDGE('',*,*,#420,.T.);
#420 = EDGE_CURVE('',#413,#396,#421,.T.);
#421 = CIRCLE('',#422,2.1);
#422 = AXIS2_PLACEMENT_3D('',#423,#424,#425);
#423 = CARTESIAN_POINT('',(-41.,89.15,-4.2));
#424 = DIRECTION('',(1.,0.,-0.));
#425 = DIRECTION('',(0.,0.,1.));
#426 = FACE_BOUND('',#427,.T.);
#427 = EDGE_LOOP('',(#428));
#428 = ORIENTED_EDGE('',*,*,#429,.T.);
#429 = EDGE_CURVE('',#430,#430,#432,.T.);
#430 = VERTEX_POINT('',#431);
#431 = CARTESIAN_POINT('',(-41.,53.,-15.75));
#432 = CIRCLE('',#433,4.25);
#433 = AXIS2_PLACEMENT_3D('',#434,#435,#436);
#434 = CARTESIAN_POINT('',(-41.,53.,-20.));
#435 = DIRECTION('',(1.,0.,-0.));
#436 = DIRECTION('',(0.,0.,1.));
#437 = FACE_BOUND('',#438,.T.);
#438 = EDGE_LOOP('',(#439,#449,#457,#465));
#439 = ORIENTED_EDGE('',*,*,#440,.F.);
#440 = EDGE_CURVE('',#441,#443,#445,.T.);
#441 = VERTEX_POINT('',#442);
#442 = CARTESIAN_POINT('',(-41.,35.2,-25.25));
#443 = VERTEX_POINT('',#444);
#444 = CARTESIAN_POINT('',(-41.,20.,-25.25));
#445 = LINE('',#446,#447);
#446 = CARTESIAN_POINT('',(-41.,6.75,-25.25));
#447 = VECTOR('',#448,1.);
#448 = DIRECTION('',(0.,-1.,0.));
#449 = ORIENTED_EDGE('',*,*,#450,.T.);
#450 = EDGE_CURVE('',#441,#451,#453,.T.);
#451 = VERTEX_POINT('',#452);
#452 = CARTESIAN_POINT('',(-41.,35.2,-14.75));
#453 = LINE('',#454,#455);
#454 = CARTESIAN_POINT('',(-41.,35.2,-27.125));
#455 = VECTOR('',#456,1.);
#456 = DIRECTION('',(0.,0.,1.));
#457 = ORIENTED_EDGE('',*,*,#458,.T.);
#458 = EDGE_CURVE('',#451,#459,#461,.T.);
#459 = VERTEX_POINT('',#460);
#460 = CARTESIAN_POINT('',(-41.,20.,-14.75));
#461 = LINE('',#462,#463);
#462 = CARTESIAN_POINT('',(-41.,6.75,-14.75));
#463 = VECTOR('',#464,1.);
#464 = DIRECTION('',(0.,-1.,0.));
#465 = ORIENTED_EDGE('',*,*,#466,.F.);
#466 = EDGE_CURVE('',#443,#459,#467,.T.);
#467 = LINE('',#468,#469);
#468 = CARTESIAN_POINT('',(-41.,20.,-27.125));
#469 = VECTOR('',#470,1.);
#470 = DIRECTION('',(0.,0.,1.));
#471 = PLANE('',#472);
#472 = AXIS2_PLACEMENT_3D('',#473,#474,#475);
#473 = CARTESIAN_POINT('',(-41.,72.7,-14.5));
#474 = DIRECTION('',(-1.,-0.,-0.));
#475 = DIRECTION('',(0.,0.,-1.));
#476 = ADVANCED_FACE('',(#477),#495,.T.);
#477 = FACE_BOUND('',#478,.T.);
#478 = EDGE_LOOP('',(#479,#480,#481,#489));
#479 = ORIENTED_EDGE('',*,*,#72,.F.);
#480 = ORIENTED_EDGE('',*,*,#32,.T.);
#481 = ORIENTED_EDGE('',*,*,#482,.T.);
#482 = EDGE_CURVE('',#33,#483,#485,.T.);
#483 = VERTEX_POINT('',#484);
#484 = CARTESIAN_POINT('',(27.,151.9,0.));
#485 = LINE('',#486,#487);
#486 = CARTESIAN_POINT('',(-41.,151.9,0.));
#487 = VECTOR('',#488,1.);
#488 = DIRECTION('',(1.,0.,0.));
#489 = ORIENTED_EDGE('',*,*,#490,.F.);
#490 = EDGE_CURVE('',#73,#483,#491,.T.);
#491 = LINE('',#492,#493);
#492 = CARTESIAN_POINT('',(27.,151.9,-29.));
#493 = VECTOR('',#494,1.);
#494 = DIRECTION('',(0.,0.,1.));
#495 = PLANE('',#496);
#496 = AXIS2_PLACEMENT_3D('',#497,#498,#499);
#497 = CARTESIAN_POINT('',(-41.,151.9,-29.));
#498 = DIRECTION('',(0.,1.,0.));
#499 = DIRECTION('',(0.,0.,1.));
#500 = ADVANCED_FACE('',(#501,#579,#613,#647),#825,.T.);
#501 = FACE_BOUND('',#502,.T.);
#502 = EDGE_LOOP('',(#503,#504,#513,#521,#529,#537,#545,#553,#562,#570,
    #577,#578));
#503 = ORIENTED_EDGE('',*,*,#339,.F.);
#504 = ORIENTED_EDGE('',*,*,#505,.T.);
#505 = EDGE_CURVE('',#340,#506,#508,.T.);
#506 = VERTEX_POINT('',#507);
#507 = CARTESIAN_POINT('',(-27.,-6.5,0.));
#508 = CIRCLE('',#509,14.);
#509 = AXIS2_PLACEMENT_3D('',#510,#511,#512);
#510 = CARTESIAN_POINT('',(-27.,7.5,0.));
#511 = DIRECTION('',(-0.,0.,1.));
#512 = DIRECTION('',(0.,-1.,0.));
#513 = ORIENTED_EDGE('',*,*,#514,.T.);
#514 = EDGE_CURVE('',#506,#515,#517,.T.);
#515 = VERTEX_POINT('',#516);
#516 = CARTESIAN_POINT('',(-5.1,-6.5,0.));
#517 = LINE('',#518,#519);
#518 = CARTESIAN_POINT('',(-41.,-6.5,0.));
#519 = VECTOR('',#520,1.);
#520 = DIRECTION('',(1.,0.,0.));
#521 = ORIENTED_EDGE('',*,*,#522,.T.);
#522 = EDGE_CURVE('',#515,#523,#525,.T.);
#523 = VERTEX_POINT('',#524);
#524 = CARTESIAN_POINT('',(-5.1,-4.8,0.));
#525 = LINE('',#526,#527);
#526 = CARTESIAN_POINT('',(-5.1,-7.,0.));
#527 = VECTOR('',#528,1.);
#528 = DIRECTION('',(0.,1.,0.));
#529 = ORIENTED_EDGE('',*,*,#530,.F.);
#530 = EDGE_CURVE('',#531,#523,#533,.T.);
#531 = VERTEX_POINT('',#532);
#532 = CARTESIAN_POINT('',(5.1,-4.8,0.));
#533 = LINE('',#534,#535);
#534 = CARTESIAN_POINT('',(1.3E-16,-4.8,0.));
#535 = VECTOR('',#536,1.);
#536 = DIRECTION('',(-1.,0.,0.));
#537 = ORIENTED_EDGE('',*,*,#538,.F.);
#538 = EDGE_CURVE('',#539,#531,#541,.T.);
#539 = VERTEX_POINT('',#540);
#540 = CARTESIAN_POINT('',(5.1,-6.5,0.));
#541 = LINE('',#542,#543);
#542 = CARTESIAN_POINT('',(5.1,-7.,0.));
#543 = VECTOR('',#544,1.);
#544 = DIRECTION('',(0.,1.,0.));
#545 = ORIENTED_EDGE('',*,*,#546,.T.);
#546 = EDGE_CURVE('',#539,#547,#549,.T.);
#547 = VERTEX_POINT('',#548);
#548 = CARTESIAN_POINT('',(27.,-6.5,0.));
#549 = LINE('',#550,#551);
#550 = CARTESIAN_POINT('',(-41.,-6.5,0.));
#551 = VECTOR('',#552,1.);
#552 = DIRECTION('',(1.,0.,0.));
#553 = ORIENTED_EDGE('',*,*,#554,.F.);
#554 = EDGE_CURVE('',#555,#547,#557,.T.);
#555 = VERTEX_POINT('',#556);
#556 = CARTESIAN_POINT('',(41.,7.5,0.));
#557 = CIRCLE('',#558,14.);
#558 = AXIS2_PLACEMENT_3D('',#559,#560,#561);
#559 = CARTESIAN_POINT('',(27.,7.5,0.));
#560 = DIRECTION('',(-0.,-0.,-1.));
#561 = DIRECTION('',(0.,-1.,0.));
#562 = ORIENTED_EDGE('',*,*,#563,.T.);
#563 = EDGE_CURVE('',#555,#564,#566,.T.);
#564 = VERTEX_POINT('',#565);
#565 = CARTESIAN_POINT('',(41.,137.9,0.));
#566 = LINE('',#567,#568);
#567 = CARTESIAN_POINT('',(41.,-6.5,0.));
#568 = VECTOR('',#569,1.);
#569 = DIRECTION('',(0.,1.,0.));
#570 = ORIENTED_EDGE('',*,*,#571,.T.);
#571 = EDGE_CURVE('',#564,#483,#572,.T.);
#572 = CIRCLE('',#573,14.);
#573 = AXIS2_PLACEMENT_3D('',#574,#575,#576);
#574 = CARTESIAN_POINT('',(27.,137.9,0.));
#575 = DIRECTION('',(-0.,0.,1.));
#576 = DIRECTION('',(0.,-1.,0.));
#577 = ORIENTED_EDGE('',*,*,#482,.F.);
#578 = ORIENTED_EDGE('',*,*,#40,.F.);
#579 = FACE_BOUND('',#580,.T.);
#580 = EDGE_LOOP('',(#581,#591,#599,#607));
#581 = ORIENTED_EDGE('',*,*,#582,.T.);
#582 = EDGE_CURVE('',#583,#585,#587,.T.);
#583 = VERTEX_POINT('',#584);
#584 = CARTESIAN_POINT('',(-36.5,67.25,0.));
#585 = VERTEX_POINT('',#586);
#586 = CARTESIAN_POINT('',(-38.5,67.25,0.));
#587 = LINE('',#588,#589);
#588 = CARTESIAN_POINT('',(-19.25,67.25,0.));
#589 = VECTOR('',#590,1.);
#590 = DIRECTION('',(-1.,0.,0.));
#591 = ORIENTED_EDGE('',*,*,#592,.T.);
#592 = EDGE_CURVE('',#585,#593,#595,.T.);
#593 = VERTEX_POINT('',#594);
#594 = CARTESIAN_POINT('',(-38.5,92.75,0.));
#595 = LINE('',#596,#597);
#596 = CARTESIAN_POINT('',(-38.5,69.975,0.));
#597 = VECTOR('',#598,1.);
#598 = DIRECTION('',(0.,1.,0.));
#599 = ORIENTED_EDGE('',*,*,#600,.F.);
#600 = EDGE_CURVE('',#601,#593,#603,.T.);
#601 = VERTEX_POINT('',#602);
#602 = CARTESIAN_POINT('',(-36.5,92.75,0.));
#603 = LINE('',#604,#605);
#604 = CARTESIAN_POINT('',(-19.25,92.75,0.));
#605 = VECTOR('',#606,1.);
#606 = DIRECTION('',(-1.,0.,0.));
#607 = ORIENTED_EDGE('',*,*,#608,.F.);
#608 = EDGE_CURVE('',#583,#601,#609,.T.);
#609 = LINE('',#610,#611);
#610 = CARTESIAN_POINT('',(-36.5,69.975,0.));
#611 = VECTOR('',#612,1.);
#612 = DIRECTION('',(0.,1.,0.));
#613 = FACE_BOUND('',#614,.T.);
#614 = EDGE_LOOP('',(#615,#625,#633,#641));
#615 = ORIENTED_EDGE('',*,*,#616,.T.);
#616 = EDGE_CURVE('',#617,#619,#621,.T.);
#617 = VERTEX_POINT('',#618);
#618 = CARTESIAN_POINT('',(-36.5,97.2,0.));
#619 = VERTEX_POINT('',#620);
#620 = CARTESIAN_POINT('',(-38.5,97.2,0.));
#621 = LINE('',#622,#623);
#622 = CARTESIAN_POINT('',(-19.25,97.2,0.));
#623 = VECTOR('',#624,1.);
#624 = DIRECTION('',(-1.,0.,0.));
#625 = ORIENTED_EDGE('',*,*,#626,.T.);
#626 = EDGE_CURVE('',#619,#627,#629,.T.);
#627 = VERTEX_POINT('',#628);
#628 = CARTESIAN_POINT('',(-38.5,112.2,0.));
#629 = LINE('',#630,#631);
#630 = CARTESIAN_POINT('',(-38.5,84.95,0.));
#631 = VECTOR('',#632,1.);
#632 = DIRECTION('',(0.,1.,0.));
#633 = ORIENTED_EDGE('',*,*,#634,.F.);
#634 = EDGE_CURVE('',#635,#627,#637,.T.);
#635 = VERTEX_POINT('',#636);
#636 = CARTESIAN_POINT('',(-36.5,112.2,0.));
#637 = LINE('',#638,#639);
#638 = CARTESIAN_POINT('',(-19.25,112.2,0.));
#639 = VECTOR('',#640,1.);
#640 = DIRECTION('',(-1.,0.,0.));
#641 = ORIENTED_EDGE('',*,*,#642,.F.);
#642 = EDGE_CURVE('',#617,#635,#643,.T.);
#643 = LINE('',#644,#645);
#644 = CARTESIAN_POINT('',(-36.5,84.95,0.));
#645 = VECTOR('',#646,1.);
#646 = DIRECTION('',(0.,1.,0.));
#647 = FACE_BOUND('',#648,.T.);
#648 = EDGE_LOOP('',(#649,#659,#668,#677,#686,#695,#703,#712,#721,#730,
    #739,#747,#756,#765,#774,#783,#791,#800,#809,#818));
#649 = ORIENTED_EDGE('',*,*,#650,.T.);
#650 = EDGE_CURVE('',#651,#653,#655,.T.);
#651 = VERTEX_POINT('',#652);
#652 = CARTESIAN_POINT('',(-35.5,10.8,0.));
#653 = VERTEX_POINT('',#654);
#654 = CARTESIAN_POINT('',(-35.5,134.6,0.));
#655 = LINE('',#656,#657);
#656 = CARTESIAN_POINT('',(-35.5,-3.25,0.));
#657 = VECTOR('',#658,1.);
#658 = DIRECTION('',(0.,1.,0.));
#659 = ORIENTED_EDGE('',*,*,#660,.F.);
#660 = EDGE_CURVE('',#661,#653,#663,.T.);
#661 = VERTEX_POINT('',#662);
#662 = CARTESIAN_POINT('',(-32.36826400083,142.20511191327,0.));
#663 = CIRCLE('',#664,10.8);
#664 = AXIS2_PLACEMENT_3D('',#665,#666,#667);
#665 = CARTESIAN_POINT('',(-24.7,134.6,0.));
#666 = DIRECTION('',(0.,0.,1.));
#667 = DIRECTION('',(-1.,0.,0.));
#668 = ORIENTED_EDGE('',*,*,#669,.F.);
#669 = EDGE_CURVE('',#670,#661,#672,.T.);
#670 = VERTEX_POINT('',#671);
#671 = CARTESIAN_POINT('',(-30.8,143.9,0.));
#672 = CIRCLE('',#673,1.7);
#673 = AXIS2_PLACEMENT_3D('',#674,#675,#676);
#674 = CARTESIAN_POINT('',(-32.5,143.9,0.));
#675 = DIRECTION('',(0.,0.,1.));
#676 = DIRECTION('',(1.,0.,0.));
#677 = ORIENTED_EDGE('',*,*,#678,.F.);
#678 = EDGE_CURVE('',#679,#670,#681,.T.);
#679 = VERTEX_POINT('',#680);
#680 = CARTESIAN_POINT('',(-30.85393107145,143.47519759598,0.));
#681 = CIRCLE('',#682,1.7);
#682 = AXIS2_PLACEMENT_3D('',#683,#684,#685);
#683 = CARTESIAN_POINT('',(-32.5,143.9,0.));
#684 = DIRECTION('',(0.,0.,1.));
#685 = DIRECTION('',(1.,0.,0.));
#686 = ORIENTED_EDGE('',*,*,#687,.F.);
#687 = EDGE_CURVE('',#688,#679,#690,.T.);
#688 = VERTEX_POINT('',#689);
#689 = CARTESIAN_POINT('',(-24.7,145.4,0.));
#690 = CIRCLE('',#691,10.8);
#691 = AXIS2_PLACEMENT_3D('',#692,#693,#694);
#692 = CARTESIAN_POINT('',(-24.7,134.6,0.));
#693 = DIRECTION('',(0.,0.,1.));
#694 = DIRECTION('',(-1.,0.,0.));
#695 = ORIENTED_EDGE('',*,*,#696,.F.);
#696 = EDGE_CURVE('',#697,#688,#699,.T.);
#697 = VERTEX_POINT('',#698);
#698 = CARTESIAN_POINT('',(24.7,145.4,0.));
#699 = LINE('',#700,#701);
#700 = CARTESIAN_POINT('',(-38.25,145.4,0.));
#701 = VECTOR('',#702,1.);
#702 = DIRECTION('',(-1.,0.,0.));
#703 = ORIENTED_EDGE('',*,*,#704,.F.);
#704 = EDGE_CURVE('',#705,#697,#707,.T.);
#705 = VERTEX_POINT('',#706);
#706 = CARTESIAN_POINT('',(30.85393107145,143.47519759598,0.));
#707 = CIRCLE('',#708,10.8);
#708 = AXIS2_PLACEMENT_3D('',#709,#710,#711);
#709 = CARTESIAN_POINT('',(24.7,134.6,0.));
#710 = DIRECTION('',(0.,0.,1.));
#711 = DIRECTION('',(1.,0.,0.));
#712 = ORIENTED_EDGE('',*,*,#713,.F.);
#713 = EDGE_CURVE('',#714,#705,#716,.T.);
#714 = VERTEX_POINT('',#715);
#715 = CARTESIAN_POINT('',(34.2,143.9,0.));
#716 = CIRCLE('',#717,1.7);
#717 = AXIS2_PLACEMENT_3D('',#718,#719,#720);
#718 = CARTESIAN_POINT('',(32.5,143.9,0.));
#719 = DIRECTION('',(0.,0.,1.));
#720 = DIRECTION('',(1.,0.,0.));
#721 = ORIENTED_EDGE('',*,*,#722,.F.);
#722 = EDGE_CURVE('',#723,#714,#725,.T.);
#723 = VERTEX_POINT('',#724);
#724 = CARTESIAN_POINT('',(32.368264000837,142.20511191327,0.));
#725 = CIRCLE('',#726,1.7);
#726 = AXIS2_PLACEMENT_3D('',#727,#728,#729);
#727 = CARTESIAN_POINT('',(32.5,143.9,0.));
#728 = DIRECTION('',(0.,0.,1.));
#729 = DIRECTION('',(1.,0.,0.));
#730 = ORIENTED_EDGE('',*,*,#731,.F.);
#731 = EDGE_CURVE('',#732,#723,#734,.T.);
#732 = VERTEX_POINT('',#733);
#733 = CARTESIAN_POINT('',(35.5,134.6,0.));
#734 = CIRCLE('',#735,10.8);
#735 = AXIS2_PLACEMENT_3D('',#736,#737,#738);
#736 = CARTESIAN_POINT('',(24.7,134.6,0.));
#737 = DIRECTION('',(0.,0.,1.));
#738 = DIRECTION('',(1.,0.,0.));
#739 = ORIENTED_EDGE('',*,*,#740,.F.);
#740 = EDGE_CURVE('',#741,#732,#743,.T.);
#741 = VERTEX_POINT('',#742);
#742 = CARTESIAN_POINT('',(35.5,10.8,0.));
#743 = LINE('',#744,#745);
#744 = CARTESIAN_POINT('',(35.5,-3.25,0.));
#745 = VECTOR('',#746,1.);
#746 = DIRECTION('',(0.,1.,0.));
#747 = ORIENTED_EDGE('',*,*,#748,.F.);
#748 = EDGE_CURVE('',#749,#741,#751,.T.);
#749 = VERTEX_POINT('',#750);
#750 = CARTESIAN_POINT('',(32.36826400084,3.194888086726,0.));
#751 = CIRCLE('',#752,10.8);
#752 = AXIS2_PLACEMENT_3D('',#753,#754,#755);
#753 = CARTESIAN_POINT('',(24.7,10.8,0.));
#754 = DIRECTION('',(0.,0.,1.));
#755 = DIRECTION('',(1.,0.,0.));
#756 = ORIENTED_EDGE('',*,*,#757,.F.);
#757 = EDGE_CURVE('',#758,#749,#760,.T.);
#758 = VERTEX_POINT('',#759);
#759 = CARTESIAN_POINT('',(34.2,1.5,0.));
#760 = CIRCLE('',#761,1.7);
#761 = AXIS2_PLACEMENT_3D('',#762,#763,#764);
#762 = CARTESIAN_POINT('',(32.5,1.5,0.));
#763 = DIRECTION('',(0.,0.,1.));
#764 = DIRECTION('',(1.,0.,0.));
#765 = ORIENTED_EDGE('',*,*,#766,.F.);
#766 = EDGE_CURVE('',#767,#758,#769,.T.);
#767 = VERTEX_POINT('',#768);
#768 = CARTESIAN_POINT('',(30.853931071447,1.924802404009,0.));
#769 = CIRCLE('',#770,1.7);
#770 = AXIS2_PLACEMENT_3D('',#771,#772,#773);
#771 = CARTESIAN_POINT('',(32.5,1.5,0.));
#772 = DIRECTION('',(0.,0.,1.));
#773 = DIRECTION('',(1.,0.,0.));
#774 = ORIENTED_EDGE('',*,*,#775,.F.);
#775 = EDGE_CURVE('',#776,#767,#778,.T.);
#776 = VERTEX_POINT('',#777);
#777 = CARTESIAN_POINT('',(24.7,-2.E-15,0.));
#778 = CIRCLE('',#779,10.8);
#779 = AXIS2_PLACEMENT_3D('',#780,#781,#782);
#780 = CARTESIAN_POINT('',(24.7,10.8,0.));
#781 = DIRECTION('',(0.,0.,1.));
#782 = DIRECTION('',(1.,0.,0.));
#783 = ORIENTED_EDGE('',*,*,#784,.T.);
#784 = EDGE_CURVE('',#776,#785,#787,.T.);
#785 = VERTEX_POINT('',#786);
#786 = CARTESIAN_POINT('',(-24.7,-2.E-15,0.));
#787 = LINE('',#788,#789);
#788 = CARTESIAN_POINT('',(-38.25,0.,0.));
#789 = VECTOR('',#790,1.);
#790 = DIRECTION('',(-1.,0.,0.));
#791 = ORIENTED_EDGE('',*,*,#792,.F.);
#792 = EDGE_CURVE('',#793,#785,#795,.T.);
#793 = VERTEX_POINT('',#794);
#794 = CARTESIAN_POINT('',(-30.85393107144,1.924802404009,0.));
#795 = CIRCLE('',#796,10.8);
#796 = AXIS2_PLACEMENT_3D('',#797,#798,#799);
#797 = CARTESIAN_POINT('',(-24.7,10.8,0.));
#798 = DIRECTION('',(0.,0.,1.));
#799 = DIRECTION('',(-1.,0.,0.));
#800 = ORIENTED_EDGE('',*,*,#801,.F.);
#801 = EDGE_CURVE('',#802,#793,#804,.T.);
#802 = VERTEX_POINT('',#803);
#803 = CARTESIAN_POINT('',(-30.8,1.5,0.));
#804 = CIRCLE('',#805,1.7);
#805 = AXIS2_PLACEMENT_3D('',#806,#807,#808);
#806 = CARTESIAN_POINT('',(-32.5,1.5,0.));
#807 = DIRECTION('',(0.,0.,1.));
#808 = DIRECTION('',(1.,0.,0.));
#809 = ORIENTED_EDGE('',*,*,#810,.F.);
#810 = EDGE_CURVE('',#811,#802,#813,.T.);
#811 = VERTEX_POINT('',#812);
#812 = CARTESIAN_POINT('',(-32.36826400084,3.194888086726,0.));
#813 = CIRCLE('',#814,1.7);
#814 = AXIS2_PLACEMENT_3D('',#815,#816,#817);
#815 = CARTESIAN_POINT('',(-32.5,1.5,0.));
#816 = DIRECTION('',(0.,0.,1.));
#817 = DIRECTION('',(1.,0.,0.));
#818 = ORIENTED_EDGE('',*,*,#819,.F.);
#819 = EDGE_CURVE('',#651,#811,#820,.T.);
#820 = CIRCLE('',#821,10.8);
#821 = AXIS2_PLACEMENT_3D('',#822,#823,#824);
#822 = CARTESIAN_POINT('',(-24.7,10.8,0.));
#823 = DIRECTION('',(0.,0.,1.));
#824 = DIRECTION('',(-1.,0.,0.));
#825 = PLANE('',#826);
#826 = AXIS2_PLACEMENT_3D('',#827,#828,#829);
#827 = CARTESIAN_POINT('',(0.,72.7,0.));
#828 = DIRECTION('',(0.,0.,1.));
#829 = DIRECTION('',(1.,0.,0.));
#830 = ADVANCED_FACE('',(#831),#842,.T.);
#831 = FACE_BOUND('',#832,.T.);
#832 = EDGE_LOOP('',(#833,#834,#835,#836));
#833 = ORIENTED_EDGE('',*,*,#80,.T.);
#834 = ORIENTED_EDGE('',*,*,#490,.T.);
#835 = ORIENTED_EDGE('',*,*,#571,.F.);
#836 = ORIENTED_EDGE('',*,*,#837,.F.);
#837 = EDGE_CURVE('',#81,#564,#838,.T.);
#838 = LINE('',#839,#840);
#839 = CARTESIAN_POINT('',(41.,137.9,-29.));
#840 = VECTOR('',#841,1.);
#841 = DIRECTION('',(0.,0.,1.));
#842 = CYLINDRICAL_SURFACE('',#843,14.);
#843 = AXIS2_PLACEMENT_3D('',#844,#845,#846);
#844 = CARTESIAN_POINT('',(27.,137.9,-29.));
#845 = DIRECTION('',(0.,0.,1.));
#846 = DIRECTION('',(1.,0.,0.));
#847 = ADVANCED_FACE('',(#848,#859,#995,#1131,#1267,#1403,#1539,#1675),
  #1729,.T.);
#848 = FACE_BOUND('',#849,.T.);
#849 = EDGE_LOOP('',(#850,#851,#857,#858));
#850 = ORIENTED_EDGE('',*,*,#563,.F.);
#851 = ORIENTED_EDGE('',*,*,#852,.F.);
#852 = EDGE_CURVE('',#90,#555,#853,.T.);
#853 = LINE('',#854,#855);
#854 = CARTESIAN_POINT('',(41.,7.5,-29.));
#855 = VECTOR('',#856,1.);
#856 = DIRECTION('',(0.,0.,1.));
#857 = ORIENTED_EDGE('',*,*,#89,.T.);
#858 = ORIENTED_EDGE('',*,*,#837,.T.);
#859 = FACE_BOUND('',#860,.T.);
#860 = EDGE_LOOP('',(#861,#871,#879,#888,#896,#904,#913,#921,#930,#938,
    #946,#955,#963,#971,#980,#988));
#861 = ORIENTED_EDGE('',*,*,#862,.F.);
#862 = EDGE_CURVE('',#863,#865,#867,.T.);
#863 = VERTEX_POINT('',#864);
#864 = CARTESIAN_POINT('',(41.,131.,-25.));
#865 = VERTEX_POINT('',#866);
#866 = CARTESIAN_POINT('',(41.,131.,-24.2));
#867 = LINE('',#868,#869);
#868 = CARTESIAN_POINT('',(41.,131.,-27.));
#869 = VECTOR('',#870,1.);
#870 = DIRECTION('',(0.,0.,1.));
#871 = ORIENTED_EDGE('',*,*,#872,.T.);
#872 = EDGE_CURVE('',#863,#873,#875,.T.);
#873 = VERTEX_POINT('',#874);
#874 = CARTESIAN_POINT('',(41.,130.40831891575,-25.));
#875 = LINE('',#876,#877);
#876 = CARTESIAN_POINT('',(41.,59.25,-25.));
#877 = VECTOR('',#878,1.);
#878 = DIRECTION('',(0.,-1.,0.));
#879 = ORIENTED_EDGE('',*,*,#880,.F.);
#880 = EDGE_CURVE('',#881,#873,#883,.T.);
#881 = VERTEX_POINT('',#882);
#882 = CARTESIAN_POINT('',(41.,125.59168108424,-25.));
#883 = CIRCLE('',#884,3.4);
#884 = AXIS2_PLACEMENT_3D('',#885,#886,#887);
#885 = CARTESIAN_POINT('',(41.,128.,-22.6));
#886 = DIRECTION('',(1.,0.,-0.));
#887 = DIRECTION('',(0.,0.,1.));
#888 = ORIENTED_EDGE('',*,*,#889,.T.);
#889 = EDGE_CURVE('',#881,#890,#892,.T.);
#890 = VERTEX_POINT('',#891);
#891 = CARTESIAN_POINT('',(41.,125.,-25.));
#892 = LINE('',#893,#894);
#893 = CARTESIAN_POINT('',(41.,59.25,-25.));
#894 = VECTOR('',#895,1.);
#895 = DIRECTION('',(0.,-1.,0.));
#896 = ORIENTED_EDGE('',*,*,#897,.T.);
#897 = EDGE_CURVE('',#890,#898,#900,.T.);
#898 = VERTEX_POINT('',#899);
#899 = CARTESIAN_POINT('',(41.,125.,-24.2));
#900 = LINE('',#901,#902);
#901 = CARTESIAN_POINT('',(41.,125.,-27.));
#902 = VECTOR('',#903,1.);
#903 = DIRECTION('',(0.,0.,1.));
#904 = ORIENTED_EDGE('',*,*,#905,.F.);
#905 = EDGE_CURVE('',#906,#898,#908,.T.);
#906 = VERTEX_POINT('',#907);
#907 = CARTESIAN_POINT('',(41.,124.6,-22.6));
#908 = CIRCLE('',#909,3.4);
#909 = AXIS2_PLACEMENT_3D('',#910,#911,#912);
#910 = CARTESIAN_POINT('',(41.,128.,-22.6));
#911 = DIRECTION('',(1.,0.,-0.));
#912 = DIRECTION('',(0.,0.,1.));
#913 = ORIENTED_EDGE('',*,*,#914,.T.);
#914 = EDGE_CURVE('',#906,#915,#917,.T.);
#915 = VERTEX_POINT('',#916);
#916 = CARTESIAN_POINT('',(41.,124.6,-19.4));
#917 = LINE('',#918,#919);
#918 = CARTESIAN_POINT('',(41.,124.6,-25.8));
#919 = VECTOR('',#920,1.);
#920 = DIRECTION('',(0.,0.,1.));
#921 = ORIENTED_EDGE('',*,*,#922,.F.);
#922 = EDGE_CURVE('',#923,#915,#925,.T.);
#923 = VERTEX_POINT('',#924);
#924 = CARTESIAN_POINT('',(41.,125.,-17.8));
#925 = CIRCLE('',#926,3.4);
#926 = AXIS2_PLACEMENT_3D('',#927,#928,#929);
#927 = CARTESIAN_POINT('',(41.,128.,-19.4));
#928 = DIRECTION('',(1.,0.,-0.));
#929 = DIRECTION('',(0.,0.,1.));
#930 = ORIENTED_EDGE('',*,*,#931,.T.);
#931 = EDGE_CURVE('',#923,#932,#934,.T.);
#932 = VERTEX_POINT('',#933);
#933 = CARTESIAN_POINT('',(41.,125.,-17.));
#934 = LINE('',#935,#936);
#935 = CARTESIAN_POINT('',(41.,125.,-27.));
#936 = VECTOR('',#937,1.);
#937 = DIRECTION('',(0.,0.,1.));
#938 = ORIENTED_EDGE('',*,*,#939,.F.);
#939 = EDGE_CURVE('',#940,#932,#942,.T.);
#940 = VERTEX_POINT('',#941);
#941 = CARTESIAN_POINT('',(41.,125.59168108424,-17.));
#942 = LINE('',#943,#944);
#943 = CARTESIAN_POINT('',(41.,59.25,-17.));
#944 = VECTOR('',#945,1.);
#945 = DIRECTION('',(0.,-1.,0.));
#946 = ORIENTED_EDGE('',*,*,#947,.F.);
#947 = EDGE_CURVE('',#948,#940,#950,.T.);
#948 = VERTEX_POINT('',#949);
#949 = CARTESIAN_POINT('',(41.,130.40831891575,-17.));
#950 = CIRCLE('',#951,3.4);
#951 = AXIS2_PLACEMENT_3D('',#952,#953,#954);
#952 = CARTESIAN_POINT('',(41.,128.,-19.4));
#953 = DIRECTION('',(1.,0.,-0.));
#954 = DIRECTION('',(0.,0.,1.));
#955 = ORIENTED_EDGE('',*,*,#956,.F.);
#956 = EDGE_CURVE('',#957,#948,#959,.T.);
#957 = VERTEX_POINT('',#958);
#958 = CARTESIAN_POINT('',(41.,131.,-17.));
#959 = LINE('',#960,#961);
#960 = CARTESIAN_POINT('',(41.,59.25,-17.));
#961 = VECTOR('',#962,1.);
#962 = DIRECTION('',(0.,-1.,0.));
#963 = ORIENTED_EDGE('',*,*,#964,.F.);
#964 = EDGE_CURVE('',#965,#957,#967,.T.);
#965 = VERTEX_POINT('',#966);
#966 = CARTESIAN_POINT('',(41.,131.,-17.8));
#967 = LINE('',#968,#969);
#968 = CARTESIAN_POINT('',(41.,131.,-27.));
#969 = VECTOR('',#970,1.);
#970 = DIRECTION('',(0.,0.,1.));
#971 = ORIENTED_EDGE('',*,*,#972,.F.);
#972 = EDGE_CURVE('',#973,#965,#975,.T.);
#973 = VERTEX_POINT('',#974);
#974 = CARTESIAN_POINT('',(41.,131.4,-19.4));
#975 = CIRCLE('',#976,3.4);
#976 = AXIS2_PLACEMENT_3D('',#977,#978,#979);
#977 = CARTESIAN_POINT('',(41.,128.,-19.4));
#978 = DIRECTION('',(1.,0.,-0.));
#979 = DIRECTION('',(0.,0.,1.));
#980 = ORIENTED_EDGE('',*,*,#981,.F.);
#981 = EDGE_CURVE('',#982,#973,#984,.T.);
#982 = VERTEX_POINT('',#983);
#983 = CARTESIAN_POINT('',(41.,131.4,-22.6));
#984 = LINE('',#985,#986);
#985 = CARTESIAN_POINT('',(41.,131.4,-25.8));
#986 = VECTOR('',#987,1.);
#987 = DIRECTION('',(0.,0.,1.));
#988 = ORIENTED_EDGE('',*,*,#989,.F.);
#989 = EDGE_CURVE('',#865,#982,#990,.T.);
#990 = CIRCLE('',#991,3.4);
#991 = AXIS2_PLACEMENT_3D('',#992,#993,#994);
#992 = CARTESIAN_POINT('',(41.,128.,-22.6));
#993 = DIRECTION('',(1.,0.,-0.));
#994 = DIRECTION('',(0.,0.,1.));
#995 = FACE_BOUND('',#996,.T.);
#996 = EDGE_LOOP('',(#997,#1007,#1015,#1024,#1032,#1040,#1049,#1057,
    #1066,#1074,#1082,#1091,#1099,#1107,#1116,#1124));
#997 = ORIENTED_EDGE('',*,*,#998,.F.);
#998 = EDGE_CURVE('',#999,#1001,#1003,.T.);
#999 = VERTEX_POINT('',#1000);
#1000 = CARTESIAN_POINT('',(41.,119.,-25.));
#1001 = VERTEX_POINT('',#1002);
#1002 = CARTESIAN_POINT('',(41.,119.,-24.2));
#1003 = LINE('',#1004,#1005);
#1004 = CARTESIAN_POINT('',(41.,119.,-27.));
#1005 = VECTOR('',#1006,1.);
#1006 = DIRECTION('',(0.,0.,1.));
#1007 = ORIENTED_EDGE('',*,*,#1008,.T.);
#1008 = EDGE_CURVE('',#999,#1009,#1011,.T.);
#1009 = VERTEX_POINT('',#1010);
#1010 = CARTESIAN_POINT('',(41.,118.40831891575,-25.));
#1011 = LINE('',#1012,#1013);
#1012 = CARTESIAN_POINT('',(41.,53.25,-25.));
#1013 = VECTOR('',#1014,1.);
#1014 = DIRECTION('',(0.,-1.,0.));
#1015 = ORIENTED_EDGE('',*,*,#1016,.F.);
#1016 = EDGE_CURVE('',#1017,#1009,#1019,.T.);
#1017 = VERTEX_POINT('',#1018);
#1018 = CARTESIAN_POINT('',(41.,113.59168108424,-25.));
#1019 = CIRCLE('',#1020,3.4);
#1020 = AXIS2_PLACEMENT_3D('',#1021,#1022,#1023);
#1021 = CARTESIAN_POINT('',(41.,116.,-22.6));
#1022 = DIRECTION('',(1.,0.,-0.));
#1023 = DIRECTION('',(0.,0.,1.));
#1024 = ORIENTED_EDGE('',*,*,#1025,.T.);
#1025 = EDGE_CURVE('',#1017,#1026,#1028,.T.);
#1026 = VERTEX_POINT('',#1027);
#1027 = CARTESIAN_POINT('',(41.,113.,-25.));
#1028 = LINE('',#1029,#1030);
#1029 = CARTESIAN_POINT('',(41.,53.25,-25.));
#1030 = VECTOR('',#1031,1.);
#1031 = DIRECTION('',(0.,-1.,0.));
#1032 = ORIENTED_EDGE('',*,*,#1033,.T.);
#1033 = EDGE_CURVE('',#1026,#1034,#1036,.T.);
#1034 = VERTEX_POINT('',#1035);
#1035 = CARTESIAN_POINT('',(41.,113.,-24.2));
#1036 = LINE('',#1037,#1038);
#1037 = CARTESIAN_POINT('',(41.,113.,-27.));
#1038 = VECTOR('',#1039,1.);
#1039 = DIRECTION('',(0.,0.,1.));
#1040 = ORIENTED_EDGE('',*,*,#1041,.F.);
#1041 = EDGE_CURVE('',#1042,#1034,#1044,.T.);
#1042 = VERTEX_POINT('',#1043);
#1043 = CARTESIAN_POINT('',(41.,112.6,-22.6));
#1044 = CIRCLE('',#1045,3.4);
#1045 = AXIS2_PLACEMENT_3D('',#1046,#1047,#1048);
#1046 = CARTESIAN_POINT('',(41.,116.,-22.6));
#1047 = DIRECTION('',(1.,0.,-0.));
#1048 = DIRECTION('',(0.,0.,1.));
#1049 = ORIENTED_EDGE('',*,*,#1050,.T.);
#1050 = EDGE_CURVE('',#1042,#1051,#1053,.T.);
#1051 = VERTEX_POINT('',#1052);
#1052 = CARTESIAN_POINT('',(41.,112.6,-19.4));
#1053 = LINE('',#1054,#1055);
#1054 = CARTESIAN_POINT('',(41.,112.6,-25.8));
#1055 = VECTOR('',#1056,1.);
#1056 = DIRECTION('',(0.,0.,1.));
#1057 = ORIENTED_EDGE('',*,*,#1058,.F.);
#1058 = EDGE_CURVE('',#1059,#1051,#1061,.T.);
#1059 = VERTEX_POINT('',#1060);
#1060 = CARTESIAN_POINT('',(41.,113.,-17.8));
#1061 = CIRCLE('',#1062,3.4);
#1062 = AXIS2_PLACEMENT_3D('',#1063,#1064,#1065);
#1063 = CARTESIAN_POINT('',(41.,116.,-19.4));
#1064 = DIRECTION('',(1.,0.,-0.));
#1065 = DIRECTION('',(0.,0.,1.));
#1066 = ORIENTED_EDGE('',*,*,#1067,.T.);
#1067 = EDGE_CURVE('',#1059,#1068,#1070,.T.);
#1068 = VERTEX_POINT('',#1069);
#1069 = CARTESIAN_POINT('',(41.,113.,-17.));
#1070 = LINE('',#1071,#1072);
#1071 = CARTESIAN_POINT('',(41.,113.,-27.));
#1072 = VECTOR('',#1073,1.);
#1073 = DIRECTION('',(0.,0.,1.));
#1074 = ORIENTED_EDGE('',*,*,#1075,.F.);
#1075 = EDGE_CURVE('',#1076,#1068,#1078,.T.);
#1076 = VERTEX_POINT('',#1077);
#1077 = CARTESIAN_POINT('',(41.,113.59168108424,-17.));
#1078 = LINE('',#1079,#1080);
#1079 = CARTESIAN_POINT('',(41.,53.25,-17.));
#1080 = VECTOR('',#1081,1.);
#1081 = DIRECTION('',(0.,-1.,0.));
#1082 = ORIENTED_EDGE('',*,*,#1083,.F.);
#1083 = EDGE_CURVE('',#1084,#1076,#1086,.T.);
#1084 = VERTEX_POINT('',#1085);
#1085 = CARTESIAN_POINT('',(41.,118.40831891575,-17.));
#1086 = CIRCLE('',#1087,3.4);
#1087 = AXIS2_PLACEMENT_3D('',#1088,#1089,#1090);
#1088 = CARTESIAN_POINT('',(41.,116.,-19.4));
#1089 = DIRECTION('',(1.,0.,-0.));
#1090 = DIRECTION('',(0.,0.,1.));
#1091 = ORIENTED_EDGE('',*,*,#1092,.F.);
#1092 = EDGE_CURVE('',#1093,#1084,#1095,.T.);
#1093 = VERTEX_POINT('',#1094);
#1094 = CARTESIAN_POINT('',(41.,119.,-17.));
#1095 = LINE('',#1096,#1097);
#1096 = CARTESIAN_POINT('',(41.,53.25,-17.));
#1097 = VECTOR('',#1098,1.);
#1098 = DIRECTION('',(0.,-1.,0.));
#1099 = ORIENTED_EDGE('',*,*,#1100,.F.);
#1100 = EDGE_CURVE('',#1101,#1093,#1103,.T.);
#1101 = VERTEX_POINT('',#1102);
#1102 = CARTESIAN_POINT('',(41.,119.,-17.8));
#1103 = LINE('',#1104,#1105);
#1104 = CARTESIAN_POINT('',(41.,119.,-27.));
#1105 = VECTOR('',#1106,1.);
#1106 = DIRECTION('',(0.,0.,1.));
#1107 = ORIENTED_EDGE('',*,*,#1108,.F.);
#1108 = EDGE_CURVE('',#1109,#1101,#1111,.T.);
#1109 = VERTEX_POINT('',#1110);
#1110 = CARTESIAN_POINT('',(41.,119.4,-19.4));
#1111 = CIRCLE('',#1112,3.4);
#1112 = AXIS2_PLACEMENT_3D('',#1113,#1114,#1115);
#1113 = CARTESIAN_POINT('',(41.,116.,-19.4));
#1114 = DIRECTION('',(1.,0.,-0.));
#1115 = DIRECTION('',(0.,0.,1.));
#1116 = ORIENTED_EDGE('',*,*,#1117,.F.);
#1117 = EDGE_CURVE('',#1118,#1109,#1120,.T.);
#1118 = VERTEX_POINT('',#1119);
#1119 = CARTESIAN_POINT('',(41.,119.4,-22.6));
#1120 = LINE('',#1121,#1122);
#1121 = CARTESIAN_POINT('',(41.,119.4,-25.8));
#1122 = VECTOR('',#1123,1.);
#1123 = DIRECTION('',(0.,0.,1.));
#1124 = ORIENTED_EDGE('',*,*,#1125,.F.);
#1125 = EDGE_CURVE('',#1001,#1118,#1126,.T.);
#1126 = CIRCLE('',#1127,3.4);
#1127 = AXIS2_PLACEMENT_3D('',#1128,#1129,#1130);
#1128 = CARTESIAN_POINT('',(41.,116.,-22.6));
#1129 = DIRECTION('',(1.,0.,-0.));
#1130 = DIRECTION('',(0.,0.,1.));
#1131 = FACE_BOUND('',#1132,.T.);
#1132 = EDGE_LOOP('',(#1133,#1143,#1151,#1160,#1168,#1176,#1185,#1193,
    #1202,#1210,#1218,#1227,#1235,#1243,#1252,#1260));
#1133 = ORIENTED_EDGE('',*,*,#1134,.F.);
#1134 = EDGE_CURVE('',#1135,#1137,#1139,.T.);
#1135 = VERTEX_POINT('',#1136);
#1136 = CARTESIAN_POINT('',(41.,107.,-25.));
#1137 = VERTEX_POINT('',#1138);
#1138 = CARTESIAN_POINT('',(41.,107.,-24.2));
#1139 = LINE('',#1140,#1141);
#1140 = CARTESIAN_POINT('',(41.,107.,-27.));
#1141 = VECTOR('',#1142,1.);
#1142 = DIRECTION('',(0.,0.,1.));
#1143 = ORIENTED_EDGE('',*,*,#1144,.T.);
#1144 = EDGE_CURVE('',#1135,#1145,#1147,.T.);
#1145 = VERTEX_POINT('',#1146);
#1146 = CARTESIAN_POINT('',(41.,106.40831891575,-25.));
#1147 = LINE('',#1148,#1149);
#1148 = CARTESIAN_POINT('',(41.,47.25,-25.));
#1149 = VECTOR('',#1150,1.);
#1150 = DIRECTION('',(0.,-1.,0.));
#1151 = ORIENTED_EDGE('',*,*,#1152,.F.);
#1152 = EDGE_CURVE('',#1153,#1145,#1155,.T.);
#1153 = VERTEX_POINT('',#1154);
#1154 = CARTESIAN_POINT('',(41.,101.59168108424,-25.));
#1155 = CIRCLE('',#1156,3.4);
#1156 = AXIS2_PLACEMENT_3D('',#1157,#1158,#1159);
#1157 = CARTESIAN_POINT('',(41.,104.,-22.6));
#1158 = DIRECTION('',(1.,0.,-0.));
#1159 = DIRECTION('',(0.,0.,1.));
#1160 = ORIENTED_EDGE('',*,*,#1161,.T.);
#1161 = EDGE_CURVE('',#1153,#1162,#1164,.T.);
#1162 = VERTEX_POINT('',#1163);
#1163 = CARTESIAN_POINT('',(41.,101.,-25.));
#1164 = LINE('',#1165,#1166);
#1165 = CARTESIAN_POINT('',(41.,47.25,-25.));
#1166 = VECTOR('',#1167,1.);
#1167 = DIRECTION('',(0.,-1.,0.));
#1168 = ORIENTED_EDGE('',*,*,#1169,.T.);
#1169 = EDGE_CURVE('',#1162,#1170,#1172,.T.);
#1170 = VERTEX_POINT('',#1171);
#1171 = CARTESIAN_POINT('',(41.,101.,-24.2));
#1172 = LINE('',#1173,#1174);
#1173 = CARTESIAN_POINT('',(41.,101.,-27.));
#1174 = VECTOR('',#1175,1.);
#1175 = DIRECTION('',(0.,0.,1.));
#1176 = ORIENTED_EDGE('',*,*,#1177,.F.);
#1177 = EDGE_CURVE('',#1178,#1170,#1180,.T.);
#1178 = VERTEX_POINT('',#1179);
#1179 = CARTESIAN_POINT('',(41.,100.6,-22.6));
#1180 = CIRCLE('',#1181,3.4);
#1181 = AXIS2_PLACEMENT_3D('',#1182,#1183,#1184);
#1182 = CARTESIAN_POINT('',(41.,104.,-22.6));
#1183 = DIRECTION('',(1.,0.,-0.));
#1184 = DIRECTION('',(0.,0.,1.));
#1185 = ORIENTED_EDGE('',*,*,#1186,.T.);
#1186 = EDGE_CURVE('',#1178,#1187,#1189,.T.);
#1187 = VERTEX_POINT('',#1188);
#1188 = CARTESIAN_POINT('',(41.,100.6,-19.4));
#1189 = LINE('',#1190,#1191);
#1190 = CARTESIAN_POINT('',(41.,100.6,-25.8));
#1191 = VECTOR('',#1192,1.);
#1192 = DIRECTION('',(0.,0.,1.));
#1193 = ORIENTED_EDGE('',*,*,#1194,.F.);
#1194 = EDGE_CURVE('',#1195,#1187,#1197,.T.);
#1195 = VERTEX_POINT('',#1196);
#1196 = CARTESIAN_POINT('',(41.,101.,-17.8));
#1197 = CIRCLE('',#1198,3.4);
#1198 = AXIS2_PLACEMENT_3D('',#1199,#1200,#1201);
#1199 = CARTESIAN_POINT('',(41.,104.,-19.4));
#1200 = DIRECTION('',(1.,0.,-0.));
#1201 = DIRECTION('',(0.,0.,1.));
#1202 = ORIENTED_EDGE('',*,*,#1203,.T.);
#1203 = EDGE_CURVE('',#1195,#1204,#1206,.T.);
#1204 = VERTEX_POINT('',#1205);
#1205 = CARTESIAN_POINT('',(41.,101.,-17.));
#1206 = LINE('',#1207,#1208);
#1207 = CARTESIAN_POINT('',(41.,101.,-27.));
#1208 = VECTOR('',#1209,1.);
#1209 = DIRECTION('',(0.,0.,1.));
#1210 = ORIENTED_EDGE('',*,*,#1211,.F.);
#1211 = EDGE_CURVE('',#1212,#1204,#1214,.T.);
#1212 = VERTEX_POINT('',#1213);
#1213 = CARTESIAN_POINT('',(41.,101.59168108424,-17.));
#1214 = LINE('',#1215,#1216);
#1215 = CARTESIAN_POINT('',(41.,47.25,-17.));
#1216 = VECTOR('',#1217,1.);
#1217 = DIRECTION('',(0.,-1.,0.));
#1218 = ORIENTED_EDGE('',*,*,#1219,.F.);
#1219 = EDGE_CURVE('',#1220,#1212,#1222,.T.);
#1220 = VERTEX_POINT('',#1221);
#1221 = CARTESIAN_POINT('',(41.,106.40831891575,-17.));
#1222 = CIRCLE('',#1223,3.4);
#1223 = AXIS2_PLACEMENT_3D('',#1224,#1225,#1226);
#1224 = CARTESIAN_POINT('',(41.,104.,-19.4));
#1225 = DIRECTION('',(1.,0.,-0.));
#1226 = DIRECTION('',(0.,0.,1.));
#1227 = ORIENTED_EDGE('',*,*,#1228,.F.);
#1228 = EDGE_CURVE('',#1229,#1220,#1231,.T.);
#1229 = VERTEX_POINT('',#1230);
#1230 = CARTESIAN_POINT('',(41.,107.,-17.));
#1231 = LINE('',#1232,#1233);
#1232 = CARTESIAN_POINT('',(41.,47.25,-17.));
#1233 = VECTOR('',#1234,1.);
#1234 = DIRECTION('',(0.,-1.,0.));
#1235 = ORIENTED_EDGE('',*,*,#1236,.F.);
#1236 = EDGE_CURVE('',#1237,#1229,#1239,.T.);
#1237 = VERTEX_POINT('',#1238);
#1238 = CARTESIAN_POINT('',(41.,107.,-17.8));
#1239 = LINE('',#1240,#1241);
#1240 = CARTESIAN_POINT('',(41.,107.,-27.));
#1241 = VECTOR('',#1242,1.);
#1242 = DIRECTION('',(0.,0.,1.));
#1243 = ORIENTED_EDGE('',*,*,#1244,.F.);
#1244 = EDGE_CURVE('',#1245,#1237,#1247,.T.);
#1245 = VERTEX_POINT('',#1246);
#1246 = CARTESIAN_POINT('',(41.,107.4,-19.4));
#1247 = CIRCLE('',#1248,3.4);
#1248 = AXIS2_PLACEMENT_3D('',#1249,#1250,#1251);
#1249 = CARTESIAN_POINT('',(41.,104.,-19.4));
#1250 = DIRECTION('',(1.,0.,-0.));
#1251 = DIRECTION('',(0.,0.,1.));
#1252 = ORIENTED_EDGE('',*,*,#1253,.F.);
#1253 = EDGE_CURVE('',#1254,#1245,#1256,.T.);
#1254 = VERTEX_POINT('',#1255);
#1255 = CARTESIAN_POINT('',(41.,107.4,-22.6));
#1256 = LINE('',#1257,#1258);
#1257 = CARTESIAN_POINT('',(41.,107.4,-25.8));
#1258 = VECTOR('',#1259,1.);
#1259 = DIRECTION('',(0.,0.,1.));
#1260 = ORIENTED_EDGE('',*,*,#1261,.F.);
#1261 = EDGE_CURVE('',#1137,#1254,#1262,.T.);
#1262 = CIRCLE('',#1263,3.4);
#1263 = AXIS2_PLACEMENT_3D('',#1264,#1265,#1266);
#1264 = CARTESIAN_POINT('',(41.,104.,-22.6));
#1265 = DIRECTION('',(1.,0.,-0.));
#1266 = DIRECTION('',(0.,0.,1.));
#1267 = FACE_BOUND('',#1268,.T.);
#1268 = EDGE_LOOP('',(#1269,#1279,#1287,#1296,#1304,#1312,#1321,#1329,
    #1338,#1346,#1354,#1363,#1371,#1379,#1388,#1396));
#1269 = ORIENTED_EDGE('',*,*,#1270,.F.);
#1270 = EDGE_CURVE('',#1271,#1273,#1275,.T.);
#1271 = VERTEX_POINT('',#1272);
#1272 = CARTESIAN_POINT('',(41.,95.,-25.));
#1273 = VERTEX_POINT('',#1274);
#1274 = CARTESIAN_POINT('',(41.,95.,-24.2));
#1275 = LINE('',#1276,#1277);
#1276 = CARTESIAN_POINT('',(41.,95.,-27.));
#1277 = VECTOR('',#1278,1.);
#1278 = DIRECTION('',(0.,0.,1.));
#1279 = ORIENTED_EDGE('',*,*,#1280,.T.);
#1280 = EDGE_CURVE('',#1271,#1281,#1283,.T.);
#1281 = VERTEX_POINT('',#1282);
#1282 = CARTESIAN_POINT('',(41.,94.408318915758,-25.));
#1283 = LINE('',#1284,#1285);
#1284 = CARTESIAN_POINT('',(41.,41.25,-25.));
#1285 = VECTOR('',#1286,1.);
#1286 = DIRECTION('',(0.,-1.,0.));
#1287 = ORIENTED_EDGE('',*,*,#1288,.F.);
#1288 = EDGE_CURVE('',#1289,#1281,#1291,.T.);
#1289 = VERTEX_POINT('',#1290);
#1290 = CARTESIAN_POINT('',(41.,89.591681084242,-25.));
#1291 = CIRCLE('',#1292,3.4);
#1292 = AXIS2_PLACEMENT_3D('',#1293,#1294,#1295);
#1293 = CARTESIAN_POINT('',(41.,92.,-22.6));
#1294 = DIRECTION('',(1.,0.,-0.));
#1295 = DIRECTION('',(0.,0.,1.));
#1296 = ORIENTED_EDGE('',*,*,#1297,.T.);
#1297 = EDGE_CURVE('',#1289,#1298,#1300,.T.);
#1298 = VERTEX_POINT('',#1299);
#1299 = CARTESIAN_POINT('',(41.,89.,-25.));
#1300 = LINE('',#1301,#1302);
#1301 = CARTESIAN_POINT('',(41.,41.25,-25.));
#1302 = VECTOR('',#1303,1.);
#1303 = DIRECTION('',(0.,-1.,0.));
#1304 = ORIENTED_EDGE('',*,*,#1305,.T.);
#1305 = EDGE_CURVE('',#1298,#1306,#1308,.T.);
#1306 = VERTEX_POINT('',#1307);
#1307 = CARTESIAN_POINT('',(41.,89.,-24.2));
#1308 = LINE('',#1309,#1310);
#1309 = CARTESIAN_POINT('',(41.,89.,-27.));
#1310 = VECTOR('',#1311,1.);
#1311 = DIRECTION('',(0.,0.,1.));
#1312 = ORIENTED_EDGE('',*,*,#1313,.F.);
#1313 = EDGE_CURVE('',#1314,#1306,#1316,.T.);
#1314 = VERTEX_POINT('',#1315);
#1315 = CARTESIAN_POINT('',(41.,88.6,-22.6));
#1316 = CIRCLE('',#1317,3.4);
#1317 = AXIS2_PLACEMENT_3D('',#1318,#1319,#1320);
#1318 = CARTESIAN_POINT('',(41.,92.,-22.6));
#1319 = DIRECTION('',(1.,0.,-0.));
#1320 = DIRECTION('',(0.,0.,1.));
#1321 = ORIENTED_EDGE('',*,*,#1322,.T.);
#1322 = EDGE_CURVE('',#1314,#1323,#1325,.T.);
#1323 = VERTEX_POINT('',#1324);
#1324 = CARTESIAN_POINT('',(41.,88.6,-19.4));
#1325 = LINE('',#1326,#1327);
#1326 = CARTESIAN_POINT('',(41.,88.6,-25.8));
#1327 = VECTOR('',#1328,1.);
#1328 = DIRECTION('',(0.,0.,1.));
#1329 = ORIENTED_EDGE('',*,*,#1330,.F.);
#1330 = EDGE_CURVE('',#1331,#1323,#1333,.T.);
#1331 = VERTEX_POINT('',#1332);
#1332 = CARTESIAN_POINT('',(41.,89.,-17.8));
#1333 = CIRCLE('',#1334,3.4);
#1334 = AXIS2_PLACEMENT_3D('',#1335,#1336,#1337);
#1335 = CARTESIAN_POINT('',(41.,92.,-19.4));
#1336 = DIRECTION('',(1.,0.,-0.));
#1337 = DIRECTION('',(0.,0.,1.));
#1338 = ORIENTED_EDGE('',*,*,#1339,.T.);
#1339 = EDGE_CURVE('',#1331,#1340,#1342,.T.);
#1340 = VERTEX_POINT('',#1341);
#1341 = CARTESIAN_POINT('',(41.,89.,-17.));
#1342 = LINE('',#1343,#1344);
#1343 = CARTESIAN_POINT('',(41.,89.,-27.));
#1344 = VECTOR('',#1345,1.);
#1345 = DIRECTION('',(0.,0.,1.));
#1346 = ORIENTED_EDGE('',*,*,#1347,.F.);
#1347 = EDGE_CURVE('',#1348,#1340,#1350,.T.);
#1348 = VERTEX_POINT('',#1349);
#1349 = CARTESIAN_POINT('',(41.,89.591681084242,-17.));
#1350 = LINE('',#1351,#1352);
#1351 = CARTESIAN_POINT('',(41.,41.25,-17.));
#1352 = VECTOR('',#1353,1.);
#1353 = DIRECTION('',(0.,-1.,0.));
#1354 = ORIENTED_EDGE('',*,*,#1355,.F.);
#1355 = EDGE_CURVE('',#1356,#1348,#1358,.T.);
#1356 = VERTEX_POINT('',#1357);
#1357 = CARTESIAN_POINT('',(41.,94.408318915758,-17.));
#1358 = CIRCLE('',#1359,3.4);
#1359 = AXIS2_PLACEMENT_3D('',#1360,#1361,#1362);
#1360 = CARTESIAN_POINT('',(41.,92.,-19.4));
#1361 = DIRECTION('',(1.,0.,-0.));
#1362 = DIRECTION('',(0.,0.,1.));
#1363 = ORIENTED_EDGE('',*,*,#1364,.F.);
#1364 = EDGE_CURVE('',#1365,#1356,#1367,.T.);
#1365 = VERTEX_POINT('',#1366);
#1366 = CARTESIAN_POINT('',(41.,95.,-17.));
#1367 = LINE('',#1368,#1369);
#1368 = CARTESIAN_POINT('',(41.,41.25,-17.));
#1369 = VECTOR('',#1370,1.);
#1370 = DIRECTION('',(0.,-1.,0.));
#1371 = ORIENTED_EDGE('',*,*,#1372,.F.);
#1372 = EDGE_CURVE('',#1373,#1365,#1375,.T.);
#1373 = VERTEX_POINT('',#1374);
#1374 = CARTESIAN_POINT('',(41.,95.,-17.8));
#1375 = LINE('',#1376,#1377);
#1376 = CARTESIAN_POINT('',(41.,95.,-27.));
#1377 = VECTOR('',#1378,1.);
#1378 = DIRECTION('',(0.,0.,1.));
#1379 = ORIENTED_EDGE('',*,*,#1380,.F.);
#1380 = EDGE_CURVE('',#1381,#1373,#1383,.T.);
#1381 = VERTEX_POINT('',#1382);
#1382 = CARTESIAN_POINT('',(41.,95.4,-19.4));
#1383 = CIRCLE('',#1384,3.4);
#1384 = AXIS2_PLACEMENT_3D('',#1385,#1386,#1387);
#1385 = CARTESIAN_POINT('',(41.,92.,-19.4));
#1386 = DIRECTION('',(1.,0.,-0.));
#1387 = DIRECTION('',(0.,0.,1.));
#1388 = ORIENTED_EDGE('',*,*,#1389,.F.);
#1389 = EDGE_CURVE('',#1390,#1381,#1392,.T.);
#1390 = VERTEX_POINT('',#1391);
#1391 = CARTESIAN_POINT('',(41.,95.4,-22.6));
#1392 = LINE('',#1393,#1394);
#1393 = CARTESIAN_POINT('',(41.,95.4,-25.8));
#1394 = VECTOR('',#1395,1.);
#1395 = DIRECTION('',(0.,0.,1.));
#1396 = ORIENTED_EDGE('',*,*,#1397,.F.);
#1397 = EDGE_CURVE('',#1273,#1390,#1398,.T.);
#1398 = CIRCLE('',#1399,3.4);
#1399 = AXIS2_PLACEMENT_3D('',#1400,#1401,#1402);
#1400 = CARTESIAN_POINT('',(41.,92.,-22.6));
#1401 = DIRECTION('',(1.,0.,-0.));
#1402 = DIRECTION('',(0.,0.,1.));
#1403 = FACE_BOUND('',#1404,.T.);
#1404 = EDGE_LOOP('',(#1405,#1415,#1423,#1432,#1440,#1448,#1457,#1465,
    #1474,#1482,#1490,#1499,#1507,#1515,#1524,#1532));
#1405 = ORIENTED_EDGE('',*,*,#1406,.F.);
#1406 = EDGE_CURVE('',#1407,#1409,#1411,.T.);
#1407 = VERTEX_POINT('',#1408);
#1408 = CARTESIAN_POINT('',(41.,83.,-25.));
#1409 = VERTEX_POINT('',#1410);
#1410 = CARTESIAN_POINT('',(41.,83.,-24.2));
#1411 = LINE('',#1412,#1413);
#1412 = CARTESIAN_POINT('',(41.,83.,-27.));
#1413 = VECTOR('',#1414,1.);
#1414 = DIRECTION('',(0.,0.,1.));
#1415 = ORIENTED_EDGE('',*,*,#1416,.T.);
#1416 = EDGE_CURVE('',#1407,#1417,#1419,.T.);
#1417 = VERTEX_POINT('',#1418);
#1418 = CARTESIAN_POINT('',(41.,82.408318915758,-25.));
#1419 = LINE('',#1420,#1421);
#1420 = CARTESIAN_POINT('',(41.,35.25,-25.));
#1421 = VECTOR('',#1422,1.);
#1422 = DIRECTION('',(0.,-1.,0.));
#1423 = ORIENTED_EDGE('',*,*,#1424,.F.);
#1424 = EDGE_CURVE('',#1425,#1417,#1427,.T.);
#1425 = VERTEX_POINT('',#1426);
#1426 = CARTESIAN_POINT('',(41.,77.591681084242,-25.));
#1427 = CIRCLE('',#1428,3.4);
#1428 = AXIS2_PLACEMENT_3D('',#1429,#1430,#1431);
#1429 = CARTESIAN_POINT('',(41.,80.,-22.6));
#1430 = DIRECTION('',(1.,0.,-0.));
#1431 = DIRECTION('',(0.,0.,1.));
#1432 = ORIENTED_EDGE('',*,*,#1433,.T.);
#1433 = EDGE_CURVE('',#1425,#1434,#1436,.T.);
#1434 = VERTEX_POINT('',#1435);
#1435 = CARTESIAN_POINT('',(41.,77.,-25.));
#1436 = LINE('',#1437,#1438);
#1437 = CARTESIAN_POINT('',(41.,35.25,-25.));
#1438 = VECTOR('',#1439,1.);
#1439 = DIRECTION('',(0.,-1.,0.));
#1440 = ORIENTED_EDGE('',*,*,#1441,.T.);
#1441 = EDGE_CURVE('',#1434,#1442,#1444,.T.);
#1442 = VERTEX_POINT('',#1443);
#1443 = CARTESIAN_POINT('',(41.,77.,-24.2));
#1444 = LINE('',#1445,#1446);
#1445 = CARTESIAN_POINT('',(41.,77.,-27.));
#1446 = VECTOR('',#1447,1.);
#1447 = DIRECTION('',(0.,0.,1.));
#1448 = ORIENTED_EDGE('',*,*,#1449,.F.);
#1449 = EDGE_CURVE('',#1450,#1442,#1452,.T.);
#1450 = VERTEX_POINT('',#1451);
#1451 = CARTESIAN_POINT('',(41.,76.6,-22.6));
#1452 = CIRCLE('',#1453,3.4);
#1453 = AXIS2_PLACEMENT_3D('',#1454,#1455,#1456);
#1454 = CARTESIAN_POINT('',(41.,80.,-22.6));
#1455 = DIRECTION('',(1.,0.,-0.));
#1456 = DIRECTION('',(0.,0.,1.));
#1457 = ORIENTED_EDGE('',*,*,#1458,.T.);
#1458 = EDGE_CURVE('',#1450,#1459,#1461,.T.);
#1459 = VERTEX_POINT('',#1460);
#1460 = CARTESIAN_POINT('',(41.,76.6,-19.4));
#1461 = LINE('',#1462,#1463);
#1462 = CARTESIAN_POINT('',(41.,76.6,-25.8));
#1463 = VECTOR('',#1464,1.);
#1464 = DIRECTION('',(0.,0.,1.));
#1465 = ORIENTED_EDGE('',*,*,#1466,.F.);
#1466 = EDGE_CURVE('',#1467,#1459,#1469,.T.);
#1467 = VERTEX_POINT('',#1468);
#1468 = CARTESIAN_POINT('',(41.,77.,-17.8));
#1469 = CIRCLE('',#1470,3.4);
#1470 = AXIS2_PLACEMENT_3D('',#1471,#1472,#1473);
#1471 = CARTESIAN_POINT('',(41.,80.,-19.4));
#1472 = DIRECTION('',(1.,0.,-0.));
#1473 = DIRECTION('',(0.,0.,1.));
#1474 = ORIENTED_EDGE('',*,*,#1475,.T.);
#1475 = EDGE_CURVE('',#1467,#1476,#1478,.T.);
#1476 = VERTEX_POINT('',#1477);
#1477 = CARTESIAN_POINT('',(41.,77.,-17.));
#1478 = LINE('',#1479,#1480);
#1479 = CARTESIAN_POINT('',(41.,77.,-27.));
#1480 = VECTOR('',#1481,1.);
#1481 = DIRECTION('',(0.,0.,1.));
#1482 = ORIENTED_EDGE('',*,*,#1483,.F.);
#1483 = EDGE_CURVE('',#1484,#1476,#1486,.T.);
#1484 = VERTEX_POINT('',#1485);
#1485 = CARTESIAN_POINT('',(41.,77.591681084241,-17.));
#1486 = LINE('',#1487,#1488);
#1487 = CARTESIAN_POINT('',(41.,35.25,-17.));
#1488 = VECTOR('',#1489,1.);
#1489 = DIRECTION('',(0.,-1.,0.));
#1490 = ORIENTED_EDGE('',*,*,#1491,.F.);
#1491 = EDGE_CURVE('',#1492,#1484,#1494,.T.);
#1492 = VERTEX_POINT('',#1493);
#1493 = CARTESIAN_POINT('',(41.,82.408318915759,-17.));
#1494 = CIRCLE('',#1495,3.4);
#1495 = AXIS2_PLACEMENT_3D('',#1496,#1497,#1498);
#1496 = CARTESIAN_POINT('',(41.,80.,-19.4));
#1497 = DIRECTION('',(1.,0.,-0.));
#1498 = DIRECTION('',(0.,0.,1.));
#1499 = ORIENTED_EDGE('',*,*,#1500,.F.);
#1500 = EDGE_CURVE('',#1501,#1492,#1503,.T.);
#1501 = VERTEX_POINT('',#1502);
#1502 = CARTESIAN_POINT('',(41.,83.,-17.));
#1503 = LINE('',#1504,#1505);
#1504 = CARTESIAN_POINT('',(41.,35.25,-17.));
#1505 = VECTOR('',#1506,1.);
#1506 = DIRECTION('',(0.,-1.,0.));
#1507 = ORIENTED_EDGE('',*,*,#1508,.F.);
#1508 = EDGE_CURVE('',#1509,#1501,#1511,.T.);
#1509 = VERTEX_POINT('',#1510);
#1510 = CARTESIAN_POINT('',(41.,83.,-17.8));
#1511 = LINE('',#1512,#1513);
#1512 = CARTESIAN_POINT('',(41.,83.,-27.));
#1513 = VECTOR('',#1514,1.);
#1514 = DIRECTION('',(0.,0.,1.));
#1515 = ORIENTED_EDGE('',*,*,#1516,.F.);
#1516 = EDGE_CURVE('',#1517,#1509,#1519,.T.);
#1517 = VERTEX_POINT('',#1518);
#1518 = CARTESIAN_POINT('',(41.,83.4,-19.4));
#1519 = CIRCLE('',#1520,3.4);
#1520 = AXIS2_PLACEMENT_3D('',#1521,#1522,#1523);
#1521 = CARTESIAN_POINT('',(41.,80.,-19.4));
#1522 = DIRECTION('',(1.,0.,-0.));
#1523 = DIRECTION('',(0.,0.,1.));
#1524 = ORIENTED_EDGE('',*,*,#1525,.F.);
#1525 = EDGE_CURVE('',#1526,#1517,#1528,.T.);
#1526 = VERTEX_POINT('',#1527);
#1527 = CARTESIAN_POINT('',(41.,83.4,-22.6));
#1528 = LINE('',#1529,#1530);
#1529 = CARTESIAN_POINT('',(41.,83.4,-25.8));
#1530 = VECTOR('',#1531,1.);
#1531 = DIRECTION('',(0.,0.,1.));
#1532 = ORIENTED_EDGE('',*,*,#1533,.F.);
#1533 = EDGE_CURVE('',#1409,#1526,#1534,.T.);
#1534 = CIRCLE('',#1535,3.4);
#1535 = AXIS2_PLACEMENT_3D('',#1536,#1537,#1538);
#1536 = CARTESIAN_POINT('',(41.,80.,-22.6));
#1537 = DIRECTION('',(1.,0.,-0.));
#1538 = DIRECTION('',(0.,0.,1.));
#1539 = FACE_BOUND('',#1540,.T.);
#1540 = EDGE_LOOP('',(#1541,#1551,#1559,#1568,#1576,#1584,#1593,#1601,
    #1610,#1618,#1626,#1635,#1643,#1651,#1660,#1668));
#1541 = ORIENTED_EDGE('',*,*,#1542,.F.);
#1542 = EDGE_CURVE('',#1543,#1545,#1547,.T.);
#1543 = VERTEX_POINT('',#1544);
#1544 = CARTESIAN_POINT('',(41.,71.,-25.));
#1545 = VERTEX_POINT('',#1546);
#1546 = CARTESIAN_POINT('',(41.,71.,-24.2));
#1547 = LINE('',#1548,#1549);
#1548 = CARTESIAN_POINT('',(41.,71.,-27.));
#1549 = VECTOR('',#1550,1.);
#1550 = DIRECTION('',(0.,0.,1.));
#1551 = ORIENTED_EDGE('',*,*,#1552,.T.);
#1552 = EDGE_CURVE('',#1543,#1553,#1555,.T.);
#1553 = VERTEX_POINT('',#1554);
#1554 = CARTESIAN_POINT('',(41.,70.408318915758,-25.));
#1555 = LINE('',#1556,#1557);
#1556 = CARTESIAN_POINT('',(41.,29.25,-25.));
#1557 = VECTOR('',#1558,1.);
#1558 = DIRECTION('',(0.,-1.,0.));
#1559 = ORIENTED_EDGE('',*,*,#1560,.F.);
#1560 = EDGE_CURVE('',#1561,#1553,#1563,.T.);
#1561 = VERTEX_POINT('',#1562);
#1562 = CARTESIAN_POINT('',(41.,65.591681084242,-25.));
#1563 = CIRCLE('',#1564,3.4);
#1564 = AXIS2_PLACEMENT_3D('',#1565,#1566,#1567);
#1565 = CARTESIAN_POINT('',(41.,68.,-22.6));
#1566 = DIRECTION('',(1.,0.,-0.));
#1567 = DIRECTION('',(0.,0.,1.));
#1568 = ORIENTED_EDGE('',*,*,#1569,.T.);
#1569 = EDGE_CURVE('',#1561,#1570,#1572,.T.);
#1570 = VERTEX_POINT('',#1571);
#1571 = CARTESIAN_POINT('',(41.,65.,-25.));
#1572 = LINE('',#1573,#1574);
#1573 = CARTESIAN_POINT('',(41.,29.25,-25.));
#1574 = VECTOR('',#1575,1.);
#1575 = DIRECTION('',(0.,-1.,0.));
#1576 = ORIENTED_EDGE('',*,*,#1577,.T.);
#1577 = EDGE_CURVE('',#1570,#1578,#1580,.T.);
#1578 = VERTEX_POINT('',#1579);
#1579 = CARTESIAN_POINT('',(41.,65.,-24.2));
#1580 = LINE('',#1581,#1582);
#1581 = CARTESIAN_POINT('',(41.,65.,-27.));
#1582 = VECTOR('',#1583,1.);
#1583 = DIRECTION('',(0.,0.,1.));
#1584 = ORIENTED_EDGE('',*,*,#1585,.F.);
#1585 = EDGE_CURVE('',#1586,#1578,#1588,.T.);
#1586 = VERTEX_POINT('',#1587);
#1587 = CARTESIAN_POINT('',(41.,64.6,-22.6));
#1588 = CIRCLE('',#1589,3.4);
#1589 = AXIS2_PLACEMENT_3D('',#1590,#1591,#1592);
#1590 = CARTESIAN_POINT('',(41.,68.,-22.6));
#1591 = DIRECTION('',(1.,0.,-0.));
#1592 = DIRECTION('',(0.,0.,1.));
#1593 = ORIENTED_EDGE('',*,*,#1594,.T.);
#1594 = EDGE_CURVE('',#1586,#1595,#1597,.T.);
#1595 = VERTEX_POINT('',#1596);
#1596 = CARTESIAN_POINT('',(41.,64.6,-19.4));
#1597 = LINE('',#1598,#1599);
#1598 = CARTESIAN_POINT('',(41.,64.6,-25.8));
#1599 = VECTOR('',#1600,1.);
#1600 = DIRECTION('',(0.,0.,1.));
#1601 = ORIENTED_EDGE('',*,*,#1602,.F.);
#1602 = EDGE_CURVE('',#1603,#1595,#1605,.T.);
#1603 = VERTEX_POINT('',#1604);
#1604 = CARTESIAN_POINT('',(41.,65.,-17.8));
#1605 = CIRCLE('',#1606,3.4);
#1606 = AXIS2_PLACEMENT_3D('',#1607,#1608,#1609);
#1607 = CARTESIAN_POINT('',(41.,68.,-19.4));
#1608 = DIRECTION('',(1.,0.,-0.));
#1609 = DIRECTION('',(0.,0.,1.));
#1610 = ORIENTED_EDGE('',*,*,#1611,.T.);
#1611 = EDGE_CURVE('',#1603,#1612,#1614,.T.);
#1612 = VERTEX_POINT('',#1613);
#1613 = CARTESIAN_POINT('',(41.,65.,-17.));
#1614 = LINE('',#1615,#1616);
#1615 = CARTESIAN_POINT('',(41.,65.,-27.));
#1616 = VECTOR('',#1617,1.);
#1617 = DIRECTION('',(0.,0.,1.));
#1618 = ORIENTED_EDGE('',*,*,#1619,.F.);
#1619 = EDGE_CURVE('',#1620,#1612,#1622,.T.);
#1620 = VERTEX_POINT('',#1621);
#1621 = CARTESIAN_POINT('',(41.,65.591681084241,-17.));
#1622 = LINE('',#1623,#1624);
#1623 = CARTESIAN_POINT('',(41.,29.25,-17.));
#1624 = VECTOR('',#1625,1.);
#1625 = DIRECTION('',(0.,-1.,0.));
#1626 = ORIENTED_EDGE('',*,*,#1627,.F.);
#1627 = EDGE_CURVE('',#1628,#1620,#1630,.T.);
#1628 = VERTEX_POINT('',#1629);
#1629 = CARTESIAN_POINT('',(41.,70.408318915759,-17.));
#1630 = CIRCLE('',#1631,3.4);
#1631 = AXIS2_PLACEMENT_3D('',#1632,#1633,#1634);
#1632 = CARTESIAN_POINT('',(41.,68.,-19.4));
#1633 = DIRECTION('',(1.,0.,-0.));
#1634 = DIRECTION('',(0.,0.,1.));
#1635 = ORIENTED_EDGE('',*,*,#1636,.F.);
#1636 = EDGE_CURVE('',#1637,#1628,#1639,.T.);
#1637 = VERTEX_POINT('',#1638);
#1638 = CARTESIAN_POINT('',(41.,71.,-17.));
#1639 = LINE('',#1640,#1641);
#1640 = CARTESIAN_POINT('',(41.,29.25,-17.));
#1641 = VECTOR('',#1642,1.);
#1642 = DIRECTION('',(0.,-1.,0.));
#1643 = ORIENTED_EDGE('',*,*,#1644,.F.);
#1644 = EDGE_CURVE('',#1645,#1637,#1647,.T.);
#1645 = VERTEX_POINT('',#1646);
#1646 = CARTESIAN_POINT('',(41.,71.,-17.8));
#1647 = LINE('',#1648,#1649);
#1648 = CARTESIAN_POINT('',(41.,71.,-27.));
#1649 = VECTOR('',#1650,1.);
#1650 = DIRECTION('',(0.,0.,1.));
#1651 = ORIENTED_EDGE('',*,*,#1652,.F.);
#1652 = EDGE_CURVE('',#1653,#1645,#1655,.T.);
#1653 = VERTEX_POINT('',#1654);
#1654 = CARTESIAN_POINT('',(41.,71.4,-19.4));
#1655 = CIRCLE('',#1656,3.4);
#1656 = AXIS2_PLACEMENT_3D('',#1657,#1658,#1659);
#1657 = CARTESIAN_POINT('',(41.,68.,-19.4));
#1658 = DIRECTION('',(1.,0.,-0.));
#1659 = DIRECTION('',(0.,0.,1.));
#1660 = ORIENTED_EDGE('',*,*,#1661,.F.);
#1661 = EDGE_CURVE('',#1662,#1653,#1664,.T.);
#1662 = VERTEX_POINT('',#1663);
#1663 = CARTESIAN_POINT('',(41.,71.4,-22.6));
#1664 = LINE('',#1665,#1666);
#1665 = CARTESIAN_POINT('',(41.,71.4,-25.8));
#1666 = VECTOR('',#1667,1.);
#1667 = DIRECTION('',(0.,0.,1.));
#1668 = ORIENTED_EDGE('',*,*,#1669,.F.);
#1669 = EDGE_CURVE('',#1545,#1662,#1670,.T.);
#1670 = CIRCLE('',#1671,3.4);
#1671 = AXIS2_PLACEMENT_3D('',#1672,#1673,#1674);
#1672 = CARTESIAN_POINT('',(41.,68.,-22.6));
#1673 = DIRECTION('',(1.,0.,-0.));
#1674 = DIRECTION('',(0.,0.,1.));
#1675 = FACE_BOUND('',#1676,.T.);
#1676 = EDGE_LOOP('',(#1677,#1687,#1696,#1704,#1713,#1722));
#1677 = ORIENTED_EDGE('',*,*,#1678,.F.);
#1678 = EDGE_CURVE('',#1679,#1681,#1683,.T.);
#1679 = VERTEX_POINT('',#1680);
#1680 = CARTESIAN_POINT('',(41.,46.8,-1.3));
#1681 = VERTEX_POINT('',#1682);
#1682 = CARTESIAN_POINT('',(41.,35.2,-1.3));
#1683 = LINE('',#1684,#1685);
#1684 = CARTESIAN_POINT('',(41.,14.35,-1.3));
#1685 = VECTOR('',#1686,1.);
#1686 = DIRECTION('',(0.,-1.,0.));
#1687 = ORIENTED_EDGE('',*,*,#1688,.F.);
#1688 = EDGE_CURVE('',#1689,#1679,#1691,.T.);
#1689 = VERTEX_POINT('',#1690);
#1690 = CARTESIAN_POINT('',(41.,46.8,-7.1));
#1691 = CIRCLE('',#1692,2.9);
#1692 = AXIS2_PLACEMENT_3D('',#1693,#1694,#1695);
#1693 = CARTESIAN_POINT('',(41.,46.8,-4.2));
#1694 = DIRECTION('',(1.,0.,-0.));
#1695 = DIRECTION('',(0.,0.,1.));
#1696 = ORIENTED_EDGE('',*,*,#1697,.T.);
#1697 = EDGE_CURVE('',#1689,#1698,#1700,.T.);
#1698 = VERTEX_POINT('',#1699);
#1699 = CARTESIAN_POINT('',(41.,35.2,-7.1));
#1700 = LINE('',#1701,#1702);
#1701 = CARTESIAN_POINT('',(41.,14.35,-7.1));
#1702 = VECTOR('',#1703,1.);
#1703 = DIRECTION('',(0.,-1.,0.));
#1704 = ORIENTED_EDGE('',*,*,#1705,.F.);
#1705 = EDGE_CURVE('',#1706,#1698,#1708,.T.);
#1706 = VERTEX_POINT('',#1707);
#1707 = CARTESIAN_POINT('',(41.,32.488309258615,-5.2279753514));
#1708 = CIRCLE('',#1709,2.9);
#1709 = AXIS2_PLACEMENT_3D('',#1710,#1711,#1712);
#1710 = CARTESIAN_POINT('',(41.,35.2,-4.2));
#1711 = DIRECTION('',(1.,0.,-0.));
#1712 = DIRECTION('',(0.,0.,1.));
#1713 = ORIENTED_EDGE('',*,*,#1714,.T.);
#1714 = EDGE_CURVE('',#1706,#1715,#1717,.T.);
#1715 = VERTEX_POINT('',#1716);
#1716 = CARTESIAN_POINT('',(41.,32.488309258615,-3.1720246486));
#1717 = CIRCLE('',#1718,1.442307692308);
#1718 = AXIS2_PLACEMENT_3D('',#1719,#1720,#1721);
#1719 = CARTESIAN_POINT('',(41.,33.5,-4.2));
#1720 = DIRECTION('',(-1.,0.,0.));
#1721 = DIRECTION('',(0.,0.,-1.));
#1722 = ORIENTED_EDGE('',*,*,#1723,.F.);
#1723 = EDGE_CURVE('',#1681,#1715,#1724,.T.);
#1724 = CIRCLE('',#1725,2.9);
#1725 = AXIS2_PLACEMENT_3D('',#1726,#1727,#1728);
#1726 = CARTESIAN_POINT('',(41.,35.2,-4.2));
#1727 = DIRECTION('',(1.,0.,-0.));
#1728 = DIRECTION('',(0.,0.,1.));
#1729 = PLANE('',#1730);
#1730 = AXIS2_PLACEMENT_3D('',#1731,#1732,#1733);
#1731 = CARTESIAN_POINT('',(41.,-6.5,-29.));
#1732 = DIRECTION('',(1.,0.,0.));
#1733 = DIRECTION('',(0.,0.,1.));
#1734 = ADVANCED_FACE('',(#1735),#1746,.T.);
#1735 = FACE_BOUND('',#1736,.F.);
#1736 = EDGE_LOOP('',(#1737,#1738,#1744,#1745));
#1737 = ORIENTED_EDGE('',*,*,#97,.T.);
#1738 = ORIENTED_EDGE('',*,*,#1739,.T.);
#1739 = EDGE_CURVE('',#98,#547,#1740,.T.);
#1740 = LINE('',#1741,#1742);
#1741 = CARTESIAN_POINT('',(27.,-6.5,-29.));
#1742 = VECTOR('',#1743,1.);
#1743 = DIRECTION('',(0.,0.,1.));
#1744 = ORIENTED_EDGE('',*,*,#554,.F.);
#1745 = ORIENTED_EDGE('',*,*,#852,.F.);
#1746 = CYLINDRICAL_SURFACE('',#1747,14.);
#1747 = AXIS2_PLACEMENT_3D('',#1748,#1749,#1750);
#1748 = CARTESIAN_POINT('',(27.,7.5,-29.));
#1749 = DIRECTION('',(0.,0.,1.));
#1750 = DIRECTION('',(1.,0.,0.));
#1751 = ADVANCED_FACE('',(#1752,#1788,#1799,#1835),#1871,.F.);
#1752 = FACE_BOUND('',#1753,.F.);
#1753 = EDGE_LOOP('',(#1754,#1755,#1761,#1762,#1771,#1779,#1786,#1787));
#1754 = ORIENTED_EDGE('',*,*,#106,.F.);
#1755 = ORIENTED_EDGE('',*,*,#1756,.T.);
#1756 = EDGE_CURVE('',#107,#506,#1757,.T.);
#1757 = LINE('',#1758,#1759);
#1758 = CARTESIAN_POINT('',(-27.,-6.5,-29.));
#1759 = VECTOR('',#1760,1.);
#1760 = DIRECTION('',(0.,0.,1.));
#1761 = ORIENTED_EDGE('',*,*,#514,.T.);
#1762 = ORIENTED_EDGE('',*,*,#1763,.F.);
#1763 = EDGE_CURVE('',#1764,#515,#1766,.T.);
#1764 = VERTEX_POINT('',#1765);
#1765 = CARTESIAN_POINT('',(-4.2,-6.5,-8.1));
#1766 = CIRCLE('',#1767,4.1);
#1767 = AXIS2_PLACEMENT_3D('',#1768,#1769,#1770);
#1768 = CARTESIAN_POINT('',(-4.2,-6.5,-4.));
#1769 = DIRECTION('',(0.,1.,0.));
#1770 = DIRECTION('',(0.,0.,1.));
#1771 = ORIENTED_EDGE('',*,*,#1772,.T.);
#1772 = EDGE_CURVE('',#1764,#1773,#1775,.T.);
#1773 = VERTEX_POINT('',#1774);
#1774 = CARTESIAN_POINT('',(4.2,-6.5,-8.1));
#1775 = LINE('',#1776,#1777);
#1776 = CARTESIAN_POINT('',(-22.6,-6.5,-8.1));
#1777 = VECTOR('',#1778,1.);
#1778 = DIRECTION('',(1.,0.,0.));
#1779 = ORIENTED_EDGE('',*,*,#1780,.F.);
#1780 = EDGE_CURVE('',#539,#1773,#1781,.T.);
#1781 = CIRCLE('',#1782,4.1);
#1782 = AXIS2_PLACEMENT_3D('',#1783,#1784,#1785);
#1783 = CARTESIAN_POINT('',(4.2,-6.5,-4.));
#1784 = DIRECTION('',(0.,1.,0.));
#1785 = DIRECTION('',(0.,0.,1.));
#1786 = ORIENTED_EDGE('',*,*,#546,.T.);
#1787 = ORIENTED_EDGE('',*,*,#1739,.F.);
#1788 = FACE_BOUND('',#1789,.F.);
#1789 = EDGE_LOOP('',(#1790));
#1790 = ORIENTED_EDGE('',*,*,#1791,.F.);
#1791 = EDGE_CURVE('',#1792,#1792,#1794,.T.);
#1792 = VERTEX_POINT('',#1793);
#1793 = CARTESIAN_POINT('',(-22.,-6.5,-15.9));
#1794 = CIRCLE('',#1795,4.1);
#1795 = AXIS2_PLACEMENT_3D('',#1796,#1797,#1798);
#1796 = CARTESIAN_POINT('',(-22.,-6.5,-20.));
#1797 = DIRECTION('',(0.,1.,0.));
#1798 = DIRECTION('',(0.,0.,1.));
#1799 = FACE_BOUND('',#1800,.F.);
#1800 = EDGE_LOOP('',(#1801,#1812,#1820,#1829));
#1801 = ORIENTED_EDGE('',*,*,#1802,.F.);
#1802 = EDGE_CURVE('',#1803,#1805,#1807,.T.);
#1803 = VERTEX_POINT('',#1804);
#1804 = CARTESIAN_POINT('',(-24.,-6.5,-6.7));
#1805 = VERTEX_POINT('',#1806);
#1806 = CARTESIAN_POINT('',(-24.,-6.5,-1.3));
#1807 = CIRCLE('',#1808,2.7);
#1808 = AXIS2_PLACEMENT_3D('',#1809,#1810,#1811);
#1809 = CARTESIAN_POINT('',(-24.,-6.5,-4.));
#1810 = DIRECTION('',(0.,1.,0.));
#1811 = DIRECTION('',(0.,0.,1.));
#1812 = ORIENTED_EDGE('',*,*,#1813,.T.);
#1813 = EDGE_CURVE('',#1803,#1814,#1816,.T.);
#1814 = VERTEX_POINT('',#1815);
#1815 = CARTESIAN_POINT('',(-15.,-6.5,-6.7));
#1816 = LINE('',#1817,#1818);
#1817 = CARTESIAN_POINT('',(-32.5,-6.5,-6.7));
#1818 = VECTOR('',#1819,1.);
#1819 = DIRECTION('',(1.,0.,0.));
#1820 = ORIENTED_EDGE('',*,*,#1821,.F.);
#1821 = EDGE_CURVE('',#1822,#1814,#1824,.T.);
#1822 = VERTEX_POINT('',#1823);
#1823 = CARTESIAN_POINT('',(-15.,-6.5,-1.3));
#1824 = CIRCLE('',#1825,2.7);
#1825 = AXIS2_PLACEMENT_3D('',#1826,#1827,#1828);
#1826 = CARTESIAN_POINT('',(-15.,-6.5,-4.));
#1827 = DIRECTION('',(0.,1.,0.));
#1828 = DIRECTION('',(0.,0.,1.));
#1829 = ORIENTED_EDGE('',*,*,#1830,.F.);
#1830 = EDGE_CURVE('',#1805,#1822,#1831,.T.);
#1831 = LINE('',#1832,#1833);
#1832 = CARTESIAN_POINT('',(-32.5,-6.5,-1.3));
#1833 = VECTOR('',#1834,1.);
#1834 = DIRECTION('',(1.,0.,0.));
#1835 = FACE_BOUND('',#1836,.F.);
#1836 = EDGE_LOOP('',(#1837,#1848,#1856,#1865));
#1837 = ORIENTED_EDGE('',*,*,#1838,.F.);
#1838 = EDGE_CURVE('',#1839,#1841,#1843,.T.);
#1839 = VERTEX_POINT('',#1840);
#1840 = CARTESIAN_POINT('',(15.,-6.5,-6.7));
#1841 = VERTEX_POINT('',#1842);
#1842 = CARTESIAN_POINT('',(15.,-6.5,-1.3));
#1843 = CIRCLE('',#1844,2.7);
#1844 = AXIS2_PLACEMENT_3D('',#1845,#1846,#1847);
#1845 = CARTESIAN_POINT('',(15.,-6.5,-4.));
#1846 = DIRECTION('',(0.,1.,0.));
#1847 = DIRECTION('',(0.,0.,1.));
#1848 = ORIENTED_EDGE('',*,*,#1849,.T.);
#1849 = EDGE_CURVE('',#1839,#1850,#1852,.T.);
#1850 = VERTEX_POINT('',#1851);
#1851 = CARTESIAN_POINT('',(24.,-6.5,-6.7));
#1852 = LINE('',#1853,#1854);
#1853 = CARTESIAN_POINT('',(-13.,-6.5,-6.7));
#1854 = VECTOR('',#1855,1.);
#1855 = DIRECTION('',(1.,0.,0.));
#1856 = ORIENTED_EDGE('',*,*,#1857,.F.);
#1857 = EDGE_CURVE('',#1858,#1850,#1860,.T.);
#1858 = VERTEX_POINT('',#1859);
#1859 = CARTESIAN_POINT('',(24.,-6.5,-1.3));
#1860 = CIRCLE('',#1861,2.7);
#1861 = AXIS2_PLACEMENT_3D('',#1862,#1863,#1864);
#1862 = CARTESIAN_POINT('',(24.,-6.5,-4.));
#1863 = DIRECTION('',(0.,1.,0.));
#1864 = DIRECTION('',(0.,0.,1.));
#1865 = ORIENTED_EDGE('',*,*,#1866,.F.);
#1866 = EDGE_CURVE('',#1841,#1858,#1867,.T.);
#1867 = LINE('',#1868,#1869);
#1868 = CARTESIAN_POINT('',(-13.,-6.5,-1.3));
#1869 = VECTOR('',#1870,1.);
#1870 = DIRECTION('',(1.,0.,0.));
#1871 = PLANE('',#1872);
#1872 = AXIS2_PLACEMENT_3D('',#1873,#1874,#1875);
#1873 = CARTESIAN_POINT('',(-41.,-6.5,-29.));
#1874 = DIRECTION('',(0.,1.,0.));
#1875 = DIRECTION('',(0.,0.,1.));
#1876 = ADVANCED_FACE('',(#1877),#1883,.T.);
#1877 = FACE_BOUND('',#1878,.T.);
#1878 = EDGE_LOOP('',(#1879,#1880,#1881,#1882));
#1879 = ORIENTED_EDGE('',*,*,#114,.T.);
#1880 = ORIENTED_EDGE('',*,*,#1756,.T.);
#1881 = ORIENTED_EDGE('',*,*,#505,.F.);
#1882 = ORIENTED_EDGE('',*,*,#349,.F.);
#1883 = CYLINDRICAL_SURFACE('',#1884,14.);
#1884 = AXIS2_PLACEMENT_3D('',#1885,#1886,#1887);
#1885 = CARTESIAN_POINT('',(-27.,7.5,-29.));
#1886 = DIRECTION('',(0.,0.,1.));
#1887 = DIRECTION('',(-1.,0.,0.));
#1888 = ADVANCED_FACE('',(#1889),#1914,.F.);
#1889 = FACE_BOUND('',#1890,.F.);
#1890 = EDGE_LOOP('',(#1891,#1892,#1900,#1908));
#1891 = ORIENTED_EDGE('',*,*,#123,.F.);
#1892 = ORIENTED_EDGE('',*,*,#1893,.T.);
#1893 = EDGE_CURVE('',#124,#1894,#1896,.T.);
#1894 = VERTEX_POINT('',#1895);
#1895 = CARTESIAN_POINT('',(-36.,43.,-11.1));
#1896 = LINE('',#1897,#1898);
#1897 = CARTESIAN_POINT('',(-36.,43.,-29.05));
#1898 = VECTOR('',#1899,1.);
#1899 = DIRECTION('',(0.,0.,1.));
#1900 = ORIENTED_EDGE('',*,*,#1901,.F.);
#1901 = EDGE_CURVE('',#1902,#1894,#1904,.T.);
#1902 = VERTEX_POINT('',#1903);
#1903 = CARTESIAN_POINT('',(-30.,43.,-11.1));
#1904 = LINE('',#1905,#1906);
#1905 = CARTESIAN_POINT('',(-38.5,43.,-11.1));
#1906 = VECTOR('',#1907,1.);
#1907 = DIRECTION('',(-1.,0.,0.));
#1908 = ORIENTED_EDGE('',*,*,#1909,.F.);
#1909 = EDGE_CURVE('',#126,#1902,#1910,.T.);
#1910 = LINE('',#1911,#1912);
#1911 = CARTESIAN_POINT('',(-30.,43.,-29.));
#1912 = VECTOR('',#1913,1.);
#1913 = DIRECTION('',(0.,0.,1.));
#1914 = PLANE('',#1915);
#1915 = AXIS2_PLACEMENT_3D('',#1916,#1917,#1918);
#1916 = CARTESIAN_POINT('',(-41.,43.,-29.));
#1917 = DIRECTION('',(0.,1.,0.));
#1918 = DIRECTION('',(0.,0.,1.));
#1919 = ADVANCED_FACE('',(#1920),#1939,.T.);
#1920 = FACE_BOUND('',#1921,.F.);
#1921 = EDGE_LOOP('',(#1922,#1930,#1931,#1932));
#1922 = ORIENTED_EDGE('',*,*,#1923,.F.);
#1923 = EDGE_CURVE('',#134,#1924,#1926,.T.);
#1924 = VERTEX_POINT('',#1925);
#1925 = CARTESIAN_POINT('',(-27.,46.,-11.1));
#1926 = LINE('',#1927,#1928);
#1927 = CARTESIAN_POINT('',(-27.,46.,-29.));
#1928 = VECTOR('',#1929,1.);
#1929 = DIRECTION('',(0.,0.,1.));
#1930 = ORIENTED_EDGE('',*,*,#133,.T.);
#1931 = ORIENTED_EDGE('',*,*,#1909,.T.);
#1932 = ORIENTED_EDGE('',*,*,#1933,.T.);
#1933 = EDGE_CURVE('',#1902,#1924,#1934,.T.);
#1934 = CIRCLE('',#1935,3.);
#1935 = AXIS2_PLACEMENT_3D('',#1936,#1937,#1938);
#1936 = CARTESIAN_POINT('',(-30.,46.,-11.1));
#1937 = DIRECTION('',(0.,0.,1.));
#1938 = DIRECTION('',(1.,0.,0.));
#1939 = CYLINDRICAL_SURFACE('',#1940,3.);
#1940 = AXIS2_PLACEMENT_3D('',#1941,#1942,#1943);
#1941 = CARTESIAN_POINT('',(-30.,46.,-29.));
#1942 = DIRECTION('',(0.,0.,1.));
#1943 = DIRECTION('',(1.,0.,0.));
#1944 = ADVANCED_FACE('',(#1945),#1963,.T.);
#1945 = FACE_BOUND('',#1946,.T.);
#1946 = EDGE_LOOP('',(#1947,#1955,#1956,#1957));
#1947 = ORIENTED_EDGE('',*,*,#1948,.F.);
#1948 = EDGE_CURVE('',#1924,#1949,#1951,.T.);
#1949 = VERTEX_POINT('',#1950);
#1950 = CARTESIAN_POINT('',(-27.,60.,-11.1));
#1951 = LINE('',#1952,#1953);
#1952 = CARTESIAN_POINT('',(-27.,21.35,-11.1));
#1953 = VECTOR('',#1954,1.);
#1954 = DIRECTION('',(0.,1.,0.));
#1955 = ORIENTED_EDGE('',*,*,#1923,.F.);
#1956 = ORIENTED_EDGE('',*,*,#142,.T.);
#1957 = ORIENTED_EDGE('',*,*,#1958,.T.);
#1958 = EDGE_CURVE('',#143,#1949,#1959,.T.);
#1959 = LINE('',#1960,#1961);
#1960 = CARTESIAN_POINT('',(-27.,60.,-29.));
#1961 = VECTOR('',#1962,1.);
#1962 = DIRECTION('',(0.,0.,1.));
#1963 = PLANE('',#1964);
#1964 = AXIS2_PLACEMENT_3D('',#1965,#1966,#1967);
#1965 = CARTESIAN_POINT('',(-27.,43.,-29.));
#1966 = DIRECTION('',(1.,0.,0.));
#1967 = DIRECTION('',(0.,0.,1.));
#1968 = ADVANCED_FACE('',(#1969),#1988,.T.);
#1969 = FACE_BOUND('',#1970,.T.);
#1970 = EDGE_LOOP('',(#1971,#1972,#1973,#1981));
#1971 = ORIENTED_EDGE('',*,*,#1958,.F.);
#1972 = ORIENTED_EDGE('',*,*,#150,.T.);
#1973 = ORIENTED_EDGE('',*,*,#1974,.T.);
#1974 = EDGE_CURVE('',#151,#1975,#1977,.T.);
#1975 = VERTEX_POINT('',#1976);
#1976 = CARTESIAN_POINT('',(-30.,63.,-11.1));
#1977 = LINE('',#1978,#1979);
#1978 = CARTESIAN_POINT('',(-30.,63.,-29.));
#1979 = VECTOR('',#1980,1.);
#1980 = DIRECTION('',(0.,0.,1.));
#1981 = ORIENTED_EDGE('',*,*,#1982,.F.);
#1982 = EDGE_CURVE('',#1949,#1975,#1983,.T.);
#1983 = CIRCLE('',#1984,3.);
#1984 = AXIS2_PLACEMENT_3D('',#1985,#1986,#1987);
#1985 = CARTESIAN_POINT('',(-30.,60.,-11.1));
#1986 = DIRECTION('',(0.,0.,1.));
#1987 = DIRECTION('',(1.,0.,0.));
#1988 = CYLINDRICAL_SURFACE('',#1989,3.);
#1989 = AXIS2_PLACEMENT_3D('',#1990,#1991,#1992);
#1990 = CARTESIAN_POINT('',(-30.,60.,-29.));
#1991 = DIRECTION('',(0.,0.,1.));
#1992 = DIRECTION('',(1.,0.,0.));
#1993 = ADVANCED_FACE('',(#1994),#2012,.T.);
#1994 = FACE_BOUND('',#1995,.T.);
#1995 = EDGE_LOOP('',(#1996,#1997,#2005,#2011));
#1996 = ORIENTED_EDGE('',*,*,#159,.F.);
#1997 = ORIENTED_EDGE('',*,*,#1998,.T.);
#1998 = EDGE_CURVE('',#160,#1999,#2001,.T.);
#1999 = VERTEX_POINT('',#2000);
#2000 = CARTESIAN_POINT('',(-36.,63.,-11.1));
#2001 = LINE('',#2002,#2003);
#2002 = CARTESIAN_POINT('',(-36.,63.,-29.05));
#2003 = VECTOR('',#2004,1.);
#2004 = DIRECTION('',(0.,0.,1.));
#2005 = ORIENTED_EDGE('',*,*,#2006,.F.);
#2006 = EDGE_CURVE('',#1975,#1999,#2007,.T.);
#2007 = LINE('',#2008,#2009);
#2008 = CARTESIAN_POINT('',(-38.5,63.,-11.1));
#2009 = VECTOR('',#2010,1.);
#2010 = DIRECTION('',(-1.,0.,0.));
#2011 = ORIENTED_EDGE('',*,*,#1974,.F.);
#2012 = PLANE('',#2013);
#2013 = AXIS2_PLACEMENT_3D('',#2014,#2015,#2016);
#2014 = CARTESIAN_POINT('',(-41.,63.,-29.));
#2015 = DIRECTION('',(0.,1.,0.));
#2016 = DIRECTION('',(0.,0.,1.));
#2017 = ADVANCED_FACE('',(#2018),#2036,.T.);
#2018 = FACE_BOUND('',#2019,.T.);
#2019 = EDGE_LOOP('',(#2020,#2028,#2029,#2030));
#2020 = ORIENTED_EDGE('',*,*,#2021,.F.);
#2021 = EDGE_CURVE('',#1999,#2022,#2024,.T.);
#2022 = VERTEX_POINT('',#2023);
#2023 = CARTESIAN_POINT('',(-36.,137.7,-11.1));
#2024 = LINE('',#2025,#2026);
#2025 = CARTESIAN_POINT('',(-36.,-0.3,-11.1));
#2026 = VECTOR('',#2027,1.);
#2027 = DIRECTION('',(0.,1.,0.));
#2028 = ORIENTED_EDGE('',*,*,#1998,.F.);
#2029 = ORIENTED_EDGE('',*,*,#167,.T.);
#2030 = ORIENTED_EDGE('',*,*,#2031,.T.);
#2031 = EDGE_CURVE('',#168,#2022,#2032,.T.);
#2032 = LINE('',#2033,#2034);
#2033 = CARTESIAN_POINT('',(-36.,137.7,-29.1));
#2034 = VECTOR('',#2035,1.);
#2035 = DIRECTION('',(0.,0.,1.));
#2036 = PLANE('',#2037);
#2037 = AXIS2_PLACEMENT_3D('',#2038,#2039,#2040);
#2038 = CARTESIAN_POINT('',(-36.,-0.3,-29.1));
#2039 = DIRECTION('',(1.,0.,0.));
#2040 = DIRECTION('',(0.,0.,1.));
#2041 = ADVANCED_FACE('',(#2042),#2061,.F.);
#2042 = FACE_BOUND('',#2043,.T.);
#2043 = EDGE_LOOP('',(#2044,#2045,#2046,#2054));
#2044 = ORIENTED_EDGE('',*,*,#2031,.F.);
#2045 = ORIENTED_EDGE('',*,*,#175,.F.);
#2046 = ORIENTED_EDGE('',*,*,#2047,.T.);
#2047 = EDGE_CURVE('',#176,#2048,#2050,.T.);
#2048 = VERTEX_POINT('',#2049);
#2049 = CARTESIAN_POINT('',(-33.96263506874,143.03357132107,-11.1));
#2050 = LINE('',#2051,#2052);
#2051 = CARTESIAN_POINT('',(-33.96263506874,143.03357132107,-29.1));
#2052 = VECTOR('',#2053,1.);
#2053 = DIRECTION('',(0.,0.,1.));
#2054 = ORIENTED_EDGE('',*,*,#2055,.F.);
#2055 = EDGE_CURVE('',#2022,#2048,#2056,.T.);
#2056 = CIRCLE('',#2057,8.);
#2057 = AXIS2_PLACEMENT_3D('',#2058,#2059,#2060);
#2058 = CARTESIAN_POINT('',(-28.,137.7,-11.1));
#2059 = DIRECTION('',(-0.,-0.,-1.));
#2060 = DIRECTION('',(0.,-1.,0.));
#2061 = CYLINDRICAL_SURFACE('',#2062,8.);
#2062 = AXIS2_PLACEMENT_3D('',#2063,#2064,#2065);
#2063 = CARTESIAN_POINT('',(-28.,137.7,-29.1));
#2064 = DIRECTION('',(0.,0.,1.));
#2065 = DIRECTION('',(-1.,0.,0.));
#2066 = ADVANCED_FACE('',(#2067),#2127,.F.);
#2067 = FACE_BOUND('',#2068,.F.);
#2068 = EDGE_LOOP('',(#2069,#2070,#2078,#2087,#2093,#2094,#2095,#2102,
    #2103,#2104,#2112,#2121));
#2069 = ORIENTED_EDGE('',*,*,#669,.F.);
#2070 = ORIENTED_EDGE('',*,*,#2071,.F.);
#2071 = EDGE_CURVE('',#2072,#670,#2074,.T.);
#2072 = VERTEX_POINT('',#2073);
#2073 = CARTESIAN_POINT('',(-30.8,143.9,-11.1));
#2074 = LINE('',#2075,#2076);
#2075 = CARTESIAN_POINT('',(-30.8,143.9,-31.));
#2076 = VECTOR('',#2077,1.);
#2077 = DIRECTION('',(0.,0.,1.));
#2078 = ORIENTED_EDGE('',*,*,#2079,.T.);
#2079 = EDGE_CURVE('',#2072,#2080,#2082,.T.);
#2080 = VERTEX_POINT('',#2081);
#2081 = CARTESIAN_POINT('',(-31.22291613248,145.02207700061,-11.1));
#2082 = CIRCLE('',#2083,1.7);
#2083 = AXIS2_PLACEMENT_3D('',#2084,#2085,#2086);
#2084 = CARTESIAN_POINT('',(-32.5,143.9,-11.1));
#2085 = DIRECTION('',(0.,0.,1.));
#2086 = DIRECTION('',(1.,0.,0.));
#2087 = ORIENTED_EDGE('',*,*,#2088,.F.);
#2088 = EDGE_CURVE('',#185,#2080,#2089,.T.);
#2089 = LINE('',#2090,#2091);
#2090 = CARTESIAN_POINT('',(-31.22291613248,145.02207700062,-29.1));
#2091 = VECTOR('',#2092,1.);
#2092 = DIRECTION('',(0.,0.,1.));
#2093 = ORIENTED_EDGE('',*,*,#184,.T.);
#2094 = ORIENTED_EDGE('',*,*,#2047,.T.);
#2095 = ORIENTED_EDGE('',*,*,#2096,.T.);
#2096 = EDGE_CURVE('',#2048,#2072,#2097,.T.);
#2097 = CIRCLE('',#2098,1.7);
#2098 = AXIS2_PLACEMENT_3D('',#2099,#2100,#2101);
#2099 = CARTESIAN_POINT('',(-32.5,143.9,-11.1));
#2100 = DIRECTION('',(0.,0.,1.));
#2101 = DIRECTION('',(1.,0.,0.));
#2102 = ORIENTED_EDGE('',*,*,#2071,.T.);
#2103 = ORIENTED_EDGE('',*,*,#678,.F.);
#2104 = ORIENTED_EDGE('',*,*,#2105,.F.);
#2105 = EDGE_CURVE('',#2106,#679,#2108,.T.);
#2106 = VERTEX_POINT('',#2107);
#2107 = CARTESIAN_POINT('',(-30.85393107145,143.47519759598,-8.4));
#2108 = LINE('',#2109,#2110);
#2109 = CARTESIAN_POINT('',(-30.85393107144,143.47519759599,-8.4));
#2110 = VECTOR('',#2111,1.);
#2111 = DIRECTION('',(0.,0.,1.));
#2112 = ORIENTED_EDGE('',*,*,#2113,.F.);
#2113 = EDGE_CURVE('',#2114,#2106,#2116,.T.);
#2114 = VERTEX_POINT('',#2115);
#2115 = CARTESIAN_POINT('',(-32.36826400083,142.20511191327,-8.4));
#2116 = CIRCLE('',#2117,1.7);
#2117 = AXIS2_PLACEMENT_3D('',#2118,#2119,#2120);
#2118 = CARTESIAN_POINT('',(-32.5,143.9,-8.4));
#2119 = DIRECTION('',(0.,0.,1.));
#2120 = DIRECTION('',(1.,0.,0.));
#2121 = ORIENTED_EDGE('',*,*,#2122,.T.);
#2122 = EDGE_CURVE('',#2114,#661,#2123,.T.);
#2123 = LINE('',#2124,#2125);
#2124 = CARTESIAN_POINT('',(-32.36826400084,142.20511191327,-8.4));
#2125 = VECTOR('',#2126,1.);
#2126 = DIRECTION('',(0.,0.,1.));
#2127 = CYLINDRICAL_SURFACE('',#2128,1.7);
#2128 = AXIS2_PLACEMENT_3D('',#2129,#2130,#2131);
#2129 = CARTESIAN_POINT('',(-32.5,143.9,-31.));
#2130 = DIRECTION('',(0.,0.,1.));
#2131 = DIRECTION('',(1.,0.,0.));
#2132 = ADVANCED_FACE('',(#2133),#2152,.F.);
#2133 = FACE_BOUND('',#2134,.T.);
#2134 = EDGE_LOOP('',(#2135,#2136,#2137,#2145));
#2135 = ORIENTED_EDGE('',*,*,#2088,.F.);
#2136 = ORIENTED_EDGE('',*,*,#193,.F.);
#2137 = ORIENTED_EDGE('',*,*,#2138,.T.);
#2138 = EDGE_CURVE('',#194,#2139,#2141,.T.);
#2139 = VERTEX_POINT('',#2140);
#2140 = CARTESIAN_POINT('',(-28.,145.7,-11.1));
#2141 = LINE('',#2142,#2143);
#2142 = CARTESIAN_POINT('',(-28.,145.7,-29.1));
#2143 = VECTOR('',#2144,1.);
#2144 = DIRECTION('',(0.,0.,1.));
#2145 = ORIENTED_EDGE('',*,*,#2146,.F.);
#2146 = EDGE_CURVE('',#2080,#2139,#2147,.T.);
#2147 = CIRCLE('',#2148,8.);
#2148 = AXIS2_PLACEMENT_3D('',#2149,#2150,#2151);
#2149 = CARTESIAN_POINT('',(-28.,137.7,-11.1));
#2150 = DIRECTION('',(-0.,-0.,-1.));
#2151 = DIRECTION('',(0.,-1.,0.));
#2152 = CYLINDRICAL_SURFACE('',#2153,8.);
#2153 = AXIS2_PLACEMENT_3D('',#2154,#2155,#2156);
#2154 = CARTESIAN_POINT('',(-28.,137.7,-29.1));
#2155 = DIRECTION('',(0.,0.,1.));
#2156 = DIRECTION('',(-1.,0.,0.));
#2157 = ADVANCED_FACE('',(#2158),#2176,.F.);
#2158 = FACE_BOUND('',#2159,.F.);
#2159 = EDGE_LOOP('',(#2160,#2161,#2162,#2170));
#2160 = ORIENTED_EDGE('',*,*,#202,.T.);
#2161 = ORIENTED_EDGE('',*,*,#2138,.T.);
#2162 = ORIENTED_EDGE('',*,*,#2163,.T.);
#2163 = EDGE_CURVE('',#2139,#2164,#2166,.T.);
#2164 = VERTEX_POINT('',#2165);
#2165 = CARTESIAN_POINT('',(28.,145.7,-11.1));
#2166 = LINE('',#2167,#2168);
#2167 = CARTESIAN_POINT('',(-36.,145.7,-11.1));
#2168 = VECTOR('',#2169,1.);
#2169 = DIRECTION('',(1.,0.,0.));
#2170 = ORIENTED_EDGE('',*,*,#2171,.F.);
#2171 = EDGE_CURVE('',#203,#2164,#2172,.T.);
#2172 = LINE('',#2173,#2174);
#2173 = CARTESIAN_POINT('',(28.,145.7,-29.1));
#2174 = VECTOR('',#2175,1.);
#2175 = DIRECTION('',(0.,0.,1.));
#2176 = PLANE('',#2177);
#2177 = AXIS2_PLACEMENT_3D('',#2178,#2179,#2180);
#2178 = CARTESIAN_POINT('',(-36.,145.7,-29.1));
#2179 = DIRECTION('',(0.,1.,0.));
#2180 = DIRECTION('',(0.,0.,1.));
#2181 = ADVANCED_FACE('',(#2182),#2201,.F.);
#2182 = FACE_BOUND('',#2183,.F.);
#2183 = EDGE_LOOP('',(#2184,#2192,#2193,#2194));
#2184 = ORIENTED_EDGE('',*,*,#2185,.F.);
#2185 = EDGE_CURVE('',#211,#2186,#2188,.T.);
#2186 = VERTEX_POINT('',#2187);
#2187 = CARTESIAN_POINT('',(31.22291613248,145.02207700061,-11.1));
#2188 = LINE('',#2189,#2190);
#2189 = CARTESIAN_POINT('',(31.22291613248,145.02207700062,-29.1));
#2190 = VECTOR('',#2191,1.);
#2191 = DIRECTION('',(0.,0.,1.));
#2192 = ORIENTED_EDGE('',*,*,#210,.T.);
#2193 = ORIENTED_EDGE('',*,*,#2171,.T.);
#2194 = ORIENTED_EDGE('',*,*,#2195,.F.);
#2195 = EDGE_CURVE('',#2186,#2164,#2196,.T.);
#2196 = CIRCLE('',#2197,8.);
#2197 = AXIS2_PLACEMENT_3D('',#2198,#2199,#2200);
#2198 = CARTESIAN_POINT('',(28.,137.7,-11.1));
#2199 = DIRECTION('',(-0.,0.,1.));
#2200 = DIRECTION('',(0.,-1.,0.));
#2201 = CYLINDRICAL_SURFACE('',#2202,8.);
#2202 = AXIS2_PLACEMENT_3D('',#2203,#2204,#2205);
#2203 = CARTESIAN_POINT('',(28.,137.7,-29.1));
#2204 = DIRECTION('',(0.,0.,1.));
#2205 = DIRECTION('',(1.,0.,0.));
#2206 = ADVANCED_FACE('',(#2207),#2259,.F.);
#2207 = FACE_BOUND('',#2208,.F.);
#2208 = EDGE_LOOP('',(#2209,#2210,#2216,#2217,#2218,#2227,#2233,#2234,
    #2235,#2236,#2244,#2253));
#2209 = ORIENTED_EDGE('',*,*,#713,.F.);
#2210 = ORIENTED_EDGE('',*,*,#2211,.F.);
#2211 = EDGE_CURVE('',#220,#714,#2212,.T.);
#2212 = LINE('',#2213,#2214);
#2213 = CARTESIAN_POINT('',(34.2,143.9,-31.));
#2214 = VECTOR('',#2215,1.);
#2215 = DIRECTION('',(0.,0.,1.));
#2216 = ORIENTED_EDGE('',*,*,#219,.T.);
#2217 = ORIENTED_EDGE('',*,*,#2185,.T.);
#2218 = ORIENTED_EDGE('',*,*,#2219,.T.);
#2219 = EDGE_CURVE('',#2186,#2220,#2222,.T.);
#2220 = VERTEX_POINT('',#2221);
#2221 = CARTESIAN_POINT('',(33.962635068747,143.03357132107,-11.1));
#2222 = CIRCLE('',#2223,1.7);
#2223 = AXIS2_PLACEMENT_3D('',#2224,#2225,#2226);
#2224 = CARTESIAN_POINT('',(32.5,143.9,-11.1));
#2225 = DIRECTION('',(0.,0.,1.));
#2226 = DIRECTION('',(1.,0.,0.));
#2227 = ORIENTED_EDGE('',*,*,#2228,.F.);
#2228 = EDGE_CURVE('',#229,#2220,#2229,.T.);
#2229 = LINE('',#2230,#2231);
#2230 = CARTESIAN_POINT('',(33.962635068747,143.03357132107,-29.1));
#2231 = VECTOR('',#2232,1.);
#2232 = DIRECTION('',(0.,0.,1.));
#2233 = ORIENTED_EDGE('',*,*,#228,.T.);
#2234 = ORIENTED_EDGE('',*,*,#2211,.T.);
#2235 = ORIENTED_EDGE('',*,*,#722,.F.);
#2236 = ORIENTED_EDGE('',*,*,#2237,.F.);
#2237 = EDGE_CURVE('',#2238,#723,#2240,.T.);
#2238 = VERTEX_POINT('',#2239);
#2239 = CARTESIAN_POINT('',(32.368264000837,142.20511191327,-8.4));
#2240 = LINE('',#2241,#2242);
#2241 = CARTESIAN_POINT('',(32.36826400084,142.20511191327,-8.4));
#2242 = VECTOR('',#2243,1.);
#2243 = DIRECTION('',(0.,0.,1.));
#2244 = ORIENTED_EDGE('',*,*,#2245,.F.);
#2245 = EDGE_CURVE('',#2246,#2238,#2248,.T.);
#2246 = VERTEX_POINT('',#2247);
#2247 = CARTESIAN_POINT('',(30.85393107145,143.47519759598,-8.4));
#2248 = CIRCLE('',#2249,1.7);
#2249 = AXIS2_PLACEMENT_3D('',#2250,#2251,#2252);
#2250 = CARTESIAN_POINT('',(32.5,143.9,-8.4));
#2251 = DIRECTION('',(0.,0.,1.));
#2252 = DIRECTION('',(1.,0.,0.));
#2253 = ORIENTED_EDGE('',*,*,#2254,.T.);
#2254 = EDGE_CURVE('',#2246,#705,#2255,.T.);
#2255 = LINE('',#2256,#2257);
#2256 = CARTESIAN_POINT('',(30.853931071447,143.47519759599,-8.4));
#2257 = VECTOR('',#2258,1.);
#2258 = DIRECTION('',(0.,0.,1.));
#2259 = CYLINDRICAL_SURFACE('',#2260,1.7);
#2260 = AXIS2_PLACEMENT_3D('',#2261,#2262,#2263);
#2261 = CARTESIAN_POINT('',(32.5,143.9,-31.));
#2262 = DIRECTION('',(0.,0.,1.));
#2263 = DIRECTION('',(1.,0.,0.));
#2264 = ADVANCED_FACE('',(#2265),#2284,.F.);
#2265 = FACE_BOUND('',#2266,.F.);
#2266 = EDGE_LOOP('',(#2267,#2275,#2276,#2277));
#2267 = ORIENTED_EDGE('',*,*,#2268,.F.);
#2268 = EDGE_CURVE('',#238,#2269,#2271,.T.);
#2269 = VERTEX_POINT('',#2270);
#2270 = CARTESIAN_POINT('',(36.,137.7,-11.1));
#2271 = LINE('',#2272,#2273);
#2272 = CARTESIAN_POINT('',(36.,137.7,-29.1));
#2273 = VECTOR('',#2274,1.);
#2274 = DIRECTION('',(0.,0.,1.));
#2275 = ORIENTED_EDGE('',*,*,#237,.T.);
#2276 = ORIENTED_EDGE('',*,*,#2228,.T.);
#2277 = ORIENTED_EDGE('',*,*,#2278,.F.);
#2278 = EDGE_CURVE('',#2269,#2220,#2279,.T.);
#2279 = CIRCLE('',#2280,8.);
#2280 = AXIS2_PLACEMENT_3D('',#2281,#2282,#2283);
#2281 = CARTESIAN_POINT('',(28.,137.7,-11.1));
#2282 = DIRECTION('',(-0.,0.,1.));
#2283 = DIRECTION('',(0.,-1.,0.));
#2284 = CYLINDRICAL_SURFACE('',#2285,8.);
#2285 = AXIS2_PLACEMENT_3D('',#2286,#2287,#2288);
#2286 = CARTESIAN_POINT('',(28.,137.7,-29.1));
#2287 = DIRECTION('',(0.,0.,1.));
#2288 = DIRECTION('',(1.,0.,0.));
#2289 = ADVANCED_FACE('',(#2290,#2308,#2376,#2444,#2512,#2580,#2648),
  #2716,.F.);
#2290 = FACE_BOUND('',#2291,.F.);
#2291 = EDGE_LOOP('',(#2292,#2300,#2306,#2307));
#2292 = ORIENTED_EDGE('',*,*,#2293,.F.);
#2293 = EDGE_CURVE('',#2294,#2269,#2296,.T.);
#2294 = VERTEX_POINT('',#2295);
#2295 = CARTESIAN_POINT('',(36.,7.7,-11.1));
#2296 = LINE('',#2297,#2298);
#2297 = CARTESIAN_POINT('',(36.,-0.3,-11.1));
#2298 = VECTOR('',#2299,1.);
#2299 = DIRECTION('',(0.,1.,0.));
#2300 = ORIENTED_EDGE('',*,*,#2301,.F.);
#2301 = EDGE_CURVE('',#247,#2294,#2302,.T.);
#2302 = LINE('',#2303,#2304);
#2303 = CARTESIAN_POINT('',(36.,7.7,-29.1));
#2304 = VECTOR('',#2305,1.);
#2305 = DIRECTION('',(0.,0.,1.));
#2306 = ORIENTED_EDGE('',*,*,#246,.T.);
#2307 = ORIENTED_EDGE('',*,*,#2268,.T.);
#2308 = FACE_BOUND('',#2309,.F.);
#2309 = EDGE_LOOP('',(#2310,#2320,#2328,#2337,#2345,#2353,#2361,#2370));
#2310 = ORIENTED_EDGE('',*,*,#2311,.F.);
#2311 = EDGE_CURVE('',#2312,#2314,#2316,.T.);
#2312 = VERTEX_POINT('',#2313);
#2313 = CARTESIAN_POINT('',(36.,131.,-25.));
#2314 = VERTEX_POINT('',#2315);
#2315 = CARTESIAN_POINT('',(36.,131.,-17.));
#2316 = LINE('',#2317,#2318);
#2317 = CARTESIAN_POINT('',(36.,131.,-27.05));
#2318 = VECTOR('',#2319,1.);
#2319 = DIRECTION('',(0.,0.,1.));
#2320 = ORIENTED_EDGE('',*,*,#2321,.T.);
#2321 = EDGE_CURVE('',#2312,#2322,#2324,.T.);
#2322 = VERTEX_POINT('',#2323);
#2323 = CARTESIAN_POINT('',(36.,129.,-25.));
#2324 = LINE('',#2325,#2326);
#2325 = CARTESIAN_POINT('',(36.,62.35,-25.));
#2326 = VECTOR('',#2327,1.);
#2327 = DIRECTION('',(0.,-1.,0.));
#2328 = ORIENTED_EDGE('',*,*,#2329,.F.);
#2329 = EDGE_CURVE('',#2330,#2322,#2332,.T.);
#2330 = VERTEX_POINT('',#2331);
#2331 = CARTESIAN_POINT('',(36.,127.,-25.));
#2332 = CIRCLE('',#2333,2.6);
#2333 = AXIS2_PLACEMENT_3D('',#2334,#2335,#2336);
#2334 = CARTESIAN_POINT('',(36.,128.,-22.6));
#2335 = DIRECTION('',(1.,0.,-0.));
#2336 = DIRECTION('',(0.,0.,1.));
#2337 = ORIENTED_EDGE('',*,*,#2338,.T.);
#2338 = EDGE_CURVE('',#2330,#2339,#2341,.T.);
#2339 = VERTEX_POINT('',#2340);
#2340 = CARTESIAN_POINT('',(36.,125.,-25.));
#2341 = LINE('',#2342,#2343);
#2342 = CARTESIAN_POINT('',(36.,62.35,-25.));
#2343 = VECTOR('',#2344,1.);
#2344 = DIRECTION('',(0.,-1.,0.));
#2345 = ORIENTED_EDGE('',*,*,#2346,.T.);
#2346 = EDGE_CURVE('',#2339,#2347,#2349,.T.);
#2347 = VERTEX_POINT('',#2348);
#2348 = CARTESIAN_POINT('',(36.,125.,-17.));
#2349 = LINE('',#2350,#2351);
#2350 = CARTESIAN_POINT('',(36.,125.,-27.05));
#2351 = VECTOR('',#2352,1.);
#2352 = DIRECTION('',(0.,0.,1.));
#2353 = ORIENTED_EDGE('',*,*,#2354,.F.);
#2354 = EDGE_CURVE('',#2355,#2347,#2357,.T.);
#2355 = VERTEX_POINT('',#2356);
#2356 = CARTESIAN_POINT('',(36.,127.,-17.));
#2357 = LINE('',#2358,#2359);
#2358 = CARTESIAN_POINT('',(36.,62.35,-17.));
#2359 = VECTOR('',#2360,1.);
#2360 = DIRECTION('',(0.,-1.,0.));
#2361 = ORIENTED_EDGE('',*,*,#2362,.F.);
#2362 = EDGE_CURVE('',#2363,#2355,#2365,.T.);
#2363 = VERTEX_POINT('',#2364);
#2364 = CARTESIAN_POINT('',(36.,129.,-17.));
#2365 = CIRCLE('',#2366,2.6);
#2366 = AXIS2_PLACEMENT_3D('',#2367,#2368,#2369);
#2367 = CARTESIAN_POINT('',(36.,128.,-19.4));
#2368 = DIRECTION('',(1.,0.,-0.));
#2369 = DIRECTION('',(0.,0.,1.));
#2370 = ORIENTED_EDGE('',*,*,#2371,.F.);
#2371 = EDGE_CURVE('',#2314,#2363,#2372,.T.);
#2372 = LINE('',#2373,#2374);
#2373 = CARTESIAN_POINT('',(36.,62.35,-17.));
#2374 = VECTOR('',#2375,1.);
#2375 = DIRECTION('',(0.,-1.,0.));
#2376 = FACE_BOUND('',#2377,.F.);
#2377 = EDGE_LOOP('',(#2378,#2388,#2396,#2405,#2413,#2421,#2429,#2438));
#2378 = ORIENTED_EDGE('',*,*,#2379,.F.);
#2379 = EDGE_CURVE('',#2380,#2382,#2384,.T.);
#2380 = VERTEX_POINT('',#2381);
#2381 = CARTESIAN_POINT('',(36.,119.,-25.));
#2382 = VERTEX_POINT('',#2383);
#2383 = CARTESIAN_POINT('',(36.,119.,-17.));
#2384 = LINE('',#2385,#2386);
#2385 = CARTESIAN_POINT('',(36.,119.,-27.05));
#2386 = VECTOR('',#2387,1.);
#2387 = DIRECTION('',(0.,0.,1.));
#2388 = ORIENTED_EDGE('',*,*,#2389,.T.);
#2389 = EDGE_CURVE('',#2380,#2390,#2392,.T.);
#2390 = VERTEX_POINT('',#2391);
#2391 = CARTESIAN_POINT('',(36.,116.99999999999,-25.));
#2392 = LINE('',#2393,#2394);
#2393 = CARTESIAN_POINT('',(36.,56.35,-25.));
#2394 = VECTOR('',#2395,1.);
#2395 = DIRECTION('',(0.,-1.,0.));
#2396 = ORIENTED_EDGE('',*,*,#2397,.F.);
#2397 = EDGE_CURVE('',#2398,#2390,#2400,.T.);
#2398 = VERTEX_POINT('',#2399);
#2399 = CARTESIAN_POINT('',(36.,115.,-25.));
#2400 = CIRCLE('',#2401,2.6);
#2401 = AXIS2_PLACEMENT_3D('',#2402,#2403,#2404);
#2402 = CARTESIAN_POINT('',(36.,116.,-22.6));
#2403 = DIRECTION('',(1.,0.,-0.));
#2404 = DIRECTION('',(0.,0.,1.));
#2405 = ORIENTED_EDGE('',*,*,#2406,.T.);
#2406 = EDGE_CURVE('',#2398,#2407,#2409,.T.);
#2407 = VERTEX_POINT('',#2408);
#2408 = CARTESIAN_POINT('',(36.,113.,-25.));
#2409 = LINE('',#2410,#2411);
#2410 = CARTESIAN_POINT('',(36.,56.35,-25.));
#2411 = VECTOR('',#2412,1.);
#2412 = DIRECTION('',(0.,-1.,0.));
#2413 = ORIENTED_EDGE('',*,*,#2414,.T.);
#2414 = EDGE_CURVE('',#2407,#2415,#2417,.T.);
#2415 = VERTEX_POINT('',#2416);
#2416 = CARTESIAN_POINT('',(36.,113.,-17.));
#2417 = LINE('',#2418,#2419);
#2418 = CARTESIAN_POINT('',(36.,113.,-27.05));
#2419 = VECTOR('',#2420,1.);
#2420 = DIRECTION('',(0.,0.,1.));
#2421 = ORIENTED_EDGE('',*,*,#2422,.F.);
#2422 = EDGE_CURVE('',#2423,#2415,#2425,.T.);
#2423 = VERTEX_POINT('',#2424);
#2424 = CARTESIAN_POINT('',(36.,115.,-17.));
#2425 = LINE('',#2426,#2427);
#2426 = CARTESIAN_POINT('',(36.,56.35,-17.));
#2427 = VECTOR('',#2428,1.);
#2428 = DIRECTION('',(0.,-1.,0.));
#2429 = ORIENTED_EDGE('',*,*,#2430,.F.);
#2430 = EDGE_CURVE('',#2431,#2423,#2433,.T.);
#2431 = VERTEX_POINT('',#2432);
#2432 = CARTESIAN_POINT('',(36.,117.,-17.));
#2433 = CIRCLE('',#2434,2.6);
#2434 = AXIS2_PLACEMENT_3D('',#2435,#2436,#2437);
#2435 = CARTESIAN_POINT('',(36.,116.,-19.4));
#2436 = DIRECTION('',(1.,0.,-0.));
#2437 = DIRECTION('',(0.,0.,1.));
#2438 = ORIENTED_EDGE('',*,*,#2439,.F.);
#2439 = EDGE_CURVE('',#2382,#2431,#2440,.T.);
#2440 = LINE('',#2441,#2442);
#2441 = CARTESIAN_POINT('',(36.,56.35,-17.));
#2442 = VECTOR('',#2443,1.);
#2443 = DIRECTION('',(0.,-1.,0.));
#2444 = FACE_BOUND('',#2445,.F.);
#2445 = EDGE_LOOP('',(#2446,#2456,#2464,#2473,#2481,#2489,#2497,#2506));
#2446 = ORIENTED_EDGE('',*,*,#2447,.F.);
#2447 = EDGE_CURVE('',#2448,#2450,#2452,.T.);
#2448 = VERTEX_POINT('',#2449);
#2449 = CARTESIAN_POINT('',(36.,107.,-25.));
#2450 = VERTEX_POINT('',#2451);
#2451 = CARTESIAN_POINT('',(36.,107.,-17.));
#2452 = LINE('',#2453,#2454);
#2453 = CARTESIAN_POINT('',(36.,107.,-27.05));
#2454 = VECTOR('',#2455,1.);
#2455 = DIRECTION('',(0.,0.,1.));
#2456 = ORIENTED_EDGE('',*,*,#2457,.T.);
#2457 = EDGE_CURVE('',#2448,#2458,#2460,.T.);
#2458 = VERTEX_POINT('',#2459);
#2459 = CARTESIAN_POINT('',(36.,105.,-25.));
#2460 = LINE('',#2461,#2462);
#2461 = CARTESIAN_POINT('',(36.,50.35,-25.));
#2462 = VECTOR('',#2463,1.);
#2463 = DIRECTION('',(0.,-1.,0.));
#2464 = ORIENTED_EDGE('',*,*,#2465,.F.);
#2465 = EDGE_CURVE('',#2466,#2458,#2468,.T.);
#2466 = VERTEX_POINT('',#2467);
#2467 = CARTESIAN_POINT('',(36.,102.99999999999,-25.));
#2468 = CIRCLE('',#2469,2.6);
#2469 = AXIS2_PLACEMENT_3D('',#2470,#2471,#2472);
#2470 = CARTESIAN_POINT('',(36.,104.,-22.6));
#2471 = DIRECTION('',(1.,0.,-0.));
#2472 = DIRECTION('',(0.,0.,1.));
#2473 = ORIENTED_EDGE('',*,*,#2474,.T.);
#2474 = EDGE_CURVE('',#2466,#2475,#2477,.T.);
#2475 = VERTEX_POINT('',#2476);
#2476 = CARTESIAN_POINT('',(36.,101.,-25.));
#2477 = LINE('',#2478,#2479);
#2478 = CARTESIAN_POINT('',(36.,50.35,-25.));
#2479 = VECTOR('',#2480,1.);
#2480 = DIRECTION('',(0.,-1.,0.));
#2481 = ORIENTED_EDGE('',*,*,#2482,.T.);
#2482 = EDGE_CURVE('',#2475,#2483,#2485,.T.);
#2483 = VERTEX_POINT('',#2484);
#2484 = CARTESIAN_POINT('',(36.,101.,-17.));
#2485 = LINE('',#2486,#2487);
#2486 = CARTESIAN_POINT('',(36.,101.,-27.05));
#2487 = VECTOR('',#2488,1.);
#2488 = DIRECTION('',(0.,0.,1.));
#2489 = ORIENTED_EDGE('',*,*,#2490,.F.);
#2490 = EDGE_CURVE('',#2491,#2483,#2493,.T.);
#2491 = VERTEX_POINT('',#2492);
#2492 = CARTESIAN_POINT('',(36.,102.99999999999,-17.));
#2493 = LINE('',#2494,#2495);
#2494 = CARTESIAN_POINT('',(36.,50.35,-17.));
#2495 = VECTOR('',#2496,1.);
#2496 = DIRECTION('',(0.,-1.,0.));
#2497 = ORIENTED_EDGE('',*,*,#2498,.F.);
#2498 = EDGE_CURVE('',#2499,#2491,#2501,.T.);
#2499 = VERTEX_POINT('',#2500);
#2500 = CARTESIAN_POINT('',(36.,105.,-17.));
#2501 = CIRCLE('',#2502,2.6);
#2502 = AXIS2_PLACEMENT_3D('',#2503,#2504,#2505);
#2503 = CARTESIAN_POINT('',(36.,104.,-19.4));
#2504 = DIRECTION('',(1.,0.,-0.));
#2505 = DIRECTION('',(0.,0.,1.));
#2506 = ORIENTED_EDGE('',*,*,#2507,.F.);
#2507 = EDGE_CURVE('',#2450,#2499,#2508,.T.);
#2508 = LINE('',#2509,#2510);
#2509 = CARTESIAN_POINT('',(36.,50.35,-17.));
#2510 = VECTOR('',#2511,1.);
#2511 = DIRECTION('',(0.,-1.,0.));
#2512 = FACE_BOUND('',#2513,.F.);
#2513 = EDGE_LOOP('',(#2514,#2524,#2532,#2541,#2549,#2557,#2565,#2574));
#2514 = ORIENTED_EDGE('',*,*,#2515,.F.);
#2515 = EDGE_CURVE('',#2516,#2518,#2520,.T.);
#2516 = VERTEX_POINT('',#2517);
#2517 = CARTESIAN_POINT('',(36.,95.,-25.));
#2518 = VERTEX_POINT('',#2519);
#2519 = CARTESIAN_POINT('',(36.,95.,-17.));
#2520 = LINE('',#2521,#2522);
#2521 = CARTESIAN_POINT('',(36.,95.,-27.05));
#2522 = VECTOR('',#2523,1.);
#2523 = DIRECTION('',(0.,0.,1.));
#2524 = ORIENTED_EDGE('',*,*,#2525,.T.);
#2525 = EDGE_CURVE('',#2516,#2526,#2528,.T.);
#2526 = VERTEX_POINT('',#2527);
#2527 = CARTESIAN_POINT('',(36.,93.,-25.));
#2528 = LINE('',#2529,#2530);
#2529 = CARTESIAN_POINT('',(36.,44.35,-25.));
#2530 = VECTOR('',#2531,1.);
#2531 = DIRECTION('',(0.,-1.,0.));
#2532 = ORIENTED_EDGE('',*,*,#2533,.F.);
#2533 = EDGE_CURVE('',#2534,#2526,#2536,.T.);
#2534 = VERTEX_POINT('',#2535);
#2535 = CARTESIAN_POINT('',(36.,91.,-25.));
#2536 = CIRCLE('',#2537,2.6);
#2537 = AXIS2_PLACEMENT_3D('',#2538,#2539,#2540);
#2538 = CARTESIAN_POINT('',(36.,92.,-22.6));
#2539 = DIRECTION('',(1.,0.,-0.));
#2540 = DIRECTION('',(0.,0.,1.));
#2541 = ORIENTED_EDGE('',*,*,#2542,.T.);
#2542 = EDGE_CURVE('',#2534,#2543,#2545,.T.);
#2543 = VERTEX_POINT('',#2544);
#2544 = CARTESIAN_POINT('',(36.,89.,-25.));
#2545 = LINE('',#2546,#2547);
#2546 = CARTESIAN_POINT('',(36.,44.35,-25.));
#2547 = VECTOR('',#2548,1.);
#2548 = DIRECTION('',(0.,-1.,0.));
#2549 = ORIENTED_EDGE('',*,*,#2550,.T.);
#2550 = EDGE_CURVE('',#2543,#2551,#2553,.T.);
#2551 = VERTEX_POINT('',#2552);
#2552 = CARTESIAN_POINT('',(36.,89.,-17.));
#2553 = LINE('',#2554,#2555);
#2554 = CARTESIAN_POINT('',(36.,89.,-27.05));
#2555 = VECTOR('',#2556,1.);
#2556 = DIRECTION('',(0.,0.,1.));
#2557 = ORIENTED_EDGE('',*,*,#2558,.F.);
#2558 = EDGE_CURVE('',#2559,#2551,#2561,.T.);
#2559 = VERTEX_POINT('',#2560);
#2560 = CARTESIAN_POINT('',(36.,91.,-17.));
#2561 = LINE('',#2562,#2563);
#2562 = CARTESIAN_POINT('',(36.,44.35,-17.));
#2563 = VECTOR('',#2564,1.);
#2564 = DIRECTION('',(0.,-1.,0.));
#2565 = ORIENTED_EDGE('',*,*,#2566,.F.);
#2566 = EDGE_CURVE('',#2567,#2559,#2569,.T.);
#2567 = VERTEX_POINT('',#2568);
#2568 = CARTESIAN_POINT('',(36.,93.,-17.));
#2569 = CIRCLE('',#2570,2.6);
#2570 = AXIS2_PLACEMENT_3D('',#2571,#2572,#2573);
#2571 = CARTESIAN_POINT('',(36.,92.,-19.4));
#2572 = DIRECTION('',(1.,0.,-0.));
#2573 = DIRECTION('',(0.,0.,1.));
#2574 = ORIENTED_EDGE('',*,*,#2575,.F.);
#2575 = EDGE_CURVE('',#2518,#2567,#2576,.T.);
#2576 = LINE('',#2577,#2578);
#2577 = CARTESIAN_POINT('',(36.,44.35,-17.));
#2578 = VECTOR('',#2579,1.);
#2579 = DIRECTION('',(0.,-1.,0.));
#2580 = FACE_BOUND('',#2581,.F.);
#2581 = EDGE_LOOP('',(#2582,#2592,#2600,#2609,#2617,#2625,#2633,#2642));
#2582 = ORIENTED_EDGE('',*,*,#2583,.F.);
#2583 = EDGE_CURVE('',#2584,#2586,#2588,.T.);
#2584 = VERTEX_POINT('',#2585);
#2585 = CARTESIAN_POINT('',(36.,83.,-25.));
#2586 = VERTEX_POINT('',#2587);
#2587 = CARTESIAN_POINT('',(36.,83.,-17.));
#2588 = LINE('',#2589,#2590);
#2589 = CARTESIAN_POINT('',(36.,83.,-27.05));
#2590 = VECTOR('',#2591,1.);
#2591 = DIRECTION('',(0.,0.,1.));
#2592 = ORIENTED_EDGE('',*,*,#2593,.T.);
#2593 = EDGE_CURVE('',#2584,#2594,#2596,.T.);
#2594 = VERTEX_POINT('',#2595);
#2595 = CARTESIAN_POINT('',(36.,81.,-25.));
#2596 = LINE('',#2597,#2598);
#2597 = CARTESIAN_POINT('',(36.,38.35,-25.));
#2598 = VECTOR('',#2599,1.);
#2599 = DIRECTION('',(0.,-1.,0.));
#2600 = ORIENTED_EDGE('',*,*,#2601,.F.);
#2601 = EDGE_CURVE('',#2602,#2594,#2604,.T.);
#2602 = VERTEX_POINT('',#2603);
#2603 = CARTESIAN_POINT('',(36.,79.,-25.));
#2604 = CIRCLE('',#2605,2.6);
#2605 = AXIS2_PLACEMENT_3D('',#2606,#2607,#2608);
#2606 = CARTESIAN_POINT('',(36.,80.,-22.6));
#2607 = DIRECTION('',(1.,0.,-0.));
#2608 = DIRECTION('',(0.,0.,1.));
#2609 = ORIENTED_EDGE('',*,*,#2610,.T.);
#2610 = EDGE_CURVE('',#2602,#2611,#2613,.T.);
#2611 = VERTEX_POINT('',#2612);
#2612 = CARTESIAN_POINT('',(36.,77.,-25.));
#2613 = LINE('',#2614,#2615);
#2614 = CARTESIAN_POINT('',(36.,38.35,-25.));
#2615 = VECTOR('',#2616,1.);
#2616 = DIRECTION('',(0.,-1.,0.));
#2617 = ORIENTED_EDGE('',*,*,#2618,.T.);
#2618 = EDGE_CURVE('',#2611,#2619,#2621,.T.);
#2619 = VERTEX_POINT('',#2620);
#2620 = CARTESIAN_POINT('',(36.,77.,-17.));
#2621 = LINE('',#2622,#2623);
#2622 = CARTESIAN_POINT('',(36.,77.,-27.05));
#2623 = VECTOR('',#2624,1.);
#2624 = DIRECTION('',(0.,0.,1.));
#2625 = ORIENTED_EDGE('',*,*,#2626,.F.);
#2626 = EDGE_CURVE('',#2627,#2619,#2629,.T.);
#2627 = VERTEX_POINT('',#2628);
#2628 = CARTESIAN_POINT('',(36.,79.,-17.));
#2629 = LINE('',#2630,#2631);
#2630 = CARTESIAN_POINT('',(36.,38.35,-17.));
#2631 = VECTOR('',#2632,1.);
#2632 = DIRECTION('',(0.,-1.,0.));
#2633 = ORIENTED_EDGE('',*,*,#2634,.F.);
#2634 = EDGE_CURVE('',#2635,#2627,#2637,.T.);
#2635 = VERTEX_POINT('',#2636);
#2636 = CARTESIAN_POINT('',(36.,81.,-17.));
#2637 = CIRCLE('',#2638,2.6);
#2638 = AXIS2_PLACEMENT_3D('',#2639,#2640,#2641);
#2639 = CARTESIAN_POINT('',(36.,80.,-19.4));
#2640 = DIRECTION('',(1.,0.,-0.));
#2641 = DIRECTION('',(0.,0.,1.));
#2642 = ORIENTED_EDGE('',*,*,#2643,.F.);
#2643 = EDGE_CURVE('',#2586,#2635,#2644,.T.);
#2644 = LINE('',#2645,#2646);
#2645 = CARTESIAN_POINT('',(36.,38.35,-17.));
#2646 = VECTOR('',#2647,1.);
#2647 = DIRECTION('',(0.,-1.,0.));
#2648 = FACE_BOUND('',#2649,.F.);
#2649 = EDGE_LOOP('',(#2650,#2660,#2668,#2677,#2685,#2693,#2701,#2710));
#2650 = ORIENTED_EDGE('',*,*,#2651,.F.);
#2651 = EDGE_CURVE('',#2652,#2654,#2656,.T.);
#2652 = VERTEX_POINT('',#2653);
#2653 = CARTESIAN_POINT('',(36.,71.,-25.));
#2654 = VERTEX_POINT('',#2655);
#2655 = CARTESIAN_POINT('',(36.,71.,-17.));
#2656 = LINE('',#2657,#2658);
#2657 = CARTESIAN_POINT('',(36.,71.,-27.05));
#2658 = VECTOR('',#2659,1.);
#2659 = DIRECTION('',(0.,0.,1.));
#2660 = ORIENTED_EDGE('',*,*,#2661,.T.);
#2661 = EDGE_CURVE('',#2652,#2662,#2664,.T.);
#2662 = VERTEX_POINT('',#2663);
#2663 = CARTESIAN_POINT('',(36.,69.,-25.));
#2664 = LINE('',#2665,#2666);
#2665 = CARTESIAN_POINT('',(36.,32.35,-25.));
#2666 = VECTOR('',#2667,1.);
#2667 = DIRECTION('',(0.,-1.,0.));
#2668 = ORIENTED_EDGE('',*,*,#2669,.F.);
#2669 = EDGE_CURVE('',#2670,#2662,#2672,.T.);
#2670 = VERTEX_POINT('',#2671);
#2671 = CARTESIAN_POINT('',(36.,67.,-25.));
#2672 = CIRCLE('',#2673,2.6);
#2673 = AXIS2_PLACEMENT_3D('',#2674,#2675,#2676);
#2674 = CARTESIAN_POINT('',(36.,68.,-22.6));
#2675 = DIRECTION('',(1.,0.,-0.));
#2676 = DIRECTION('',(0.,0.,1.));
#2677 = ORIENTED_EDGE('',*,*,#2678,.T.);
#2678 = EDGE_CURVE('',#2670,#2679,#2681,.T.);
#2679 = VERTEX_POINT('',#2680);
#2680 = CARTESIAN_POINT('',(36.,65.,-25.));
#2681 = LINE('',#2682,#2683);
#2682 = CARTESIAN_POINT('',(36.,32.35,-25.));
#2683 = VECTOR('',#2684,1.);
#2684 = DIRECTION('',(0.,-1.,0.));
#2685 = ORIENTED_EDGE('',*,*,#2686,.T.);
#2686 = EDGE_CURVE('',#2679,#2687,#2689,.T.);
#2687 = VERTEX_POINT('',#2688);
#2688 = CARTESIAN_POINT('',(36.,65.,-17.));
#2689 = LINE('',#2690,#2691);
#2690 = CARTESIAN_POINT('',(36.,65.,-27.05));
#2691 = VECTOR('',#2692,1.);
#2692 = DIRECTION('',(0.,0.,1.));
#2693 = ORIENTED_EDGE('',*,*,#2694,.F.);
#2694 = EDGE_CURVE('',#2695,#2687,#2697,.T.);
#2695 = VERTEX_POINT('',#2696);
#2696 = CARTESIAN_POINT('',(36.,66.999999999999,-17.));
#2697 = LINE('',#2698,#2699);
#2698 = CARTESIAN_POINT('',(36.,32.35,-17.));
#2699 = VECTOR('',#2700,1.);
#2700 = DIRECTION('',(0.,-1.,0.));
#2701 = ORIENTED_EDGE('',*,*,#2702,.F.);
#2702 = EDGE_CURVE('',#2703,#2695,#2705,.T.);
#2703 = VERTEX_POINT('',#2704);
#2704 = CARTESIAN_POINT('',(36.,69.000000000001,-17.));
#2705 = CIRCLE('',#2706,2.6);
#2706 = AXIS2_PLACEMENT_3D('',#2707,#2708,#2709);
#2707 = CARTESIAN_POINT('',(36.,68.,-19.4));
#2708 = DIRECTION('',(1.,0.,-0.));
#2709 = DIRECTION('',(0.,0.,1.));
#2710 = ORIENTED_EDGE('',*,*,#2711,.F.);
#2711 = EDGE_CURVE('',#2654,#2703,#2712,.T.);
#2712 = LINE('',#2713,#2714);
#2713 = CARTESIAN_POINT('',(36.,32.35,-17.));
#2714 = VECTOR('',#2715,1.);
#2715 = DIRECTION('',(0.,-1.,0.));
#2716 = PLANE('',#2717);
#2717 = AXIS2_PLACEMENT_3D('',#2718,#2719,#2720);
#2718 = CARTESIAN_POINT('',(36.,-0.3,-29.1));
#2719 = DIRECTION('',(1.,0.,0.));
#2720 = DIRECTION('',(0.,0.,1.));
#2721 = ADVANCED_FACE('',(#2722),#2741,.F.);
#2722 = FACE_BOUND('',#2723,.T.);
#2723 = EDGE_LOOP('',(#2724,#2725,#2726,#2734));
#2724 = ORIENTED_EDGE('',*,*,#2301,.F.);
#2725 = ORIENTED_EDGE('',*,*,#254,.F.);
#2726 = ORIENTED_EDGE('',*,*,#2727,.T.);
#2727 = EDGE_CURVE('',#255,#2728,#2730,.T.);
#2728 = VERTEX_POINT('',#2729);
#2729 = CARTESIAN_POINT('',(33.962635068747,2.366428678929,-11.1));
#2730 = LINE('',#2731,#2732);
#2731 = CARTESIAN_POINT('',(33.962635068747,2.366428678929,-29.1));
#2732 = VECTOR('',#2733,1.);
#2733 = DIRECTION('',(0.,0.,1.));
#2734 = ORIENTED_EDGE('',*,*,#2735,.F.);
#2735 = EDGE_CURVE('',#2294,#2728,#2736,.T.);
#2736 = CIRCLE('',#2737,8.);
#2737 = AXIS2_PLACEMENT_3D('',#2738,#2739,#2740);
#2738 = CARTESIAN_POINT('',(28.,7.7,-11.1));
#2739 = DIRECTION('',(-0.,-0.,-1.));
#2740 = DIRECTION('',(0.,-1.,0.));
#2741 = CYLINDRICAL_SURFACE('',#2742,8.);
#2742 = AXIS2_PLACEMENT_3D('',#2743,#2744,#2745);
#2743 = CARTESIAN_POINT('',(28.,7.7,-29.1));
#2744 = DIRECTION('',(0.,0.,1.));
#2745 = DIRECTION('',(1.,0.,0.));
#2746 = ADVANCED_FACE('',(#2747),#2799,.F.);
#2747 = FACE_BOUND('',#2748,.F.);
#2748 = EDGE_LOOP('',(#2749,#2750,#2756,#2757,#2758,#2767,#2773,#2774,
    #2775,#2776,#2784,#2793));
#2749 = ORIENTED_EDGE('',*,*,#757,.F.);
#2750 = ORIENTED_EDGE('',*,*,#2751,.F.);
#2751 = EDGE_CURVE('',#264,#758,#2752,.T.);
#2752 = LINE('',#2753,#2754);
#2753 = CARTESIAN_POINT('',(34.2,1.5,-31.));
#2754 = VECTOR('',#2755,1.);
#2755 = DIRECTION('',(0.,0.,1.));
#2756 = ORIENTED_EDGE('',*,*,#263,.T.);
#2757 = ORIENTED_EDGE('',*,*,#2727,.T.);
#2758 = ORIENTED_EDGE('',*,*,#2759,.T.);
#2759 = EDGE_CURVE('',#2728,#2760,#2762,.T.);
#2760 = VERTEX_POINT('',#2761);
#2761 = CARTESIAN_POINT('',(31.22291613248,0.37792299938,-11.1));
#2762 = CIRCLE('',#2763,1.7);
#2763 = AXIS2_PLACEMENT_3D('',#2764,#2765,#2766);
#2764 = CARTESIAN_POINT('',(32.5,1.5,-11.1));
#2765 = DIRECTION('',(0.,0.,1.));
#2766 = DIRECTION('',(1.,0.,0.));
#2767 = ORIENTED_EDGE('',*,*,#2768,.F.);
#2768 = EDGE_CURVE('',#273,#2760,#2769,.T.);
#2769 = LINE('',#2770,#2771);
#2770 = CARTESIAN_POINT('',(31.22291613248,0.37792299938,-29.1));
#2771 = VECTOR('',#2772,1.);
#2772 = DIRECTION('',(0.,0.,1.));
#2773 = ORIENTED_EDGE('',*,*,#272,.T.);
#2774 = ORIENTED_EDGE('',*,*,#2751,.T.);
#2775 = ORIENTED_EDGE('',*,*,#766,.F.);
#2776 = ORIENTED_EDGE('',*,*,#2777,.F.);
#2777 = EDGE_CURVE('',#2778,#767,#2780,.T.);
#2778 = VERTEX_POINT('',#2779);
#2779 = CARTESIAN_POINT('',(30.853931071447,1.924802404009,-8.4));
#2780 = LINE('',#2781,#2782);
#2781 = CARTESIAN_POINT('',(30.853931071447,1.924802404009,-8.4));
#2782 = VECTOR('',#2783,1.);
#2783 = DIRECTION('',(0.,0.,1.));
#2784 = ORIENTED_EDGE('',*,*,#2785,.F.);
#2785 = EDGE_CURVE('',#2786,#2778,#2788,.T.);
#2786 = VERTEX_POINT('',#2787);
#2787 = CARTESIAN_POINT('',(32.36826400084,3.194888086726,-8.4));
#2788 = CIRCLE('',#2789,1.7);
#2789 = AXIS2_PLACEMENT_3D('',#2790,#2791,#2792);
#2790 = CARTESIAN_POINT('',(32.5,1.5,-8.4));
#2791 = DIRECTION('',(0.,0.,1.));
#2792 = DIRECTION('',(1.,0.,0.));
#2793 = ORIENTED_EDGE('',*,*,#2794,.T.);
#2794 = EDGE_CURVE('',#2786,#749,#2795,.T.);
#2795 = LINE('',#2796,#2797);
#2796 = CARTESIAN_POINT('',(32.36826400084,3.194888086726,-8.4));
#2797 = VECTOR('',#2798,1.);
#2798 = DIRECTION('',(0.,0.,1.));
#2799 = CYLINDRICAL_SURFACE('',#2800,1.7);
#2800 = AXIS2_PLACEMENT_3D('',#2801,#2802,#2803);
#2801 = CARTESIAN_POINT('',(32.5,1.5,-31.));
#2802 = DIRECTION('',(0.,0.,1.));
#2803 = DIRECTION('',(1.,0.,0.));
#2804 = ADVANCED_FACE('',(#2805),#2824,.F.);
#2805 = FACE_BOUND('',#2806,.T.);
#2806 = EDGE_LOOP('',(#2807,#2808,#2809,#2817));
#2807 = ORIENTED_EDGE('',*,*,#2768,.F.);
#2808 = ORIENTED_EDGE('',*,*,#281,.F.);
#2809 = ORIENTED_EDGE('',*,*,#2810,.T.);
#2810 = EDGE_CURVE('',#282,#2811,#2813,.T.);
#2811 = VERTEX_POINT('',#2812);
#2812 = CARTESIAN_POINT('',(28.,-0.3,-11.1));
#2813 = LINE('',#2814,#2815);
#2814 = CARTESIAN_POINT('',(28.,-0.3,-29.1));
#2815 = VECTOR('',#2816,1.);
#2816 = DIRECTION('',(0.,0.,1.));
#2817 = ORIENTED_EDGE('',*,*,#2818,.F.);
#2818 = EDGE_CURVE('',#2760,#2811,#2819,.T.);
#2819 = CIRCLE('',#2820,8.);
#2820 = AXIS2_PLACEMENT_3D('',#2821,#2822,#2823);
#2821 = CARTESIAN_POINT('',(28.,7.7,-11.1));
#2822 = DIRECTION('',(-0.,-0.,-1.));
#2823 = DIRECTION('',(0.,-1.,0.));
#2824 = CYLINDRICAL_SURFACE('',#2825,8.);
#2825 = AXIS2_PLACEMENT_3D('',#2826,#2827,#2828);
#2826 = CARTESIAN_POINT('',(28.,7.7,-29.1));
#2827 = DIRECTION('',(0.,0.,1.));
#2828 = DIRECTION('',(1.,0.,0.));
#2829 = ADVANCED_FACE('',(#2830,#2848),#2859,.T.);
#2830 = FACE_BOUND('',#2831,.T.);
#2831 = EDGE_LOOP('',(#2832,#2833,#2841,#2847));
#2832 = ORIENTED_EDGE('',*,*,#290,.T.);
#2833 = ORIENTED_EDGE('',*,*,#2834,.T.);
#2834 = EDGE_CURVE('',#291,#2835,#2837,.T.);
#2835 = VERTEX_POINT('',#2836);
#2836 = CARTESIAN_POINT('',(-28.,-0.3,-11.1));
#2837 = LINE('',#2838,#2839);
#2838 = CARTESIAN_POINT('',(-28.,-0.3,-29.1));
#2839 = VECTOR('',#2840,1.);
#2840 = DIRECTION('',(0.,0.,1.));
#2841 = ORIENTED_EDGE('',*,*,#2842,.T.);
#2842 = EDGE_CURVE('',#2835,#2811,#2843,.T.);
#2843 = LINE('',#2844,#2845);
#2844 = CARTESIAN_POINT('',(-36.,-0.3,-11.1));
#2845 = VECTOR('',#2846,1.);
#2846 = DIRECTION('',(1.,0.,0.));
#2847 = ORIENTED_EDGE('',*,*,#2810,.F.);
#2848 = FACE_BOUND('',#2849,.T.);
#2849 = EDGE_LOOP('',(#2850));
#2850 = ORIENTED_EDGE('',*,*,#2851,.F.);
#2851 = EDGE_CURVE('',#2852,#2852,#2854,.T.);
#2852 = VERTEX_POINT('',#2853);
#2853 = CARTESIAN_POINT('',(-22.,-0.3,-15.9));
#2854 = CIRCLE('',#2855,4.1);
#2855 = AXIS2_PLACEMENT_3D('',#2856,#2857,#2858);
#2856 = CARTESIAN_POINT('',(-22.,-0.3,-20.));
#2857 = DIRECTION('',(0.,1.,0.));
#2858 = DIRECTION('',(0.,0.,1.));
#2859 = PLANE('',#2860);
#2860 = AXIS2_PLACEMENT_3D('',#2861,#2862,#2863);
#2861 = CARTESIAN_POINT('',(-36.,-0.3,-29.1));
#2862 = DIRECTION('',(0.,1.,0.));
#2863 = DIRECTION('',(0.,0.,1.));
#2864 = ADVANCED_FACE('',(#2865),#2884,.F.);
#2865 = FACE_BOUND('',#2866,.F.);
#2866 = EDGE_LOOP('',(#2867,#2875,#2876,#2877));
#2867 = ORIENTED_EDGE('',*,*,#2868,.F.);
#2868 = EDGE_CURVE('',#299,#2869,#2871,.T.);
#2869 = VERTEX_POINT('',#2870);
#2870 = CARTESIAN_POINT('',(-31.22291613248,0.37792299938,-11.1));
#2871 = LINE('',#2872,#2873);
#2872 = CARTESIAN_POINT('',(-31.22291613248,0.37792299938,-29.1));
#2873 = VECTOR('',#2874,1.);
#2874 = DIRECTION('',(0.,0.,1.));
#2875 = ORIENTED_EDGE('',*,*,#298,.T.);
#2876 = ORIENTED_EDGE('',*,*,#2834,.T.);
#2877 = ORIENTED_EDGE('',*,*,#2878,.F.);
#2878 = EDGE_CURVE('',#2869,#2835,#2879,.T.);
#2879 = CIRCLE('',#2880,8.);
#2880 = AXIS2_PLACEMENT_3D('',#2881,#2882,#2883);
#2881 = CARTESIAN_POINT('',(-28.,7.7,-11.1));
#2882 = DIRECTION('',(-0.,0.,1.));
#2883 = DIRECTION('',(0.,-1.,0.));
#2884 = CYLINDRICAL_SURFACE('',#2885,8.);
#2885 = AXIS2_PLACEMENT_3D('',#2886,#2887,#2888);
#2886 = CARTESIAN_POINT('',(-28.,7.7,-29.1));
#2887 = DIRECTION('',(0.,0.,1.));
#2888 = DIRECTION('',(-1.,0.,0.));
#2889 = ADVANCED_FACE('',(#2890),#2950,.F.);
#2890 = FACE_BOUND('',#2891,.F.);
#2891 = EDGE_LOOP('',(#2892,#2893,#2901,#2910,#2916,#2917,#2918,#2925,
    #2926,#2927,#2935,#2944));
#2892 = ORIENTED_EDGE('',*,*,#801,.F.);
#2893 = ORIENTED_EDGE('',*,*,#2894,.F.);
#2894 = EDGE_CURVE('',#2895,#802,#2897,.T.);
#2895 = VERTEX_POINT('',#2896);
#2896 = CARTESIAN_POINT('',(-30.8,1.5,-11.1));
#2897 = LINE('',#2898,#2899);
#2898 = CARTESIAN_POINT('',(-30.8,1.5,-31.));
#2899 = VECTOR('',#2900,1.);
#2900 = DIRECTION('',(0.,0.,1.));
#2901 = ORIENTED_EDGE('',*,*,#2902,.T.);
#2902 = EDGE_CURVE('',#2895,#2903,#2905,.T.);
#2903 = VERTEX_POINT('',#2904);
#2904 = CARTESIAN_POINT('',(-33.96263506874,2.366428678929,-11.1));
#2905 = CIRCLE('',#2906,1.7);
#2906 = AXIS2_PLACEMENT_3D('',#2907,#2908,#2909);
#2907 = CARTESIAN_POINT('',(-32.5,1.5,-11.1));
#2908 = DIRECTION('',(0.,0.,1.));
#2909 = DIRECTION('',(1.,0.,0.));
#2910 = ORIENTED_EDGE('',*,*,#2911,.F.);
#2911 = EDGE_CURVE('',#308,#2903,#2912,.T.);
#2912 = LINE('',#2913,#2914);
#2913 = CARTESIAN_POINT('',(-33.96263506874,2.366428678929,-29.1));
#2914 = VECTOR('',#2915,1.);
#2915 = DIRECTION('',(0.,0.,1.));
#2916 = ORIENTED_EDGE('',*,*,#307,.T.);
#2917 = ORIENTED_EDGE('',*,*,#2868,.T.);
#2918 = ORIENTED_EDGE('',*,*,#2919,.T.);
#2919 = EDGE_CURVE('',#2869,#2895,#2920,.T.);
#2920 = CIRCLE('',#2921,1.7);
#2921 = AXIS2_PLACEMENT_3D('',#2922,#2923,#2924);
#2922 = CARTESIAN_POINT('',(-32.5,1.5,-11.1));
#2923 = DIRECTION('',(0.,0.,1.));
#2924 = DIRECTION('',(1.,0.,0.));
#2925 = ORIENTED_EDGE('',*,*,#2894,.T.);
#2926 = ORIENTED_EDGE('',*,*,#810,.F.);
#2927 = ORIENTED_EDGE('',*,*,#2928,.F.);
#2928 = EDGE_CURVE('',#2929,#811,#2931,.T.);
#2929 = VERTEX_POINT('',#2930);
#2930 = CARTESIAN_POINT('',(-32.36826400084,3.194888086726,-8.4));
#2931 = LINE('',#2932,#2933);
#2932 = CARTESIAN_POINT('',(-32.36826400084,3.194888086726,-8.4));
#2933 = VECTOR('',#2934,1.);
#2934 = DIRECTION('',(0.,0.,1.));
#2935 = ORIENTED_EDGE('',*,*,#2936,.F.);
#2936 = EDGE_CURVE('',#2937,#2929,#2939,.T.);
#2937 = VERTEX_POINT('',#2938);
#2938 = CARTESIAN_POINT('',(-30.85393107144,1.924802404009,-8.4));
#2939 = CIRCLE('',#2940,1.7);
#2940 = AXIS2_PLACEMENT_3D('',#2941,#2942,#2943);
#2941 = CARTESIAN_POINT('',(-32.5,1.5,-8.4));
#2942 = DIRECTION('',(0.,0.,1.));
#2943 = DIRECTION('',(1.,0.,0.));
#2944 = ORIENTED_EDGE('',*,*,#2945,.T.);
#2945 = EDGE_CURVE('',#2937,#793,#2946,.T.);
#2946 = LINE('',#2947,#2948);
#2947 = CARTESIAN_POINT('',(-30.85393107144,1.924802404009,-8.4));
#2948 = VECTOR('',#2949,1.);
#2949 = DIRECTION('',(0.,0.,1.));
#2950 = CYLINDRICAL_SURFACE('',#2951,1.7);
#2951 = AXIS2_PLACEMENT_3D('',#2952,#2953,#2954);
#2952 = CARTESIAN_POINT('',(-32.5,1.5,-31.));
#2953 = DIRECTION('',(0.,0.,1.));
#2954 = DIRECTION('',(1.,0.,0.));
#2955 = ADVANCED_FACE('',(#2956),#2975,.F.);
#2956 = FACE_BOUND('',#2957,.F.);
#2957 = EDGE_LOOP('',(#2958,#2966,#2967,#2968));
#2958 = ORIENTED_EDGE('',*,*,#2959,.F.);
#2959 = EDGE_CURVE('',#317,#2960,#2962,.T.);
#2960 = VERTEX_POINT('',#2961);
#2961 = CARTESIAN_POINT('',(-36.,7.7,-11.1));
#2962 = LINE('',#2963,#2964);
#2963 = CARTESIAN_POINT('',(-36.,7.7,-29.1));
#2964 = VECTOR('',#2965,1.);
#2965 = DIRECTION('',(0.,0.,1.));
#2966 = ORIENTED_EDGE('',*,*,#316,.T.);
#2967 = ORIENTED_EDGE('',*,*,#2911,.T.);
#2968 = ORIENTED_EDGE('',*,*,#2969,.F.);
#2969 = EDGE_CURVE('',#2960,#2903,#2970,.T.);
#2970 = CIRCLE('',#2971,8.);
#2971 = AXIS2_PLACEMENT_3D('',#2972,#2973,#2974);
#2972 = CARTESIAN_POINT('',(-28.,7.7,-11.1));
#2973 = DIRECTION('',(-0.,0.,1.));
#2974 = DIRECTION('',(0.,-1.,0.));
#2975 = CYLINDRICAL_SURFACE('',#2976,8.);
#2976 = AXIS2_PLACEMENT_3D('',#2977,#2978,#2979);
#2977 = CARTESIAN_POINT('',(-28.,7.7,-29.1));
#2978 = DIRECTION('',(0.,0.,1.));
#2979 = DIRECTION('',(-1.,0.,0.));
#2980 = ADVANCED_FACE('',(#2981,#2992),#3026,.T.);
#2981 = FACE_BOUND('',#2982,.T.);
#2982 = EDGE_LOOP('',(#2983,#2989,#2990,#2991));
#2983 = ORIENTED_EDGE('',*,*,#2984,.F.);
#2984 = EDGE_CURVE('',#2960,#1894,#2985,.T.);
#2985 = LINE('',#2986,#2987);
#2986 = CARTESIAN_POINT('',(-36.,-0.3,-11.1));
#2987 = VECTOR('',#2988,1.);
#2988 = DIRECTION('',(0.,1.,0.));
#2989 = ORIENTED_EDGE('',*,*,#2959,.F.);
#2990 = ORIENTED_EDGE('',*,*,#325,.T.);
#2991 = ORIENTED_EDGE('',*,*,#1893,.T.);
#2992 = FACE_BOUND('',#2993,.T.);
#2993 = EDGE_LOOP('',(#2994,#3004,#3012,#3020));
#2994 = ORIENTED_EDGE('',*,*,#2995,.T.);
#2995 = EDGE_CURVE('',#2996,#2998,#3000,.T.);
#2996 = VERTEX_POINT('',#2997);
#2997 = CARTESIAN_POINT('',(-36.,35.2,-25.25));
#2998 = VERTEX_POINT('',#2999);
#2999 = CARTESIAN_POINT('',(-36.,20.,-25.25));
#3000 = LINE('',#3001,#3002);
#3001 = CARTESIAN_POINT('',(-36.,9.85,-25.25));
#3002 = VECTOR('',#3003,1.);
#3003 = DIRECTION('',(0.,-1.,0.));
#3004 = ORIENTED_EDGE('',*,*,#3005,.T.);
#3005 = EDGE_CURVE('',#2998,#3006,#3008,.T.);
#3006 = VERTEX_POINT('',#3007);
#3007 = CARTESIAN_POINT('',(-36.,20.,-14.75));
#3008 = LINE('',#3009,#3010);
#3009 = CARTESIAN_POINT('',(-36.,20.,-27.175));
#3010 = VECTOR('',#3011,1.);
#3011 = DIRECTION('',(0.,0.,1.));
#3012 = ORIENTED_EDGE('',*,*,#3013,.F.);
#3013 = EDGE_CURVE('',#3014,#3006,#3016,.T.);
#3014 = VERTEX_POINT('',#3015);
#3015 = CARTESIAN_POINT('',(-36.,35.2,-14.75));
#3016 = LINE('',#3017,#3018);
#3017 = CARTESIAN_POINT('',(-36.,9.85,-14.75));
#3018 = VECTOR('',#3019,1.);
#3019 = DIRECTION('',(0.,-1.,0.));
#3020 = ORIENTED_EDGE('',*,*,#3021,.F.);
#3021 = EDGE_CURVE('',#2996,#3014,#3022,.T.);
#3022 = LINE('',#3023,#3024);
#3023 = CARTESIAN_POINT('',(-36.,35.2,-27.175));
#3024 = VECTOR('',#3025,1.);
#3025 = DIRECTION('',(0.,0.,1.));
#3026 = PLANE('',#3027);
#3027 = AXIS2_PLACEMENT_3D('',#3028,#3029,#3030);
#3028 = CARTESIAN_POINT('',(-36.,-0.3,-29.1));
#3029 = DIRECTION('',(1.,0.,0.));
#3030 = DIRECTION('',(0.,0.,1.));
#3031 = ADVANCED_FACE('',(#3032),#3057,.F.);
#3032 = FACE_BOUND('',#3033,.F.);
#3033 = EDGE_LOOP('',(#3034,#3035,#3043,#3051));
#3034 = ORIENTED_EDGE('',*,*,#357,.F.);
#3035 = ORIENTED_EDGE('',*,*,#3036,.T.);
#3036 = EDGE_CURVE('',#358,#3037,#3039,.T.);
#3037 = VERTEX_POINT('',#3038);
#3038 = CARTESIAN_POINT('',(-38.5,100.8,-2.1));
#3039 = LINE('',#3040,#3041);
#3040 = CARTESIAN_POINT('',(-42.,100.8,-2.1));
#3041 = VECTOR('',#3042,1.);
#3042 = DIRECTION('',(1.,0.,0.));
#3043 = ORIENTED_EDGE('',*,*,#3044,.T.);
#3044 = EDGE_CURVE('',#3037,#3045,#3047,.T.);
#3045 = VERTEX_POINT('',#3046);
#3046 = CARTESIAN_POINT('',(-38.5,108.6,-2.1));
#3047 = LINE('',#3048,#3049);
#3048 = CARTESIAN_POINT('',(-38.5,100.8,-2.1));
#3049 = VECTOR('',#3050,1.);
#3050 = DIRECTION('',(0.,1.,0.));
#3051 = ORIENTED_EDGE('',*,*,#3052,.F.);
#3052 = EDGE_CURVE('',#360,#3045,#3053,.T.);
#3053 = LINE('',#3054,#3055);
#3054 = CARTESIAN_POINT('',(-42.,108.6,-2.1));
#3055 = VECTOR('',#3056,1.);
#3056 = DIRECTION('',(1.,0.,0.));
#3057 = PLANE('',#3058);
#3058 = AXIS2_PLACEMENT_3D('',#3059,#3060,#3061);
#3059 = CARTESIAN_POINT('',(-42.,100.8,-2.1));
#3060 = DIRECTION('',(0.,0.,1.));
#3061 = DIRECTION('',(1.,0.,0.));
#3062 = ADVANCED_FACE('',(#3063),#3082,.F.);
#3063 = FACE_BOUND('',#3064,.F.);
#3064 = EDGE_LOOP('',(#3065,#3074,#3075,#3076));
#3065 = ORIENTED_EDGE('',*,*,#3066,.F.);
#3066 = EDGE_CURVE('',#3037,#3067,#3069,.T.);
#3067 = VERTEX_POINT('',#3068);
#3068 = CARTESIAN_POINT('',(-38.5,100.8,-6.3));
#3069 = CIRCLE('',#3070,2.1);
#3070 = AXIS2_PLACEMENT_3D('',#3071,#3072,#3073);
#3071 = CARTESIAN_POINT('',(-38.5,100.8,-4.2));
#3072 = DIRECTION('',(1.,0.,-0.));
#3073 = DIRECTION('',(0.,0.,1.));
#3074 = ORIENTED_EDGE('',*,*,#3036,.F.);
#3075 = ORIENTED_EDGE('',*,*,#367,.T.);
#3076 = ORIENTED_EDGE('',*,*,#3077,.T.);
#3077 = EDGE_CURVE('',#368,#3067,#3078,.T.);
#3078 = LINE('',#3079,#3080);
#3079 = CARTESIAN_POINT('',(-42.,100.8,-6.3));
#3080 = VECTOR('',#3081,1.);
#3081 = DIRECTION('',(1.,0.,0.));
#3082 = CYLINDRICAL_SURFACE('',#3083,2.1);
#3083 = AXIS2_PLACEMENT_3D('',#3084,#3085,#3086);
#3084 = CARTESIAN_POINT('',(-42.,100.8,-4.2));
#3085 = DIRECTION('',(1.,0.,0.));
#3086 = DIRECTION('',(0.,0.,1.));
#3087 = ADVANCED_FACE('',(#3088),#3107,.F.);
#3088 = FACE_BOUND('',#3089,.F.);
#3089 = EDGE_LOOP('',(#3090,#3091,#3092,#3101));
#3090 = ORIENTED_EDGE('',*,*,#384,.T.);
#3091 = ORIENTED_EDGE('',*,*,#3052,.T.);
#3092 = ORIENTED_EDGE('',*,*,#3093,.F.);
#3093 = EDGE_CURVE('',#3094,#3045,#3096,.T.);
#3094 = VERTEX_POINT('',#3095);
#3095 = CARTESIAN_POINT('',(-38.5,108.6,-6.3));
#3096 = CIRCLE('',#3097,2.1);
#3097 = AXIS2_PLACEMENT_3D('',#3098,#3099,#3100);
#3098 = CARTESIAN_POINT('',(-38.5,108.6,-4.2));
#3099 = DIRECTION('',(1.,0.,-0.));
#3100 = DIRECTION('',(0.,0.,1.));
#3101 = ORIENTED_EDGE('',*,*,#3102,.F.);
#3102 = EDGE_CURVE('',#377,#3094,#3103,.T.);
#3103 = LINE('',#3104,#3105);
#3104 = CARTESIAN_POINT('',(-42.,108.6,-6.3));
#3105 = VECTOR('',#3106,1.);
#3106 = DIRECTION('',(1.,0.,0.));
#3107 = CYLINDRICAL_SURFACE('',#3108,2.1);
#3108 = AXIS2_PLACEMENT_3D('',#3109,#3110,#3111);
#3109 = CARTESIAN_POINT('',(-42.,108.6,-4.2));
#3110 = DIRECTION('',(1.,0.,0.));
#3111 = DIRECTION('',(0.,0.,1.));
#3112 = ADVANCED_FACE('',(#3113),#3124,.T.);
#3113 = FACE_BOUND('',#3114,.T.);
#3114 = EDGE_LOOP('',(#3115,#3116,#3117,#3123));
#3115 = ORIENTED_EDGE('',*,*,#376,.F.);
#3116 = ORIENTED_EDGE('',*,*,#3077,.T.);
#3117 = ORIENTED_EDGE('',*,*,#3118,.T.);
#3118 = EDGE_CURVE('',#3067,#3094,#3119,.T.);
#3119 = LINE('',#3120,#3121);
#3120 = CARTESIAN_POINT('',(-38.5,100.8,-6.3));
#3121 = VECTOR('',#3122,1.);
#3122 = DIRECTION('',(0.,1.,0.));
#3123 = ORIENTED_EDGE('',*,*,#3102,.F.);
#3124 = PLANE('',#3125);
#3125 = AXIS2_PLACEMENT_3D('',#3126,#3127,#3128);
#3126 = CARTESIAN_POINT('',(-42.,100.8,-6.3));
#3127 = DIRECTION('',(0.,0.,1.));
#3128 = DIRECTION('',(1.,0.,0.));
#3129 = ADVANCED_FACE('',(#3130),#3155,.F.);
#3130 = FACE_BOUND('',#3131,.F.);
#3131 = EDGE_LOOP('',(#3132,#3133,#3141,#3149));
#3132 = ORIENTED_EDGE('',*,*,#393,.F.);
#3133 = ORIENTED_EDGE('',*,*,#3134,.T.);
#3134 = EDGE_CURVE('',#394,#3135,#3137,.T.);
#3135 = VERTEX_POINT('',#3136);
#3136 = CARTESIAN_POINT('',(-38.5,70.85,-2.1));
#3137 = LINE('',#3138,#3139);
#3138 = CARTESIAN_POINT('',(-42.,70.85,-2.1));
#3139 = VECTOR('',#3140,1.);
#3140 = DIRECTION('',(1.,0.,0.));
#3141 = ORIENTED_EDGE('',*,*,#3142,.T.);
#3142 = EDGE_CURVE('',#3135,#3143,#3145,.T.);
#3143 = VERTEX_POINT('',#3144);
#3144 = CARTESIAN_POINT('',(-38.5,89.15,-2.1));
#3145 = LINE('',#3146,#3147);
#3146 = CARTESIAN_POINT('',(-38.5,70.85,-2.1));
#3147 = VECTOR('',#3148,1.);
#3148 = DIRECTION('',(0.,1.,0.));
#3149 = ORIENTED_EDGE('',*,*,#3150,.F.);
#3150 = EDGE_CURVE('',#396,#3143,#3151,.T.);
#3151 = LINE('',#3152,#3153);
#3152 = CARTESIAN_POINT('',(-42.,89.15,-2.1));
#3153 = VECTOR('',#3154,1.);
#3154 = DIRECTION('',(1.,0.,0.));
#3155 = PLANE('',#3156);
#3156 = AXIS2_PLACEMENT_3D('',#3157,#3158,#3159);
#3157 = CARTESIAN_POINT('',(-42.,70.85,-2.1));
#3158 = DIRECTION('',(0.,0.,1.));
#3159 = DIRECTION('',(1.,0.,0.));
#3160 = ADVANCED_FACE('',(#3161),#3180,.F.);
#3161 = FACE_BOUND('',#3162,.F.);
#3162 = EDGE_LOOP('',(#3163,#3164,#3165,#3174));
#3163 = ORIENTED_EDGE('',*,*,#420,.T.);
#3164 = ORIENTED_EDGE('',*,*,#3150,.T.);
#3165 = ORIENTED_EDGE('',*,*,#3166,.F.);
#3166 = EDGE_CURVE('',#3167,#3143,#3169,.T.);
#3167 = VERTEX_POINT('',#3168);
#3168 = CARTESIAN_POINT('',(-38.5,89.15,-6.3));
#3169 = CIRCLE('',#3170,2.1);
#3170 = AXIS2_PLACEMENT_3D('',#3171,#3172,#3173);
#3171 = CARTESIAN_POINT('',(-38.5,89.15,-4.2));
#3172 = DIRECTION('',(1.,0.,-0.));
#3173 = DIRECTION('',(0.,0.,1.));
#3174 = ORIENTED_EDGE('',*,*,#3175,.F.);
#3175 = EDGE_CURVE('',#413,#3167,#3176,.T.);
#3176 = LINE('',#3177,#3178);
#3177 = CARTESIAN_POINT('',(-42.,89.15,-6.3));
#3178 = VECTOR('',#3179,1.);
#3179 = DIRECTION('',(1.,0.,0.));
#3180 = CYLINDRICAL_SURFACE('',#3181,2.1);
#3181 = AXIS2_PLACEMENT_3D('',#3182,#3183,#3184);
#3182 = CARTESIAN_POINT('',(-42.,89.15,-4.2));
#3183 = DIRECTION('',(1.,0.,0.));
#3184 = DIRECTION('',(0.,0.,1.));
#3185 = ADVANCED_FACE('',(#3186),#3204,.T.);
#3186 = FACE_BOUND('',#3187,.T.);
#3187 = EDGE_LOOP('',(#3188,#3189,#3197,#3203));
#3188 = ORIENTED_EDGE('',*,*,#412,.F.);
#3189 = ORIENTED_EDGE('',*,*,#3190,.T.);
#3190 = EDGE_CURVE('',#404,#3191,#3193,.T.);
#3191 = VERTEX_POINT('',#3192);
#3192 = CARTESIAN_POINT('',(-38.5,70.85,-6.3));
#3193 = LINE('',#3194,#3195);
#3194 = CARTESIAN_POINT('',(-42.,70.85,-6.3));
#3195 = VECTOR('',#3196,1.);
#3196 = DIRECTION('',(1.,0.,0.));
#3197 = ORIENTED_EDGE('',*,*,#3198,.T.);
#3198 = EDGE_CURVE('',#3191,#3167,#3199,.T.);
#3199 = LINE('',#3200,#3201);
#3200 = CARTESIAN_POINT('',(-38.5,70.85,-6.3));
#3201 = VECTOR('',#3202,1.);
#3202 = DIRECTION('',(0.,1.,0.));
#3203 = ORIENTED_EDGE('',*,*,#3175,.F.);
#3204 = PLANE('',#3205);
#3205 = AXIS2_PLACEMENT_3D('',#3206,#3207,#3208);
#3206 = CARTESIAN_POINT('',(-42.,70.85,-6.3));
#3207 = DIRECTION('',(0.,0.,1.));
#3208 = DIRECTION('',(1.,0.,0.));
#3209 = ADVANCED_FACE('',(#3210),#3222,.F.);
#3210 = FACE_BOUND('',#3211,.F.);
#3211 = EDGE_LOOP('',(#3212,#3219,#3220,#3221));
#3212 = ORIENTED_EDGE('',*,*,#3213,.F.);
#3213 = EDGE_CURVE('',#3135,#3191,#3214,.T.);
#3214 = CIRCLE('',#3215,2.1);
#3215 = AXIS2_PLACEMENT_3D('',#3216,#3217,#3218);
#3216 = CARTESIAN_POINT('',(-38.5,70.85,-4.2));
#3217 = DIRECTION('',(1.,0.,-0.));
#3218 = DIRECTION('',(0.,0.,1.));
#3219 = ORIENTED_EDGE('',*,*,#3134,.F.);
#3220 = ORIENTED_EDGE('',*,*,#403,.T.);
#3221 = ORIENTED_EDGE('',*,*,#3190,.T.);
#3222 = CYLINDRICAL_SURFACE('',#3223,2.1);
#3223 = AXIS2_PLACEMENT_3D('',#3224,#3225,#3226);
#3224 = CARTESIAN_POINT('',(-42.,70.85,-4.2));
#3225 = DIRECTION('',(1.,0.,0.));
#3226 = DIRECTION('',(0.,0.,1.));
#3227 = ADVANCED_FACE('',(#3228),#3247,.F.);
#3228 = FACE_BOUND('',#3229,.F.);
#3229 = EDGE_LOOP('',(#3230,#3238,#3245,#3246));
#3230 = ORIENTED_EDGE('',*,*,#3231,.T.);
#3231 = EDGE_CURVE('',#430,#3232,#3234,.T.);
#3232 = VERTEX_POINT('',#3233);
#3233 = CARTESIAN_POINT('',(-31.,53.,-15.75));
#3234 = LINE('',#3235,#3236);
#3235 = CARTESIAN_POINT('',(-42.,53.,-15.75));
#3236 = VECTOR('',#3237,1.);
#3237 = DIRECTION('',(1.,0.,0.));
#3238 = ORIENTED_EDGE('',*,*,#3239,.F.);
#3239 = EDGE_CURVE('',#3232,#3232,#3240,.T.);
#3240 = CIRCLE('',#3241,4.25);
#3241 = AXIS2_PLACEMENT_3D('',#3242,#3243,#3244);
#3242 = CARTESIAN_POINT('',(-31.,53.,-20.));
#3243 = DIRECTION('',(1.,0.,-0.));
#3244 = DIRECTION('',(0.,0.,1.));
#3245 = ORIENTED_EDGE('',*,*,#3231,.F.);
#3246 = ORIENTED_EDGE('',*,*,#429,.T.);
#3247 = CYLINDRICAL_SURFACE('',#3248,4.25);
#3248 = AXIS2_PLACEMENT_3D('',#3249,#3250,#3251);
#3249 = CARTESIAN_POINT('',(-42.,53.,-20.));
#3250 = DIRECTION('',(1.,0.,0.));
#3251 = DIRECTION('',(0.,0.,1.));
#3252 = ADVANCED_FACE('',(#3253),#3269,.T.);
#3253 = FACE_BOUND('',#3254,.T.);
#3254 = EDGE_LOOP('',(#3255,#3261,#3262,#3268));
#3255 = ORIENTED_EDGE('',*,*,#3256,.F.);
#3256 = EDGE_CURVE('',#441,#2996,#3257,.T.);
#3257 = LINE('',#3258,#3259);
#3258 = CARTESIAN_POINT('',(-45.,35.2,-25.25));
#3259 = VECTOR('',#3260,1.);
#3260 = DIRECTION('',(1.,0.,0.));
#3261 = ORIENTED_EDGE('',*,*,#440,.T.);
#3262 = ORIENTED_EDGE('',*,*,#3263,.T.);
#3263 = EDGE_CURVE('',#443,#2998,#3264,.T.);
#3264 = LINE('',#3265,#3266);
#3265 = CARTESIAN_POINT('',(-45.,20.,-25.25));
#3266 = VECTOR('',#3267,1.);
#3267 = DIRECTION('',(1.,0.,0.));
#3268 = ORIENTED_EDGE('',*,*,#2995,.F.);
#3269 = PLANE('',#3270);
#3270 = AXIS2_PLACEMENT_3D('',#3271,#3272,#3273);
#3271 = CARTESIAN_POINT('',(-45.,20.,-25.25));
#3272 = DIRECTION('',(0.,0.,1.));
#3273 = DIRECTION('',(1.,0.,0.));
#3274 = ADVANCED_FACE('',(#3275),#3286,.F.);
#3275 = FACE_BOUND('',#3276,.F.);
#3276 = EDGE_LOOP('',(#3277,#3278,#3279,#3285));
#3277 = ORIENTED_EDGE('',*,*,#3256,.F.);
#3278 = ORIENTED_EDGE('',*,*,#450,.T.);
#3279 = ORIENTED_EDGE('',*,*,#3280,.T.);
#3280 = EDGE_CURVE('',#451,#3014,#3281,.T.);
#3281 = LINE('',#3282,#3283);
#3282 = CARTESIAN_POINT('',(-45.,35.2,-14.75));
#3283 = VECTOR('',#3284,1.);
#3284 = DIRECTION('',(1.,0.,0.));
#3285 = ORIENTED_EDGE('',*,*,#3021,.F.);
#3286 = PLANE('',#3287);
#3287 = AXIS2_PLACEMENT_3D('',#3288,#3289,#3290);
#3288 = CARTESIAN_POINT('',(-45.,35.2,-25.25));
#3289 = DIRECTION('',(0.,1.,0.));
#3290 = DIRECTION('',(0.,0.,1.));
#3291 = ADVANCED_FACE('',(#3292),#3303,.T.);
#3292 = FACE_BOUND('',#3293,.T.);
#3293 = EDGE_LOOP('',(#3294,#3295,#3296,#3302));
#3294 = ORIENTED_EDGE('',*,*,#3263,.F.);
#3295 = ORIENTED_EDGE('',*,*,#466,.T.);
#3296 = ORIENTED_EDGE('',*,*,#3297,.T.);
#3297 = EDGE_CURVE('',#459,#3006,#3298,.T.);
#3298 = LINE('',#3299,#3300);
#3299 = CARTESIAN_POINT('',(-45.,20.,-14.75));
#3300 = VECTOR('',#3301,1.);
#3301 = DIRECTION('',(1.,0.,0.));
#3302 = ORIENTED_EDGE('',*,*,#3005,.F.);
#3303 = PLANE('',#3304);
#3304 = AXIS2_PLACEMENT_3D('',#3305,#3306,#3307);
#3305 = CARTESIAN_POINT('',(-45.,20.,-25.25));
#3306 = DIRECTION('',(0.,1.,0.));
#3307 = DIRECTION('',(0.,0.,1.));
#3308 = ADVANCED_FACE('',(#3309),#3315,.F.);
#3309 = FACE_BOUND('',#3310,.F.);
#3310 = EDGE_LOOP('',(#3311,#3312,#3313,#3314));
#3311 = ORIENTED_EDGE('',*,*,#3280,.F.);
#3312 = ORIENTED_EDGE('',*,*,#458,.T.);
#3313 = ORIENTED_EDGE('',*,*,#3297,.T.);
#3314 = ORIENTED_EDGE('',*,*,#3013,.F.);
#3315 = PLANE('',#3316);
#3316 = AXIS2_PLACEMENT_3D('',#3317,#3318,#3319);
#3317 = CARTESIAN_POINT('',(-45.,20.,-14.75));
#3318 = DIRECTION('',(0.,0.,1.));
#3319 = DIRECTION('',(1.,0.,0.));
#3320 = ADVANCED_FACE('',(#3321),#3340,.F.);
#3321 = FACE_BOUND('',#3322,.F.);
#3322 = EDGE_LOOP('',(#3323,#3332,#3333,#3334));
#3323 = ORIENTED_EDGE('',*,*,#3324,.F.);
#3324 = EDGE_CURVE('',#531,#3325,#3327,.T.);
#3325 = VERTEX_POINT('',#3326);
#3326 = CARTESIAN_POINT('',(4.2,-4.8,-8.1));
#3327 = CIRCLE('',#3328,4.1);
#3328 = AXIS2_PLACEMENT_3D('',#3329,#3330,#3331);
#3329 = CARTESIAN_POINT('',(4.2,-4.8,-4.));
#3330 = DIRECTION('',(0.,1.,0.));
#3331 = DIRECTION('',(0.,0.,1.));
#3332 = ORIENTED_EDGE('',*,*,#538,.F.);
#3333 = ORIENTED_EDGE('',*,*,#1780,.T.);
#3334 = ORIENTED_EDGE('',*,*,#3335,.T.);
#3335 = EDGE_CURVE('',#1773,#3325,#3336,.T.);
#3336 = LINE('',#3337,#3338);
#3337 = CARTESIAN_POINT('',(4.2,-7.,-8.1));
#3338 = VECTOR('',#3339,1.);
#3339 = DIRECTION('',(0.,1.,0.));
#3340 = CYLINDRICAL_SURFACE('',#3341,4.1);
#3341 = AXIS2_PLACEMENT_3D('',#3342,#3343,#3344);
#3342 = CARTESIAN_POINT('',(4.2,-7.,-4.));
#3343 = DIRECTION('',(0.,1.,0.));
#3344 = DIRECTION('',(0.,0.,1.));
#3345 = ADVANCED_FACE('',(#3346,#3365),#3401,.F.);
#3346 = FACE_BOUND('',#3347,.F.);
#3347 = EDGE_LOOP('',(#3348,#3356,#3363,#3364));
#3348 = ORIENTED_EDGE('',*,*,#3349,.F.);
#3349 = EDGE_CURVE('',#3350,#3325,#3352,.T.);
#3350 = VERTEX_POINT('',#3351);
#3351 = CARTESIAN_POINT('',(-4.2,-4.8,-8.1));
#3352 = LINE('',#3353,#3354);
#3353 = CARTESIAN_POINT('',(-4.2,-4.8,-8.1));
#3354 = VECTOR('',#3355,1.);
#3355 = DIRECTION('',(1.,0.,0.));
#3356 = ORIENTED_EDGE('',*,*,#3357,.T.);
#3357 = EDGE_CURVE('',#3350,#523,#3358,.T.);
#3358 = CIRCLE('',#3359,4.1);
#3359 = AXIS2_PLACEMENT_3D('',#3360,#3361,#3362);
#3360 = CARTESIAN_POINT('',(-4.2,-4.8,-4.));
#3361 = DIRECTION('',(0.,1.,0.));
#3362 = DIRECTION('',(0.,0.,1.));
#3363 = ORIENTED_EDGE('',*,*,#530,.F.);
#3364 = ORIENTED_EDGE('',*,*,#3324,.T.);
#3365 = FACE_BOUND('',#3366,.F.);
#3366 = EDGE_LOOP('',(#3367,#3378,#3386,#3395));
#3367 = ORIENTED_EDGE('',*,*,#3368,.F.);
#3368 = EDGE_CURVE('',#3369,#3371,#3373,.T.);
#3369 = VERTEX_POINT('',#3370);
#3370 = CARTESIAN_POINT('',(3.5,-4.8,-0.7));
#3371 = VERTEX_POINT('',#3372);
#3372 = CARTESIAN_POINT('',(3.5,-4.8,-7.3));
#3373 = CIRCLE('',#3374,3.3);
#3374 = AXIS2_PLACEMENT_3D('',#3375,#3376,#3377);
#3375 = CARTESIAN_POINT('',(3.5,-4.8,-4.));
#3376 = DIRECTION('',(0.,1.,0.));
#3377 = DIRECTION('',(0.,0.,1.));
#3378 = ORIENTED_EDGE('',*,*,#3379,.T.);
#3379 = EDGE_CURVE('',#3369,#3380,#3382,.T.);
#3380 = VERTEX_POINT('',#3381);
#3381 = CARTESIAN_POINT('',(-3.5,-4.8,-0.7));
#3382 = LINE('',#3383,#3384);
#3383 = CARTESIAN_POINT('',(-1.75,-4.8,-0.7));
#3384 = VECTOR('',#3385,1.);
#3385 = DIRECTION('',(-1.,0.,0.));
#3386 = ORIENTED_EDGE('',*,*,#3387,.F.);
#3387 = EDGE_CURVE('',#3388,#3380,#3390,.T.);
#3388 = VERTEX_POINT('',#3389);
#3389 = CARTESIAN_POINT('',(-3.5,-4.8,-7.3));
#3390 = CIRCLE('',#3391,3.3);
#3391 = AXIS2_PLACEMENT_3D('',#3392,#3393,#3394);
#3392 = CARTESIAN_POINT('',(-3.5,-4.8,-4.));
#3393 = DIRECTION('',(0.,1.,0.));
#3394 = DIRECTION('',(0.,0.,1.));
#3395 = ORIENTED_EDGE('',*,*,#3396,.F.);
#3396 = EDGE_CURVE('',#3371,#3388,#3397,.T.);
#3397 = LINE('',#3398,#3399);
#3398 = CARTESIAN_POINT('',(-1.75,-4.8,-7.3));
#3399 = VECTOR('',#3400,1.);
#3400 = DIRECTION('',(-1.,0.,0.));
#3401 = PLANE('',#3402);
#3402 = AXIS2_PLACEMENT_3D('',#3403,#3404,#3405);
#3403 = CARTESIAN_POINT('',(2.6E-16,-4.8,-4.));
#3404 = DIRECTION('',(0.,1.,0.));
#3405 = DIRECTION('',(0.,0.,1.));
#3406 = ADVANCED_FACE('',(#3407),#3418,.F.);
#3407 = FACE_BOUND('',#3408,.F.);
#3408 = EDGE_LOOP('',(#3409,#3410,#3411,#3417));
#3409 = ORIENTED_EDGE('',*,*,#522,.T.);
#3410 = ORIENTED_EDGE('',*,*,#3357,.F.);
#3411 = ORIENTED_EDGE('',*,*,#3412,.F.);
#3412 = EDGE_CURVE('',#1764,#3350,#3413,.T.);
#3413 = LINE('',#3414,#3415);
#3414 = CARTESIAN_POINT('',(-4.2,-7.,-8.1));
#3415 = VECTOR('',#3416,1.);
#3416 = DIRECTION('',(0.,1.,0.));
#3417 = ORIENTED_EDGE('',*,*,#1763,.T.);
#3418 = CYLINDRICAL_SURFACE('',#3419,4.1);
#3419 = AXIS2_PLACEMENT_3D('',#3420,#3421,#3422);
#3420 = CARTESIAN_POINT('',(-4.2,-7.,-4.));
#3421 = DIRECTION('',(0.,1.,0.));
#3422 = DIRECTION('',(0.,0.,1.));
#3423 = ADVANCED_FACE('',(#3424),#3449,.T.);
#3424 = FACE_BOUND('',#3425,.T.);
#3425 = EDGE_LOOP('',(#3426,#3434,#3442,#3448));
#3426 = ORIENTED_EDGE('',*,*,#3427,.F.);
#3427 = EDGE_CURVE('',#3428,#583,#3430,.T.);
#3428 = VERTEX_POINT('',#3429);
#3429 = CARTESIAN_POINT('',(-36.5,67.25,-7.5));
#3430 = LINE('',#3431,#3432);
#3431 = CARTESIAN_POINT('',(-36.5,67.25,-7.5));
#3432 = VECTOR('',#3433,1.);
#3433 = DIRECTION('',(0.,0.,1.));
#3434 = ORIENTED_EDGE('',*,*,#3435,.F.);
#3435 = EDGE_CURVE('',#3436,#3428,#3438,.T.);
#3436 = VERTEX_POINT('',#3437);
#3437 = CARTESIAN_POINT('',(-38.5,67.25,-7.5));
#3438 = LINE('',#3439,#3440);
#3439 = CARTESIAN_POINT('',(-38.5,67.25,-7.5));
#3440 = VECTOR('',#3441,1.);
#3441 = DIRECTION('',(1.,0.,0.));
#3442 = ORIENTED_EDGE('',*,*,#3443,.T.);
#3443 = EDGE_CURVE('',#3436,#585,#3444,.T.);
#3444 = LINE('',#3445,#3446);
#3445 = CARTESIAN_POINT('',(-38.5,67.25,-7.5));
#3446 = VECTOR('',#3447,1.);
#3447 = DIRECTION('',(0.,0.,1.));
#3448 = ORIENTED_EDGE('',*,*,#582,.F.);
#3449 = PLANE('',#3450);
#3450 = AXIS2_PLACEMENT_3D('',#3451,#3452,#3453);
#3451 = CARTESIAN_POINT('',(-38.5,67.25,-7.5));
#3452 = DIRECTION('',(0.,1.,0.));
#3453 = DIRECTION('',(0.,0.,1.));
#3454 = ADVANCED_FACE('',(#3455,#3473),#3507,.F.);
#3455 = FACE_BOUND('',#3456,.F.);
#3456 = EDGE_LOOP('',(#3457,#3458,#3466,#3472));
#3457 = ORIENTED_EDGE('',*,*,#3427,.F.);
#3458 = ORIENTED_EDGE('',*,*,#3459,.T.);
#3459 = EDGE_CURVE('',#3428,#3460,#3462,.T.);
#3460 = VERTEX_POINT('',#3461);
#3461 = CARTESIAN_POINT('',(-36.5,92.75,-7.5));
#3462 = LINE('',#3463,#3464);
#3463 = CARTESIAN_POINT('',(-36.5,67.25,-7.5));
#3464 = VECTOR('',#3465,1.);
#3465 = DIRECTION('',(0.,1.,0.));
#3466 = ORIENTED_EDGE('',*,*,#3467,.T.);
#3467 = EDGE_CURVE('',#3460,#601,#3468,.T.);
#3468 = LINE('',#3469,#3470);
#3469 = CARTESIAN_POINT('',(-36.5,92.75,-7.5));
#3470 = VECTOR('',#3471,1.);
#3471 = DIRECTION('',(0.,0.,1.));
#3472 = ORIENTED_EDGE('',*,*,#608,.F.);
#3473 = FACE_BOUND('',#3474,.F.);
#3474 = EDGE_LOOP('',(#3475,#3485,#3493,#3501));
#3475 = ORIENTED_EDGE('',*,*,#3476,.F.);
#3476 = EDGE_CURVE('',#3477,#3479,#3481,.T.);
#3477 = VERTEX_POINT('',#3478);
#3478 = CARTESIAN_POINT('',(-36.5,69.25,-6.45));
#3479 = VERTEX_POINT('',#3480);
#3480 = CARTESIAN_POINT('',(-36.5,90.75,-6.45));
#3481 = LINE('',#3482,#3483);
#3482 = CARTESIAN_POINT('',(-36.5,69.25,-6.45));
#3483 = VECTOR('',#3484,1.);
#3484 = DIRECTION('',(0.,1.,0.));
#3485 = ORIENTED_EDGE('',*,*,#3486,.T.);
#3486 = EDGE_CURVE('',#3477,#3487,#3489,.T.);
#3487 = VERTEX_POINT('',#3488);
#3488 = CARTESIAN_POINT('',(-36.5,69.25,-1.95));
#3489 = LINE('',#3490,#3491);
#3490 = CARTESIAN_POINT('',(-36.5,69.25,-6.45));
#3491 = VECTOR('',#3492,1.);
#3492 = DIRECTION('',(0.,0.,1.));
#3493 = ORIENTED_EDGE('',*,*,#3494,.T.);
#3494 = EDGE_CURVE('',#3487,#3495,#3497,.T.);
#3495 = VERTEX_POINT('',#3496);
#3496 = CARTESIAN_POINT('',(-36.5,90.75,-1.95));
#3497 = LINE('',#3498,#3499);
#3498 = CARTESIAN_POINT('',(-36.5,69.25,-1.95));
#3499 = VECTOR('',#3500,1.);
#3500 = DIRECTION('',(0.,1.,0.));
#3501 = ORIENTED_EDGE('',*,*,#3502,.F.);
#3502 = EDGE_CURVE('',#3479,#3495,#3503,.T.);
#3503 = LINE('',#3504,#3505);
#3504 = CARTESIAN_POINT('',(-36.5,90.75,-6.45));
#3505 = VECTOR('',#3506,1.);
#3506 = DIRECTION('',(0.,0.,1.));
#3507 = PLANE('',#3508);
#3508 = AXIS2_PLACEMENT_3D('',#3509,#3510,#3511);
#3509 = CARTESIAN_POINT('',(-36.5,67.25,-7.5));
#3510 = DIRECTION('',(1.,0.,0.));
#3511 = DIRECTION('',(0.,0.,1.));
#3512 = ADVANCED_FACE('',(#3513,#3531),#3537,.T.);
#3513 = FACE_BOUND('',#3514,.T.);
#3514 = EDGE_LOOP('',(#3515,#3516,#3524,#3530));
#3515 = ORIENTED_EDGE('',*,*,#3443,.F.);
#3516 = ORIENTED_EDGE('',*,*,#3517,.T.);
#3517 = EDGE_CURVE('',#3436,#3518,#3520,.T.);
#3518 = VERTEX_POINT('',#3519);
#3519 = CARTESIAN_POINT('',(-38.5,92.75,-7.5));
#3520 = LINE('',#3521,#3522);
#3521 = CARTESIAN_POINT('',(-38.5,67.25,-7.5));
#3522 = VECTOR('',#3523,1.);
#3523 = DIRECTION('',(0.,1.,0.));
#3524 = ORIENTED_EDGE('',*,*,#3525,.T.);
#3525 = EDGE_CURVE('',#3518,#593,#3526,.T.);
#3526 = LINE('',#3527,#3528);
#3527 = CARTESIAN_POINT('',(-38.5,92.75,-7.5));
#3528 = VECTOR('',#3529,1.);
#3529 = DIRECTION('',(0.,0.,1.));
#3530 = ORIENTED_EDGE('',*,*,#592,.F.);
#3531 = FACE_BOUND('',#3532,.T.);
#3532 = EDGE_LOOP('',(#3533,#3534,#3535,#3536));
#3533 = ORIENTED_EDGE('',*,*,#3213,.F.);
#3534 = ORIENTED_EDGE('',*,*,#3142,.T.);
#3535 = ORIENTED_EDGE('',*,*,#3166,.F.);
#3536 = ORIENTED_EDGE('',*,*,#3198,.F.);
#3537 = PLANE('',#3538);
#3538 = AXIS2_PLACEMENT_3D('',#3539,#3540,#3541);
#3539 = CARTESIAN_POINT('',(-38.5,67.25,-7.5));
#3540 = DIRECTION('',(1.,0.,0.));
#3541 = DIRECTION('',(0.,0.,1.));
#3542 = ADVANCED_FACE('',(#3543),#3554,.F.);
#3543 = FACE_BOUND('',#3544,.F.);
#3544 = EDGE_LOOP('',(#3545,#3546,#3552,#3553));
#3545 = ORIENTED_EDGE('',*,*,#3467,.F.);
#3546 = ORIENTED_EDGE('',*,*,#3547,.F.);
#3547 = EDGE_CURVE('',#3518,#3460,#3548,.T.);
#3548 = LINE('',#3549,#3550);
#3549 = CARTESIAN_POINT('',(-38.5,92.75,-7.5));
#3550 = VECTOR('',#3551,1.);
#3551 = DIRECTION('',(1.,0.,0.));
#3552 = ORIENTED_EDGE('',*,*,#3525,.T.);
#3553 = ORIENTED_EDGE('',*,*,#600,.F.);
#3554 = PLANE('',#3555);
#3555 = AXIS2_PLACEMENT_3D('',#3556,#3557,#3558);
#3556 = CARTESIAN_POINT('',(-38.5,92.75,-7.5));
#3557 = DIRECTION('',(0.,1.,0.));
#3558 = DIRECTION('',(0.,0.,1.));
#3559 = ADVANCED_FACE('',(#3560),#3585,.T.);
#3560 = FACE_BOUND('',#3561,.T.);
#3561 = EDGE_LOOP('',(#3562,#3570,#3578,#3584));
#3562 = ORIENTED_EDGE('',*,*,#3563,.F.);
#3563 = EDGE_CURVE('',#3564,#617,#3566,.T.);
#3564 = VERTEX_POINT('',#3565);
#3565 = CARTESIAN_POINT('',(-36.5,97.2,-7.5));
#3566 = LINE('',#3567,#3568);
#3567 = CARTESIAN_POINT('',(-36.5,97.2,-7.5));
#3568 = VECTOR('',#3569,1.);
#3569 = DIRECTION('',(0.,0.,1.));
#3570 = ORIENTED_EDGE('',*,*,#3571,.F.);
#3571 = EDGE_CURVE('',#3572,#3564,#3574,.T.);
#3572 = VERTEX_POINT('',#3573);
#3573 = CARTESIAN_POINT('',(-38.5,97.2,-7.5));
#3574 = LINE('',#3575,#3576);
#3575 = CARTESIAN_POINT('',(-38.5,97.2,-7.5));
#3576 = VECTOR('',#3577,1.);
#3577 = DIRECTION('',(1.,0.,0.));
#3578 = ORIENTED_EDGE('',*,*,#3579,.T.);
#3579 = EDGE_CURVE('',#3572,#619,#3580,.T.);
#3580 = LINE('',#3581,#3582);
#3581 = CARTESIAN_POINT('',(-38.5,97.2,-7.5));
#3582 = VECTOR('',#3583,1.);
#3583 = DIRECTION('',(0.,0.,1.));
#3584 = ORIENTED_EDGE('',*,*,#616,.F.);
#3585 = PLANE('',#3586);
#3586 = AXIS2_PLACEMENT_3D('',#3587,#3588,#3589);
#3587 = CARTESIAN_POINT('',(-38.5,97.2,-7.5));
#3588 = DIRECTION('',(0.,1.,0.));
#3589 = DIRECTION('',(0.,0.,1.));
#3590 = ADVANCED_FACE('',(#3591,#3609),#3643,.F.);
#3591 = FACE_BOUND('',#3592,.F.);
#3592 = EDGE_LOOP('',(#3593,#3594,#3602,#3608));
#3593 = ORIENTED_EDGE('',*,*,#3563,.F.);
#3594 = ORIENTED_EDGE('',*,*,#3595,.T.);
#3595 = EDGE_CURVE('',#3564,#3596,#3598,.T.);
#3596 = VERTEX_POINT('',#3597);
#3597 = CARTESIAN_POINT('',(-36.5,112.2,-7.5));
#3598 = LINE('',#3599,#3600);
#3599 = CARTESIAN_POINT('',(-36.5,97.2,-7.5));
#3600 = VECTOR('',#3601,1.);
#3601 = DIRECTION('',(0.,1.,0.));
#3602 = ORIENTED_EDGE('',*,*,#3603,.T.);
#3603 = EDGE_CURVE('',#3596,#635,#3604,.T.);
#3604 = LINE('',#3605,#3606);
#3605 = CARTESIAN_POINT('',(-36.5,112.2,-7.5));
#3606 = VECTOR('',#3607,1.);
#3607 = DIRECTION('',(0.,0.,1.));
#3608 = ORIENTED_EDGE('',*,*,#642,.F.);
#3609 = FACE_BOUND('',#3610,.F.);
#3610 = EDGE_LOOP('',(#3611,#3621,#3629,#3637));
#3611 = ORIENTED_EDGE('',*,*,#3612,.F.);
#3612 = EDGE_CURVE('',#3613,#3615,#3617,.T.);
#3613 = VERTEX_POINT('',#3614);
#3614 = CARTESIAN_POINT('',(-36.5,99.2,-6.45));
#3615 = VERTEX_POINT('',#3616);
#3616 = CARTESIAN_POINT('',(-36.5,110.2,-6.45));
#3617 = LINE('',#3618,#3619);
#3618 = CARTESIAN_POINT('',(-36.5,99.2,-6.45));
#3619 = VECTOR('',#3620,1.);
#3620 = DIRECTION('',(0.,1.,0.));
#3621 = ORIENTED_EDGE('',*,*,#3622,.T.);
#3622 = EDGE_CURVE('',#3613,#3623,#3625,.T.);
#3623 = VERTEX_POINT('',#3624);
#3624 = CARTESIAN_POINT('',(-36.5,99.2,-1.95));
#3625 = LINE('',#3626,#3627);
#3626 = CARTESIAN_POINT('',(-36.5,99.2,-6.45));
#3627 = VECTOR('',#3628,1.);
#3628 = DIRECTION('',(0.,0.,1.));
#3629 = ORIENTED_EDGE('',*,*,#3630,.T.);
#3630 = EDGE_CURVE('',#3623,#3631,#3633,.T.);
#3631 = VERTEX_POINT('',#3632);
#3632 = CARTESIAN_POINT('',(-36.5,110.2,-1.95));
#3633 = LINE('',#3634,#3635);
#3634 = CARTESIAN_POINT('',(-36.5,99.2,-1.95));
#3635 = VECTOR('',#3636,1.);
#3636 = DIRECTION('',(0.,1.,0.));
#3637 = ORIENTED_EDGE('',*,*,#3638,.F.);
#3638 = EDGE_CURVE('',#3615,#3631,#3639,.T.);
#3639 = LINE('',#3640,#3641);
#3640 = CARTESIAN_POINT('',(-36.5,110.2,-6.45));
#3641 = VECTOR('',#3642,1.);
#3642 = DIRECTION('',(0.,0.,1.));
#3643 = PLANE('',#3644);
#3644 = AXIS2_PLACEMENT_3D('',#3645,#3646,#3647);
#3645 = CARTESIAN_POINT('',(-36.5,97.2,-7.5));
#3646 = DIRECTION('',(1.,0.,0.));
#3647 = DIRECTION('',(0.,0.,1.));
#3648 = ADVANCED_FACE('',(#3649,#3667),#3673,.T.);
#3649 = FACE_BOUND('',#3650,.T.);
#3650 = EDGE_LOOP('',(#3651,#3652,#3660,#3666));
#3651 = ORIENTED_EDGE('',*,*,#3579,.F.);
#3652 = ORIENTED_EDGE('',*,*,#3653,.T.);
#3653 = EDGE_CURVE('',#3572,#3654,#3656,.T.);
#3654 = VERTEX_POINT('',#3655);
#3655 = CARTESIAN_POINT('',(-38.5,112.2,-7.5));
#3656 = LINE('',#3657,#3658);
#3657 = CARTESIAN_POINT('',(-38.5,97.2,-7.5));
#3658 = VECTOR('',#3659,1.);
#3659 = DIRECTION('',(0.,1.,0.));
#3660 = ORIENTED_EDGE('',*,*,#3661,.T.);
#3661 = EDGE_CURVE('',#3654,#627,#3662,.T.);
#3662 = LINE('',#3663,#3664);
#3663 = CARTESIAN_POINT('',(-38.5,112.2,-7.5));
#3664 = VECTOR('',#3665,1.);
#3665 = DIRECTION('',(0.,0.,1.));
#3666 = ORIENTED_EDGE('',*,*,#626,.F.);
#3667 = FACE_BOUND('',#3668,.T.);
#3668 = EDGE_LOOP('',(#3669,#3670,#3671,#3672));
#3669 = ORIENTED_EDGE('',*,*,#3066,.F.);
#3670 = ORIENTED_EDGE('',*,*,#3044,.T.);
#3671 = ORIENTED_EDGE('',*,*,#3093,.F.);
#3672 = ORIENTED_EDGE('',*,*,#3118,.F.);
#3673 = PLANE('',#3674);
#3674 = AXIS2_PLACEMENT_3D('',#3675,#3676,#3677);
#3675 = CARTESIAN_POINT('',(-38.5,97.2,-7.5));
#3676 = DIRECTION('',(1.,0.,0.));
#3677 = DIRECTION('',(0.,0.,1.));
#3678 = ADVANCED_FACE('',(#3679),#3690,.F.);
#3679 = FACE_BOUND('',#3680,.F.);
#3680 = EDGE_LOOP('',(#3681,#3682,#3688,#3689));
#3681 = ORIENTED_EDGE('',*,*,#3603,.F.);
#3682 = ORIENTED_EDGE('',*,*,#3683,.F.);
#3683 = EDGE_CURVE('',#3654,#3596,#3684,.T.);
#3684 = LINE('',#3685,#3686);
#3685 = CARTESIAN_POINT('',(-38.5,112.2,-7.5));
#3686 = VECTOR('',#3687,1.);
#3687 = DIRECTION('',(1.,0.,0.));
#3688 = ORIENTED_EDGE('',*,*,#3661,.T.);
#3689 = ORIENTED_EDGE('',*,*,#634,.F.);
#3690 = PLANE('',#3691);
#3691 = AXIS2_PLACEMENT_3D('',#3692,#3693,#3694);
#3692 = CARTESIAN_POINT('',(-38.5,112.2,-7.5));
#3693 = DIRECTION('',(0.,1.,0.));
#3694 = DIRECTION('',(0.,0.,1.));
#3695 = ADVANCED_FACE('',(#3696,#3721,#3755),#3789,.T.);
#3696 = FACE_BOUND('',#3697,.T.);
#3697 = EDGE_LOOP('',(#3698,#3699,#3707,#3715));
#3698 = ORIENTED_EDGE('',*,*,#650,.F.);
#3699 = ORIENTED_EDGE('',*,*,#3700,.F.);
#3700 = EDGE_CURVE('',#3701,#651,#3703,.T.);
#3701 = VERTEX_POINT('',#3702);
#3702 = CARTESIAN_POINT('',(-35.5,10.8,-8.4));
#3703 = LINE('',#3704,#3705);
#3704 = CARTESIAN_POINT('',(-35.5,10.8,-8.4));
#3705 = VECTOR('',#3706,1.);
#3706 = DIRECTION('',(0.,0.,1.));
#3707 = ORIENTED_EDGE('',*,*,#3708,.T.);
#3708 = EDGE_CURVE('',#3701,#3709,#3711,.T.);
#3709 = VERTEX_POINT('',#3710);
#3710 = CARTESIAN_POINT('',(-35.5,134.6,-8.4));
#3711 = LINE('',#3712,#3713);
#3712 = CARTESIAN_POINT('',(-35.5,0.,-8.4));
#3713 = VECTOR('',#3714,1.);
#3714 = DIRECTION('',(0.,1.,0.));
#3715 = ORIENTED_EDGE('',*,*,#3716,.T.);
#3716 = EDGE_CURVE('',#3709,#653,#3717,.T.);
#3717 = LINE('',#3718,#3719);
#3718 = CARTESIAN_POINT('',(-35.5,134.6,-8.4));
#3719 = VECTOR('',#3720,1.);
#3720 = DIRECTION('',(0.,0.,1.));
#3721 = FACE_BOUND('',#3722,.T.);
#3722 = EDGE_LOOP('',(#3723,#3733,#3741,#3749));
#3723 = ORIENTED_EDGE('',*,*,#3724,.T.);
#3724 = EDGE_CURVE('',#3725,#3727,#3729,.T.);
#3725 = VERTEX_POINT('',#3726);
#3726 = CARTESIAN_POINT('',(-35.5,110.2,-6.45));
#3727 = VERTEX_POINT('',#3728);
#3728 = CARTESIAN_POINT('',(-35.5,99.2,-6.45));
#3729 = LINE('',#3730,#3731);
#3730 = CARTESIAN_POINT('',(-35.5,85.95,-6.45));
#3731 = VECTOR('',#3732,1.);
#3732 = DIRECTION('',(0.,-1.,0.));
#3733 = ORIENTED_EDGE('',*,*,#3734,.T.);
#3734 = EDGE_CURVE('',#3727,#3735,#3737,.T.);
#3735 = VERTEX_POINT('',#3736);
#3736 = CARTESIAN_POINT('',(-35.5,99.2,-1.95));
#3737 = LINE('',#3738,#3739);
#3738 = CARTESIAN_POINT('',(-35.5,99.2,-5.325));
#3739 = VECTOR('',#3740,1.);
#3740 = DIRECTION('',(0.,0.,1.));
#3741 = ORIENTED_EDGE('',*,*,#3742,.F.);
#3742 = EDGE_CURVE('',#3743,#3735,#3745,.T.);
#3743 = VERTEX_POINT('',#3744);
#3744 = CARTESIAN_POINT('',(-35.5,110.2,-1.95));
#3745 = LINE('',#3746,#3747);
#3746 = CARTESIAN_POINT('',(-35.5,85.95,-1.95));
#3747 = VECTOR('',#3748,1.);
#3748 = DIRECTION('',(0.,-1.,0.));
#3749 = ORIENTED_EDGE('',*,*,#3750,.F.);
#3750 = EDGE_CURVE('',#3725,#3743,#3751,.T.);
#3751 = LINE('',#3752,#3753);
#3752 = CARTESIAN_POINT('',(-35.5,110.2,-5.325));
#3753 = VECTOR('',#3754,1.);
#3754 = DIRECTION('',(0.,0.,1.));
#3755 = FACE_BOUND('',#3756,.T.);
#3756 = EDGE_LOOP('',(#3757,#3767,#3775,#3783));
#3757 = ORIENTED_EDGE('',*,*,#3758,.T.);
#3758 = EDGE_CURVE('',#3759,#3761,#3763,.T.);
#3759 = VERTEX_POINT('',#3760);
#3760 = CARTESIAN_POINT('',(-35.5,90.75,-6.45));
#3761 = VERTEX_POINT('',#3762);
#3762 = CARTESIAN_POINT('',(-35.5,69.25,-6.45));
#3763 = LINE('',#3764,#3765);
#3764 = CARTESIAN_POINT('',(-35.5,70.975,-6.45));
#3765 = VECTOR('',#3766,1.);
#3766 = DIRECTION('',(0.,-1.,0.));
#3767 = ORIENTED_EDGE('',*,*,#3768,.T.);
#3768 = EDGE_CURVE('',#3761,#3769,#3771,.T.);
#3769 = VERTEX_POINT('',#3770);
#3770 = CARTESIAN_POINT('',(-35.5,69.25,-1.95));
#3771 = LINE('',#3772,#3773);
#3772 = CARTESIAN_POINT('',(-35.5,69.25,-5.325));
#3773 = VECTOR('',#3774,1.);
#3774 = DIRECTION('',(0.,0.,1.));
#3775 = ORIENTED_EDGE('',*,*,#3776,.F.);
#3776 = EDGE_CURVE('',#3777,#3769,#3779,.T.);
#3777 = VERTEX_POINT('',#3778);
#3778 = CARTESIAN_POINT('',(-35.5,90.75,-1.95));
#3779 = LINE('',#3780,#3781);
#3780 = CARTESIAN_POINT('',(-35.5,70.975,-1.95));
#3781 = VECTOR('',#3782,1.);
#3782 = DIRECTION('',(0.,-1.,0.));
#3783 = ORIENTED_EDGE('',*,*,#3784,.F.);
#3784 = EDGE_CURVE('',#3759,#3777,#3785,.T.);
#3785 = LINE('',#3786,#3787);
#3786 = CARTESIAN_POINT('',(-35.5,90.75,-5.325));
#3787 = VECTOR('',#3788,1.);
#3788 = DIRECTION('',(0.,0.,1.));
#3789 = PLANE('',#3790);
#3790 = AXIS2_PLACEMENT_3D('',#3791,#3792,#3793);
#3791 = CARTESIAN_POINT('',(-35.5,72.7,-4.2));
#3792 = DIRECTION('',(1.,0.,0.));
#3793 = DIRECTION('',(0.,0.,1.));
#3794 = ADVANCED_FACE('',(#3795),#3807,.F.);
#3795 = FACE_BOUND('',#3796,.F.);
#3796 = EDGE_LOOP('',(#3797,#3798,#3805,#3806));
#3797 = ORIENTED_EDGE('',*,*,#3700,.F.);
#3798 = ORIENTED_EDGE('',*,*,#3799,.T.);
#3799 = EDGE_CURVE('',#3701,#2929,#3800,.T.);
#3800 = CIRCLE('',#3801,10.8);
#3801 = AXIS2_PLACEMENT_3D('',#3802,#3803,#3804);
#3802 = CARTESIAN_POINT('',(-24.7,10.8,-8.4));
#3803 = DIRECTION('',(-0.,0.,1.));
#3804 = DIRECTION('',(0.,-1.,0.));
#3805 = ORIENTED_EDGE('',*,*,#2928,.T.);
#3806 = ORIENTED_EDGE('',*,*,#819,.F.);
#3807 = CYLINDRICAL_SURFACE('',#3808,10.8);
#3808 = AXIS2_PLACEMENT_3D('',#3809,#3810,#3811);
#3809 = CARTESIAN_POINT('',(-24.7,10.8,-8.4));
#3810 = DIRECTION('',(0.,0.,1.));
#3811 = DIRECTION('',(-1.,0.,0.));
#3812 = ADVANCED_FACE('',(#3813),#3825,.F.);
#3813 = FACE_BOUND('',#3814,.T.);
#3814 = EDGE_LOOP('',(#3815,#3816,#3823,#3824));
#3815 = ORIENTED_EDGE('',*,*,#3716,.F.);
#3816 = ORIENTED_EDGE('',*,*,#3817,.T.);
#3817 = EDGE_CURVE('',#3709,#2114,#3818,.T.);
#3818 = CIRCLE('',#3819,10.8);
#3819 = AXIS2_PLACEMENT_3D('',#3820,#3821,#3822);
#3820 = CARTESIAN_POINT('',(-24.7,134.6,-8.4));
#3821 = DIRECTION('',(-0.,-0.,-1.));
#3822 = DIRECTION('',(0.,-1.,0.));
#3823 = ORIENTED_EDGE('',*,*,#2122,.T.);
#3824 = ORIENTED_EDGE('',*,*,#660,.T.);
#3825 = CYLINDRICAL_SURFACE('',#3826,10.8);
#3826 = AXIS2_PLACEMENT_3D('',#3827,#3828,#3829);
#3827 = CARTESIAN_POINT('',(-24.7,134.6,-8.4));
#3828 = DIRECTION('',(0.,0.,1.));
#3829 = DIRECTION('',(-1.,0.,0.));
#3830 = ADVANCED_FACE('',(#3831),#3884,.F.);
#3831 = FACE_BOUND('',#3832,.F.);
#3832 = EDGE_LOOP('',(#3833,#3834,#3843,#3851,#3860,#3868,#3877,#3883));
#3833 = ORIENTED_EDGE('',*,*,#2945,.F.);
#3834 = ORIENTED_EDGE('',*,*,#3835,.T.);
#3835 = EDGE_CURVE('',#2937,#3836,#3838,.T.);
#3836 = VERTEX_POINT('',#3837);
#3837 = CARTESIAN_POINT('',(-24.7,-2.E-15,-8.4));
#3838 = CIRCLE('',#3839,10.8);
#3839 = AXIS2_PLACEMENT_3D('',#3840,#3841,#3842);
#3840 = CARTESIAN_POINT('',(-24.7,10.8,-8.4));
#3841 = DIRECTION('',(-0.,0.,1.));
#3842 = DIRECTION('',(0.,-1.,0.));
#3843 = ORIENTED_EDGE('',*,*,#3844,.T.);
#3844 = EDGE_CURVE('',#3836,#3845,#3847,.T.);
#3845 = VERTEX_POINT('',#3846);
#3846 = CARTESIAN_POINT('',(-24.7,-2.E-15,-5.6));
#3847 = LINE('',#3848,#3849);
#3848 = CARTESIAN_POINT('',(-24.7,-1.78E-15,-8.4));
#3849 = VECTOR('',#3850,1.);
#3850 = DIRECTION('',(0.,0.,1.));
#3851 = ORIENTED_EDGE('',*,*,#3852,.F.);
#3852 = EDGE_CURVE('',#3853,#3845,#3855,.T.);
#3853 = VERTEX_POINT('',#3854);
#3854 = CARTESIAN_POINT('',(-25.5,2.9670385731E-02,-5.6));
#3855 = CIRCLE('',#3856,10.8);
#3856 = AXIS2_PLACEMENT_3D('',#3857,#3858,#3859);
#3857 = CARTESIAN_POINT('',(-24.7,10.8,-5.6));
#3858 = DIRECTION('',(0.,0.,1.));
#3859 = DIRECTION('',(-1.,0.,0.));
#3860 = ORIENTED_EDGE('',*,*,#3861,.T.);
#3861 = EDGE_CURVE('',#3853,#3862,#3864,.T.);
#3862 = VERTEX_POINT('',#3863);
#3863 = CARTESIAN_POINT('',(-25.5,2.9670385731E-02,-2.4));
#3864 = LINE('',#3865,#3866);
#3865 = CARTESIAN_POINT('',(-25.5,2.967038573099E-02,-8.4));
#3866 = VECTOR('',#3867,1.);
#3867 = DIRECTION('',(0.,0.,1.));
#3868 = ORIENTED_EDGE('',*,*,#3869,.T.);
#3869 = EDGE_CURVE('',#3862,#3870,#3872,.T.);
#3870 = VERTEX_POINT('',#3871);
#3871 = CARTESIAN_POINT('',(-24.7,-2.E-15,-2.4));
#3872 = CIRCLE('',#3873,10.8);
#3873 = AXIS2_PLACEMENT_3D('',#3874,#3875,#3876);
#3874 = CARTESIAN_POINT('',(-24.7,10.8,-2.4));
#3875 = DIRECTION('',(0.,0.,1.));
#3876 = DIRECTION('',(-1.,0.,0.));
#3877 = ORIENTED_EDGE('',*,*,#3878,.T.);
#3878 = EDGE_CURVE('',#3870,#785,#3879,.T.);
#3879 = LINE('',#3880,#3881);
#3880 = CARTESIAN_POINT('',(-24.7,-1.78E-15,-8.4));
#3881 = VECTOR('',#3882,1.);
#3882 = DIRECTION('',(0.,0.,1.));
#3883 = ORIENTED_EDGE('',*,*,#792,.F.);
#3884 = CYLINDRICAL_SURFACE('',#3885,10.8);
#3885 = AXIS2_PLACEMENT_3D('',#3886,#3887,#3888);
#3886 = CARTESIAN_POINT('',(-24.7,10.8,-8.4));
#3887 = DIRECTION('',(0.,0.,1.));
#3888 = DIRECTION('',(-1.,0.,0.));
#3889 = ADVANCED_FACE('',(#3890),#3909,.F.);
#3890 = FACE_BOUND('',#3891,.T.);
#3891 = EDGE_LOOP('',(#3892,#3893,#3902,#3908));
#3892 = ORIENTED_EDGE('',*,*,#2105,.F.);
#3893 = ORIENTED_EDGE('',*,*,#3894,.T.);
#3894 = EDGE_CURVE('',#2106,#3895,#3897,.T.);
#3895 = VERTEX_POINT('',#3896);
#3896 = CARTESIAN_POINT('',(-24.7,145.4,-8.4));
#3897 = CIRCLE('',#3898,10.8);
#3898 = AXIS2_PLACEMENT_3D('',#3899,#3900,#3901);
#3899 = CARTESIAN_POINT('',(-24.7,134.6,-8.4));
#3900 = DIRECTION('',(-0.,-0.,-1.));
#3901 = DIRECTION('',(0.,-1.,0.));
#3902 = ORIENTED_EDGE('',*,*,#3903,.T.);
#3903 = EDGE_CURVE('',#3895,#688,#3904,.T.);
#3904 = LINE('',#3905,#3906);
#3905 = CARTESIAN_POINT('',(-24.7,145.4,-8.4));
#3906 = VECTOR('',#3907,1.);
#3907 = DIRECTION('',(0.,0.,1.));
#3908 = ORIENTED_EDGE('',*,*,#687,.T.);
#3909 = CYLINDRICAL_SURFACE('',#3910,10.8);
#3910 = AXIS2_PLACEMENT_3D('',#3911,#3912,#3913);
#3911 = CARTESIAN_POINT('',(-24.7,134.6,-8.4));
#3912 = DIRECTION('',(0.,0.,1.));
#3913 = DIRECTION('',(-1.,0.,0.));
#3914 = ADVANCED_FACE('',(#3915,#4004,#4047,#4083),#4126,.T.);
#3915 = FACE_BOUND('',#3916,.T.);
#3916 = EDGE_LOOP('',(#3917,#3925,#3926,#3934,#3942,#3950,#3956,#3957,
    #3958,#3966,#3974,#3982,#3990,#3998));
#3917 = ORIENTED_EDGE('',*,*,#3918,.F.);
#3918 = EDGE_CURVE('',#3836,#3919,#3921,.T.);
#3919 = VERTEX_POINT('',#3920);
#3920 = CARTESIAN_POINT('',(24.7,-2.E-15,-8.4));
#3921 = LINE('',#3922,#3923);
#3922 = CARTESIAN_POINT('',(-35.5,0.,-8.4));
#3923 = VECTOR('',#3924,1.);
#3924 = DIRECTION('',(1.,0.,0.));
#3925 = ORIENTED_EDGE('',*,*,#3844,.T.);
#3926 = ORIENTED_EDGE('',*,*,#3927,.F.);
#3927 = EDGE_CURVE('',#3928,#3845,#3930,.T.);
#3928 = VERTEX_POINT('',#3929);
#3929 = CARTESIAN_POINT('',(-25.5,0.,-5.6));
#3930 = LINE('',#3931,#3932);
#3931 = CARTESIAN_POINT('',(-25.5,0.,-5.6));
#3932 = VECTOR('',#3933,1.);
#3933 = DIRECTION('',(1.,0.,0.));
#3934 = ORIENTED_EDGE('',*,*,#3935,.T.);
#3935 = EDGE_CURVE('',#3928,#3936,#3938,.T.);
#3936 = VERTEX_POINT('',#3937);
#3937 = CARTESIAN_POINT('',(-25.5,0.,-4.));
#3938 = LINE('',#3939,#3940);
#3939 = CARTESIAN_POINT('',(-25.5,0.,-5.6));
#3940 = VECTOR('',#3941,1.);
#3941 = DIRECTION('',(0.,0.,1.));
#3942 = ORIENTED_EDGE('',*,*,#3943,.T.);
#3943 = EDGE_CURVE('',#3936,#3944,#3946,.T.);
#3944 = VERTEX_POINT('',#3945);
#3945 = CARTESIAN_POINT('',(-25.5,0.,-2.4));
#3946 = LINE('',#3947,#3948);
#3947 = CARTESIAN_POINT('',(-25.5,0.,-5.6));
#3948 = VECTOR('',#3949,1.);
#3949 = DIRECTION('',(0.,0.,1.));
#3950 = ORIENTED_EDGE('',*,*,#3951,.T.);
#3951 = EDGE_CURVE('',#3944,#3870,#3952,.T.);
#3952 = LINE('',#3953,#3954);
#3953 = CARTESIAN_POINT('',(-25.5,0.,-2.4));
#3954 = VECTOR('',#3955,1.);
#3955 = DIRECTION('',(1.,0.,0.));
#3956 = ORIENTED_EDGE('',*,*,#3878,.T.);
#3957 = ORIENTED_EDGE('',*,*,#784,.F.);
#3958 = ORIENTED_EDGE('',*,*,#3959,.F.);
#3959 = EDGE_CURVE('',#3960,#776,#3962,.T.);
#3960 = VERTEX_POINT('',#3961);
#3961 = CARTESIAN_POINT('',(24.7,-2.E-15,-2.4));
#3962 = LINE('',#3963,#3964);
#3963 = CARTESIAN_POINT('',(24.7,-1.78E-15,-8.4));
#3964 = VECTOR('',#3965,1.);
#3965 = DIRECTION('',(0.,0.,1.));
#3966 = ORIENTED_EDGE('',*,*,#3967,.T.);
#3967 = EDGE_CURVE('',#3960,#3968,#3970,.T.);
#3968 = VERTEX_POINT('',#3969);
#3969 = CARTESIAN_POINT('',(25.5,0.,-2.4));
#3970 = LINE('',#3971,#3972);
#3971 = CARTESIAN_POINT('',(13.5,0.,-2.4));
#3972 = VECTOR('',#3973,1.);
#3973 = DIRECTION('',(1.,0.,0.));
#3974 = ORIENTED_EDGE('',*,*,#3975,.F.);
#3975 = EDGE_CURVE('',#3976,#3968,#3978,.T.);
#3976 = VERTEX_POINT('',#3977);
#3977 = CARTESIAN_POINT('',(25.5,0.,-4.));
#3978 = LINE('',#3979,#3980);
#3979 = CARTESIAN_POINT('',(25.5,0.,-5.6));
#3980 = VECTOR('',#3981,1.);
#3981 = DIRECTION('',(0.,0.,1.));
#3982 = ORIENTED_EDGE('',*,*,#3983,.F.);
#3983 = EDGE_CURVE('',#3984,#3976,#3986,.T.);
#3984 = VERTEX_POINT('',#3985);
#3985 = CARTESIAN_POINT('',(25.5,0.,-5.6));
#3986 = LINE('',#3987,#3988);
#3987 = CARTESIAN_POINT('',(25.5,0.,-5.6));
#3988 = VECTOR('',#3989,1.);
#3989 = DIRECTION('',(0.,0.,1.));
#3990 = ORIENTED_EDGE('',*,*,#3991,.F.);
#3991 = EDGE_CURVE('',#3992,#3984,#3994,.T.);
#3992 = VERTEX_POINT('',#3993);
#3993 = CARTESIAN_POINT('',(24.7,-2.E-15,-5.6));
#3994 = LINE('',#3995,#3996);
#3995 = CARTESIAN_POINT('',(13.5,0.,-5.6));
#3996 = VECTOR('',#3997,1.);
#3997 = DIRECTION('',(1.,0.,0.));
#3998 = ORIENTED_EDGE('',*,*,#3999,.F.);
#3999 = EDGE_CURVE('',#3919,#3992,#4000,.T.);
#4000 = LINE('',#4001,#4002);
#4001 = CARTESIAN_POINT('',(24.7,-1.78E-15,-8.4));
#4002 = VECTOR('',#4003,1.);
#4003 = DIRECTION('',(0.,0.,1.));
#4004 = FACE_BOUND('',#4005,.T.);
#4005 = EDGE_LOOP('',(#4006,#4015,#4024,#4032,#4041));
#4006 = ORIENTED_EDGE('',*,*,#4007,.F.);
#4007 = EDGE_CURVE('',#3936,#4008,#4010,.T.);
#4008 = VERTEX_POINT('',#4009);
#4009 = CARTESIAN_POINT('',(-23.6,0.,-2.1));
#4010 = CIRCLE('',#4011,1.9);
#4011 = AXIS2_PLACEMENT_3D('',#4012,#4013,#4014);
#4012 = CARTESIAN_POINT('',(-23.6,0.,-4.));
#4013 = DIRECTION('',(0.,1.,0.));
#4014 = DIRECTION('',(0.,0.,1.));
#4015 = ORIENTED_EDGE('',*,*,#4016,.F.);
#4016 = EDGE_CURVE('',#4017,#3936,#4019,.T.);
#4017 = VERTEX_POINT('',#4018);
#4018 = CARTESIAN_POINT('',(-23.6,0.,-5.9));
#4019 = CIRCLE('',#4020,1.9);
#4020 = AXIS2_PLACEMENT_3D('',#4021,#4022,#4023);
#4021 = CARTESIAN_POINT('',(-23.6,0.,-4.));
#4022 = DIRECTION('',(0.,1.,0.));
#4023 = DIRECTION('',(0.,0.,1.));
#4024 = ORIENTED_EDGE('',*,*,#4025,.T.);
#4025 = EDGE_CURVE('',#4017,#4026,#4028,.T.);
#4026 = VERTEX_POINT('',#4027);
#4027 = CARTESIAN_POINT('',(-15.4,0.,-5.9));
#4028 = LINE('',#4029,#4030);
#4029 = CARTESIAN_POINT('',(-11.8,-8.E-17,-5.9));
#4030 = VECTOR('',#4031,1.);
#4031 = DIRECTION('',(1.,0.,0.));
#4032 = ORIENTED_EDGE('',*,*,#4033,.F.);
#4033 = EDGE_CURVE('',#4034,#4026,#4036,.T.);
#4034 = VERTEX_POINT('',#4035);
#4035 = CARTESIAN_POINT('',(-15.4,0.,-2.1));
#4036 = CIRCLE('',#4037,1.9);
#4037 = AXIS2_PLACEMENT_3D('',#4038,#4039,#4040);
#4038 = CARTESIAN_POINT('',(-15.4,0.,-4.));
#4039 = DIRECTION('',(0.,1.,0.));
#4040 = DIRECTION('',(0.,0.,1.));
#4041 = ORIENTED_EDGE('',*,*,#4042,.F.);
#4042 = EDGE_CURVE('',#4008,#4034,#4043,.T.);
#4043 = LINE('',#4044,#4045);
#4044 = CARTESIAN_POINT('',(-11.8,-8.E-17,-2.1));
#4045 = VECTOR('',#4046,1.);
#4046 = DIRECTION('',(1.,0.,0.));
#4047 = FACE_BOUND('',#4048,.T.);
#4048 = EDGE_LOOP('',(#4049,#4060,#4068,#4077));
#4049 = ORIENTED_EDGE('',*,*,#4050,.F.);
#4050 = EDGE_CURVE('',#4051,#4053,#4055,.T.);
#4051 = VERTEX_POINT('',#4052);
#4052 = CARTESIAN_POINT('',(3.5,0.,-0.7));
#4053 = VERTEX_POINT('',#4054);
#4054 = CARTESIAN_POINT('',(3.5,0.,-7.3));
#4055 = CIRCLE('',#4056,3.3);
#4056 = AXIS2_PLACEMENT_3D('',#4057,#4058,#4059);
#4057 = CARTESIAN_POINT('',(3.5,0.,-4.));
#4058 = DIRECTION('',(0.,1.,0.));
#4059 = DIRECTION('',(0.,0.,1.));
#4060 = ORIENTED_EDGE('',*,*,#4061,.F.);
#4061 = EDGE_CURVE('',#4062,#4051,#4064,.T.);
#4062 = VERTEX_POINT('',#4063);
#4063 = CARTESIAN_POINT('',(-3.5,0.,-0.7));
#4064 = LINE('',#4065,#4066);
#4065 = CARTESIAN_POINT('',(-1.75,-8.E-17,-0.7));
#4066 = VECTOR('',#4067,1.);
#4067 = DIRECTION('',(1.,0.,0.));
#4068 = ORIENTED_EDGE('',*,*,#4069,.F.);
#4069 = EDGE_CURVE('',#4070,#4062,#4072,.T.);
#4070 = VERTEX_POINT('',#4071);
#4071 = CARTESIAN_POINT('',(-3.5,0.,-7.3));
#4072 = CIRCLE('',#4073,3.3);
#4073 = AXIS2_PLACEMENT_3D('',#4074,#4075,#4076);
#4074 = CARTESIAN_POINT('',(-3.5,0.,-4.));
#4075 = DIRECTION('',(0.,1.,0.));
#4076 = DIRECTION('',(0.,0.,1.));
#4077 = ORIENTED_EDGE('',*,*,#4078,.T.);
#4078 = EDGE_CURVE('',#4070,#4053,#4079,.T.);
#4079 = LINE('',#4080,#4081);
#4080 = CARTESIAN_POINT('',(-1.75,-8.E-17,-7.3));
#4081 = VECTOR('',#4082,1.);
#4082 = DIRECTION('',(1.,0.,0.));
#4083 = FACE_BOUND('',#4084,.T.);
#4084 = EDGE_LOOP('',(#4085,#4094,#4103,#4111,#4120));
#4085 = ORIENTED_EDGE('',*,*,#4086,.F.);
#4086 = EDGE_CURVE('',#3976,#4087,#4089,.T.);
#4087 = VERTEX_POINT('',#4088);
#4088 = CARTESIAN_POINT('',(23.6,0.,-5.9));
#4089 = CIRCLE('',#4090,1.9);
#4090 = AXIS2_PLACEMENT_3D('',#4091,#4092,#4093);
#4091 = CARTESIAN_POINT('',(23.6,0.,-4.));
#4092 = DIRECTION('',(0.,1.,0.));
#4093 = DIRECTION('',(0.,0.,1.));
#4094 = ORIENTED_EDGE('',*,*,#4095,.F.);
#4095 = EDGE_CURVE('',#4096,#3976,#4098,.T.);
#4096 = VERTEX_POINT('',#4097);
#4097 = CARTESIAN_POINT('',(23.6,0.,-2.1));
#4098 = CIRCLE('',#4099,1.9);
#4099 = AXIS2_PLACEMENT_3D('',#4100,#4101,#4102);
#4100 = CARTESIAN_POINT('',(23.6,0.,-4.));
#4101 = DIRECTION('',(0.,1.,0.));
#4102 = DIRECTION('',(0.,0.,1.));
#4103 = ORIENTED_EDGE('',*,*,#4104,.F.);
#4104 = EDGE_CURVE('',#4105,#4096,#4107,.T.);
#4105 = VERTEX_POINT('',#4106);
#4106 = CARTESIAN_POINT('',(15.4,0.,-2.1));
#4107 = LINE('',#4108,#4109);
#4108 = CARTESIAN_POINT('',(7.7,-8.E-17,-2.1));
#4109 = VECTOR('',#4110,1.);
#4110 = DIRECTION('',(1.,0.,0.));
#4111 = ORIENTED_EDGE('',*,*,#4112,.F.);
#4112 = EDGE_CURVE('',#4113,#4105,#4115,.T.);
#4113 = VERTEX_POINT('',#4114);
#4114 = CARTESIAN_POINT('',(15.4,0.,-5.9));
#4115 = CIRCLE('',#4116,1.9);
#4116 = AXIS2_PLACEMENT_3D('',#4117,#4118,#4119);
#4117 = CARTESIAN_POINT('',(15.4,0.,-4.));
#4118 = DIRECTION('',(0.,1.,0.));
#4119 = DIRECTION('',(0.,0.,1.));
#4120 = ORIENTED_EDGE('',*,*,#4121,.T.);
#4121 = EDGE_CURVE('',#4113,#4087,#4122,.T.);
#4122 = LINE('',#4123,#4124);
#4123 = CARTESIAN_POINT('',(7.7,-8.E-17,-5.9));
#4124 = VECTOR('',#4125,1.);
#4125 = DIRECTION('',(1.,0.,0.));
#4126 = PLANE('',#4127);
#4127 = AXIS2_PLACEMENT_3D('',#4128,#4129,#4130);
#4128 = CARTESIAN_POINT('',(0.,-1.6E-16,-4.194612794613));
#4129 = DIRECTION('',(0.,1.,0.));
#4130 = DIRECTION('',(0.,0.,1.));
#4131 = ADVANCED_FACE('',(#4132),#4150,.F.);
#4132 = FACE_BOUND('',#4133,.F.);
#4133 = EDGE_LOOP('',(#4134,#4142,#4143,#4144));
#4134 = ORIENTED_EDGE('',*,*,#4135,.F.);
#4135 = EDGE_CURVE('',#3895,#4136,#4138,.T.);
#4136 = VERTEX_POINT('',#4137);
#4137 = CARTESIAN_POINT('',(24.7,145.4,-8.4));
#4138 = LINE('',#4139,#4140);
#4139 = CARTESIAN_POINT('',(-35.5,145.4,-8.4));
#4140 = VECTOR('',#4141,1.);
#4141 = DIRECTION('',(1.,0.,0.));
#4142 = ORIENTED_EDGE('',*,*,#3903,.T.);
#4143 = ORIENTED_EDGE('',*,*,#696,.F.);
#4144 = ORIENTED_EDGE('',*,*,#4145,.F.);
#4145 = EDGE_CURVE('',#4136,#697,#4146,.T.);
#4146 = LINE('',#4147,#4148);
#4147 = CARTESIAN_POINT('',(24.7,145.4,-8.4));
#4148 = VECTOR('',#4149,1.);
#4149 = DIRECTION('',(0.,0.,1.));
#4150 = PLANE('',#4151);
#4151 = AXIS2_PLACEMENT_3D('',#4152,#4153,#4154);
#4152 = CARTESIAN_POINT('',(-35.5,145.4,-8.4));
#4153 = DIRECTION('',(0.,1.,0.));
#4154 = DIRECTION('',(0.,0.,1.));
#4155 = ADVANCED_FACE('',(#4156),#4193,.F.);
#4156 = FACE_BOUND('',#4157,.T.);
#4157 = EDGE_LOOP('',(#4158,#4159,#4166,#4167,#4176,#4184,#4191,#4192));
#4158 = ORIENTED_EDGE('',*,*,#2777,.F.);
#4159 = ORIENTED_EDGE('',*,*,#4160,.T.);
#4160 = EDGE_CURVE('',#2778,#3919,#4161,.T.);
#4161 = CIRCLE('',#4162,10.8);
#4162 = AXIS2_PLACEMENT_3D('',#4163,#4164,#4165);
#4163 = CARTESIAN_POINT('',(24.7,10.8,-8.4));
#4164 = DIRECTION('',(-0.,-0.,-1.));
#4165 = DIRECTION('',(0.,-1.,0.));
#4166 = ORIENTED_EDGE('',*,*,#3999,.T.);
#4167 = ORIENTED_EDGE('',*,*,#4168,.T.);
#4168 = EDGE_CURVE('',#3992,#4169,#4171,.T.);
#4169 = VERTEX_POINT('',#4170);
#4170 = CARTESIAN_POINT('',(25.5,2.9670385731E-02,-5.6));
#4171 = CIRCLE('',#4172,10.8);
#4172 = AXIS2_PLACEMENT_3D('',#4173,#4174,#4175);
#4173 = CARTESIAN_POINT('',(24.7,10.8,-5.6));
#4174 = DIRECTION('',(0.,0.,1.));
#4175 = DIRECTION('',(1.,0.,0.));
#4176 = ORIENTED_EDGE('',*,*,#4177,.T.);
#4177 = EDGE_CURVE('',#4169,#4178,#4180,.T.);
#4178 = VERTEX_POINT('',#4179);
#4179 = CARTESIAN_POINT('',(25.5,2.9670385731E-02,-2.4));
#4180 = LINE('',#4181,#4182);
#4181 = CARTESIAN_POINT('',(25.5,2.967038573099E-02,-8.4));
#4182 = VECTOR('',#4183,1.);
#4183 = DIRECTION('',(0.,0.,1.));
#4184 = ORIENTED_EDGE('',*,*,#4185,.F.);
#4185 = EDGE_CURVE('',#3960,#4178,#4186,.T.);
#4186 = CIRCLE('',#4187,10.8);
#4187 = AXIS2_PLACEMENT_3D('',#4188,#4189,#4190);
#4188 = CARTESIAN_POINT('',(24.7,10.8,-2.4));
#4189 = DIRECTION('',(0.,0.,1.));
#4190 = DIRECTION('',(1.,0.,0.));
#4191 = ORIENTED_EDGE('',*,*,#3959,.T.);
#4192 = ORIENTED_EDGE('',*,*,#775,.T.);
#4193 = CYLINDRICAL_SURFACE('',#4194,10.8);
#4194 = AXIS2_PLACEMENT_3D('',#4195,#4196,#4197);
#4195 = CARTESIAN_POINT('',(24.7,10.8,-8.4));
#4196 = DIRECTION('',(0.,0.,1.));
#4197 = DIRECTION('',(1.,0.,0.));
#4198 = ADVANCED_FACE('',(#4199),#4211,.F.);
#4199 = FACE_BOUND('',#4200,.F.);
#4200 = EDGE_LOOP('',(#4201,#4202,#4209,#4210));
#4201 = ORIENTED_EDGE('',*,*,#2254,.F.);
#4202 = ORIENTED_EDGE('',*,*,#4203,.T.);
#4203 = EDGE_CURVE('',#2246,#4136,#4204,.T.);
#4204 = CIRCLE('',#4205,10.8);
#4205 = AXIS2_PLACEMENT_3D('',#4206,#4207,#4208);
#4206 = CARTESIAN_POINT('',(24.7,134.6,-8.4));
#4207 = DIRECTION('',(-0.,0.,1.));
#4208 = DIRECTION('',(0.,-1.,0.));
#4209 = ORIENTED_EDGE('',*,*,#4145,.T.);
#4210 = ORIENTED_EDGE('',*,*,#704,.F.);
#4211 = CYLINDRICAL_SURFACE('',#4212,10.8);
#4212 = AXIS2_PLACEMENT_3D('',#4213,#4214,#4215);
#4213 = CARTESIAN_POINT('',(24.7,134.6,-8.4));
#4214 = DIRECTION('',(0.,0.,1.));
#4215 = DIRECTION('',(1.,0.,0.));
#4216 = ADVANCED_FACE('',(#4217),#4236,.F.);
#4217 = FACE_BOUND('',#4218,.T.);
#4218 = EDGE_LOOP('',(#4219,#4227,#4234,#4235));
#4219 = ORIENTED_EDGE('',*,*,#4220,.F.);
#4220 = EDGE_CURVE('',#4221,#741,#4223,.T.);
#4221 = VERTEX_POINT('',#4222);
#4222 = CARTESIAN_POINT('',(35.5,10.8,-8.4));
#4223 = LINE('',#4224,#4225);
#4224 = CARTESIAN_POINT('',(35.5,10.8,-8.4));
#4225 = VECTOR('',#4226,1.);
#4226 = DIRECTION('',(0.,0.,1.));
#4227 = ORIENTED_EDGE('',*,*,#4228,.T.);
#4228 = EDGE_CURVE('',#4221,#2786,#4229,.T.);
#4229 = CIRCLE('',#4230,10.8);
#4230 = AXIS2_PLACEMENT_3D('',#4231,#4232,#4233);
#4231 = CARTESIAN_POINT('',(24.7,10.8,-8.4));
#4232 = DIRECTION('',(-0.,-0.,-1.));
#4233 = DIRECTION('',(0.,-1.,0.));
#4234 = ORIENTED_EDGE('',*,*,#2794,.T.);
#4235 = ORIENTED_EDGE('',*,*,#748,.T.);
#4236 = CYLINDRICAL_SURFACE('',#4237,10.8);
#4237 = AXIS2_PLACEMENT_3D('',#4238,#4239,#4240);
#4238 = CARTESIAN_POINT('',(24.7,10.8,-8.4));
#4239 = DIRECTION('',(0.,0.,1.));
#4240 = DIRECTION('',(1.,0.,0.));
#4241 = ADVANCED_FACE('',(#4242),#4261,.F.);
#4242 = FACE_BOUND('',#4243,.F.);
#4243 = EDGE_LOOP('',(#4244,#4252,#4259,#4260));
#4244 = ORIENTED_EDGE('',*,*,#4245,.F.);
#4245 = EDGE_CURVE('',#4246,#732,#4248,.T.);
#4246 = VERTEX_POINT('',#4247);
#4247 = CARTESIAN_POINT('',(35.5,134.6,-8.4));
#4248 = LINE('',#4249,#4250);
#4249 = CARTESIAN_POINT('',(35.5,134.6,-8.4));
#4250 = VECTOR('',#4251,1.);
#4251 = DIRECTION('',(0.,0.,1.));
#4252 = ORIENTED_EDGE('',*,*,#4253,.T.);
#4253 = EDGE_CURVE('',#4246,#2238,#4254,.T.);
#4254 = CIRCLE('',#4255,10.8);
#4255 = AXIS2_PLACEMENT_3D('',#4256,#4257,#4258);
#4256 = CARTESIAN_POINT('',(24.7,134.6,-8.4));
#4257 = DIRECTION('',(-0.,0.,1.));
#4258 = DIRECTION('',(0.,-1.,0.));
#4259 = ORIENTED_EDGE('',*,*,#2237,.T.);
#4260 = ORIENTED_EDGE('',*,*,#731,.F.);
#4261 = CYLINDRICAL_SURFACE('',#4262,10.8);
#4262 = AXIS2_PLACEMENT_3D('',#4263,#4264,#4265);
#4263 = CARTESIAN_POINT('',(24.7,134.6,-8.4));
#4264 = DIRECTION('',(0.,0.,1.));
#4265 = DIRECTION('',(1.,0.,0.));
#4266 = ADVANCED_FACE('',(#4267,#4278),#4341,.F.);
#4267 = FACE_BOUND('',#4268,.F.);
#4268 = EDGE_LOOP('',(#4269,#4270,#4271,#4277));
#4269 = ORIENTED_EDGE('',*,*,#740,.F.);
#4270 = ORIENTED_EDGE('',*,*,#4220,.F.);
#4271 = ORIENTED_EDGE('',*,*,#4272,.T.);
#4272 = EDGE_CURVE('',#4221,#4246,#4273,.T.);
#4273 = LINE('',#4274,#4275);
#4274 = CARTESIAN_POINT('',(35.5,0.,-8.4));
#4275 = VECTOR('',#4276,1.);
#4276 = DIRECTION('',(0.,1.,0.));
#4277 = ORIENTED_EDGE('',*,*,#4245,.T.);
#4278 = FACE_BOUND('',#4279,.F.);
#4279 = EDGE_LOOP('',(#4280,#4290,#4299,#4307,#4316,#4325,#4334));
#4280 = ORIENTED_EDGE('',*,*,#4281,.F.);
#4281 = EDGE_CURVE('',#4282,#4284,#4286,.T.);
#4282 = VERTEX_POINT('',#4283);
#4283 = CARTESIAN_POINT('',(35.5,46.4,-2.1));
#4284 = VERTEX_POINT('',#4285);
#4285 = CARTESIAN_POINT('',(35.5,35.6,-2.1));
#4286 = LINE('',#4287,#4288);
#4287 = CARTESIAN_POINT('',(35.5,17.8,-2.1));
#4288 = VECTOR('',#4289,1.);
#4289 = DIRECTION('',(0.,-1.,0.));
#4290 = ORIENTED_EDGE('',*,*,#4291,.F.);
#4291 = EDGE_CURVE('',#4292,#4282,#4294,.T.);
#4292 = VERTEX_POINT('',#4293);
#4293 = CARTESIAN_POINT('',(35.5,46.4,-6.3));
#4294 = CIRCLE('',#4295,2.1);
#4295 = AXIS2_PLACEMENT_3D('',#4296,#4297,#4298);
#4296 = CARTESIAN_POINT('',(35.5,46.4,-4.2));
#4297 = DIRECTION('',(1.,0.,-0.));
#4298 = DIRECTION('',(0.,0.,1.));
#4299 = ORIENTED_EDGE('',*,*,#4300,.T.);
#4300 = EDGE_CURVE('',#4292,#4301,#4303,.T.);
#4301 = VERTEX_POINT('',#4302);
#4302 = CARTESIAN_POINT('',(35.5,35.6,-6.3));
#4303 = LINE('',#4304,#4305);
#4304 = CARTESIAN_POINT('',(35.5,17.8,-6.3));
#4305 = VECTOR('',#4306,1.);
#4306 = DIRECTION('',(0.,-1.,0.));
#4307 = ORIENTED_EDGE('',*,*,#4308,.F.);
#4308 = EDGE_CURVE('',#4309,#4301,#4311,.T.);
#4309 = VERTEX_POINT('',#4310);
#4310 = CARTESIAN_POINT('',(35.5,33.655325443787,-4.9926164712));
#4311 = CIRCLE('',#4312,2.1);
#4312 = AXIS2_PLACEMENT_3D('',#4313,#4314,#4315);
#4313 = CARTESIAN_POINT('',(35.5,35.6,-4.2));
#4314 = DIRECTION('',(1.,0.,-0.));
#4315 = DIRECTION('',(0.,0.,1.));
#4316 = ORIENTED_EDGE('',*,*,#4317,.T.);
#4317 = EDGE_CURVE('',#4309,#4318,#4320,.T.);
#4318 = VERTEX_POINT('',#4319);
#4319 = CARTESIAN_POINT('',(35.5,33.5,-5.007692307692));
#4320 = CIRCLE('',#4321,0.807692307692);
#4321 = AXIS2_PLACEMENT_3D('',#4322,#4323,#4324);
#4322 = CARTESIAN_POINT('',(35.5,33.5,-4.2));
#4323 = DIRECTION('',(-1.,0.,0.));
#4324 = DIRECTION('',(0.,0.,-1.));
#4325 = ORIENTED_EDGE('',*,*,#4326,.T.);
#4326 = EDGE_CURVE('',#4318,#4327,#4329,.T.);
#4327 = VERTEX_POINT('',#4328);
#4328 = CARTESIAN_POINT('',(35.5,33.655325443787,-3.4073835288));
#4329 = CIRCLE('',#4330,0.807692307692);
#4330 = AXIS2_PLACEMENT_3D('',#4331,#4332,#4333);
#4331 = CARTESIAN_POINT('',(35.5,33.5,-4.2));
#4332 = DIRECTION('',(-1.,0.,0.));
#4333 = DIRECTION('',(0.,0.,-1.));
#4334 = ORIENTED_EDGE('',*,*,#4335,.F.);
#4335 = EDGE_CURVE('',#4284,#4327,#4336,.T.);
#4336 = CIRCLE('',#4337,2.1);
#4337 = AXIS2_PLACEMENT_3D('',#4338,#4339,#4340);
#4338 = CARTESIAN_POINT('',(35.5,35.6,-4.2));
#4339 = DIRECTION('',(1.,0.,-0.));
#4340 = DIRECTION('',(0.,0.,1.));
#4341 = PLANE('',#4342);
#4342 = AXIS2_PLACEMENT_3D('',#4343,#4344,#4345);
#4343 = CARTESIAN_POINT('',(35.5,0.,-8.4));
#4344 = DIRECTION('',(1.,0.,0.));
#4345 = DIRECTION('',(0.,0.,1.));
#4346 = ADVANCED_FACE('',(#4347),#4372,.T.);
#4347 = FACE_BOUND('',#4348,.T.);
#4348 = EDGE_LOOP('',(#4349,#4357,#4358,#4366));
#4349 = ORIENTED_EDGE('',*,*,#4350,.F.);
#4350 = EDGE_CURVE('',#863,#4351,#4353,.T.);
#4351 = VERTEX_POINT('',#4352);
#4352 = CARTESIAN_POINT('',(41.3,131.,-25.));
#4353 = LINE('',#4354,#4355);
#4354 = CARTESIAN_POINT('',(35.8,131.,-25.));
#4355 = VECTOR('',#4356,1.);
#4356 = DIRECTION('',(1.,0.,0.));
#4357 = ORIENTED_EDGE('',*,*,#862,.T.);
#4358 = ORIENTED_EDGE('',*,*,#4359,.T.);
#4359 = EDGE_CURVE('',#865,#4360,#4362,.T.);
#4360 = VERTEX_POINT('',#4361);
#4361 = CARTESIAN_POINT('',(41.3,131.,-24.2));
#4362 = LINE('',#4363,#4364);
#4363 = CARTESIAN_POINT('',(39.6,131.,-24.2));
#4364 = VECTOR('',#4365,1.);
#4365 = DIRECTION('',(1.,0.,0.));
#4366 = ORIENTED_EDGE('',*,*,#4367,.F.);
#4367 = EDGE_CURVE('',#4351,#4360,#4368,.T.);
#4368 = LINE('',#4369,#4370);
#4369 = CARTESIAN_POINT('',(41.3,131.,-25.));
#4370 = VECTOR('',#4371,1.);
#4371 = DIRECTION('',(0.,0.,1.));
#4372 = PLANE('',#4373);
#4373 = AXIS2_PLACEMENT_3D('',#4374,#4375,#4376);
#4374 = CARTESIAN_POINT('',(35.8,131.,-25.));
#4375 = DIRECTION('',(0.,1.,0.));
#4376 = DIRECTION('',(0.,0.,1.));
#4377 = ADVANCED_FACE('',(#4378),#4445,.F.);
#4378 = FACE_BOUND('',#4379,.F.);
#4379 = EDGE_LOOP('',(#4380,#4381,#4389,#4398,#4404,#4405,#4406,#4415,
    #4421,#4422,#4430,#4439));
#4380 = ORIENTED_EDGE('',*,*,#905,.F.);
#4381 = ORIENTED_EDGE('',*,*,#4382,.F.);
#4382 = EDGE_CURVE('',#4383,#906,#4385,.T.);
#4383 = VERTEX_POINT('',#4384);
#4384 = CARTESIAN_POINT('',(39.6,124.6,-22.6));
#4385 = LINE('',#4386,#4387);
#4386 = CARTESIAN_POINT('',(39.6,124.6,-22.6));
#4387 = VECTOR('',#4388,1.);
#4388 = DIRECTION('',(1.,0.,0.));
#4389 = ORIENTED_EDGE('',*,*,#4390,.T.);
#4390 = EDGE_CURVE('',#4383,#4391,#4393,.T.);
#4391 = VERTEX_POINT('',#4392);
#4392 = CARTESIAN_POINT('',(39.6,131.4,-22.6));
#4393 = CIRCLE('',#4394,3.4);
#4394 = AXIS2_PLACEMENT_3D('',#4395,#4396,#4397);
#4395 = CARTESIAN_POINT('',(39.6,128.,-22.6));
#4396 = DIRECTION('',(1.,0.,-0.));
#4397 = DIRECTION('',(0.,0.,1.));
#4398 = ORIENTED_EDGE('',*,*,#4399,.T.);
#4399 = EDGE_CURVE('',#4391,#982,#4400,.T.);
#4400 = LINE('',#4401,#4402);
#4401 = CARTESIAN_POINT('',(39.6,131.4,-22.6));
#4402 = VECTOR('',#4403,1.);
#4403 = DIRECTION('',(1.,0.,0.));
#4404 = ORIENTED_EDGE('',*,*,#989,.F.);
#4405 = ORIENTED_EDGE('',*,*,#4359,.T.);
#4406 = ORIENTED_EDGE('',*,*,#4407,.F.);
#4407 = EDGE_CURVE('',#4408,#4360,#4410,.T.);
#4408 = VERTEX_POINT('',#4409);
#4409 = CARTESIAN_POINT('',(41.3,130.40831891575,-25.));
#4410 = CIRCLE('',#4411,3.4);
#4411 = AXIS2_PLACEMENT_3D('',#4412,#4413,#4414);
#4412 = CARTESIAN_POINT('',(41.3,128.,-22.6));
#4413 = DIRECTION('',(1.,0.,-0.));
#4414 = DIRECTION('',(0.,0.,1.));
#4415 = ORIENTED_EDGE('',*,*,#4416,.F.);
#4416 = EDGE_CURVE('',#873,#4408,#4417,.T.);
#4417 = LINE('',#4418,#4419);
#4418 = CARTESIAN_POINT('',(39.6,130.40831891575,-25.));
#4419 = VECTOR('',#4420,1.);
#4420 = DIRECTION('',(1.,0.,0.));
#4421 = ORIENTED_EDGE('',*,*,#880,.F.);
#4422 = ORIENTED_EDGE('',*,*,#4423,.T.);
#4423 = EDGE_CURVE('',#881,#4424,#4426,.T.);
#4424 = VERTEX_POINT('',#4425);
#4425 = CARTESIAN_POINT('',(41.3,125.59168108424,-25.));
#4426 = LINE('',#4427,#4428);
#4427 = CARTESIAN_POINT('',(39.6,125.59168108424,-25.));
#4428 = VECTOR('',#4429,1.);
#4429 = DIRECTION('',(1.,0.,0.));
#4430 = ORIENTED_EDGE('',*,*,#4431,.F.);
#4431 = EDGE_CURVE('',#4432,#4424,#4434,.T.);
#4432 = VERTEX_POINT('',#4433);
#4433 = CARTESIAN_POINT('',(41.3,125.,-24.2));
#4434 = CIRCLE('',#4435,3.4);
#4435 = AXIS2_PLACEMENT_3D('',#4436,#4437,#4438);
#4436 = CARTESIAN_POINT('',(41.3,128.,-22.6));
#4437 = DIRECTION('',(1.,0.,-0.));
#4438 = DIRECTION('',(0.,0.,1.));
#4439 = ORIENTED_EDGE('',*,*,#4440,.F.);
#4440 = EDGE_CURVE('',#898,#4432,#4441,.T.);
#4441 = LINE('',#4442,#4443);
#4442 = CARTESIAN_POINT('',(39.6,125.,-24.2));
#4443 = VECTOR('',#4444,1.);
#4444 = DIRECTION('',(1.,0.,0.));
#4445 = CYLINDRICAL_SURFACE('',#4446,3.4);
#4446 = AXIS2_PLACEMENT_3D('',#4447,#4448,#4449);
#4447 = CARTESIAN_POINT('',(39.6,128.,-22.6));
#4448 = DIRECTION('',(1.,0.,0.));
#4449 = DIRECTION('',(0.,0.,1.));
#4450 = ADVANCED_FACE('',(#4451),#4469,.F.);
#4451 = FACE_BOUND('',#4452,.F.);
#4452 = EDGE_LOOP('',(#4453,#4454,#4462,#4468));
#4453 = ORIENTED_EDGE('',*,*,#4399,.F.);
#4454 = ORIENTED_EDGE('',*,*,#4455,.T.);
#4455 = EDGE_CURVE('',#4391,#4456,#4458,.T.);
#4456 = VERTEX_POINT('',#4457);
#4457 = CARTESIAN_POINT('',(39.6,131.4,-19.4));
#4458 = LINE('',#4459,#4460);
#4459 = CARTESIAN_POINT('',(39.6,131.4,-22.6));
#4460 = VECTOR('',#4461,1.);
#4461 = DIRECTION('',(0.,0.,1.));
#4462 = ORIENTED_EDGE('',*,*,#4463,.T.);
#4463 = EDGE_CURVE('',#4456,#973,#4464,.T.);
#4464 = LINE('',#4465,#4466);
#4465 = CARTESIAN_POINT('',(39.6,131.4,-19.4));
#4466 = VECTOR('',#4467,1.);
#4467 = DIRECTION('',(1.,0.,0.));
#4468 = ORIENTED_EDGE('',*,*,#981,.F.);
#4469 = PLANE('',#4470);
#4470 = AXIS2_PLACEMENT_3D('',#4471,#4472,#4473);
#4471 = CARTESIAN_POINT('',(39.6,131.4,-22.6));
#4472 = DIRECTION('',(0.,1.,0.));
#4473 = DIRECTION('',(0.,0.,1.));
#4474 = ADVANCED_FACE('',(#4475),#4551,.F.);
#4475 = FACE_BOUND('',#4476,.F.);
#4476 = EDGE_LOOP('',(#4477,#4486,#4495,#4501,#4502,#4510,#4519,#4525,
    #4526,#4534,#4543,#4549,#4550));
#4477 = ORIENTED_EDGE('',*,*,#4478,.T.);
#4478 = EDGE_CURVE('',#4456,#4479,#4481,.T.);
#4479 = VERTEX_POINT('',#4480);
#4480 = CARTESIAN_POINT('',(39.6,128.,-16.));
#4481 = CIRCLE('',#4482,3.4);
#4482 = AXIS2_PLACEMENT_3D('',#4483,#4484,#4485);
#4483 = CARTESIAN_POINT('',(39.6,128.,-19.4));
#4484 = DIRECTION('',(1.,0.,-0.));
#4485 = DIRECTION('',(0.,0.,1.));
#4486 = ORIENTED_EDGE('',*,*,#4487,.T.);
#4487 = EDGE_CURVE('',#4479,#4488,#4490,.T.);
#4488 = VERTEX_POINT('',#4489);
#4489 = CARTESIAN_POINT('',(39.6,124.6,-19.4));
#4490 = CIRCLE('',#4491,3.4);
#4491 = AXIS2_PLACEMENT_3D('',#4492,#4493,#4494);
#4492 = CARTESIAN_POINT('',(39.6,128.,-19.4));
#4493 = DIRECTION('',(1.,0.,-0.));
#4494 = DIRECTION('',(0.,0.,1.));
#4495 = ORIENTED_EDGE('',*,*,#4496,.T.);
#4496 = EDGE_CURVE('',#4488,#915,#4497,.T.);
#4497 = LINE('',#4498,#4499);
#4498 = CARTESIAN_POINT('',(39.6,124.6,-19.4));
#4499 = VECTOR('',#4500,1.);
#4500 = DIRECTION('',(1.,0.,0.));
#4501 = ORIENTED_EDGE('',*,*,#922,.F.);
#4502 = ORIENTED_EDGE('',*,*,#4503,.T.);
#4503 = EDGE_CURVE('',#923,#4504,#4506,.T.);
#4504 = VERTEX_POINT('',#4505);
#4505 = CARTESIAN_POINT('',(41.3,125.,-17.8));
#4506 = LINE('',#4507,#4508);
#4507 = CARTESIAN_POINT('',(39.6,125.,-17.8));
#4508 = VECTOR('',#4509,1.);
#4509 = DIRECTION('',(1.,0.,0.));
#4510 = ORIENTED_EDGE('',*,*,#4511,.F.);
#4511 = EDGE_CURVE('',#4512,#4504,#4514,.T.);
#4512 = VERTEX_POINT('',#4513);
#4513 = CARTESIAN_POINT('',(41.3,125.59168108424,-17.));
#4514 = CIRCLE('',#4515,3.4);
#4515 = AXIS2_PLACEMENT_3D('',#4516,#4517,#4518);
#4516 = CARTESIAN_POINT('',(41.3,128.,-19.4));
#4517 = DIRECTION('',(1.,0.,-0.));
#4518 = DIRECTION('',(0.,0.,1.));
#4519 = ORIENTED_EDGE('',*,*,#4520,.F.);
#4520 = EDGE_CURVE('',#940,#4512,#4521,.T.);
#4521 = LINE('',#4522,#4523);
#4522 = CARTESIAN_POINT('',(39.6,125.59168108424,-17.));
#4523 = VECTOR('',#4524,1.);
#4524 = DIRECTION('',(1.,0.,0.));
#4525 = ORIENTED_EDGE('',*,*,#947,.F.);
#4526 = ORIENTED_EDGE('',*,*,#4527,.T.);
#4527 = EDGE_CURVE('',#948,#4528,#4530,.T.);
#4528 = VERTEX_POINT('',#4529);
#4529 = CARTESIAN_POINT('',(41.3,130.40831891575,-17.));
#4530 = LINE('',#4531,#4532);
#4531 = CARTESIAN_POINT('',(39.6,130.40831891575,-17.));
#4532 = VECTOR('',#4533,1.);
#4533 = DIRECTION('',(1.,0.,0.));
#4534 = ORIENTED_EDGE('',*,*,#4535,.F.);
#4535 = EDGE_CURVE('',#4536,#4528,#4538,.T.);
#4536 = VERTEX_POINT('',#4537);
#4537 = CARTESIAN_POINT('',(41.3,131.,-17.8));
#4538 = CIRCLE('',#4539,3.4);
#4539 = AXIS2_PLACEMENT_3D('',#4540,#4541,#4542);
#4540 = CARTESIAN_POINT('',(41.3,128.,-19.4));
#4541 = DIRECTION('',(1.,0.,-0.));
#4542 = DIRECTION('',(0.,0.,1.));
#4543 = ORIENTED_EDGE('',*,*,#4544,.F.);
#4544 = EDGE_CURVE('',#965,#4536,#4545,.T.);
#4545 = LINE('',#4546,#4547);
#4546 = CARTESIAN_POINT('',(39.6,131.,-17.8));
#4547 = VECTOR('',#4548,1.);
#4548 = DIRECTION('',(1.,0.,0.));
#4549 = ORIENTED_EDGE('',*,*,#972,.F.);
#4550 = ORIENTED_EDGE('',*,*,#4463,.F.);
#4551 = CYLINDRICAL_SURFACE('',#4552,3.4);
#4552 = AXIS2_PLACEMENT_3D('',#4553,#4554,#4555);
#4553 = CARTESIAN_POINT('',(39.6,128.,-19.4));
#4554 = DIRECTION('',(1.,0.,0.));
#4555 = DIRECTION('',(0.,0.,1.));
#4556 = ADVANCED_FACE('',(#4557),#4575,.T.);
#4557 = FACE_BOUND('',#4558,.T.);
#4558 = EDGE_LOOP('',(#4559,#4560,#4561,#4569));
#4559 = ORIENTED_EDGE('',*,*,#4544,.F.);
#4560 = ORIENTED_EDGE('',*,*,#964,.T.);
#4561 = ORIENTED_EDGE('',*,*,#4562,.T.);
#4562 = EDGE_CURVE('',#957,#4563,#4565,.T.);
#4563 = VERTEX_POINT('',#4564);
#4564 = CARTESIAN_POINT('',(41.3,131.,-17.));
#4565 = LINE('',#4566,#4567);
#4566 = CARTESIAN_POINT('',(35.8,131.,-17.));
#4567 = VECTOR('',#4568,1.);
#4568 = DIRECTION('',(1.,0.,0.));
#4569 = ORIENTED_EDGE('',*,*,#4570,.F.);
#4570 = EDGE_CURVE('',#4536,#4563,#4571,.T.);
#4571 = LINE('',#4572,#4573);
#4572 = CARTESIAN_POINT('',(41.3,131.,-25.));
#4573 = VECTOR('',#4574,1.);
#4574 = DIRECTION('',(0.,0.,1.));
#4575 = PLANE('',#4576);
#4576 = AXIS2_PLACEMENT_3D('',#4577,#4578,#4579);
#4577 = CARTESIAN_POINT('',(35.8,131.,-25.));
#4578 = DIRECTION('',(0.,1.,0.));
#4579 = DIRECTION('',(0.,0.,1.));
#4580 = ADVANCED_FACE('',(#4581),#4592,.T.);
#4581 = FACE_BOUND('',#4582,.T.);
#4582 = EDGE_LOOP('',(#4583,#4584,#4585,#4586));
#4583 = ORIENTED_EDGE('',*,*,#4562,.F.);
#4584 = ORIENTED_EDGE('',*,*,#956,.T.);
#4585 = ORIENTED_EDGE('',*,*,#4527,.T.);
#4586 = ORIENTED_EDGE('',*,*,#4587,.T.);
#4587 = EDGE_CURVE('',#4528,#4563,#4588,.T.);
#4588 = LINE('',#4589,#4590);
#4589 = CARTESIAN_POINT('',(41.3,125.,-17.));
#4590 = VECTOR('',#4591,1.);
#4591 = DIRECTION('',(0.,1.,0.));
#4592 = PLANE('',#4593);
#4593 = AXIS2_PLACEMENT_3D('',#4594,#4595,#4596);
#4594 = CARTESIAN_POINT('',(35.8,125.,-17.));
#4595 = DIRECTION('',(0.,0.,1.));
#4596 = DIRECTION('',(1.,0.,0.));
#4597 = ADVANCED_FACE('',(#4598),#4616,.T.);
#4598 = FACE_BOUND('',#4599,.T.);
#4599 = EDGE_LOOP('',(#4600,#4601,#4602,#4610));
#4600 = ORIENTED_EDGE('',*,*,#4520,.F.);
#4601 = ORIENTED_EDGE('',*,*,#939,.T.);
#4602 = ORIENTED_EDGE('',*,*,#4603,.T.);
#4603 = EDGE_CURVE('',#932,#4604,#4606,.T.);
#4604 = VERTEX_POINT('',#4605);
#4605 = CARTESIAN_POINT('',(41.3,125.,-17.));
#4606 = LINE('',#4607,#4608);
#4607 = CARTESIAN_POINT('',(35.8,125.,-17.));
#4608 = VECTOR('',#4609,1.);
#4609 = DIRECTION('',(1.,0.,0.));
#4610 = ORIENTED_EDGE('',*,*,#4611,.T.);
#4611 = EDGE_CURVE('',#4604,#4512,#4612,.T.);
#4612 = LINE('',#4613,#4614);
#4613 = CARTESIAN_POINT('',(41.3,125.,-17.));
#4614 = VECTOR('',#4615,1.);
#4615 = DIRECTION('',(0.,1.,0.));
#4616 = PLANE('',#4617);
#4617 = AXIS2_PLACEMENT_3D('',#4618,#4619,#4620);
#4618 = CARTESIAN_POINT('',(35.8,125.,-17.));
#4619 = DIRECTION('',(0.,0.,1.));
#4620 = DIRECTION('',(1.,0.,0.));
#4621 = ADVANCED_FACE('',(#4622),#4633,.F.);
#4622 = FACE_BOUND('',#4623,.F.);
#4623 = EDGE_LOOP('',(#4624,#4625,#4626,#4627));
#4624 = ORIENTED_EDGE('',*,*,#4503,.F.);
#4625 = ORIENTED_EDGE('',*,*,#931,.T.);
#4626 = ORIENTED_EDGE('',*,*,#4603,.T.);
#4627 = ORIENTED_EDGE('',*,*,#4628,.F.);
#4628 = EDGE_CURVE('',#4504,#4604,#4629,.T.);
#4629 = LINE('',#4630,#4631);
#4630 = CARTESIAN_POINT('',(41.3,125.,-25.));
#4631 = VECTOR('',#4632,1.);
#4632 = DIRECTION('',(0.,0.,1.));
#4633 = PLANE('',#4634);
#4634 = AXIS2_PLACEMENT_3D('',#4635,#4636,#4637);
#4635 = CARTESIAN_POINT('',(35.8,125.,-25.));
#4636 = DIRECTION('',(0.,1.,0.));
#4637 = DIRECTION('',(0.,0.,1.));
#4638 = ADVANCED_FACE('',(#4639),#4650,.T.);
#4639 = FACE_BOUND('',#4640,.T.);
#4640 = EDGE_LOOP('',(#4641,#4642,#4648,#4649));
#4641 = ORIENTED_EDGE('',*,*,#4382,.F.);
#4642 = ORIENTED_EDGE('',*,*,#4643,.T.);
#4643 = EDGE_CURVE('',#4383,#4488,#4644,.T.);
#4644 = LINE('',#4645,#4646);
#4645 = CARTESIAN_POINT('',(39.6,124.6,-22.6));
#4646 = VECTOR('',#4647,1.);
#4647 = DIRECTION('',(0.,0.,1.));
#4648 = ORIENTED_EDGE('',*,*,#4496,.T.);
#4649 = ORIENTED_EDGE('',*,*,#914,.F.);
#4650 = PLANE('',#4651);
#4651 = AXIS2_PLACEMENT_3D('',#4652,#4653,#4654);
#4652 = CARTESIAN_POINT('',(39.6,124.6,-22.6));
#4653 = DIRECTION('',(0.,1.,0.));
#4654 = DIRECTION('',(0.,0.,1.));
#4655 = ADVANCED_FACE('',(#4656),#4674,.F.);
#4656 = FACE_BOUND('',#4657,.F.);
#4657 = EDGE_LOOP('',(#4658,#4666,#4667,#4668));
#4658 = ORIENTED_EDGE('',*,*,#4659,.F.);
#4659 = EDGE_CURVE('',#890,#4660,#4662,.T.);
#4660 = VERTEX_POINT('',#4661);
#4661 = CARTESIAN_POINT('',(41.3,125.,-25.));
#4662 = LINE('',#4663,#4664);
#4663 = CARTESIAN_POINT('',(35.8,125.,-25.));
#4664 = VECTOR('',#4665,1.);
#4665 = DIRECTION('',(1.,0.,0.));
#4666 = ORIENTED_EDGE('',*,*,#897,.T.);
#4667 = ORIENTED_EDGE('',*,*,#4440,.T.);
#4668 = ORIENTED_EDGE('',*,*,#4669,.F.);
#4669 = EDGE_CURVE('',#4660,#4432,#4670,.T.);
#4670 = LINE('',#4671,#4672);
#4671 = CARTESIAN_POINT('',(41.3,125.,-25.));
#4672 = VECTOR('',#4673,1.);
#4673 = DIRECTION('',(0.,0.,1.));
#4674 = PLANE('',#4675);
#4675 = AXIS2_PLACEMENT_3D('',#4676,#4677,#4678);
#4676 = CARTESIAN_POINT('',(35.8,125.,-25.));
#4677 = DIRECTION('',(0.,1.,0.));
#4678 = DIRECTION('',(0.,0.,1.));
#4679 = ADVANCED_FACE('',(#4680),#4691,.F.);
#4680 = FACE_BOUND('',#4681,.F.);
#4681 = EDGE_LOOP('',(#4682,#4683,#4684,#4685));
#4682 = ORIENTED_EDGE('',*,*,#4423,.F.);
#4683 = ORIENTED_EDGE('',*,*,#889,.T.);
#4684 = ORIENTED_EDGE('',*,*,#4659,.T.);
#4685 = ORIENTED_EDGE('',*,*,#4686,.T.);
#4686 = EDGE_CURVE('',#4660,#4424,#4687,.T.);
#4687 = LINE('',#4688,#4689);
#4688 = CARTESIAN_POINT('',(41.3,125.,-25.));
#4689 = VECTOR('',#4690,1.);
#4690 = DIRECTION('',(0.,1.,0.));
#4691 = PLANE('',#4692);
#4692 = AXIS2_PLACEMENT_3D('',#4693,#4694,#4695);
#4693 = CARTESIAN_POINT('',(35.8,125.,-25.));
#4694 = DIRECTION('',(0.,0.,1.));
#4695 = DIRECTION('',(1.,0.,0.));
#4696 = ADVANCED_FACE('',(#4697),#4708,.F.);
#4697 = FACE_BOUND('',#4698,.F.);
#4698 = EDGE_LOOP('',(#4699,#4700,#4701,#4702));
#4699 = ORIENTED_EDGE('',*,*,#4350,.F.);
#4700 = ORIENTED_EDGE('',*,*,#872,.T.);
#4701 = ORIENTED_EDGE('',*,*,#4416,.T.);
#4702 = ORIENTED_EDGE('',*,*,#4703,.T.);
#4703 = EDGE_CURVE('',#4408,#4351,#4704,.T.);
#4704 = LINE('',#4705,#4706);
#4705 = CARTESIAN_POINT('',(41.3,125.,-25.));
#4706 = VECTOR('',#4707,1.);
#4707 = DIRECTION('',(0.,1.,0.));
#4708 = PLANE('',#4709);
#4709 = AXIS2_PLACEMENT_3D('',#4710,#4711,#4712);
#4710 = CARTESIAN_POINT('',(35.8,125.,-25.));
#4711 = DIRECTION('',(0.,0.,1.));
#4712 = DIRECTION('',(1.,0.,0.));
#4713 = ADVANCED_FACE('',(#4714),#4739,.T.);
#4714 = FACE_BOUND('',#4715,.T.);
#4715 = EDGE_LOOP('',(#4716,#4724,#4725,#4733));
#4716 = ORIENTED_EDGE('',*,*,#4717,.F.);
#4717 = EDGE_CURVE('',#999,#4718,#4720,.T.);
#4718 = VERTEX_POINT('',#4719);
#4719 = CARTESIAN_POINT('',(41.3,119.,-25.));
#4720 = LINE('',#4721,#4722);
#4721 = CARTESIAN_POINT('',(35.8,119.,-25.));
#4722 = VECTOR('',#4723,1.);
#4723 = DIRECTION('',(1.,0.,0.));
#4724 = ORIENTED_EDGE('',*,*,#998,.T.);
#4725 = ORIENTED_EDGE('',*,*,#4726,.T.);
#4726 = EDGE_CURVE('',#1001,#4727,#4729,.T.);
#4727 = VERTEX_POINT('',#4728);
#4728 = CARTESIAN_POINT('',(41.3,119.,-24.2));
#4729 = LINE('',#4730,#4731);
#4730 = CARTESIAN_POINT('',(39.6,119.,-24.2));
#4731 = VECTOR('',#4732,1.);
#4732 = DIRECTION('',(1.,0.,0.));
#4733 = ORIENTED_EDGE('',*,*,#4734,.F.);
#4734 = EDGE_CURVE('',#4718,#4727,#4735,.T.);
#4735 = LINE('',#4736,#4737);
#4736 = CARTESIAN_POINT('',(41.3,119.,-25.));
#4737 = VECTOR('',#4738,1.);
#4738 = DIRECTION('',(0.,0.,1.));
#4739 = PLANE('',#4740);
#4740 = AXIS2_PLACEMENT_3D('',#4741,#4742,#4743);
#4741 = CARTESIAN_POINT('',(35.8,119.,-25.));
#4742 = DIRECTION('',(0.,1.,0.));
#4743 = DIRECTION('',(0.,0.,1.));
#4744 = ADVANCED_FACE('',(#4745),#4812,.F.);
#4745 = FACE_BOUND('',#4746,.F.);
#4746 = EDGE_LOOP('',(#4747,#4748,#4756,#4765,#4771,#4772,#4773,#4782,
    #4788,#4789,#4797,#4806));
#4747 = ORIENTED_EDGE('',*,*,#1041,.F.);
#4748 = ORIENTED_EDGE('',*,*,#4749,.F.);
#4749 = EDGE_CURVE('',#4750,#1042,#4752,.T.);
#4750 = VERTEX_POINT('',#4751);
#4751 = CARTESIAN_POINT('',(39.6,112.6,-22.6));
#4752 = LINE('',#4753,#4754);
#4753 = CARTESIAN_POINT('',(39.6,112.6,-22.6));
#4754 = VECTOR('',#4755,1.);
#4755 = DIRECTION('',(1.,0.,0.));
#4756 = ORIENTED_EDGE('',*,*,#4757,.T.);
#4757 = EDGE_CURVE('',#4750,#4758,#4760,.T.);
#4758 = VERTEX_POINT('',#4759);
#4759 = CARTESIAN_POINT('',(39.6,119.4,-22.6));
#4760 = CIRCLE('',#4761,3.4);
#4761 = AXIS2_PLACEMENT_3D('',#4762,#4763,#4764);
#4762 = CARTESIAN_POINT('',(39.6,116.,-22.6));
#4763 = DIRECTION('',(1.,0.,-0.));
#4764 = DIRECTION('',(0.,0.,1.));
#4765 = ORIENTED_EDGE('',*,*,#4766,.T.);
#4766 = EDGE_CURVE('',#4758,#1118,#4767,.T.);
#4767 = LINE('',#4768,#4769);
#4768 = CARTESIAN_POINT('',(39.6,119.4,-22.6));
#4769 = VECTOR('',#4770,1.);
#4770 = DIRECTION('',(1.,0.,0.));
#4771 = ORIENTED_EDGE('',*,*,#1125,.F.);
#4772 = ORIENTED_EDGE('',*,*,#4726,.T.);
#4773 = ORIENTED_EDGE('',*,*,#4774,.F.);
#4774 = EDGE_CURVE('',#4775,#4727,#4777,.T.);
#4775 = VERTEX_POINT('',#4776);
#4776 = CARTESIAN_POINT('',(41.3,118.40831891575,-25.));
#4777 = CIRCLE('',#4778,3.4);
#4778 = AXIS2_PLACEMENT_3D('',#4779,#4780,#4781);
#4779 = CARTESIAN_POINT('',(41.3,116.,-22.6));
#4780 = DIRECTION('',(1.,0.,-0.));
#4781 = DIRECTION('',(0.,0.,1.));
#4782 = ORIENTED_EDGE('',*,*,#4783,.F.);
#4783 = EDGE_CURVE('',#1009,#4775,#4784,.T.);
#4784 = LINE('',#4785,#4786);
#4785 = CARTESIAN_POINT('',(39.6,118.40831891575,-25.));
#4786 = VECTOR('',#4787,1.);
#4787 = DIRECTION('',(1.,0.,0.));
#4788 = ORIENTED_EDGE('',*,*,#1016,.F.);
#4789 = ORIENTED_EDGE('',*,*,#4790,.T.);
#4790 = EDGE_CURVE('',#1017,#4791,#4793,.T.);
#4791 = VERTEX_POINT('',#4792);
#4792 = CARTESIAN_POINT('',(41.3,113.59168108424,-25.));
#4793 = LINE('',#4794,#4795);
#4794 = CARTESIAN_POINT('',(39.6,113.59168108424,-25.));
#4795 = VECTOR('',#4796,1.);
#4796 = DIRECTION('',(1.,0.,0.));
#4797 = ORIENTED_EDGE('',*,*,#4798,.F.);
#4798 = EDGE_CURVE('',#4799,#4791,#4801,.T.);
#4799 = VERTEX_POINT('',#4800);
#4800 = CARTESIAN_POINT('',(41.3,113.,-24.2));
#4801 = CIRCLE('',#4802,3.4);
#4802 = AXIS2_PLACEMENT_3D('',#4803,#4804,#4805);
#4803 = CARTESIAN_POINT('',(41.3,116.,-22.6));
#4804 = DIRECTION('',(1.,0.,-0.));
#4805 = DIRECTION('',(0.,0.,1.));
#4806 = ORIENTED_EDGE('',*,*,#4807,.F.);
#4807 = EDGE_CURVE('',#1034,#4799,#4808,.T.);
#4808 = LINE('',#4809,#4810);
#4809 = CARTESIAN_POINT('',(39.6,113.,-24.2));
#4810 = VECTOR('',#4811,1.);
#4811 = DIRECTION('',(1.,0.,0.));
#4812 = CYLINDRICAL_SURFACE('',#4813,3.4);
#4813 = AXIS2_PLACEMENT_3D('',#4814,#4815,#4816);
#4814 = CARTESIAN_POINT('',(39.6,116.,-22.6));
#4815 = DIRECTION('',(1.,0.,0.));
#4816 = DIRECTION('',(0.,0.,1.));
#4817 = ADVANCED_FACE('',(#4818),#4836,.F.);
#4818 = FACE_BOUND('',#4819,.F.);
#4819 = EDGE_LOOP('',(#4820,#4821,#4829,#4835));
#4820 = ORIENTED_EDGE('',*,*,#4766,.F.);
#4821 = ORIENTED_EDGE('',*,*,#4822,.T.);
#4822 = EDGE_CURVE('',#4758,#4823,#4825,.T.);
#4823 = VERTEX_POINT('',#4824);
#4824 = CARTESIAN_POINT('',(39.6,119.4,-19.4));
#4825 = LINE('',#4826,#4827);
#4826 = CARTESIAN_POINT('',(39.6,119.4,-22.6));
#4827 = VECTOR('',#4828,1.);
#4828 = DIRECTION('',(0.,0.,1.));
#4829 = ORIENTED_EDGE('',*,*,#4830,.T.);
#4830 = EDGE_CURVE('',#4823,#1109,#4831,.T.);
#4831 = LINE('',#4832,#4833);
#4832 = CARTESIAN_POINT('',(39.6,119.4,-19.4));
#4833 = VECTOR('',#4834,1.);
#4834 = DIRECTION('',(1.,0.,0.));
#4835 = ORIENTED_EDGE('',*,*,#1117,.F.);
#4836 = PLANE('',#4837);
#4837 = AXIS2_PLACEMENT_3D('',#4838,#4839,#4840);
#4838 = CARTESIAN_POINT('',(39.6,119.4,-22.6));
#4839 = DIRECTION('',(0.,1.,0.));
#4840 = DIRECTION('',(0.,0.,1.));
#4841 = ADVANCED_FACE('',(#4842),#4918,.F.);
#4842 = FACE_BOUND('',#4843,.F.);
#4843 = EDGE_LOOP('',(#4844,#4853,#4862,#4868,#4869,#4877,#4886,#4892,
    #4893,#4901,#4910,#4916,#4917));
#4844 = ORIENTED_EDGE('',*,*,#4845,.T.);
#4845 = EDGE_CURVE('',#4823,#4846,#4848,.T.);
#4846 = VERTEX_POINT('',#4847);
#4847 = CARTESIAN_POINT('',(39.6,116.,-16.));
#4848 = CIRCLE('',#4849,3.4);
#4849 = AXIS2_PLACEMENT_3D('',#4850,#4851,#4852);
#4850 = CARTESIAN_POINT('',(39.6,116.,-19.4));
#4851 = DIRECTION('',(1.,0.,-0.));
#4852 = DIRECTION('',(0.,0.,1.));
#4853 = ORIENTED_EDGE('',*,*,#4854,.T.);
#4854 = EDGE_CURVE('',#4846,#4855,#4857,.T.);
#4855 = VERTEX_POINT('',#4856);
#4856 = CARTESIAN_POINT('',(39.6,112.6,-19.4));
#4857 = CIRCLE('',#4858,3.4);
#4858 = AXIS2_PLACEMENT_3D('',#4859,#4860,#4861);
#4859 = CARTESIAN_POINT('',(39.6,116.,-19.4));
#4860 = DIRECTION('',(1.,0.,-0.));
#4861 = DIRECTION('',(0.,0.,1.));
#4862 = ORIENTED_EDGE('',*,*,#4863,.T.);
#4863 = EDGE_CURVE('',#4855,#1051,#4864,.T.);
#4864 = LINE('',#4865,#4866);
#4865 = CARTESIAN_POINT('',(39.6,112.6,-19.4));
#4866 = VECTOR('',#4867,1.);
#4867 = DIRECTION('',(1.,0.,0.));
#4868 = ORIENTED_EDGE('',*,*,#1058,.F.);
#4869 = ORIENTED_EDGE('',*,*,#4870,.T.);
#4870 = EDGE_CURVE('',#1059,#4871,#4873,.T.);
#4871 = VERTEX_POINT('',#4872);
#4872 = CARTESIAN_POINT('',(41.3,113.,-17.8));
#4873 = LINE('',#4874,#4875);
#4874 = CARTESIAN_POINT('',(39.6,113.,-17.8));
#4875 = VECTOR('',#4876,1.);
#4876 = DIRECTION('',(1.,0.,0.));
#4877 = ORIENTED_EDGE('',*,*,#4878,.F.);
#4878 = EDGE_CURVE('',#4879,#4871,#4881,.T.);
#4879 = VERTEX_POINT('',#4880);
#4880 = CARTESIAN_POINT('',(41.3,113.59168108424,-17.));
#4881 = CIRCLE('',#4882,3.4);
#4882 = AXIS2_PLACEMENT_3D('',#4883,#4884,#4885);
#4883 = CARTESIAN_POINT('',(41.3,116.,-19.4));
#4884 = DIRECTION('',(1.,0.,-0.));
#4885 = DIRECTION('',(0.,0.,1.));
#4886 = ORIENTED_EDGE('',*,*,#4887,.F.);
#4887 = EDGE_CURVE('',#1076,#4879,#4888,.T.);
#4888 = LINE('',#4889,#4890);
#4889 = CARTESIAN_POINT('',(39.6,113.59168108424,-17.));
#4890 = VECTOR('',#4891,1.);
#4891 = DIRECTION('',(1.,0.,0.));
#4892 = ORIENTED_EDGE('',*,*,#1083,.F.);
#4893 = ORIENTED_EDGE('',*,*,#4894,.T.);
#4894 = EDGE_CURVE('',#1084,#4895,#4897,.T.);
#4895 = VERTEX_POINT('',#4896);
#4896 = CARTESIAN_POINT('',(41.3,118.40831891575,-17.));
#4897 = LINE('',#4898,#4899);
#4898 = CARTESIAN_POINT('',(39.6,118.40831891575,-17.));
#4899 = VECTOR('',#4900,1.);
#4900 = DIRECTION('',(1.,0.,0.));
#4901 = ORIENTED_EDGE('',*,*,#4902,.F.);
#4902 = EDGE_CURVE('',#4903,#4895,#4905,.T.);
#4903 = VERTEX_POINT('',#4904);
#4904 = CARTESIAN_POINT('',(41.3,119.,-17.8));
#4905 = CIRCLE('',#4906,3.4);
#4906 = AXIS2_PLACEMENT_3D('',#4907,#4908,#4909);
#4907 = CARTESIAN_POINT('',(41.3,116.,-19.4));
#4908 = DIRECTION('',(1.,0.,-0.));
#4909 = DIRECTION('',(0.,0.,1.));
#4910 = ORIENTED_EDGE('',*,*,#4911,.F.);
#4911 = EDGE_CURVE('',#1101,#4903,#4912,.T.);
#4912 = LINE('',#4913,#4914);
#4913 = CARTESIAN_POINT('',(39.6,119.,-17.8));
#4914 = VECTOR('',#4915,1.);
#4915 = DIRECTION('',(1.,0.,0.));
#4916 = ORIENTED_EDGE('',*,*,#1108,.F.);
#4917 = ORIENTED_EDGE('',*,*,#4830,.F.);
#4918 = CYLINDRICAL_SURFACE('',#4919,3.4);
#4919 = AXIS2_PLACEMENT_3D('',#4920,#4921,#4922);
#4920 = CARTESIAN_POINT('',(39.6,116.,-19.4));
#4921 = DIRECTION('',(1.,0.,0.));
#4922 = DIRECTION('',(0.,0.,1.));
#4923 = ADVANCED_FACE('',(#4924),#4942,.T.);
#4924 = FACE_BOUND('',#4925,.T.);
#4925 = EDGE_LOOP('',(#4926,#4927,#4928,#4936));
#4926 = ORIENTED_EDGE('',*,*,#4911,.F.);
#4927 = ORIENTED_EDGE('',*,*,#1100,.T.);
#4928 = ORIENTED_EDGE('',*,*,#4929,.T.);
#4929 = EDGE_CURVE('',#1093,#4930,#4932,.T.);
#4930 = VERTEX_POINT('',#4931);
#4931 = CARTESIAN_POINT('',(41.3,119.,-17.));
#4932 = LINE('',#4933,#4934);
#4933 = CARTESIAN_POINT('',(35.8,119.,-17.));
#4934 = VECTOR('',#4935,1.);
#4935 = DIRECTION('',(1.,0.,0.));
#4936 = ORIENTED_EDGE('',*,*,#4937,.F.);
#4937 = EDGE_CURVE('',#4903,#4930,#4938,.T.);
#4938 = LINE('',#4939,#4940);
#4939 = CARTESIAN_POINT('',(41.3,119.,-25.));
#4940 = VECTOR('',#4941,1.);
#4941 = DIRECTION('',(0.,0.,1.));
#4942 = PLANE('',#4943);
#4943 = AXIS2_PLACEMENT_3D('',#4944,#4945,#4946);
#4944 = CARTESIAN_POINT('',(35.8,119.,-25.));
#4945 = DIRECTION('',(0.,1.,0.));
#4946 = DIRECTION('',(0.,0.,1.));
#4947 = ADVANCED_FACE('',(#4948),#4959,.T.);
#4948 = FACE_BOUND('',#4949,.T.);
#4949 = EDGE_LOOP('',(#4950,#4951,#4952,#4953));
#4950 = ORIENTED_EDGE('',*,*,#4929,.F.);
#4951 = ORIENTED_EDGE('',*,*,#1092,.T.);
#4952 = ORIENTED_EDGE('',*,*,#4894,.T.);
#4953 = ORIENTED_EDGE('',*,*,#4954,.T.);
#4954 = EDGE_CURVE('',#4895,#4930,#4955,.T.);
#4955 = LINE('',#4956,#4957);
#4956 = CARTESIAN_POINT('',(41.3,113.,-17.));
#4957 = VECTOR('',#4958,1.);
#4958 = DIRECTION('',(0.,1.,0.));
#4959 = PLANE('',#4960);
#4960 = AXIS2_PLACEMENT_3D('',#4961,#4962,#4963);
#4961 = CARTESIAN_POINT('',(35.8,113.,-17.));
#4962 = DIRECTION('',(0.,0.,1.));
#4963 = DIRECTION('',(1.,0.,0.));
#4964 = ADVANCED_FACE('',(#4965),#4983,.T.);
#4965 = FACE_BOUND('',#4966,.T.);
#4966 = EDGE_LOOP('',(#4967,#4968,#4969,#4977));
#4967 = ORIENTED_EDGE('',*,*,#4887,.F.);
#4968 = ORIENTED_EDGE('',*,*,#1075,.T.);
#4969 = ORIENTED_EDGE('',*,*,#4970,.T.);
#4970 = EDGE_CURVE('',#1068,#4971,#4973,.T.);
#4971 = VERTEX_POINT('',#4972);
#4972 = CARTESIAN_POINT('',(41.3,113.,-17.));
#4973 = LINE('',#4974,#4975);
#4974 = CARTESIAN_POINT('',(35.8,113.,-17.));
#4975 = VECTOR('',#4976,1.);
#4976 = DIRECTION('',(1.,0.,0.));
#4977 = ORIENTED_EDGE('',*,*,#4978,.T.);
#4978 = EDGE_CURVE('',#4971,#4879,#4979,.T.);
#4979 = LINE('',#4980,#4981);
#4980 = CARTESIAN_POINT('',(41.3,113.,-17.));
#4981 = VECTOR('',#4982,1.);
#4982 = DIRECTION('',(0.,1.,0.));
#4983 = PLANE('',#4984);
#4984 = AXIS2_PLACEMENT_3D('',#4985,#4986,#4987);
#4985 = CARTESIAN_POINT('',(35.8,113.,-17.));
#4986 = DIRECTION('',(0.,0.,1.));
#4987 = DIRECTION('',(1.,0.,0.));
#4988 = ADVANCED_FACE('',(#4989),#5000,.F.);
#4989 = FACE_BOUND('',#4990,.F.);
#4990 = EDGE_LOOP('',(#4991,#4992,#4993,#4994));
#4991 = ORIENTED_EDGE('',*,*,#4870,.F.);
#4992 = ORIENTED_EDGE('',*,*,#1067,.T.);
#4993 = ORIENTED_EDGE('',*,*,#4970,.T.);
#4994 = ORIENTED_EDGE('',*,*,#4995,.F.);
#4995 = EDGE_CURVE('',#4871,#4971,#4996,.T.);
#4996 = LINE('',#4997,#4998);
#4997 = CARTESIAN_POINT('',(41.3,113.,-25.));
#4998 = VECTOR('',#4999,1.);
#4999 = DIRECTION('',(0.,0.,1.));
#5000 = PLANE('',#5001);
#5001 = AXIS2_PLACEMENT_3D('',#5002,#5003,#5004);
#5002 = CARTESIAN_POINT('',(35.8,113.,-25.));
#5003 = DIRECTION('',(0.,1.,0.));
#5004 = DIRECTION('',(0.,0.,1.));
#5005 = ADVANCED_FACE('',(#5006),#5017,.T.);
#5006 = FACE_BOUND('',#5007,.T.);
#5007 = EDGE_LOOP('',(#5008,#5009,#5015,#5016));
#5008 = ORIENTED_EDGE('',*,*,#4749,.F.);
#5009 = ORIENTED_EDGE('',*,*,#5010,.T.);
#5010 = EDGE_CURVE('',#4750,#4855,#5011,.T.);
#5011 = LINE('',#5012,#5013);
#5012 = CARTESIAN_POINT('',(39.6,112.6,-22.6));
#5013 = VECTOR('',#5014,1.);
#5014 = DIRECTION('',(0.,0.,1.));
#5015 = ORIENTED_EDGE('',*,*,#4863,.T.);
#5016 = ORIENTED_EDGE('',*,*,#1050,.F.);
#5017 = PLANE('',#5018);
#5018 = AXIS2_PLACEMENT_3D('',#5019,#5020,#5021);
#5019 = CARTESIAN_POINT('',(39.6,112.6,-22.6));
#5020 = DIRECTION('',(0.,1.,0.));
#5021 = DIRECTION('',(0.,0.,1.));
#5022 = ADVANCED_FACE('',(#5023),#5041,.F.);
#5023 = FACE_BOUND('',#5024,.F.);
#5024 = EDGE_LOOP('',(#5025,#5033,#5034,#5035));
#5025 = ORIENTED_EDGE('',*,*,#5026,.F.);
#5026 = EDGE_CURVE('',#1026,#5027,#5029,.T.);
#5027 = VERTEX_POINT('',#5028);
#5028 = CARTESIAN_POINT('',(41.3,113.,-25.));
#5029 = LINE('',#5030,#5031);
#5030 = CARTESIAN_POINT('',(35.8,113.,-25.));
#5031 = VECTOR('',#5032,1.);
#5032 = DIRECTION('',(1.,0.,0.));
#5033 = ORIENTED_EDGE('',*,*,#1033,.T.);
#5034 = ORIENTED_EDGE('',*,*,#4807,.T.);
#5035 = ORIENTED_EDGE('',*,*,#5036,.F.);
#5036 = EDGE_CURVE('',#5027,#4799,#5037,.T.);
#5037 = LINE('',#5038,#5039);
#5038 = CARTESIAN_POINT('',(41.3,113.,-25.));
#5039 = VECTOR('',#5040,1.);
#5040 = DIRECTION('',(0.,0.,1.));
#5041 = PLANE('',#5042);
#5042 = AXIS2_PLACEMENT_3D('',#5043,#5044,#5045);
#5043 = CARTESIAN_POINT('',(35.8,113.,-25.));
#5044 = DIRECTION('',(0.,1.,0.));
#5045 = DIRECTION('',(0.,0.,1.));
#5046 = ADVANCED_FACE('',(#5047),#5058,.F.);
#5047 = FACE_BOUND('',#5048,.F.);
#5048 = EDGE_LOOP('',(#5049,#5050,#5051,#5052));
#5049 = ORIENTED_EDGE('',*,*,#4790,.F.);
#5050 = ORIENTED_EDGE('',*,*,#1025,.T.);
#5051 = ORIENTED_EDGE('',*,*,#5026,.T.);
#5052 = ORIENTED_EDGE('',*,*,#5053,.T.);
#5053 = EDGE_CURVE('',#5027,#4791,#5054,.T.);
#5054 = LINE('',#5055,#5056);
#5055 = CARTESIAN_POINT('',(41.3,113.,-25.));
#5056 = VECTOR('',#5057,1.);
#5057 = DIRECTION('',(0.,1.,0.));
#5058 = PLANE('',#5059);
#5059 = AXIS2_PLACEMENT_3D('',#5060,#5061,#5062);
#5060 = CARTESIAN_POINT('',(35.8,113.,-25.));
#5061 = DIRECTION('',(0.,0.,1.));
#5062 = DIRECTION('',(1.,0.,0.));
#5063 = ADVANCED_FACE('',(#5064),#5075,.F.);
#5064 = FACE_BOUND('',#5065,.F.);
#5065 = EDGE_LOOP('',(#5066,#5067,#5068,#5069));
#5066 = ORIENTED_EDGE('',*,*,#4717,.F.);
#5067 = ORIENTED_EDGE('',*,*,#1008,.T.);
#5068 = ORIENTED_EDGE('',*,*,#4783,.T.);
#5069 = ORIENTED_EDGE('',*,*,#5070,.T.);
#5070 = EDGE_CURVE('',#4775,#4718,#5071,.T.);
#5071 = LINE('',#5072,#5073);
#5072 = CARTESIAN_POINT('',(41.3,113.,-25.));
#5073 = VECTOR('',#5074,1.);
#5074 = DIRECTION('',(0.,1.,0.));
#5075 = PLANE('',#5076);
#5076 = AXIS2_PLACEMENT_3D('',#5077,#5078,#5079);
#5077 = CARTESIAN_POINT('',(35.8,113.,-25.));
#5078 = DIRECTION('',(0.,0.,1.));
#5079 = DIRECTION('',(1.,0.,0.));
#5080 = ADVANCED_FACE('',(#5081),#5106,.T.);
#5081 = FACE_BOUND('',#5082,.T.);
#5082 = EDGE_LOOP('',(#5083,#5091,#5092,#5100));
#5083 = ORIENTED_EDGE('',*,*,#5084,.F.);
#5084 = EDGE_CURVE('',#1135,#5085,#5087,.T.);
#5085 = VERTEX_POINT('',#5086);
#5086 = CARTESIAN_POINT('',(41.3,107.,-25.));
#5087 = LINE('',#5088,#5089);
#5088 = CARTESIAN_POINT('',(35.8,107.,-25.));
#5089 = VECTOR('',#5090,1.);
#5090 = DIRECTION('',(1.,0.,0.));
#5091 = ORIENTED_EDGE('',*,*,#1134,.T.);
#5092 = ORIENTED_EDGE('',*,*,#5093,.T.);
#5093 = EDGE_CURVE('',#1137,#5094,#5096,.T.);
#5094 = VERTEX_POINT('',#5095);
#5095 = CARTESIAN_POINT('',(41.3,107.,-24.2));
#5096 = LINE('',#5097,#5098);
#5097 = CARTESIAN_POINT('',(39.6,107.,-24.2));
#5098 = VECTOR('',#5099,1.);
#5099 = DIRECTION('',(1.,0.,0.));
#5100 = ORIENTED_EDGE('',*,*,#5101,.F.);
#5101 = EDGE_CURVE('',#5085,#5094,#5102,.T.);
#5102 = LINE('',#5103,#5104);
#5103 = CARTESIAN_POINT('',(41.3,107.,-25.));
#5104 = VECTOR('',#5105,1.);
#5105 = DIRECTION('',(0.,0.,1.));
#5106 = PLANE('',#5107);
#5107 = AXIS2_PLACEMENT_3D('',#5108,#5109,#5110);
#5108 = CARTESIAN_POINT('',(35.8,107.,-25.));
#5109 = DIRECTION('',(0.,1.,0.));
#5110 = DIRECTION('',(0.,0.,1.));
#5111 = ADVANCED_FACE('',(#5112),#5179,.F.);
#5112 = FACE_BOUND('',#5113,.F.);
#5113 = EDGE_LOOP('',(#5114,#5115,#5123,#5132,#5138,#5139,#5140,#5149,
    #5155,#5156,#5164,#5173));
#5114 = ORIENTED_EDGE('',*,*,#1177,.F.);
#5115 = ORIENTED_EDGE('',*,*,#5116,.F.);
#5116 = EDGE_CURVE('',#5117,#1178,#5119,.T.);
#5117 = VERTEX_POINT('',#5118);
#5118 = CARTESIAN_POINT('',(39.6,100.6,-22.6));
#5119 = LINE('',#5120,#5121);
#5120 = CARTESIAN_POINT('',(39.6,100.6,-22.6));
#5121 = VECTOR('',#5122,1.);
#5122 = DIRECTION('',(1.,0.,0.));
#5123 = ORIENTED_EDGE('',*,*,#5124,.T.);
#5124 = EDGE_CURVE('',#5117,#5125,#5127,.T.);
#5125 = VERTEX_POINT('',#5126);
#5126 = CARTESIAN_POINT('',(39.6,107.4,-22.6));
#5127 = CIRCLE('',#5128,3.4);
#5128 = AXIS2_PLACEMENT_3D('',#5129,#5130,#5131);
#5129 = CARTESIAN_POINT('',(39.6,104.,-22.6));
#5130 = DIRECTION('',(1.,0.,-0.));
#5131 = DIRECTION('',(0.,0.,1.));
#5132 = ORIENTED_EDGE('',*,*,#5133,.T.);
#5133 = EDGE_CURVE('',#5125,#1254,#5134,.T.);
#5134 = LINE('',#5135,#5136);
#5135 = CARTESIAN_POINT('',(39.6,107.4,-22.6));
#5136 = VECTOR('',#5137,1.);
#5137 = DIRECTION('',(1.,0.,0.));
#5138 = ORIENTED_EDGE('',*,*,#1261,.F.);
#5139 = ORIENTED_EDGE('',*,*,#5093,.T.);
#5140 = ORIENTED_EDGE('',*,*,#5141,.F.);
#5141 = EDGE_CURVE('',#5142,#5094,#5144,.T.);
#5142 = VERTEX_POINT('',#5143);
#5143 = CARTESIAN_POINT('',(41.3,106.40831891575,-25.));
#5144 = CIRCLE('',#5145,3.4);
#5145 = AXIS2_PLACEMENT_3D('',#5146,#5147,#5148);
#5146 = CARTESIAN_POINT('',(41.3,104.,-22.6));
#5147 = DIRECTION('',(1.,0.,-0.));
#5148 = DIRECTION('',(0.,0.,1.));
#5149 = ORIENTED_EDGE('',*,*,#5150,.F.);
#5150 = EDGE_CURVE('',#1145,#5142,#5151,.T.);
#5151 = LINE('',#5152,#5153);
#5152 = CARTESIAN_POINT('',(39.6,106.40831891575,-25.));
#5153 = VECTOR('',#5154,1.);
#5154 = DIRECTION('',(1.,0.,0.));
#5155 = ORIENTED_EDGE('',*,*,#1152,.F.);
#5156 = ORIENTED_EDGE('',*,*,#5157,.T.);
#5157 = EDGE_CURVE('',#1153,#5158,#5160,.T.);
#5158 = VERTEX_POINT('',#5159);
#5159 = CARTESIAN_POINT('',(41.3,101.59168108424,-25.));
#5160 = LINE('',#5161,#5162);
#5161 = CARTESIAN_POINT('',(39.6,101.59168108424,-25.));
#5162 = VECTOR('',#5163,1.);
#5163 = DIRECTION('',(1.,0.,0.));
#5164 = ORIENTED_EDGE('',*,*,#5165,.F.);
#5165 = EDGE_CURVE('',#5166,#5158,#5168,.T.);
#5166 = VERTEX_POINT('',#5167);
#5167 = CARTESIAN_POINT('',(41.3,101.,-24.2));
#5168 = CIRCLE('',#5169,3.4);
#5169 = AXIS2_PLACEMENT_3D('',#5170,#5171,#5172);
#5170 = CARTESIAN_POINT('',(41.3,104.,-22.6));
#5171 = DIRECTION('',(1.,0.,-0.));
#5172 = DIRECTION('',(0.,0.,1.));
#5173 = ORIENTED_EDGE('',*,*,#5174,.F.);
#5174 = EDGE_CURVE('',#1170,#5166,#5175,.T.);
#5175 = LINE('',#5176,#5177);
#5176 = CARTESIAN_POINT('',(39.6,101.,-24.2));
#5177 = VECTOR('',#5178,1.);
#5178 = DIRECTION('',(1.,0.,0.));
#5179 = CYLINDRICAL_SURFACE('',#5180,3.4);
#5180 = AXIS2_PLACEMENT_3D('',#5181,#5182,#5183);
#5181 = CARTESIAN_POINT('',(39.6,104.,-22.6));
#5182 = DIRECTION('',(1.,0.,0.));
#5183 = DIRECTION('',(0.,0.,1.));
#5184 = ADVANCED_FACE('',(#5185),#5203,.F.);
#5185 = FACE_BOUND('',#5186,.F.);
#5186 = EDGE_LOOP('',(#5187,#5188,#5196,#5202));
#5187 = ORIENTED_EDGE('',*,*,#5133,.F.);
#5188 = ORIENTED_EDGE('',*,*,#5189,.T.);
#5189 = EDGE_CURVE('',#5125,#5190,#5192,.T.);
#5190 = VERTEX_POINT('',#5191);
#5191 = CARTESIAN_POINT('',(39.6,107.4,-19.4));
#5192 = LINE('',#5193,#5194);
#5193 = CARTESIAN_POINT('',(39.6,107.4,-22.6));
#5194 = VECTOR('',#5195,1.);
#5195 = DIRECTION('',(0.,0.,1.));
#5196 = ORIENTED_EDGE('',*,*,#5197,.T.);
#5197 = EDGE_CURVE('',#5190,#1245,#5198,.T.);
#5198 = LINE('',#5199,#5200);
#5199 = CARTESIAN_POINT('',(39.6,107.4,-19.4));
#5200 = VECTOR('',#5201,1.);
#5201 = DIRECTION('',(1.,0.,0.));
#5202 = ORIENTED_EDGE('',*,*,#1253,.F.);
#5203 = PLANE('',#5204);
#5204 = AXIS2_PLACEMENT_3D('',#5205,#5206,#5207);
#5205 = CARTESIAN_POINT('',(39.6,107.4,-22.6));
#5206 = DIRECTION('',(0.,1.,0.));
#5207 = DIRECTION('',(0.,0.,1.));
#5208 = ADVANCED_FACE('',(#5209),#5285,.F.);
#5209 = FACE_BOUND('',#5210,.F.);
#5210 = EDGE_LOOP('',(#5211,#5220,#5229,#5235,#5236,#5244,#5253,#5259,
    #5260,#5268,#5277,#5283,#5284));
#5211 = ORIENTED_EDGE('',*,*,#5212,.T.);
#5212 = EDGE_CURVE('',#5190,#5213,#5215,.T.);
#5213 = VERTEX_POINT('',#5214);
#5214 = CARTESIAN_POINT('',(39.6,104.,-16.));
#5215 = CIRCLE('',#5216,3.4);
#5216 = AXIS2_PLACEMENT_3D('',#5217,#5218,#5219);
#5217 = CARTESIAN_POINT('',(39.6,104.,-19.4));
#5218 = DIRECTION('',(1.,0.,-0.));
#5219 = DIRECTION('',(0.,0.,1.));
#5220 = ORIENTED_EDGE('',*,*,#5221,.T.);
#5221 = EDGE_CURVE('',#5213,#5222,#5224,.T.);
#5222 = VERTEX_POINT('',#5223);
#5223 = CARTESIAN_POINT('',(39.6,100.6,-19.4));
#5224 = CIRCLE('',#5225,3.4);
#5225 = AXIS2_PLACEMENT_3D('',#5226,#5227,#5228);
#5226 = CARTESIAN_POINT('',(39.6,104.,-19.4));
#5227 = DIRECTION('',(1.,0.,-0.));
#5228 = DIRECTION('',(0.,0.,1.));
#5229 = ORIENTED_EDGE('',*,*,#5230,.T.);
#5230 = EDGE_CURVE('',#5222,#1187,#5231,.T.);
#5231 = LINE('',#5232,#5233);
#5232 = CARTESIAN_POINT('',(39.6,100.6,-19.4));
#5233 = VECTOR('',#5234,1.);
#5234 = DIRECTION('',(1.,0.,0.));
#5235 = ORIENTED_EDGE('',*,*,#1194,.F.);
#5236 = ORIENTED_EDGE('',*,*,#5237,.T.);
#5237 = EDGE_CURVE('',#1195,#5238,#5240,.T.);
#5238 = VERTEX_POINT('',#5239);
#5239 = CARTESIAN_POINT('',(41.3,101.,-17.8));
#5240 = LINE('',#5241,#5242);
#5241 = CARTESIAN_POINT('',(39.6,101.,-17.8));
#5242 = VECTOR('',#5243,1.);
#5243 = DIRECTION('',(1.,0.,0.));
#5244 = ORIENTED_EDGE('',*,*,#5245,.F.);
#5245 = EDGE_CURVE('',#5246,#5238,#5248,.T.);
#5246 = VERTEX_POINT('',#5247);
#5247 = CARTESIAN_POINT('',(41.3,101.59168108424,-17.));
#5248 = CIRCLE('',#5249,3.4);
#5249 = AXIS2_PLACEMENT_3D('',#5250,#5251,#5252);
#5250 = CARTESIAN_POINT('',(41.3,104.,-19.4));
#5251 = DIRECTION('',(1.,0.,-0.));
#5252 = DIRECTION('',(0.,0.,1.));
#5253 = ORIENTED_EDGE('',*,*,#5254,.F.);
#5254 = EDGE_CURVE('',#1212,#5246,#5255,.T.);
#5255 = LINE('',#5256,#5257);
#5256 = CARTESIAN_POINT('',(39.6,101.59168108424,-17.));
#5257 = VECTOR('',#5258,1.);
#5258 = DIRECTION('',(1.,0.,0.));
#5259 = ORIENTED_EDGE('',*,*,#1219,.F.);
#5260 = ORIENTED_EDGE('',*,*,#5261,.T.);
#5261 = EDGE_CURVE('',#1220,#5262,#5264,.T.);
#5262 = VERTEX_POINT('',#5263);
#5263 = CARTESIAN_POINT('',(41.3,106.40831891575,-17.));
#5264 = LINE('',#5265,#5266);
#5265 = CARTESIAN_POINT('',(39.6,106.40831891575,-17.));
#5266 = VECTOR('',#5267,1.);
#5267 = DIRECTION('',(1.,0.,0.));
#5268 = ORIENTED_EDGE('',*,*,#5269,.F.);
#5269 = EDGE_CURVE('',#5270,#5262,#5272,.T.);
#5270 = VERTEX_POINT('',#5271);
#5271 = CARTESIAN_POINT('',(41.3,107.,-17.8));
#5272 = CIRCLE('',#5273,3.4);
#5273 = AXIS2_PLACEMENT_3D('',#5274,#5275,#5276);
#5274 = CARTESIAN_POINT('',(41.3,104.,-19.4));
#5275 = DIRECTION('',(1.,0.,-0.));
#5276 = DIRECTION('',(0.,0.,1.));
#5277 = ORIENTED_EDGE('',*,*,#5278,.F.);
#5278 = EDGE_CURVE('',#1237,#5270,#5279,.T.);
#5279 = LINE('',#5280,#5281);
#5280 = CARTESIAN_POINT('',(39.6,107.,-17.8));
#5281 = VECTOR('',#5282,1.);
#5282 = DIRECTION('',(1.,0.,0.));
#5283 = ORIENTED_EDGE('',*,*,#1244,.F.);
#5284 = ORIENTED_EDGE('',*,*,#5197,.F.);
#5285 = CYLINDRICAL_SURFACE('',#5286,3.4);
#5286 = AXIS2_PLACEMENT_3D('',#5287,#5288,#5289);
#5287 = CARTESIAN_POINT('',(39.6,104.,-19.4));
#5288 = DIRECTION('',(1.,0.,0.));
#5289 = DIRECTION('',(0.,0.,1.));
#5290 = ADVANCED_FACE('',(#5291),#5309,.T.);
#5291 = FACE_BOUND('',#5292,.T.);
#5292 = EDGE_LOOP('',(#5293,#5294,#5295,#5303));
#5293 = ORIENTED_EDGE('',*,*,#5278,.F.);
#5294 = ORIENTED_EDGE('',*,*,#1236,.T.);
#5295 = ORIENTED_EDGE('',*,*,#5296,.T.);
#5296 = EDGE_CURVE('',#1229,#5297,#5299,.T.);
#5297 = VERTEX_POINT('',#5298);
#5298 = CARTESIAN_POINT('',(41.3,107.,-17.));
#5299 = LINE('',#5300,#5301);
#5300 = CARTESIAN_POINT('',(35.8,107.,-17.));
#5301 = VECTOR('',#5302,1.);
#5302 = DIRECTION('',(1.,0.,0.));
#5303 = ORIENTED_EDGE('',*,*,#5304,.F.);
#5304 = EDGE_CURVE('',#5270,#5297,#5305,.T.);
#5305 = LINE('',#5306,#5307);
#5306 = CARTESIAN_POINT('',(41.3,107.,-25.));
#5307 = VECTOR('',#5308,1.);
#5308 = DIRECTION('',(0.,0.,1.));
#5309 = PLANE('',#5310);
#5310 = AXIS2_PLACEMENT_3D('',#5311,#5312,#5313);
#5311 = CARTESIAN_POINT('',(35.8,107.,-25.));
#5312 = DIRECTION('',(0.,1.,0.));
#5313 = DIRECTION('',(0.,0.,1.));
#5314 = ADVANCED_FACE('',(#5315),#5326,.T.);
#5315 = FACE_BOUND('',#5316,.T.);
#5316 = EDGE_LOOP('',(#5317,#5318,#5319,#5320));
#5317 = ORIENTED_EDGE('',*,*,#5296,.F.);
#5318 = ORIENTED_EDGE('',*,*,#1228,.T.);
#5319 = ORIENTED_EDGE('',*,*,#5261,.T.);
#5320 = ORIENTED_EDGE('',*,*,#5321,.T.);
#5321 = EDGE_CURVE('',#5262,#5297,#5322,.T.);
#5322 = LINE('',#5323,#5324);
#5323 = CARTESIAN_POINT('',(41.3,101.,-17.));
#5324 = VECTOR('',#5325,1.);
#5325 = DIRECTION('',(0.,1.,0.));
#5326 = PLANE('',#5327);
#5327 = AXIS2_PLACEMENT_3D('',#5328,#5329,#5330);
#5328 = CARTESIAN_POINT('',(35.8,101.,-17.));
#5329 = DIRECTION('',(0.,0.,1.));
#5330 = DIRECTION('',(1.,0.,0.));
#5331 = ADVANCED_FACE('',(#5332),#5350,.T.);
#5332 = FACE_BOUND('',#5333,.T.);
#5333 = EDGE_LOOP('',(#5334,#5335,#5336,#5344));
#5334 = ORIENTED_EDGE('',*,*,#5254,.F.);
#5335 = ORIENTED_EDGE('',*,*,#1211,.T.);
#5336 = ORIENTED_EDGE('',*,*,#5337,.T.);
#5337 = EDGE_CURVE('',#1204,#5338,#5340,.T.);
#5338 = VERTEX_POINT('',#5339);
#5339 = CARTESIAN_POINT('',(41.3,101.,-17.));
#5340 = LINE('',#5341,#5342);
#5341 = CARTESIAN_POINT('',(35.8,101.,-17.));
#5342 = VECTOR('',#5343,1.);
#5343 = DIRECTION('',(1.,0.,0.));
#5344 = ORIENTED_EDGE('',*,*,#5345,.T.);
#5345 = EDGE_CURVE('',#5338,#5246,#5346,.T.);
#5346 = LINE('',#5347,#5348);
#5347 = CARTESIAN_POINT('',(41.3,101.,-17.));
#5348 = VECTOR('',#5349,1.);
#5349 = DIRECTION('',(0.,1.,0.));
#5350 = PLANE('',#5351);
#5351 = AXIS2_PLACEMENT_3D('',#5352,#5353,#5354);
#5352 = CARTESIAN_POINT('',(35.8,101.,-17.));
#5353 = DIRECTION('',(0.,0.,1.));
#5354 = DIRECTION('',(1.,0.,0.));
#5355 = ADVANCED_FACE('',(#5356),#5367,.F.);
#5356 = FACE_BOUND('',#5357,.F.);
#5357 = EDGE_LOOP('',(#5358,#5359,#5360,#5361));
#5358 = ORIENTED_EDGE('',*,*,#5237,.F.);
#5359 = ORIENTED_EDGE('',*,*,#1203,.T.);
#5360 = ORIENTED_EDGE('',*,*,#5337,.T.);
#5361 = ORIENTED_EDGE('',*,*,#5362,.F.);
#5362 = EDGE_CURVE('',#5238,#5338,#5363,.T.);
#5363 = LINE('',#5364,#5365);
#5364 = CARTESIAN_POINT('',(41.3,101.,-25.));
#5365 = VECTOR('',#5366,1.);
#5366 = DIRECTION('',(0.,0.,1.));
#5367 = PLANE('',#5368);
#5368 = AXIS2_PLACEMENT_3D('',#5369,#5370,#5371);
#5369 = CARTESIAN_POINT('',(35.8,101.,-25.));
#5370 = DIRECTION('',(0.,1.,0.));
#5371 = DIRECTION('',(0.,0.,1.));
#5372 = ADVANCED_FACE('',(#5373),#5384,.T.);
#5373 = FACE_BOUND('',#5374,.T.);
#5374 = EDGE_LOOP('',(#5375,#5376,#5382,#5383));
#5375 = ORIENTED_EDGE('',*,*,#5116,.F.);
#5376 = ORIENTED_EDGE('',*,*,#5377,.T.);
#5377 = EDGE_CURVE('',#5117,#5222,#5378,.T.);
#5378 = LINE('',#5379,#5380);
#5379 = CARTESIAN_POINT('',(39.6,100.6,-22.6));
#5380 = VECTOR('',#5381,1.);
#5381 = DIRECTION('',(0.,0.,1.));
#5382 = ORIENTED_EDGE('',*,*,#5230,.T.);
#5383 = ORIENTED_EDGE('',*,*,#1186,.F.);
#5384 = PLANE('',#5385);
#5385 = AXIS2_PLACEMENT_3D('',#5386,#5387,#5388);
#5386 = CARTESIAN_POINT('',(39.6,100.6,-22.6));
#5387 = DIRECTION('',(0.,1.,0.));
#5388 = DIRECTION('',(0.,0.,1.));
#5389 = ADVANCED_FACE('',(#5390),#5408,.F.);
#5390 = FACE_BOUND('',#5391,.F.);
#5391 = EDGE_LOOP('',(#5392,#5400,#5401,#5402));
#5392 = ORIENTED_EDGE('',*,*,#5393,.F.);
#5393 = EDGE_CURVE('',#1162,#5394,#5396,.T.);
#5394 = VERTEX_POINT('',#5395);
#5395 = CARTESIAN_POINT('',(41.3,101.,-25.));
#5396 = LINE('',#5397,#5398);
#5397 = CARTESIAN_POINT('',(35.8,101.,-25.));
#5398 = VECTOR('',#5399,1.);
#5399 = DIRECTION('',(1.,0.,0.));
#5400 = ORIENTED_EDGE('',*,*,#1169,.T.);
#5401 = ORIENTED_EDGE('',*,*,#5174,.T.);
#5402 = ORIENTED_EDGE('',*,*,#5403,.F.);
#5403 = EDGE_CURVE('',#5394,#5166,#5404,.T.);
#5404 = LINE('',#5405,#5406);
#5405 = CARTESIAN_POINT('',(41.3,101.,-25.));
#5406 = VECTOR('',#5407,1.);
#5407 = DIRECTION('',(0.,0.,1.));
#5408 = PLANE('',#5409);
#5409 = AXIS2_PLACEMENT_3D('',#5410,#5411,#5412);
#5410 = CARTESIAN_POINT('',(35.8,101.,-25.));
#5411 = DIRECTION('',(0.,1.,0.));
#5412 = DIRECTION('',(0.,0.,1.));
#5413 = ADVANCED_FACE('',(#5414),#5425,.F.);
#5414 = FACE_BOUND('',#5415,.F.);
#5415 = EDGE_LOOP('',(#5416,#5417,#5418,#5419));
#5416 = ORIENTED_EDGE('',*,*,#5157,.F.);
#5417 = ORIENTED_EDGE('',*,*,#1161,.T.);
#5418 = ORIENTED_EDGE('',*,*,#5393,.T.);
#5419 = ORIENTED_EDGE('',*,*,#5420,.T.);
#5420 = EDGE_CURVE('',#5394,#5158,#5421,.T.);
#5421 = LINE('',#5422,#5423);
#5422 = CARTESIAN_POINT('',(41.3,101.,-25.));
#5423 = VECTOR('',#5424,1.);
#5424 = DIRECTION('',(0.,1.,0.));
#5425 = PLANE('',#5426);
#5426 = AXIS2_PLACEMENT_3D('',#5427,#5428,#5429);
#5427 = CARTESIAN_POINT('',(35.8,101.,-25.));
#5428 = DIRECTION('',(0.,0.,1.));
#5429 = DIRECTION('',(1.,0.,0.));
#5430 = ADVANCED_FACE('',(#5431),#5442,.F.);
#5431 = FACE_BOUND('',#5432,.F.);
#5432 = EDGE_LOOP('',(#5433,#5434,#5435,#5436));
#5433 = ORIENTED_EDGE('',*,*,#5084,.F.);
#5434 = ORIENTED_EDGE('',*,*,#1144,.T.);
#5435 = ORIENTED_EDGE('',*,*,#5150,.T.);
#5436 = ORIENTED_EDGE('',*,*,#5437,.T.);
#5437 = EDGE_CURVE('',#5142,#5085,#5438,.T.);
#5438 = LINE('',#5439,#5440);
#5439 = CARTESIAN_POINT('',(41.3,101.,-25.));
#5440 = VECTOR('',#5441,1.);
#5441 = DIRECTION('',(0.,1.,0.));
#5442 = PLANE('',#5443);
#5443 = AXIS2_PLACEMENT_3D('',#5444,#5445,#5446);
#5444 = CARTESIAN_POINT('',(35.8,101.,-25.));
#5445 = DIRECTION('',(0.,0.,1.));
#5446 = DIRECTION('',(1.,0.,0.));
#5447 = ADVANCED_FACE('',(#5448),#5473,.T.);
#5448 = FACE_BOUND('',#5449,.T.);
#5449 = EDGE_LOOP('',(#5450,#5458,#5459,#5467));
#5450 = ORIENTED_EDGE('',*,*,#5451,.F.);
#5451 = EDGE_CURVE('',#1271,#5452,#5454,.T.);
#5452 = VERTEX_POINT('',#5453);
#5453 = CARTESIAN_POINT('',(41.3,95.,-25.));
#5454 = LINE('',#5455,#5456);
#5455 = CARTESIAN_POINT('',(35.8,95.,-25.));
#5456 = VECTOR('',#5457,1.);
#5457 = DIRECTION('',(1.,0.,0.));
#5458 = ORIENTED_EDGE('',*,*,#1270,.T.);
#5459 = ORIENTED_EDGE('',*,*,#5460,.T.);
#5460 = EDGE_CURVE('',#1273,#5461,#5463,.T.);
#5461 = VERTEX_POINT('',#5462);
#5462 = CARTESIAN_POINT('',(41.3,95.,-24.2));
#5463 = LINE('',#5464,#5465);
#5464 = CARTESIAN_POINT('',(39.6,95.,-24.2));
#5465 = VECTOR('',#5466,1.);
#5466 = DIRECTION('',(1.,0.,0.));
#5467 = ORIENTED_EDGE('',*,*,#5468,.F.);
#5468 = EDGE_CURVE('',#5452,#5461,#5469,.T.);
#5469 = LINE('',#5470,#5471);
#5470 = CARTESIAN_POINT('',(41.3,95.,-25.));
#5471 = VECTOR('',#5472,1.);
#5472 = DIRECTION('',(0.,0.,1.));
#5473 = PLANE('',#5474);
#5474 = AXIS2_PLACEMENT_3D('',#5475,#5476,#5477);
#5475 = CARTESIAN_POINT('',(35.8,95.,-25.));
#5476 = DIRECTION('',(0.,1.,0.));
#5477 = DIRECTION('',(0.,0.,1.));
#5478 = ADVANCED_FACE('',(#5479),#5546,.F.);
#5479 = FACE_BOUND('',#5480,.F.);
#5480 = EDGE_LOOP('',(#5481,#5482,#5490,#5499,#5505,#5506,#5507,#5516,
    #5522,#5523,#5531,#5540));
#5481 = ORIENTED_EDGE('',*,*,#1313,.F.);
#5482 = ORIENTED_EDGE('',*,*,#5483,.F.);
#5483 = EDGE_CURVE('',#5484,#1314,#5486,.T.);
#5484 = VERTEX_POINT('',#5485);
#5485 = CARTESIAN_POINT('',(39.6,88.6,-22.6));
#5486 = LINE('',#5487,#5488);
#5487 = CARTESIAN_POINT('',(39.6,88.6,-22.6));
#5488 = VECTOR('',#5489,1.);
#5489 = DIRECTION('',(1.,0.,0.));
#5490 = ORIENTED_EDGE('',*,*,#5491,.T.);
#5491 = EDGE_CURVE('',#5484,#5492,#5494,.T.);
#5492 = VERTEX_POINT('',#5493);
#5493 = CARTESIAN_POINT('',(39.6,95.4,-22.6));
#5494 = CIRCLE('',#5495,3.4);
#5495 = AXIS2_PLACEMENT_3D('',#5496,#5497,#5498);
#5496 = CARTESIAN_POINT('',(39.6,92.,-22.6));
#5497 = DIRECTION('',(1.,0.,-0.));
#5498 = DIRECTION('',(0.,0.,1.));
#5499 = ORIENTED_EDGE('',*,*,#5500,.T.);
#5500 = EDGE_CURVE('',#5492,#1390,#5501,.T.);
#5501 = LINE('',#5502,#5503);
#5502 = CARTESIAN_POINT('',(39.6,95.4,-22.6));
#5503 = VECTOR('',#5504,1.);
#5504 = DIRECTION('',(1.,0.,0.));
#5505 = ORIENTED_EDGE('',*,*,#1397,.F.);
#5506 = ORIENTED_EDGE('',*,*,#5460,.T.);
#5507 = ORIENTED_EDGE('',*,*,#5508,.F.);
#5508 = EDGE_CURVE('',#5509,#5461,#5511,.T.);
#5509 = VERTEX_POINT('',#5510);
#5510 = CARTESIAN_POINT('',(41.3,94.408318915758,-25.));
#5511 = CIRCLE('',#5512,3.4);
#5512 = AXIS2_PLACEMENT_3D('',#5513,#5514,#5515);
#5513 = CARTESIAN_POINT('',(41.3,92.,-22.6));
#5514 = DIRECTION('',(1.,0.,-0.));
#5515 = DIRECTION('',(0.,0.,1.));
#5516 = ORIENTED_EDGE('',*,*,#5517,.F.);
#5517 = EDGE_CURVE('',#1281,#5509,#5518,.T.);
#5518 = LINE('',#5519,#5520);
#5519 = CARTESIAN_POINT('',(39.6,94.408318915758,-25.));
#5520 = VECTOR('',#5521,1.);
#5521 = DIRECTION('',(1.,0.,0.));
#5522 = ORIENTED_EDGE('',*,*,#1288,.F.);
#5523 = ORIENTED_EDGE('',*,*,#5524,.T.);
#5524 = EDGE_CURVE('',#1289,#5525,#5527,.T.);
#5525 = VERTEX_POINT('',#5526);
#5526 = CARTESIAN_POINT('',(41.3,89.591681084242,-25.));
#5527 = LINE('',#5528,#5529);
#5528 = CARTESIAN_POINT('',(39.6,89.591681084242,-25.));
#5529 = VECTOR('',#5530,1.);
#5530 = DIRECTION('',(1.,0.,0.));
#5531 = ORIENTED_EDGE('',*,*,#5532,.F.);
#5532 = EDGE_CURVE('',#5533,#5525,#5535,.T.);
#5533 = VERTEX_POINT('',#5534);
#5534 = CARTESIAN_POINT('',(41.3,89.,-24.2));
#5535 = CIRCLE('',#5536,3.4);
#5536 = AXIS2_PLACEMENT_3D('',#5537,#5538,#5539);
#5537 = CARTESIAN_POINT('',(41.3,92.,-22.6));
#5538 = DIRECTION('',(1.,0.,-0.));
#5539 = DIRECTION('',(0.,0.,1.));
#5540 = ORIENTED_EDGE('',*,*,#5541,.F.);
#5541 = EDGE_CURVE('',#1306,#5533,#5542,.T.);
#5542 = LINE('',#5543,#5544);
#5543 = CARTESIAN_POINT('',(39.6,89.,-24.2));
#5544 = VECTOR('',#5545,1.);
#5545 = DIRECTION('',(1.,0.,0.));
#5546 = CYLINDRICAL_SURFACE('',#5547,3.4);
#5547 = AXIS2_PLACEMENT_3D('',#5548,#5549,#5550);
#5548 = CARTESIAN_POINT('',(39.6,92.,-22.6));
#5549 = DIRECTION('',(1.,0.,0.));
#5550 = DIRECTION('',(0.,0.,1.));
#5551 = ADVANCED_FACE('',(#5552),#5570,.F.);
#5552 = FACE_BOUND('',#5553,.F.);
#5553 = EDGE_LOOP('',(#5554,#5555,#5563,#5569));
#5554 = ORIENTED_EDGE('',*,*,#5500,.F.);
#5555 = ORIENTED_EDGE('',*,*,#5556,.T.);
#5556 = EDGE_CURVE('',#5492,#5557,#5559,.T.);
#5557 = VERTEX_POINT('',#5558);
#5558 = CARTESIAN_POINT('',(39.6,95.4,-19.4));
#5559 = LINE('',#5560,#5561);
#5560 = CARTESIAN_POINT('',(39.6,95.4,-22.6));
#5561 = VECTOR('',#5562,1.);
#5562 = DIRECTION('',(0.,0.,1.));
#5563 = ORIENTED_EDGE('',*,*,#5564,.T.);
#5564 = EDGE_CURVE('',#5557,#1381,#5565,.T.);
#5565 = LINE('',#5566,#5567);
#5566 = CARTESIAN_POINT('',(39.6,95.4,-19.4));
#5567 = VECTOR('',#5568,1.);
#5568 = DIRECTION('',(1.,0.,0.));
#5569 = ORIENTED_EDGE('',*,*,#1389,.F.);
#5570 = PLANE('',#5571);
#5571 = AXIS2_PLACEMENT_3D('',#5572,#5573,#5574);
#5572 = CARTESIAN_POINT('',(39.6,95.4,-22.6));
#5573 = DIRECTION('',(0.,1.,0.));
#5574 = DIRECTION('',(0.,0.,1.));
#5575 = ADVANCED_FACE('',(#5576),#5652,.F.);
#5576 = FACE_BOUND('',#5577,.F.);
#5577 = EDGE_LOOP('',(#5578,#5587,#5596,#5602,#5603,#5611,#5620,#5626,
    #5627,#5635,#5644,#5650,#5651));
#5578 = ORIENTED_EDGE('',*,*,#5579,.T.);
#5579 = EDGE_CURVE('',#5557,#5580,#5582,.T.);
#5580 = VERTEX_POINT('',#5581);
#5581 = CARTESIAN_POINT('',(39.6,92.,-16.));
#5582 = CIRCLE('',#5583,3.4);
#5583 = AXIS2_PLACEMENT_3D('',#5584,#5585,#5586);
#5584 = CARTESIAN_POINT('',(39.6,92.,-19.4));
#5585 = DIRECTION('',(1.,0.,-0.));
#5586 = DIRECTION('',(0.,0.,1.));
#5587 = ORIENTED_EDGE('',*,*,#5588,.T.);
#5588 = EDGE_CURVE('',#5580,#5589,#5591,.T.);
#5589 = VERTEX_POINT('',#5590);
#5590 = CARTESIAN_POINT('',(39.6,88.6,-19.4));
#5591 = CIRCLE('',#5592,3.4);
#5592 = AXIS2_PLACEMENT_3D('',#5593,#5594,#5595);
#5593 = CARTESIAN_POINT('',(39.6,92.,-19.4));
#5594 = DIRECTION('',(1.,0.,-0.));
#5595 = DIRECTION('',(0.,0.,1.));
#5596 = ORIENTED_EDGE('',*,*,#5597,.T.);
#5597 = EDGE_CURVE('',#5589,#1323,#5598,.T.);
#5598 = LINE('',#5599,#5600);
#5599 = CARTESIAN_POINT('',(39.6,88.6,-19.4));
#5600 = VECTOR('',#5601,1.);
#5601 = DIRECTION('',(1.,0.,0.));
#5602 = ORIENTED_EDGE('',*,*,#1330,.F.);
#5603 = ORIENTED_EDGE('',*,*,#5604,.T.);
#5604 = EDGE_CURVE('',#1331,#5605,#5607,.T.);
#5605 = VERTEX_POINT('',#5606);
#5606 = CARTESIAN_POINT('',(41.3,89.,-17.8));
#5607 = LINE('',#5608,#5609);
#5608 = CARTESIAN_POINT('',(39.6,89.,-17.8));
#5609 = VECTOR('',#5610,1.);
#5610 = DIRECTION('',(1.,0.,0.));
#5611 = ORIENTED_EDGE('',*,*,#5612,.F.);
#5612 = EDGE_CURVE('',#5613,#5605,#5615,.T.);
#5613 = VERTEX_POINT('',#5614);
#5614 = CARTESIAN_POINT('',(41.3,89.591681084242,-17.));
#5615 = CIRCLE('',#5616,3.4);
#5616 = AXIS2_PLACEMENT_3D('',#5617,#5618,#5619);
#5617 = CARTESIAN_POINT('',(41.3,92.,-19.4));
#5618 = DIRECTION('',(1.,0.,-0.));
#5619 = DIRECTION('',(0.,0.,1.));
#5620 = ORIENTED_EDGE('',*,*,#5621,.F.);
#5621 = EDGE_CURVE('',#1348,#5613,#5622,.T.);
#5622 = LINE('',#5623,#5624);
#5623 = CARTESIAN_POINT('',(39.6,89.591681084242,-17.));
#5624 = VECTOR('',#5625,1.);
#5625 = DIRECTION('',(1.,0.,0.));
#5626 = ORIENTED_EDGE('',*,*,#1355,.F.);
#5627 = ORIENTED_EDGE('',*,*,#5628,.T.);
#5628 = EDGE_CURVE('',#1356,#5629,#5631,.T.);
#5629 = VERTEX_POINT('',#5630);
#5630 = CARTESIAN_POINT('',(41.3,94.408318915758,-17.));
#5631 = LINE('',#5632,#5633);
#5632 = CARTESIAN_POINT('',(39.6,94.408318915758,-17.));
#5633 = VECTOR('',#5634,1.);
#5634 = DIRECTION('',(1.,0.,0.));
#5635 = ORIENTED_EDGE('',*,*,#5636,.F.);
#5636 = EDGE_CURVE('',#5637,#5629,#5639,.T.);
#5637 = VERTEX_POINT('',#5638);
#5638 = CARTESIAN_POINT('',(41.3,95.,-17.8));
#5639 = CIRCLE('',#5640,3.4);
#5640 = AXIS2_PLACEMENT_3D('',#5641,#5642,#5643);
#5641 = CARTESIAN_POINT('',(41.3,92.,-19.4));
#5642 = DIRECTION('',(1.,0.,-0.));
#5643 = DIRECTION('',(0.,0.,1.));
#5644 = ORIENTED_EDGE('',*,*,#5645,.F.);
#5645 = EDGE_CURVE('',#1373,#5637,#5646,.T.);
#5646 = LINE('',#5647,#5648);
#5647 = CARTESIAN_POINT('',(39.6,95.,-17.8));
#5648 = VECTOR('',#5649,1.);
#5649 = DIRECTION('',(1.,0.,0.));
#5650 = ORIENTED_EDGE('',*,*,#1380,.F.);
#5651 = ORIENTED_EDGE('',*,*,#5564,.F.);
#5652 = CYLINDRICAL_SURFACE('',#5653,3.4);
#5653 = AXIS2_PLACEMENT_3D('',#5654,#5655,#5656);
#5654 = CARTESIAN_POINT('',(39.6,92.,-19.4));
#5655 = DIRECTION('',(1.,0.,0.));
#5656 = DIRECTION('',(0.,0.,1.));
#5657 = ADVANCED_FACE('',(#5658),#5676,.T.);
#5658 = FACE_BOUND('',#5659,.T.);
#5659 = EDGE_LOOP('',(#5660,#5661,#5662,#5670));
#5660 = ORIENTED_EDGE('',*,*,#5645,.F.);
#5661 = ORIENTED_EDGE('',*,*,#1372,.T.);
#5662 = ORIENTED_EDGE('',*,*,#5663,.T.);
#5663 = EDGE_CURVE('',#1365,#5664,#5666,.T.);
#5664 = VERTEX_POINT('',#5665);
#5665 = CARTESIAN_POINT('',(41.3,95.,-17.));
#5666 = LINE('',#5667,#5668);
#5667 = CARTESIAN_POINT('',(35.8,95.,-17.));
#5668 = VECTOR('',#5669,1.);
#5669 = DIRECTION('',(1.,0.,0.));
#5670 = ORIENTED_EDGE('',*,*,#5671,.F.);
#5671 = EDGE_CURVE('',#5637,#5664,#5672,.T.);
#5672 = LINE('',#5673,#5674);
#5673 = CARTESIAN_POINT('',(41.3,95.,-25.));
#5674 = VECTOR('',#5675,1.);
#5675 = DIRECTION('',(0.,0.,1.));
#5676 = PLANE('',#5677);
#5677 = AXIS2_PLACEMENT_3D('',#5678,#5679,#5680);
#5678 = CARTESIAN_POINT('',(35.8,95.,-25.));
#5679 = DIRECTION('',(0.,1.,0.));
#5680 = DIRECTION('',(0.,0.,1.));
#5681 = ADVANCED_FACE('',(#5682),#5693,.T.);
#5682 = FACE_BOUND('',#5683,.T.);
#5683 = EDGE_LOOP('',(#5684,#5685,#5686,#5687));
#5684 = ORIENTED_EDGE('',*,*,#5663,.F.);
#5685 = ORIENTED_EDGE('',*,*,#1364,.T.);
#5686 = ORIENTED_EDGE('',*,*,#5628,.T.);
#5687 = ORIENTED_EDGE('',*,*,#5688,.T.);
#5688 = EDGE_CURVE('',#5629,#5664,#5689,.T.);
#5689 = LINE('',#5690,#5691);
#5690 = CARTESIAN_POINT('',(41.3,89.,-17.));
#5691 = VECTOR('',#5692,1.);
#5692 = DIRECTION('',(0.,1.,0.));
#5693 = PLANE('',#5694);
#5694 = AXIS2_PLACEMENT_3D('',#5695,#5696,#5697);
#5695 = CARTESIAN_POINT('',(35.8,89.,-17.));
#5696 = DIRECTION('',(0.,0.,1.));
#5697 = DIRECTION('',(1.,0.,0.));
#5698 = ADVANCED_FACE('',(#5699),#5717,.T.);
#5699 = FACE_BOUND('',#5700,.T.);
#5700 = EDGE_LOOP('',(#5701,#5702,#5703,#5711));
#5701 = ORIENTED_EDGE('',*,*,#5621,.F.);
#5702 = ORIENTED_EDGE('',*,*,#1347,.T.);
#5703 = ORIENTED_EDGE('',*,*,#5704,.T.);
#5704 = EDGE_CURVE('',#1340,#5705,#5707,.T.);
#5705 = VERTEX_POINT('',#5706);
#5706 = CARTESIAN_POINT('',(41.3,89.,-17.));
#5707 = LINE('',#5708,#5709);
#5708 = CARTESIAN_POINT('',(35.8,89.,-17.));
#5709 = VECTOR('',#5710,1.);
#5710 = DIRECTION('',(1.,0.,0.));
#5711 = ORIENTED_EDGE('',*,*,#5712,.T.);
#5712 = EDGE_CURVE('',#5705,#5613,#5713,.T.);
#5713 = LINE('',#5714,#5715);
#5714 = CARTESIAN_POINT('',(41.3,89.,-17.));
#5715 = VECTOR('',#5716,1.);
#5716 = DIRECTION('',(0.,1.,0.));
#5717 = PLANE('',#5718);
#5718 = AXIS2_PLACEMENT_3D('',#5719,#5720,#5721);
#5719 = CARTESIAN_POINT('',(35.8,89.,-17.));
#5720 = DIRECTION('',(0.,0.,1.));
#5721 = DIRECTION('',(1.,0.,0.));
#5722 = ADVANCED_FACE('',(#5723),#5734,.F.);
#5723 = FACE_BOUND('',#5724,.F.);
#5724 = EDGE_LOOP('',(#5725,#5726,#5727,#5728));
#5725 = ORIENTED_EDGE('',*,*,#5604,.F.);
#5726 = ORIENTED_EDGE('',*,*,#1339,.T.);
#5727 = ORIENTED_EDGE('',*,*,#5704,.T.);
#5728 = ORIENTED_EDGE('',*,*,#5729,.F.);
#5729 = EDGE_CURVE('',#5605,#5705,#5730,.T.);
#5730 = LINE('',#5731,#5732);
#5731 = CARTESIAN_POINT('',(41.3,89.,-25.));
#5732 = VECTOR('',#5733,1.);
#5733 = DIRECTION('',(0.,0.,1.));
#5734 = PLANE('',#5735);
#5735 = AXIS2_PLACEMENT_3D('',#5736,#5737,#5738);
#5736 = CARTESIAN_POINT('',(35.8,89.,-25.));
#5737 = DIRECTION('',(0.,1.,0.));
#5738 = DIRECTION('',(0.,0.,1.));
#5739 = ADVANCED_FACE('',(#5740),#5751,.T.);
#5740 = FACE_BOUND('',#5741,.T.);
#5741 = EDGE_LOOP('',(#5742,#5743,#5749,#5750));
#5742 = ORIENTED_EDGE('',*,*,#5483,.F.);
#5743 = ORIENTED_EDGE('',*,*,#5744,.T.);
#5744 = EDGE_CURVE('',#5484,#5589,#5745,.T.);
#5745 = LINE('',#5746,#5747);
#5746 = CARTESIAN_POINT('',(39.6,88.6,-22.6));
#5747 = VECTOR('',#5748,1.);
#5748 = DIRECTION('',(0.,0.,1.));
#5749 = ORIENTED_EDGE('',*,*,#5597,.T.);
#5750 = ORIENTED_EDGE('',*,*,#1322,.F.);
#5751 = PLANE('',#5752);
#5752 = AXIS2_PLACEMENT_3D('',#5753,#5754,#5755);
#5753 = CARTESIAN_POINT('',(39.6,88.6,-22.6));
#5754 = DIRECTION('',(0.,1.,0.));
#5755 = DIRECTION('',(0.,0.,1.));
#5756 = ADVANCED_FACE('',(#5757),#5775,.F.);
#5757 = FACE_BOUND('',#5758,.F.);
#5758 = EDGE_LOOP('',(#5759,#5767,#5768,#5769));
#5759 = ORIENTED_EDGE('',*,*,#5760,.F.);
#5760 = EDGE_CURVE('',#1298,#5761,#5763,.T.);
#5761 = VERTEX_POINT('',#5762);
#5762 = CARTESIAN_POINT('',(41.3,89.,-25.));
#5763 = LINE('',#5764,#5765);
#5764 = CARTESIAN_POINT('',(35.8,89.,-25.));
#5765 = VECTOR('',#5766,1.);
#5766 = DIRECTION('',(1.,0.,0.));
#5767 = ORIENTED_EDGE('',*,*,#1305,.T.);
#5768 = ORIENTED_EDGE('',*,*,#5541,.T.);
#5769 = ORIENTED_EDGE('',*,*,#5770,.F.);
#5770 = EDGE_CURVE('',#5761,#5533,#5771,.T.);
#5771 = LINE('',#5772,#5773);
#5772 = CARTESIAN_POINT('',(41.3,89.,-25.));
#5773 = VECTOR('',#5774,1.);
#5774 = DIRECTION('',(0.,0.,1.));
#5775 = PLANE('',#5776);
#5776 = AXIS2_PLACEMENT_3D('',#5777,#5778,#5779);
#5777 = CARTESIAN_POINT('',(35.8,89.,-25.));
#5778 = DIRECTION('',(0.,1.,0.));
#5779 = DIRECTION('',(0.,0.,1.));
#5780 = ADVANCED_FACE('',(#5781),#5792,.F.);
#5781 = FACE_BOUND('',#5782,.F.);
#5782 = EDGE_LOOP('',(#5783,#5784,#5785,#5786));
#5783 = ORIENTED_EDGE('',*,*,#5524,.F.);
#5784 = ORIENTED_EDGE('',*,*,#1297,.T.);
#5785 = ORIENTED_EDGE('',*,*,#5760,.T.);
#5786 = ORIENTED_EDGE('',*,*,#5787,.T.);
#5787 = EDGE_CURVE('',#5761,#5525,#5788,.T.);
#5788 = LINE('',#5789,#5790);
#5789 = CARTESIAN_POINT('',(41.3,89.,-25.));
#5790 = VECTOR('',#5791,1.);
#5791 = DIRECTION('',(0.,1.,0.));
#5792 = PLANE('',#5793);
#5793 = AXIS2_PLACEMENT_3D('',#5794,#5795,#5796);
#5794 = CARTESIAN_POINT('',(35.8,89.,-25.));
#5795 = DIRECTION('',(0.,0.,1.));
#5796 = DIRECTION('',(1.,0.,0.));
#5797 = ADVANCED_FACE('',(#5798),#5809,.F.);
#5798 = FACE_BOUND('',#5799,.F.);
#5799 = EDGE_LOOP('',(#5800,#5801,#5802,#5803));
#5800 = ORIENTED_EDGE('',*,*,#5451,.F.);
#5801 = ORIENTED_EDGE('',*,*,#1280,.T.);
#5802 = ORIENTED_EDGE('',*,*,#5517,.T.);
#5803 = ORIENTED_EDGE('',*,*,#5804,.T.);
#5804 = EDGE_CURVE('',#5509,#5452,#5805,.T.);
#5805 = LINE('',#5806,#5807);
#5806 = CARTESIAN_POINT('',(41.3,89.,-25.));
#5807 = VECTOR('',#5808,1.);
#5808 = DIRECTION('',(0.,1.,0.));
#5809 = PLANE('',#5810);
#5810 = AXIS2_PLACEMENT_3D('',#5811,#5812,#5813);
#5811 = CARTESIAN_POINT('',(35.8,89.,-25.));
#5812 = DIRECTION('',(0.,0.,1.));
#5813 = DIRECTION('',(1.,0.,0.));
#5814 = ADVANCED_FACE('',(#5815),#5840,.T.);
#5815 = FACE_BOUND('',#5816,.T.);
#5816 = EDGE_LOOP('',(#5817,#5825,#5826,#5834));
#5817 = ORIENTED_EDGE('',*,*,#5818,.F.);
#5818 = EDGE_CURVE('',#1407,#5819,#5821,.T.);
#5819 = VERTEX_POINT('',#5820);
#5820 = CARTESIAN_POINT('',(41.3,83.,-25.));
#5821 = LINE('',#5822,#5823);
#5822 = CARTESIAN_POINT('',(35.8,83.,-25.));
#5823 = VECTOR('',#5824,1.);
#5824 = DIRECTION('',(1.,0.,0.));
#5825 = ORIENTED_EDGE('',*,*,#1406,.T.);
#5826 = ORIENTED_EDGE('',*,*,#5827,.T.);
#5827 = EDGE_CURVE('',#1409,#5828,#5830,.T.);
#5828 = VERTEX_POINT('',#5829);
#5829 = CARTESIAN_POINT('',(41.3,83.,-24.2));
#5830 = LINE('',#5831,#5832);
#5831 = CARTESIAN_POINT('',(39.6,83.,-24.2));
#5832 = VECTOR('',#5833,1.);
#5833 = DIRECTION('',(1.,0.,0.));
#5834 = ORIENTED_EDGE('',*,*,#5835,.F.);
#5835 = EDGE_CURVE('',#5819,#5828,#5836,.T.);
#5836 = LINE('',#5837,#5838);
#5837 = CARTESIAN_POINT('',(41.3,83.,-25.));
#5838 = VECTOR('',#5839,1.);
#5839 = DIRECTION('',(0.,0.,1.));
#5840 = PLANE('',#5841);
#5841 = AXIS2_PLACEMENT_3D('',#5842,#5843,#5844);
#5842 = CARTESIAN_POINT('',(35.8,83.,-25.));
#5843 = DIRECTION('',(0.,1.,0.));
#5844 = DIRECTION('',(0.,0.,1.));
#5845 = ADVANCED_FACE('',(#5846),#5913,.F.);
#5846 = FACE_BOUND('',#5847,.F.);
#5847 = EDGE_LOOP('',(#5848,#5849,#5857,#5866,#5872,#5873,#5874,#5883,
    #5889,#5890,#5898,#5907));
#5848 = ORIENTED_EDGE('',*,*,#1449,.F.);
#5849 = ORIENTED_EDGE('',*,*,#5850,.F.);
#5850 = EDGE_CURVE('',#5851,#1450,#5853,.T.);
#5851 = VERTEX_POINT('',#5852);
#5852 = CARTESIAN_POINT('',(39.6,76.6,-22.6));
#5853 = LINE('',#5854,#5855);
#5854 = CARTESIAN_POINT('',(39.6,76.6,-22.6));
#5855 = VECTOR('',#5856,1.);
#5856 = DIRECTION('',(1.,0.,0.));
#5857 = ORIENTED_EDGE('',*,*,#5858,.T.);
#5858 = EDGE_CURVE('',#5851,#5859,#5861,.T.);
#5859 = VERTEX_POINT('',#5860);
#5860 = CARTESIAN_POINT('',(39.6,83.4,-22.6));
#5861 = CIRCLE('',#5862,3.4);
#5862 = AXIS2_PLACEMENT_3D('',#5863,#5864,#5865);
#5863 = CARTESIAN_POINT('',(39.6,80.,-22.6));
#5864 = DIRECTION('',(1.,0.,-0.));
#5865 = DIRECTION('',(0.,0.,1.));
#5866 = ORIENTED_EDGE('',*,*,#5867,.T.);
#5867 = EDGE_CURVE('',#5859,#1526,#5868,.T.);
#5868 = LINE('',#5869,#5870);
#5869 = CARTESIAN_POINT('',(39.6,83.4,-22.6));
#5870 = VECTOR('',#5871,1.);
#5871 = DIRECTION('',(1.,0.,0.));
#5872 = ORIENTED_EDGE('',*,*,#1533,.F.);
#5873 = ORIENTED_EDGE('',*,*,#5827,.T.);
#5874 = ORIENTED_EDGE('',*,*,#5875,.F.);
#5875 = EDGE_CURVE('',#5876,#5828,#5878,.T.);
#5876 = VERTEX_POINT('',#5877);
#5877 = CARTESIAN_POINT('',(41.3,82.408318915758,-25.));
#5878 = CIRCLE('',#5879,3.4);
#5879 = AXIS2_PLACEMENT_3D('',#5880,#5881,#5882);
#5880 = CARTESIAN_POINT('',(41.3,80.,-22.6));
#5881 = DIRECTION('',(1.,0.,-0.));
#5882 = DIRECTION('',(0.,0.,1.));
#5883 = ORIENTED_EDGE('',*,*,#5884,.F.);
#5884 = EDGE_CURVE('',#1417,#5876,#5885,.T.);
#5885 = LINE('',#5886,#5887);
#5886 = CARTESIAN_POINT('',(39.6,82.408318915758,-25.));
#5887 = VECTOR('',#5888,1.);
#5888 = DIRECTION('',(1.,0.,0.));
#5889 = ORIENTED_EDGE('',*,*,#1424,.F.);
#5890 = ORIENTED_EDGE('',*,*,#5891,.T.);
#5891 = EDGE_CURVE('',#1425,#5892,#5894,.T.);
#5892 = VERTEX_POINT('',#5893);
#5893 = CARTESIAN_POINT('',(41.3,77.591681084242,-25.));
#5894 = LINE('',#5895,#5896);
#5895 = CARTESIAN_POINT('',(39.6,77.591681084242,-25.));
#5896 = VECTOR('',#5897,1.);
#5897 = DIRECTION('',(1.,0.,0.));
#5898 = ORIENTED_EDGE('',*,*,#5899,.F.);
#5899 = EDGE_CURVE('',#5900,#5892,#5902,.T.);
#5900 = VERTEX_POINT('',#5901);
#5901 = CARTESIAN_POINT('',(41.3,77.,-24.2));
#5902 = CIRCLE('',#5903,3.4);
#5903 = AXIS2_PLACEMENT_3D('',#5904,#5905,#5906);
#5904 = CARTESIAN_POINT('',(41.3,80.,-22.6));
#5905 = DIRECTION('',(1.,0.,-0.));
#5906 = DIRECTION('',(0.,0.,1.));
#5907 = ORIENTED_EDGE('',*,*,#5908,.F.);
#5908 = EDGE_CURVE('',#1442,#5900,#5909,.T.);
#5909 = LINE('',#5910,#5911);
#5910 = CARTESIAN_POINT('',(39.6,77.,-24.2));
#5911 = VECTOR('',#5912,1.);
#5912 = DIRECTION('',(1.,0.,0.));
#5913 = CYLINDRICAL_SURFACE('',#5914,3.4);
#5914 = AXIS2_PLACEMENT_3D('',#5915,#5916,#5917);
#5915 = CARTESIAN_POINT('',(39.6,80.,-22.6));
#5916 = DIRECTION('',(1.,0.,0.));
#5917 = DIRECTION('',(0.,0.,1.));
#5918 = ADVANCED_FACE('',(#5919),#5937,.F.);
#5919 = FACE_BOUND('',#5920,.F.);
#5920 = EDGE_LOOP('',(#5921,#5922,#5930,#5936));
#5921 = ORIENTED_EDGE('',*,*,#5867,.F.);
#5922 = ORIENTED_EDGE('',*,*,#5923,.T.);
#5923 = EDGE_CURVE('',#5859,#5924,#5926,.T.);
#5924 = VERTEX_POINT('',#5925);
#5925 = CARTESIAN_POINT('',(39.6,83.4,-19.4));
#5926 = LINE('',#5927,#5928);
#5927 = CARTESIAN_POINT('',(39.6,83.4,-22.6));
#5928 = VECTOR('',#5929,1.);
#5929 = DIRECTION('',(0.,0.,1.));
#5930 = ORIENTED_EDGE('',*,*,#5931,.T.);
#5931 = EDGE_CURVE('',#5924,#1517,#5932,.T.);
#5932 = LINE('',#5933,#5934);
#5933 = CARTESIAN_POINT('',(39.6,83.4,-19.4));
#5934 = VECTOR('',#5935,1.);
#5935 = DIRECTION('',(1.,0.,0.));
#5936 = ORIENTED_EDGE('',*,*,#1525,.F.);
#5937 = PLANE('',#5938);
#5938 = AXIS2_PLACEMENT_3D('',#5939,#5940,#5941);
#5939 = CARTESIAN_POINT('',(39.6,83.4,-22.6));
#5940 = DIRECTION('',(0.,1.,0.));
#5941 = DIRECTION('',(0.,0.,1.));
#5942 = ADVANCED_FACE('',(#5943),#6019,.F.);
#5943 = FACE_BOUND('',#5944,.F.);
#5944 = EDGE_LOOP('',(#5945,#5954,#5963,#5969,#5970,#5978,#5987,#5993,
    #5994,#6002,#6011,#6017,#6018));
#5945 = ORIENTED_EDGE('',*,*,#5946,.T.);
#5946 = EDGE_CURVE('',#5924,#5947,#5949,.T.);
#5947 = VERTEX_POINT('',#5948);
#5948 = CARTESIAN_POINT('',(39.6,80.,-16.));
#5949 = CIRCLE('',#5950,3.4);
#5950 = AXIS2_PLACEMENT_3D('',#5951,#5952,#5953);
#5951 = CARTESIAN_POINT('',(39.6,80.,-19.4));
#5952 = DIRECTION('',(1.,0.,-0.));
#5953 = DIRECTION('',(0.,0.,1.));
#5954 = ORIENTED_EDGE('',*,*,#5955,.T.);
#5955 = EDGE_CURVE('',#5947,#5956,#5958,.T.);
#5956 = VERTEX_POINT('',#5957);
#5957 = CARTESIAN_POINT('',(39.6,76.6,-19.4));
#5958 = CIRCLE('',#5959,3.4);
#5959 = AXIS2_PLACEMENT_3D('',#5960,#5961,#5962);
#5960 = CARTESIAN_POINT('',(39.6,80.,-19.4));
#5961 = DIRECTION('',(1.,0.,-0.));
#5962 = DIRECTION('',(0.,0.,1.));
#5963 = ORIENTED_EDGE('',*,*,#5964,.T.);
#5964 = EDGE_CURVE('',#5956,#1459,#5965,.T.);
#5965 = LINE('',#5966,#5967);
#5966 = CARTESIAN_POINT('',(39.6,76.6,-19.4));
#5967 = VECTOR('',#5968,1.);
#5968 = DIRECTION('',(1.,0.,0.));
#5969 = ORIENTED_EDGE('',*,*,#1466,.F.);
#5970 = ORIENTED_EDGE('',*,*,#5971,.T.);
#5971 = EDGE_CURVE('',#1467,#5972,#5974,.T.);
#5972 = VERTEX_POINT('',#5973);
#5973 = CARTESIAN_POINT('',(41.3,77.,-17.8));
#5974 = LINE('',#5975,#5976);
#5975 = CARTESIAN_POINT('',(39.6,77.,-17.8));
#5976 = VECTOR('',#5977,1.);
#5977 = DIRECTION('',(1.,0.,0.));
#5978 = ORIENTED_EDGE('',*,*,#5979,.F.);
#5979 = EDGE_CURVE('',#5980,#5972,#5982,.T.);
#5980 = VERTEX_POINT('',#5981);
#5981 = CARTESIAN_POINT('',(41.3,77.591681084241,-17.));
#5982 = CIRCLE('',#5983,3.4);
#5983 = AXIS2_PLACEMENT_3D('',#5984,#5985,#5986);
#5984 = CARTESIAN_POINT('',(41.3,80.,-19.4));
#5985 = DIRECTION('',(1.,0.,-0.));
#5986 = DIRECTION('',(0.,0.,1.));
#5987 = ORIENTED_EDGE('',*,*,#5988,.F.);
#5988 = EDGE_CURVE('',#1484,#5980,#5989,.T.);
#5989 = LINE('',#5990,#5991);
#5990 = CARTESIAN_POINT('',(39.6,77.591681084242,-17.));
#5991 = VECTOR('',#5992,1.);
#5992 = DIRECTION('',(1.,0.,0.));
#5993 = ORIENTED_EDGE('',*,*,#1491,.F.);
#5994 = ORIENTED_EDGE('',*,*,#5995,.T.);
#5995 = EDGE_CURVE('',#1492,#5996,#5998,.T.);
#5996 = VERTEX_POINT('',#5997);
#5997 = CARTESIAN_POINT('',(41.3,82.408318915759,-17.));
#5998 = LINE('',#5999,#6000);
#5999 = CARTESIAN_POINT('',(39.6,82.408318915758,-17.));
#6000 = VECTOR('',#6001,1.);
#6001 = DIRECTION('',(1.,0.,0.));
#6002 = ORIENTED_EDGE('',*,*,#6003,.F.);
#6003 = EDGE_CURVE('',#6004,#5996,#6006,.T.);
#6004 = VERTEX_POINT('',#6005);
#6005 = CARTESIAN_POINT('',(41.3,83.,-17.8));
#6006 = CIRCLE('',#6007,3.4);
#6007 = AXIS2_PLACEMENT_3D('',#6008,#6009,#6010);
#6008 = CARTESIAN_POINT('',(41.3,80.,-19.4));
#6009 = DIRECTION('',(1.,0.,-0.));
#6010 = DIRECTION('',(0.,0.,1.));
#6011 = ORIENTED_EDGE('',*,*,#6012,.F.);
#6012 = EDGE_CURVE('',#1509,#6004,#6013,.T.);
#6013 = LINE('',#6014,#6015);
#6014 = CARTESIAN_POINT('',(39.6,83.,-17.8));
#6015 = VECTOR('',#6016,1.);
#6016 = DIRECTION('',(1.,0.,0.));
#6017 = ORIENTED_EDGE('',*,*,#1516,.F.);
#6018 = ORIENTED_EDGE('',*,*,#5931,.F.);
#6019 = CYLINDRICAL_SURFACE('',#6020,3.4);
#6020 = AXIS2_PLACEMENT_3D('',#6021,#6022,#6023);
#6021 = CARTESIAN_POINT('',(39.6,80.,-19.4));
#6022 = DIRECTION('',(1.,0.,0.));
#6023 = DIRECTION('',(0.,0.,1.));
#6024 = ADVANCED_FACE('',(#6025),#6043,.T.);
#6025 = FACE_BOUND('',#6026,.T.);
#6026 = EDGE_LOOP('',(#6027,#6028,#6029,#6037));
#6027 = ORIENTED_EDGE('',*,*,#6012,.F.);
#6028 = ORIENTED_EDGE('',*,*,#1508,.T.);
#6029 = ORIENTED_EDGE('',*,*,#6030,.T.);
#6030 = EDGE_CURVE('',#1501,#6031,#6033,.T.);
#6031 = VERTEX_POINT('',#6032);
#6032 = CARTESIAN_POINT('',(41.3,83.,-17.));
#6033 = LINE('',#6034,#6035);
#6034 = CARTESIAN_POINT('',(35.8,83.,-17.));
#6035 = VECTOR('',#6036,1.);
#6036 = DIRECTION('',(1.,0.,0.));
#6037 = ORIENTED_EDGE('',*,*,#6038,.F.);
#6038 = EDGE_CURVE('',#6004,#6031,#6039,.T.);
#6039 = LINE('',#6040,#6041);
#6040 = CARTESIAN_POINT('',(41.3,83.,-25.));
#6041 = VECTOR('',#6042,1.);
#6042 = DIRECTION('',(0.,0.,1.));
#6043 = PLANE('',#6044);
#6044 = AXIS2_PLACEMENT_3D('',#6045,#6046,#6047);
#6045 = CARTESIAN_POINT('',(35.8,83.,-25.));
#6046 = DIRECTION('',(0.,1.,0.));
#6047 = DIRECTION('',(0.,0.,1.));
#6048 = ADVANCED_FACE('',(#6049),#6060,.T.);
#6049 = FACE_BOUND('',#6050,.T.);
#6050 = EDGE_LOOP('',(#6051,#6052,#6053,#6054));
#6051 = ORIENTED_EDGE('',*,*,#6030,.F.);
#6052 = ORIENTED_EDGE('',*,*,#1500,.T.);
#6053 = ORIENTED_EDGE('',*,*,#5995,.T.);
#6054 = ORIENTED_EDGE('',*,*,#6055,.T.);
#6055 = EDGE_CURVE('',#5996,#6031,#6056,.T.);
#6056 = LINE('',#6057,#6058);
#6057 = CARTESIAN_POINT('',(41.3,77.,-17.));
#6058 = VECTOR('',#6059,1.);
#6059 = DIRECTION('',(0.,1.,0.));
#6060 = PLANE('',#6061);
#6061 = AXIS2_PLACEMENT_3D('',#6062,#6063,#6064);
#6062 = CARTESIAN_POINT('',(35.8,77.,-17.));
#6063 = DIRECTION('',(0.,0.,1.));
#6064 = DIRECTION('',(1.,0.,0.));
#6065 = ADVANCED_FACE('',(#6066),#6084,.T.);
#6066 = FACE_BOUND('',#6067,.T.);
#6067 = EDGE_LOOP('',(#6068,#6069,#6070,#6078));
#6068 = ORIENTED_EDGE('',*,*,#5988,.F.);
#6069 = ORIENTED_EDGE('',*,*,#1483,.T.);
#6070 = ORIENTED_EDGE('',*,*,#6071,.T.);
#6071 = EDGE_CURVE('',#1476,#6072,#6074,.T.);
#6072 = VERTEX_POINT('',#6073);
#6073 = CARTESIAN_POINT('',(41.3,77.,-17.));
#6074 = LINE('',#6075,#6076);
#6075 = CARTESIAN_POINT('',(35.8,77.,-17.));
#6076 = VECTOR('',#6077,1.);
#6077 = DIRECTION('',(1.,0.,0.));
#6078 = ORIENTED_EDGE('',*,*,#6079,.T.);
#6079 = EDGE_CURVE('',#6072,#5980,#6080,.T.);
#6080 = LINE('',#6081,#6082);
#6081 = CARTESIAN_POINT('',(41.3,77.,-17.));
#6082 = VECTOR('',#6083,1.);
#6083 = DIRECTION('',(0.,1.,0.));
#6084 = PLANE('',#6085);
#6085 = AXIS2_PLACEMENT_3D('',#6086,#6087,#6088);
#6086 = CARTESIAN_POINT('',(35.8,77.,-17.));
#6087 = DIRECTION('',(0.,0.,1.));
#6088 = DIRECTION('',(1.,0.,0.));
#6089 = ADVANCED_FACE('',(#6090),#6101,.F.);
#6090 = FACE_BOUND('',#6091,.F.);
#6091 = EDGE_LOOP('',(#6092,#6093,#6094,#6095));
#6092 = ORIENTED_EDGE('',*,*,#5971,.F.);
#6093 = ORIENTED_EDGE('',*,*,#1475,.T.);
#6094 = ORIENTED_EDGE('',*,*,#6071,.T.);
#6095 = ORIENTED_EDGE('',*,*,#6096,.F.);
#6096 = EDGE_CURVE('',#5972,#6072,#6097,.T.);
#6097 = LINE('',#6098,#6099);
#6098 = CARTESIAN_POINT('',(41.3,77.,-25.));
#6099 = VECTOR('',#6100,1.);
#6100 = DIRECTION('',(0.,0.,1.));
#6101 = PLANE('',#6102);
#6102 = AXIS2_PLACEMENT_3D('',#6103,#6104,#6105);
#6103 = CARTESIAN_POINT('',(35.8,77.,-25.));
#6104 = DIRECTION('',(0.,1.,0.));
#6105 = DIRECTION('',(0.,0.,1.));
#6106 = ADVANCED_FACE('',(#6107),#6118,.T.);
#6107 = FACE_BOUND('',#6108,.T.);
#6108 = EDGE_LOOP('',(#6109,#6110,#6116,#6117));
#6109 = ORIENTED_EDGE('',*,*,#5850,.F.);
#6110 = ORIENTED_EDGE('',*,*,#6111,.T.);
#6111 = EDGE_CURVE('',#5851,#5956,#6112,.T.);
#6112 = LINE('',#6113,#6114);
#6113 = CARTESIAN_POINT('',(39.6,76.6,-22.6));
#6114 = VECTOR('',#6115,1.);
#6115 = DIRECTION('',(0.,0.,1.));
#6116 = ORIENTED_EDGE('',*,*,#5964,.T.);
#6117 = ORIENTED_EDGE('',*,*,#1458,.F.);
#6118 = PLANE('',#6119);
#6119 = AXIS2_PLACEMENT_3D('',#6120,#6121,#6122);
#6120 = CARTESIAN_POINT('',(39.6,76.6,-22.6));
#6121 = DIRECTION('',(0.,1.,0.));
#6122 = DIRECTION('',(0.,0.,1.));
#6123 = ADVANCED_FACE('',(#6124),#6142,.F.);
#6124 = FACE_BOUND('',#6125,.F.);
#6125 = EDGE_LOOP('',(#6126,#6134,#6135,#6136));
#6126 = ORIENTED_EDGE('',*,*,#6127,.F.);
#6127 = EDGE_CURVE('',#1434,#6128,#6130,.T.);
#6128 = VERTEX_POINT('',#6129);
#6129 = CARTESIAN_POINT('',(41.3,77.,-25.));
#6130 = LINE('',#6131,#6132);
#6131 = CARTESIAN_POINT('',(35.8,77.,-25.));
#6132 = VECTOR('',#6133,1.);
#6133 = DIRECTION('',(1.,0.,0.));
#6134 = ORIENTED_EDGE('',*,*,#1441,.T.);
#6135 = ORIENTED_EDGE('',*,*,#5908,.T.);
#6136 = ORIENTED_EDGE('',*,*,#6137,.F.);
#6137 = EDGE_CURVE('',#6128,#5900,#6138,.T.);
#6138 = LINE('',#6139,#6140);
#6139 = CARTESIAN_POINT('',(41.3,77.,-25.));
#6140 = VECTOR('',#6141,1.);
#6141 = DIRECTION('',(0.,0.,1.));
#6142 = PLANE('',#6143);
#6143 = AXIS2_PLACEMENT_3D('',#6144,#6145,#6146);
#6144 = CARTESIAN_POINT('',(35.8,77.,-25.));
#6145 = DIRECTION('',(0.,1.,0.));
#6146 = DIRECTION('',(0.,0.,1.));
#6147 = ADVANCED_FACE('',(#6148),#6159,.F.);
#6148 = FACE_BOUND('',#6149,.F.);
#6149 = EDGE_LOOP('',(#6150,#6151,#6152,#6153));
#6150 = ORIENTED_EDGE('',*,*,#5891,.F.);
#6151 = ORIENTED_EDGE('',*,*,#1433,.T.);
#6152 = ORIENTED_EDGE('',*,*,#6127,.T.);
#6153 = ORIENTED_EDGE('',*,*,#6154,.T.);
#6154 = EDGE_CURVE('',#6128,#5892,#6155,.T.);
#6155 = LINE('',#6156,#6157);
#6156 = CARTESIAN_POINT('',(41.3,77.,-25.));
#6157 = VECTOR('',#6158,1.);
#6158 = DIRECTION('',(0.,1.,0.));
#6159 = PLANE('',#6160);
#6160 = AXIS2_PLACEMENT_3D('',#6161,#6162,#6163);
#6161 = CARTESIAN_POINT('',(35.8,77.,-25.));
#6162 = DIRECTION('',(0.,0.,1.));
#6163 = DIRECTION('',(1.,0.,0.));
#6164 = ADVANCED_FACE('',(#6165),#6176,.F.);
#6165 = FACE_BOUND('',#6166,.F.);
#6166 = EDGE_LOOP('',(#6167,#6168,#6169,#6170));
#6167 = ORIENTED_EDGE('',*,*,#5818,.F.);
#6168 = ORIENTED_EDGE('',*,*,#1416,.T.);
#6169 = ORIENTED_EDGE('',*,*,#5884,.T.);
#6170 = ORIENTED_EDGE('',*,*,#6171,.T.);
#6171 = EDGE_CURVE('',#5876,#5819,#6172,.T.);
#6172 = LINE('',#6173,#6174);
#6173 = CARTESIAN_POINT('',(41.3,77.,-25.));
#6174 = VECTOR('',#6175,1.);
#6175 = DIRECTION('',(0.,1.,0.));
#6176 = PLANE('',#6177);
#6177 = AXIS2_PLACEMENT_3D('',#6178,#6179,#6180);
#6178 = CARTESIAN_POINT('',(35.8,77.,-25.));
#6179 = DIRECTION('',(0.,0.,1.));
#6180 = DIRECTION('',(1.,0.,0.));
#6181 = ADVANCED_FACE('',(#6182),#6207,.T.);
#6182 = FACE_BOUND('',#6183,.T.);
#6183 = EDGE_LOOP('',(#6184,#6192,#6193,#6201));
#6184 = ORIENTED_EDGE('',*,*,#6185,.F.);
#6185 = EDGE_CURVE('',#1543,#6186,#6188,.T.);
#6186 = VERTEX_POINT('',#6187);
#6187 = CARTESIAN_POINT('',(41.3,71.,-25.));
#6188 = LINE('',#6189,#6190);
#6189 = CARTESIAN_POINT('',(35.8,71.,-25.));
#6190 = VECTOR('',#6191,1.);
#6191 = DIRECTION('',(1.,0.,0.));
#6192 = ORIENTED_EDGE('',*,*,#1542,.T.);
#6193 = ORIENTED_EDGE('',*,*,#6194,.T.);
#6194 = EDGE_CURVE('',#1545,#6195,#6197,.T.);
#6195 = VERTEX_POINT('',#6196);
#6196 = CARTESIAN_POINT('',(41.3,71.,-24.2));
#6197 = LINE('',#6198,#6199);
#6198 = CARTESIAN_POINT('',(39.6,71.,-24.2));
#6199 = VECTOR('',#6200,1.);
#6200 = DIRECTION('',(1.,0.,0.));
#6201 = ORIENTED_EDGE('',*,*,#6202,.F.);
#6202 = EDGE_CURVE('',#6186,#6195,#6203,.T.);
#6203 = LINE('',#6204,#6205);
#6204 = CARTESIAN_POINT('',(41.3,71.,-25.));
#6205 = VECTOR('',#6206,1.);
#6206 = DIRECTION('',(0.,0.,1.));
#6207 = PLANE('',#6208);
#6208 = AXIS2_PLACEMENT_3D('',#6209,#6210,#6211);
#6209 = CARTESIAN_POINT('',(35.8,71.,-25.));
#6210 = DIRECTION('',(0.,1.,0.));
#6211 = DIRECTION('',(0.,0.,1.));
#6212 = ADVANCED_FACE('',(#6213),#6280,.F.);
#6213 = FACE_BOUND('',#6214,.F.);
#6214 = EDGE_LOOP('',(#6215,#6216,#6224,#6233,#6239,#6240,#6241,#6250,
    #6256,#6257,#6265,#6274));
#6215 = ORIENTED_EDGE('',*,*,#1585,.F.);
#6216 = ORIENTED_EDGE('',*,*,#6217,.F.);
#6217 = EDGE_CURVE('',#6218,#1586,#6220,.T.);
#6218 = VERTEX_POINT('',#6219);
#6219 = CARTESIAN_POINT('',(39.6,64.6,-22.6));
#6220 = LINE('',#6221,#6222);
#6221 = CARTESIAN_POINT('',(39.6,64.6,-22.6));
#6222 = VECTOR('',#6223,1.);
#6223 = DIRECTION('',(1.,0.,0.));
#6224 = ORIENTED_EDGE('',*,*,#6225,.T.);
#6225 = EDGE_CURVE('',#6218,#6226,#6228,.T.);
#6226 = VERTEX_POINT('',#6227);
#6227 = CARTESIAN_POINT('',(39.6,71.4,-22.6));
#6228 = CIRCLE('',#6229,3.4);
#6229 = AXIS2_PLACEMENT_3D('',#6230,#6231,#6232);
#6230 = CARTESIAN_POINT('',(39.6,68.,-22.6));
#6231 = DIRECTION('',(1.,0.,-0.));
#6232 = DIRECTION('',(0.,0.,1.));
#6233 = ORIENTED_EDGE('',*,*,#6234,.T.);
#6234 = EDGE_CURVE('',#6226,#1662,#6235,.T.);
#6235 = LINE('',#6236,#6237);
#6236 = CARTESIAN_POINT('',(39.6,71.4,-22.6));
#6237 = VECTOR('',#6238,1.);
#6238 = DIRECTION('',(1.,0.,0.));
#6239 = ORIENTED_EDGE('',*,*,#1669,.F.);
#6240 = ORIENTED_EDGE('',*,*,#6194,.T.);
#6241 = ORIENTED_EDGE('',*,*,#6242,.F.);
#6242 = EDGE_CURVE('',#6243,#6195,#6245,.T.);
#6243 = VERTEX_POINT('',#6244);
#6244 = CARTESIAN_POINT('',(41.3,70.408318915758,-25.));
#6245 = CIRCLE('',#6246,3.4);
#6246 = AXIS2_PLACEMENT_3D('',#6247,#6248,#6249);
#6247 = CARTESIAN_POINT('',(41.3,68.,-22.6));
#6248 = DIRECTION('',(1.,0.,-0.));
#6249 = DIRECTION('',(0.,0.,1.));
#6250 = ORIENTED_EDGE('',*,*,#6251,.F.);
#6251 = EDGE_CURVE('',#1553,#6243,#6252,.T.);
#6252 = LINE('',#6253,#6254);
#6253 = CARTESIAN_POINT('',(39.6,70.408318915758,-25.));
#6254 = VECTOR('',#6255,1.);
#6255 = DIRECTION('',(1.,0.,0.));
#6256 = ORIENTED_EDGE('',*,*,#1560,.F.);
#6257 = ORIENTED_EDGE('',*,*,#6258,.T.);
#6258 = EDGE_CURVE('',#1561,#6259,#6261,.T.);
#6259 = VERTEX_POINT('',#6260);
#6260 = CARTESIAN_POINT('',(41.3,65.591681084242,-25.));
#6261 = LINE('',#6262,#6263);
#6262 = CARTESIAN_POINT('',(39.6,65.591681084242,-25.));
#6263 = VECTOR('',#6264,1.);
#6264 = DIRECTION('',(1.,0.,0.));
#6265 = ORIENTED_EDGE('',*,*,#6266,.F.);
#6266 = EDGE_CURVE('',#6267,#6259,#6269,.T.);
#6267 = VERTEX_POINT('',#6268);
#6268 = CARTESIAN_POINT('',(41.3,65.,-24.2));
#6269 = CIRCLE('',#6270,3.4);
#6270 = AXIS2_PLACEMENT_3D('',#6271,#6272,#6273);
#6271 = CARTESIAN_POINT('',(41.3,68.,-22.6));
#6272 = DIRECTION('',(1.,0.,-0.));
#6273 = DIRECTION('',(0.,0.,1.));
#6274 = ORIENTED_EDGE('',*,*,#6275,.F.);
#6275 = EDGE_CURVE('',#1578,#6267,#6276,.T.);
#6276 = LINE('',#6277,#6278);
#6277 = CARTESIAN_POINT('',(39.6,65.,-24.2));
#6278 = VECTOR('',#6279,1.);
#6279 = DIRECTION('',(1.,0.,0.));
#6280 = CYLINDRICAL_SURFACE('',#6281,3.4);
#6281 = AXIS2_PLACEMENT_3D('',#6282,#6283,#6284);
#6282 = CARTESIAN_POINT('',(39.6,68.,-22.6));
#6283 = DIRECTION('',(1.,0.,0.));
#6284 = DIRECTION('',(0.,0.,1.));
#6285 = ADVANCED_FACE('',(#6286),#6304,.F.);
#6286 = FACE_BOUND('',#6287,.F.);
#6287 = EDGE_LOOP('',(#6288,#6289,#6297,#6303));
#6288 = ORIENTED_EDGE('',*,*,#6234,.F.);
#6289 = ORIENTED_EDGE('',*,*,#6290,.T.);
#6290 = EDGE_CURVE('',#6226,#6291,#6293,.T.);
#6291 = VERTEX_POINT('',#6292);
#6292 = CARTESIAN_POINT('',(39.6,71.4,-19.4));
#6293 = LINE('',#6294,#6295);
#6294 = CARTESIAN_POINT('',(39.6,71.4,-22.6));
#6295 = VECTOR('',#6296,1.);
#6296 = DIRECTION('',(0.,0.,1.));
#6297 = ORIENTED_EDGE('',*,*,#6298,.T.);
#6298 = EDGE_CURVE('',#6291,#1653,#6299,.T.);
#6299 = LINE('',#6300,#6301);
#6300 = CARTESIAN_POINT('',(39.6,71.4,-19.4));
#6301 = VECTOR('',#6302,1.);
#6302 = DIRECTION('',(1.,0.,0.));
#6303 = ORIENTED_EDGE('',*,*,#1661,.F.);
#6304 = PLANE('',#6305);
#6305 = AXIS2_PLACEMENT_3D('',#6306,#6307,#6308);
#6306 = CARTESIAN_POINT('',(39.6,71.4,-22.6));
#6307 = DIRECTION('',(0.,1.,0.));
#6308 = DIRECTION('',(0.,0.,1.));
#6309 = ADVANCED_FACE('',(#6310),#6386,.F.);
#6310 = FACE_BOUND('',#6311,.F.);
#6311 = EDGE_LOOP('',(#6312,#6321,#6330,#6336,#6337,#6345,#6354,#6360,
    #6361,#6369,#6378,#6384,#6385));
#6312 = ORIENTED_EDGE('',*,*,#6313,.T.);
#6313 = EDGE_CURVE('',#6291,#6314,#6316,.T.);
#6314 = VERTEX_POINT('',#6315);
#6315 = CARTESIAN_POINT('',(39.6,68.,-16.));
#6316 = CIRCLE('',#6317,3.4);
#6317 = AXIS2_PLACEMENT_3D('',#6318,#6319,#6320);
#6318 = CARTESIAN_POINT('',(39.6,68.,-19.4));
#6319 = DIRECTION('',(1.,0.,-0.));
#6320 = DIRECTION('',(0.,0.,1.));
#6321 = ORIENTED_EDGE('',*,*,#6322,.T.);
#6322 = EDGE_CURVE('',#6314,#6323,#6325,.T.);
#6323 = VERTEX_POINT('',#6324);
#6324 = CARTESIAN_POINT('',(39.6,64.6,-19.4));
#6325 = CIRCLE('',#6326,3.4);
#6326 = AXIS2_PLACEMENT_3D('',#6327,#6328,#6329);
#6327 = CARTESIAN_POINT('',(39.6,68.,-19.4));
#6328 = DIRECTION('',(1.,0.,-0.));
#6329 = DIRECTION('',(0.,0.,1.));
#6330 = ORIENTED_EDGE('',*,*,#6331,.T.);
#6331 = EDGE_CURVE('',#6323,#1595,#6332,.T.);
#6332 = LINE('',#6333,#6334);
#6333 = CARTESIAN_POINT('',(39.6,64.6,-19.4));
#6334 = VECTOR('',#6335,1.);
#6335 = DIRECTION('',(1.,0.,0.));
#6336 = ORIENTED_EDGE('',*,*,#1602,.F.);
#6337 = ORIENTED_EDGE('',*,*,#6338,.T.);
#6338 = EDGE_CURVE('',#1603,#6339,#6341,.T.);
#6339 = VERTEX_POINT('',#6340);
#6340 = CARTESIAN_POINT('',(41.3,65.,-17.8));
#6341 = LINE('',#6342,#6343);
#6342 = CARTESIAN_POINT('',(39.6,65.,-17.8));
#6343 = VECTOR('',#6344,1.);
#6344 = DIRECTION('',(1.,0.,0.));
#6345 = ORIENTED_EDGE('',*,*,#6346,.F.);
#6346 = EDGE_CURVE('',#6347,#6339,#6349,.T.);
#6347 = VERTEX_POINT('',#6348);
#6348 = CARTESIAN_POINT('',(41.3,65.591681084241,-17.));
#6349 = CIRCLE('',#6350,3.4);
#6350 = AXIS2_PLACEMENT_3D('',#6351,#6352,#6353);
#6351 = CARTESIAN_POINT('',(41.3,68.,-19.4));
#6352 = DIRECTION('',(1.,0.,-0.));
#6353 = DIRECTION('',(0.,0.,1.));
#6354 = ORIENTED_EDGE('',*,*,#6355,.F.);
#6355 = EDGE_CURVE('',#1620,#6347,#6356,.T.);
#6356 = LINE('',#6357,#6358);
#6357 = CARTESIAN_POINT('',(39.6,65.591681084242,-17.));
#6358 = VECTOR('',#6359,1.);
#6359 = DIRECTION('',(1.,0.,0.));
#6360 = ORIENTED_EDGE('',*,*,#1627,.F.);
#6361 = ORIENTED_EDGE('',*,*,#6362,.T.);
#6362 = EDGE_CURVE('',#1628,#6363,#6365,.T.);
#6363 = VERTEX_POINT('',#6364);
#6364 = CARTESIAN_POINT('',(41.3,70.408318915759,-17.));
#6365 = LINE('',#6366,#6367);
#6366 = CARTESIAN_POINT('',(39.6,70.408318915758,-17.));
#6367 = VECTOR('',#6368,1.);
#6368 = DIRECTION('',(1.,0.,0.));
#6369 = ORIENTED_EDGE('',*,*,#6370,.F.);
#6370 = EDGE_CURVE('',#6371,#6363,#6373,.T.);
#6371 = VERTEX_POINT('',#6372);
#6372 = CARTESIAN_POINT('',(41.3,71.,-17.8));
#6373 = CIRCLE('',#6374,3.4);
#6374 = AXIS2_PLACEMENT_3D('',#6375,#6376,#6377);
#6375 = CARTESIAN_POINT('',(41.3,68.,-19.4));
#6376 = DIRECTION('',(1.,0.,-0.));
#6377 = DIRECTION('',(0.,0.,1.));
#6378 = ORIENTED_EDGE('',*,*,#6379,.F.);
#6379 = EDGE_CURVE('',#1645,#6371,#6380,.T.);
#6380 = LINE('',#6381,#6382);
#6381 = CARTESIAN_POINT('',(39.6,71.,-17.8));
#6382 = VECTOR('',#6383,1.);
#6383 = DIRECTION('',(1.,0.,0.));
#6384 = ORIENTED_EDGE('',*,*,#1652,.F.);
#6385 = ORIENTED_EDGE('',*,*,#6298,.F.);
#6386 = CYLINDRICAL_SURFACE('',#6387,3.4);
#6387 = AXIS2_PLACEMENT_3D('',#6388,#6389,#6390);
#6388 = CARTESIAN_POINT('',(39.6,68.,-19.4));
#6389 = DIRECTION('',(1.,0.,0.));
#6390 = DIRECTION('',(0.,0.,1.));
#6391 = ADVANCED_FACE('',(#6392),#6410,.T.);
#6392 = FACE_BOUND('',#6393,.T.);
#6393 = EDGE_LOOP('',(#6394,#6395,#6396,#6404));
#6394 = ORIENTED_EDGE('',*,*,#6379,.F.);
#6395 = ORIENTED_EDGE('',*,*,#1644,.T.);
#6396 = ORIENTED_EDGE('',*,*,#6397,.T.);
#6397 = EDGE_CURVE('',#1637,#6398,#6400,.T.);
#6398 = VERTEX_POINT('',#6399);
#6399 = CARTESIAN_POINT('',(41.3,71.,-17.));
#6400 = LINE('',#6401,#6402);
#6401 = CARTESIAN_POINT('',(35.8,71.,-17.));
#6402 = VECTOR('',#6403,1.);
#6403 = DIRECTION('',(1.,0.,0.));
#6404 = ORIENTED_EDGE('',*,*,#6405,.F.);
#6405 = EDGE_CURVE('',#6371,#6398,#6406,.T.);
#6406 = LINE('',#6407,#6408);
#6407 = CARTESIAN_POINT('',(41.3,71.,-25.));
#6408 = VECTOR('',#6409,1.);
#6409 = DIRECTION('',(0.,0.,1.));
#6410 = PLANE('',#6411);
#6411 = AXIS2_PLACEMENT_3D('',#6412,#6413,#6414);
#6412 = CARTESIAN_POINT('',(35.8,71.,-25.));
#6413 = DIRECTION('',(0.,1.,0.));
#6414 = DIRECTION('',(0.,0.,1.));
#6415 = ADVANCED_FACE('',(#6416),#6427,.T.);
#6416 = FACE_BOUND('',#6417,.T.);
#6417 = EDGE_LOOP('',(#6418,#6419,#6420,#6421));
#6418 = ORIENTED_EDGE('',*,*,#6397,.F.);
#6419 = ORIENTED_EDGE('',*,*,#1636,.T.);
#6420 = ORIENTED_EDGE('',*,*,#6362,.T.);
#6421 = ORIENTED_EDGE('',*,*,#6422,.T.);
#6422 = EDGE_CURVE('',#6363,#6398,#6423,.T.);
#6423 = LINE('',#6424,#6425);
#6424 = CARTESIAN_POINT('',(41.3,65.,-17.));
#6425 = VECTOR('',#6426,1.);
#6426 = DIRECTION('',(0.,1.,0.));
#6427 = PLANE('',#6428);
#6428 = AXIS2_PLACEMENT_3D('',#6429,#6430,#6431);
#6429 = CARTESIAN_POINT('',(35.8,65.,-17.));
#6430 = DIRECTION('',(0.,0.,1.));
#6431 = DIRECTION('',(1.,0.,0.));
#6432 = ADVANCED_FACE('',(#6433),#6451,.T.);
#6433 = FACE_BOUND('',#6434,.T.);
#6434 = EDGE_LOOP('',(#6435,#6436,#6437,#6445));
#6435 = ORIENTED_EDGE('',*,*,#6355,.F.);
#6436 = ORIENTED_EDGE('',*,*,#1619,.T.);
#6437 = ORIENTED_EDGE('',*,*,#6438,.T.);
#6438 = EDGE_CURVE('',#1612,#6439,#6441,.T.);
#6439 = VERTEX_POINT('',#6440);
#6440 = CARTESIAN_POINT('',(41.3,65.,-17.));
#6441 = LINE('',#6442,#6443);
#6442 = CARTESIAN_POINT('',(35.8,65.,-17.));
#6443 = VECTOR('',#6444,1.);
#6444 = DIRECTION('',(1.,0.,0.));
#6445 = ORIENTED_EDGE('',*,*,#6446,.T.);
#6446 = EDGE_CURVE('',#6439,#6347,#6447,.T.);
#6447 = LINE('',#6448,#6449);
#6448 = CARTESIAN_POINT('',(41.3,65.,-17.));
#6449 = VECTOR('',#6450,1.);
#6450 = DIRECTION('',(0.,1.,0.));
#6451 = PLANE('',#6452);
#6452 = AXIS2_PLACEMENT_3D('',#6453,#6454,#6455);
#6453 = CARTESIAN_POINT('',(35.8,65.,-17.));
#6454 = DIRECTION('',(0.,0.,1.));
#6455 = DIRECTION('',(1.,0.,0.));
#6456 = ADVANCED_FACE('',(#6457),#6468,.F.);
#6457 = FACE_BOUND('',#6458,.F.);
#6458 = EDGE_LOOP('',(#6459,#6460,#6461,#6462));
#6459 = ORIENTED_EDGE('',*,*,#6338,.F.);
#6460 = ORIENTED_EDGE('',*,*,#1611,.T.);
#6461 = ORIENTED_EDGE('',*,*,#6438,.T.);
#6462 = ORIENTED_EDGE('',*,*,#6463,.F.);
#6463 = EDGE_CURVE('',#6339,#6439,#6464,.T.);
#6464 = LINE('',#6465,#6466);
#6465 = CARTESIAN_POINT('',(41.3,65.,-25.));
#6466 = VECTOR('',#6467,1.);
#6467 = DIRECTION('',(0.,0.,1.));
#6468 = PLANE('',#6469);
#6469 = AXIS2_PLACEMENT_3D('',#6470,#6471,#6472);
#6470 = CARTESIAN_POINT('',(35.8,65.,-25.));
#6471 = DIRECTION('',(0.,1.,0.));
#6472 = DIRECTION('',(0.,0.,1.));
#6473 = ADVANCED_FACE('',(#6474),#6485,.T.);
#6474 = FACE_BOUND('',#6475,.T.);
#6475 = EDGE_LOOP('',(#6476,#6477,#6483,#6484));
#6476 = ORIENTED_EDGE('',*,*,#6217,.F.);
#6477 = ORIENTED_EDGE('',*,*,#6478,.T.);
#6478 = EDGE_CURVE('',#6218,#6323,#6479,.T.);
#6479 = LINE('',#6480,#6481);
#6480 = CARTESIAN_POINT('',(39.6,64.6,-22.6));
#6481 = VECTOR('',#6482,1.);
#6482 = DIRECTION('',(0.,0.,1.));
#6483 = ORIENTED_EDGE('',*,*,#6331,.T.);
#6484 = ORIENTED_EDGE('',*,*,#1594,.F.);
#6485 = PLANE('',#6486);
#6486 = AXIS2_PLACEMENT_3D('',#6487,#6488,#6489);
#6487 = CARTESIAN_POINT('',(39.6,64.6,-22.6));
#6488 = DIRECTION('',(0.,1.,0.));
#6489 = DIRECTION('',(0.,0.,1.));
#6490 = ADVANCED_FACE('',(#6491),#6509,.F.);
#6491 = FACE_BOUND('',#6492,.F.);
#6492 = EDGE_LOOP('',(#6493,#6501,#6502,#6503));
#6493 = ORIENTED_EDGE('',*,*,#6494,.F.);
#6494 = EDGE_CURVE('',#1570,#6495,#6497,.T.);
#6495 = VERTEX_POINT('',#6496);
#6496 = CARTESIAN_POINT('',(41.3,65.,-25.));
#6497 = LINE('',#6498,#6499);
#6498 = CARTESIAN_POINT('',(35.8,65.,-25.));
#6499 = VECTOR('',#6500,1.);
#6500 = DIRECTION('',(1.,0.,0.));
#6501 = ORIENTED_EDGE('',*,*,#1577,.T.);
#6502 = ORIENTED_EDGE('',*,*,#6275,.T.);
#6503 = ORIENTED_EDGE('',*,*,#6504,.F.);
#6504 = EDGE_CURVE('',#6495,#6267,#6505,.T.);
#6505 = LINE('',#6506,#6507);
#6506 = CARTESIAN_POINT('',(41.3,65.,-25.));
#6507 = VECTOR('',#6508,1.);
#6508 = DIRECTION('',(0.,0.,1.));
#6509 = PLANE('',#6510);
#6510 = AXIS2_PLACEMENT_3D('',#6511,#6512,#6513);
#6511 = CARTESIAN_POINT('',(35.8,65.,-25.));
#6512 = DIRECTION('',(0.,1.,0.));
#6513 = DIRECTION('',(0.,0.,1.));
#6514 = ADVANCED_FACE('',(#6515),#6526,.F.);
#6515 = FACE_BOUND('',#6516,.F.);
#6516 = EDGE_LOOP('',(#6517,#6518,#6519,#6520));
#6517 = ORIENTED_EDGE('',*,*,#6258,.F.);
#6518 = ORIENTED_EDGE('',*,*,#1569,.T.);
#6519 = ORIENTED_EDGE('',*,*,#6494,.T.);
#6520 = ORIENTED_EDGE('',*,*,#6521,.T.);
#6521 = EDGE_CURVE('',#6495,#6259,#6522,.T.);
#6522 = LINE('',#6523,#6524);
#6523 = CARTESIAN_POINT('',(41.3,65.,-25.));
#6524 = VECTOR('',#6525,1.);
#6525 = DIRECTION('',(0.,1.,0.));
#6526 = PLANE('',#6527);
#6527 = AXIS2_PLACEMENT_3D('',#6528,#6529,#6530);
#6528 = CARTESIAN_POINT('',(35.8,65.,-25.));
#6529 = DIRECTION('',(0.,0.,1.));
#6530 = DIRECTION('',(1.,0.,0.));
#6531 = ADVANCED_FACE('',(#6532),#6543,.F.);
#6532 = FACE_BOUND('',#6533,.F.);
#6533 = EDGE_LOOP('',(#6534,#6535,#6536,#6537));
#6534 = ORIENTED_EDGE('',*,*,#6185,.F.);
#6535 = ORIENTED_EDGE('',*,*,#1552,.T.);
#6536 = ORIENTED_EDGE('',*,*,#6251,.T.);
#6537 = ORIENTED_EDGE('',*,*,#6538,.T.);
#6538 = EDGE_CURVE('',#6243,#6186,#6539,.T.);
#6539 = LINE('',#6540,#6541);
#6540 = CARTESIAN_POINT('',(41.3,65.,-25.));
#6541 = VECTOR('',#6542,1.);
#6542 = DIRECTION('',(0.,1.,0.));
#6543 = PLANE('',#6544);
#6544 = AXIS2_PLACEMENT_3D('',#6545,#6546,#6547);
#6545 = CARTESIAN_POINT('',(35.8,65.,-25.));
#6546 = DIRECTION('',(0.,0.,1.));
#6547 = DIRECTION('',(1.,0.,0.));
#6548 = ADVANCED_FACE('',(#6549),#6574,.F.);
#6549 = FACE_BOUND('',#6550,.F.);
#6550 = EDGE_LOOP('',(#6551,#6561,#6567,#6568));
#6551 = ORIENTED_EDGE('',*,*,#6552,.F.);
#6552 = EDGE_CURVE('',#6553,#6555,#6557,.T.);
#6553 = VERTEX_POINT('',#6554);
#6554 = CARTESIAN_POINT('',(39.8,35.2,-1.3));
#6555 = VERTEX_POINT('',#6556);
#6556 = CARTESIAN_POINT('',(39.8,46.8,-1.3));
#6557 = LINE('',#6558,#6559);
#6558 = CARTESIAN_POINT('',(39.8,35.2,-1.3));
#6559 = VECTOR('',#6560,1.);
#6560 = DIRECTION('',(0.,1.,0.));
#6561 = ORIENTED_EDGE('',*,*,#6562,.T.);
#6562 = EDGE_CURVE('',#6553,#1681,#6563,.T.);
#6563 = LINE('',#6564,#6565);
#6564 = CARTESIAN_POINT('',(39.8,35.2,-1.3));
#6565 = VECTOR('',#6566,1.);
#6566 = DIRECTION('',(1.,0.,0.));
#6567 = ORIENTED_EDGE('',*,*,#1678,.F.);
#6568 = ORIENTED_EDGE('',*,*,#6569,.F.);
#6569 = EDGE_CURVE('',#6555,#1679,#6570,.T.);
#6570 = LINE('',#6571,#6572);
#6571 = CARTESIAN_POINT('',(39.8,46.8,-1.3));
#6572 = VECTOR('',#6573,1.);
#6573 = DIRECTION('',(1.,0.,0.));
#6574 = PLANE('',#6575);
#6575 = AXIS2_PLACEMENT_3D('',#6576,#6577,#6578);
#6576 = CARTESIAN_POINT('',(39.8,35.2,-1.3));
#6577 = DIRECTION('',(0.,0.,1.));
#6578 = DIRECTION('',(1.,0.,0.));
#6579 = ADVANCED_FACE('',(#6580),#6599,.F.);
#6580 = FACE_BOUND('',#6581,.F.);
#6581 = EDGE_LOOP('',(#6582,#6591,#6592,#6593));
#6582 = ORIENTED_EDGE('',*,*,#6583,.T.);
#6583 = EDGE_CURVE('',#6584,#6555,#6586,.T.);
#6584 = VERTEX_POINT('',#6585);
#6585 = CARTESIAN_POINT('',(39.8,46.8,-7.1));
#6586 = CIRCLE('',#6587,2.9);
#6587 = AXIS2_PLACEMENT_3D('',#6588,#6589,#6590);
#6588 = CARTESIAN_POINT('',(39.8,46.8,-4.2));
#6589 = DIRECTION('',(1.,0.,-0.));
#6590 = DIRECTION('',(0.,0.,1.));
#6591 = ORIENTED_EDGE('',*,*,#6569,.T.);
#6592 = ORIENTED_EDGE('',*,*,#1688,.F.);
#6593 = ORIENTED_EDGE('',*,*,#6594,.F.);
#6594 = EDGE_CURVE('',#6584,#1689,#6595,.T.);
#6595 = LINE('',#6596,#6597);
#6596 = CARTESIAN_POINT('',(39.8,46.8,-7.1));
#6597 = VECTOR('',#6598,1.);
#6598 = DIRECTION('',(1.,0.,0.));
#6599 = CYLINDRICAL_SURFACE('',#6600,2.9);
#6600 = AXIS2_PLACEMENT_3D('',#6601,#6602,#6603);
#6601 = CARTESIAN_POINT('',(39.8,46.8,-4.2));
#6602 = DIRECTION('',(1.,0.,0.));
#6603 = DIRECTION('',(0.,0.,1.));
#6604 = ADVANCED_FACE('',(#6605),#6630,.F.);
#6605 = FACE_BOUND('',#6606,.F.);
#6606 = EDGE_LOOP('',(#6607,#6608,#6609,#6618));
#6607 = ORIENTED_EDGE('',*,*,#1723,.F.);
#6608 = ORIENTED_EDGE('',*,*,#6562,.F.);
#6609 = ORIENTED_EDGE('',*,*,#6610,.T.);
#6610 = EDGE_CURVE('',#6553,#6611,#6613,.T.);
#6611 = VERTEX_POINT('',#6612);
#6612 = CARTESIAN_POINT('',(39.8,32.376474939088,-3.538406295071));
#6613 = CIRCLE('',#6614,2.9);
#6614 = AXIS2_PLACEMENT_3D('',#6615,#6616,#6617);
#6615 = CARTESIAN_POINT('',(39.8,35.2,-4.2));
#6616 = DIRECTION('',(1.,0.,-0.));
#6617 = DIRECTION('',(0.,0.,1.));
#6618 = ORIENTED_EDGE('',*,*,#6619,.F.);
#6619 = EDGE_CURVE('',#1715,#6611,#6620,.T.);
#6620 = B_SPLINE_CURVE_WITH_KNOTS('',8,(#6621,#6622,#6623,#6624,#6625,
    #6626,#6627,#6628,#6629),.UNSPECIFIED.,.F.,.F.,(9,9),(0.,1.),
  .PIECEWISE_BEZIER_KNOTS.);
#6621 = CARTESIAN_POINT('',(41.0000006,32.488309317351,-3.172024493659)
  );
#6622 = CARTESIAN_POINT('',(40.848838943407,32.473511469124,
    -3.211059652488));
#6623 = CARTESIAN_POINT('',(40.697906779664,32.45894059866,
    -3.251434066233));
#6624 = CARTESIAN_POINT('',(40.547203884676,32.444595611527,
    -3.293336972669));
#6625 = CARTESIAN_POINT('',(40.396767860799,32.430479051236,
    -3.337023137455));
#6626 = CARTESIAN_POINT('',(40.246665398825,32.416596065567,
    -3.382775179611));
#6627 = CARTESIAN_POINT('',(40.097027906908,32.40295693634,
    -3.431082067914));
#6628 = CARTESIAN_POINT('',(39.948023977515,32.389574519417,
    -3.482500372093));
#6629 = CARTESIAN_POINT('',(39.7999994,32.37647488599,-3.538406521679));
#6630 = CYLINDRICAL_SURFACE('',#6631,2.9);
#6631 = AXIS2_PLACEMENT_3D('',#6632,#6633,#6634);
#6632 = CARTESIAN_POINT('',(39.8,35.2,-4.2));
#6633 = DIRECTION('',(1.,0.,0.));
#6634 = DIRECTION('',(0.,0.,1.));
#6635 = ADVANCED_FACE('',(#6636),#6654,.T.);
#6636 = FACE_BOUND('',#6637,.T.);
#6637 = EDGE_LOOP('',(#6638,#6646,#6652,#6653));
#6638 = ORIENTED_EDGE('',*,*,#6639,.F.);
#6639 = EDGE_CURVE('',#6640,#6584,#6642,.T.);
#6640 = VERTEX_POINT('',#6641);
#6641 = CARTESIAN_POINT('',(39.8,35.2,-7.1));
#6642 = LINE('',#6643,#6644);
#6643 = CARTESIAN_POINT('',(39.8,35.2,-7.1));
#6644 = VECTOR('',#6645,1.);
#6645 = DIRECTION('',(0.,1.,0.));
#6646 = ORIENTED_EDGE('',*,*,#6647,.T.);
#6647 = EDGE_CURVE('',#6640,#1698,#6648,.T.);
#6648 = LINE('',#6649,#6650);
#6649 = CARTESIAN_POINT('',(39.8,35.2,-7.1));
#6650 = VECTOR('',#6651,1.);
#6651 = DIRECTION('',(1.,0.,0.));
#6652 = ORIENTED_EDGE('',*,*,#1697,.F.);
#6653 = ORIENTED_EDGE('',*,*,#6594,.F.);
#6654 = PLANE('',#6655);
#6655 = AXIS2_PLACEMENT_3D('',#6656,#6657,#6658);
#6656 = CARTESIAN_POINT('',(39.8,35.2,-7.1));
#6657 = DIRECTION('',(0.,0.,1.));
#6658 = DIRECTION('',(1.,0.,0.));
#6659 = ADVANCED_FACE('',(#6660),#6712,.F.);
#6660 = FACE_BOUND('',#6661,.F.);
#6661 = EDGE_LOOP('',(#6662,#6663,#6671,#6680,#6692,#6693,#6694,#6703));
#6662 = ORIENTED_EDGE('',*,*,#4326,.F.);
#6663 = ORIENTED_EDGE('',*,*,#6664,.F.);
#6664 = EDGE_CURVE('',#6665,#4318,#6667,.T.);
#6665 = VERTEX_POINT('',#6666);
#6666 = CARTESIAN_POINT('',(39.8,33.5,-5.503846153846));
#6667 = LINE('',#6668,#6669);
#6668 = CARTESIAN_POINT('',(41.5,33.5,-5.7));
#6669 = VECTOR('',#6670,1.);
#6670 = DIRECTION('',(-0.993408935871,-3.E-17,0.114624107985));
#6671 = ORIENTED_EDGE('',*,*,#6672,.T.);
#6672 = EDGE_CURVE('',#6665,#6673,#6675,.T.);
#6673 = VERTEX_POINT('',#6674);
#6674 = CARTESIAN_POINT('',(39.8,32.376474939088,-4.861593704929));
#6675 = CIRCLE('',#6676,1.303846153846);
#6676 = AXIS2_PLACEMENT_3D('',#6677,#6678,#6679);
#6677 = CARTESIAN_POINT('',(39.8,33.5,-4.2));
#6678 = DIRECTION('',(-1.,0.,0.));
#6679 = DIRECTION('',(0.,0.,-1.));
#6680 = ORIENTED_EDGE('',*,*,#6681,.T.);
#6681 = EDGE_CURVE('',#6673,#1706,#6682,.T.);
#6682 = B_SPLINE_CURVE_WITH_KNOTS('',8,(#6683,#6684,#6685,#6686,#6687,
    #6688,#6689,#6690,#6691),.UNSPECIFIED.,.F.,.F.,(9,9),(0.,1.),
  .PIECEWISE_BEZIER_KNOTS.);
#6683 = CARTESIAN_POINT('',(39.799999399999,32.37647488599,
    -4.861593478321));
#6684 = CARTESIAN_POINT('',(39.948023977126,32.389574519383,
    -4.917499627761));
#6685 = CARTESIAN_POINT('',(40.097027898605,32.402956935602,
    -4.968917929001));
#6686 = CARTESIAN_POINT('',(40.24666539083,32.41659606483,
    -5.017224818123));
#6687 = CARTESIAN_POINT('',(40.396767850766,32.430479050298,
    -5.062976859422));
#6688 = CARTESIAN_POINT('',(40.547203879245,32.444595611005,
    -5.106663025971));
#6689 = CARTESIAN_POINT('',(40.697906776643,32.458940598364,
    -5.148565932957));
#6690 = CARTESIAN_POINT('',(40.848838943753,32.473511469158,
    -5.188940347602));
#6691 = CARTESIAN_POINT('',(41.0000006,32.488309317351,-5.227975506341)
  );
#6692 = ORIENTED_EDGE('',*,*,#1714,.T.);
#6693 = ORIENTED_EDGE('',*,*,#6619,.T.);
#6694 = ORIENTED_EDGE('',*,*,#6695,.T.);
#6695 = EDGE_CURVE('',#6611,#6696,#6698,.T.);
#6696 = VERTEX_POINT('',#6697);
#6697 = CARTESIAN_POINT('',(39.8,33.904765426881,-2.960572816943));
#6698 = CIRCLE('',#6699,1.303846153846);
#6699 = AXIS2_PLACEMENT_3D('',#6700,#6701,#6702);
#6700 = CARTESIAN_POINT('',(39.8,33.5,-4.2));
#6701 = DIRECTION('',(-1.,0.,0.));
#6702 = DIRECTION('',(0.,0.,-1.));
#6703 = ORIENTED_EDGE('',*,*,#6704,.T.);
#6704 = EDGE_CURVE('',#6696,#4327,#6705,.T.);
#6705 = B_SPLINE_CURVE_WITH_KNOTS('',5,(#6706,#6707,#6708,#6709,#6710,
    #6711),.UNSPECIFIED.,.F.,.F.,(6,6),(0.,1.),
  .PIECEWISE_BEZIER_KNOTS.);
#6706 = CARTESIAN_POINT('',(39.800000599999,33.904765469865,
    -2.960572758151));
#6707 = CARTESIAN_POINT('',(38.940091236807,33.843161647041,
    -3.044831780474));
#6708 = CARTESIAN_POINT('',(38.080127595023,33.787413858043,
    -3.132068675205));
#6709 = CARTESIAN_POINT('',(37.22011912356,33.737524261681,
    -3.221837712041));
#6710 = CARTESIAN_POINT('',(36.360074172764,33.69349441268,
    -3.313736434053));
#6711 = CARTESIAN_POINT('',(35.4999994,33.65532541716,-3.407383594129));
#6712 = CONICAL_SURFACE('',#6713,1.5,0.114876605417);
#6713 = AXIS2_PLACEMENT_3D('',#6714,#6715,#6716);
#6714 = CARTESIAN_POINT('',(41.5,33.5,-4.2));
#6715 = DIRECTION('',(1.,0.,0.));
#6716 = DIRECTION('',(0.,0.,-1.));
#6717 = ADVANCED_FACE('',(#6718),#6730,.F.);
#6718 = FACE_BOUND('',#6719,.F.);
#6719 = EDGE_LOOP('',(#6720,#6721,#6722,#6729));
#6720 = ORIENTED_EDGE('',*,*,#1705,.F.);
#6721 = ORIENTED_EDGE('',*,*,#6681,.F.);
#6722 = ORIENTED_EDGE('',*,*,#6723,.T.);
#6723 = EDGE_CURVE('',#6673,#6640,#6724,.T.);
#6724 = CIRCLE('',#6725,2.9);
#6725 = AXIS2_PLACEMENT_3D('',#6726,#6727,#6728);
#6726 = CARTESIAN_POINT('',(39.8,35.2,-4.2));
#6727 = DIRECTION('',(1.,0.,-0.));
#6728 = DIRECTION('',(0.,0.,1.));
#6729 = ORIENTED_EDGE('',*,*,#6647,.T.);
#6730 = CYLINDRICAL_SURFACE('',#6731,2.9);
#6731 = AXIS2_PLACEMENT_3D('',#6732,#6733,#6734);
#6732 = CARTESIAN_POINT('',(39.8,35.2,-4.2));
#6733 = DIRECTION('',(1.,0.,0.));
#6734 = DIRECTION('',(0.,0.,1.));
#6735 = ADVANCED_FACE('',(#6736),#6742,.T.);
#6736 = FACE_BOUND('',#6737,.T.);
#6737 = EDGE_LOOP('',(#6738,#6739,#6740,#6741));
#6738 = ORIENTED_EDGE('',*,*,#3412,.F.);
#6739 = ORIENTED_EDGE('',*,*,#1772,.T.);
#6740 = ORIENTED_EDGE('',*,*,#3335,.T.);
#6741 = ORIENTED_EDGE('',*,*,#3349,.F.);
#6742 = PLANE('',#6743);
#6743 = AXIS2_PLACEMENT_3D('',#6744,#6745,#6746);
#6744 = CARTESIAN_POINT('',(-4.2,-7.,-8.1));
#6745 = DIRECTION('',(0.,0.,1.));
#6746 = DIRECTION('',(1.,0.,0.));
#6747 = ADVANCED_FACE('',(#6748),#6759,.F.);
#6748 = FACE_BOUND('',#6749,.F.);
#6749 = EDGE_LOOP('',(#6750,#6751,#6757,#6758));
#6750 = ORIENTED_EDGE('',*,*,#2851,.F.);
#6751 = ORIENTED_EDGE('',*,*,#6752,.F.);
#6752 = EDGE_CURVE('',#1792,#2852,#6753,.T.);
#6753 = LINE('',#6754,#6755);
#6754 = CARTESIAN_POINT('',(-22.,-12.,-15.9));
#6755 = VECTOR('',#6756,1.);
#6756 = DIRECTION('',(0.,1.,0.));
#6757 = ORIENTED_EDGE('',*,*,#1791,.T.);
#6758 = ORIENTED_EDGE('',*,*,#6752,.T.);
#6759 = CYLINDRICAL_SURFACE('',#6760,4.1);
#6760 = AXIS2_PLACEMENT_3D('',#6761,#6762,#6763);
#6761 = CARTESIAN_POINT('',(-22.,-12.,-20.));
#6762 = DIRECTION('',(0.,1.,0.));
#6763 = DIRECTION('',(0.,0.,1.));
#6764 = ADVANCED_FACE('',(#6765),#6791,.F.);
#6765 = FACE_BOUND('',#6766,.F.);
#6766 = EDGE_LOOP('',(#6767,#6768,#6776,#6785));
#6767 = ORIENTED_EDGE('',*,*,#1802,.T.);
#6768 = ORIENTED_EDGE('',*,*,#6769,.T.);
#6769 = EDGE_CURVE('',#1805,#6770,#6772,.T.);
#6770 = VERTEX_POINT('',#6771);
#6771 = CARTESIAN_POINT('',(-24.,-5.2,-1.3));
#6772 = LINE('',#6773,#6774);
#6773 = CARTESIAN_POINT('',(-24.,-7.,-1.3));
#6774 = VECTOR('',#6775,1.);
#6775 = DIRECTION('',(0.,1.,0.));
#6776 = ORIENTED_EDGE('',*,*,#6777,.F.);
#6777 = EDGE_CURVE('',#6778,#6770,#6780,.T.);
#6778 = VERTEX_POINT('',#6779);
#6779 = CARTESIAN_POINT('',(-24.,-5.2,-6.7));
#6780 = CIRCLE('',#6781,2.7);
#6781 = AXIS2_PLACEMENT_3D('',#6782,#6783,#6784);
#6782 = CARTESIAN_POINT('',(-24.,-5.2,-4.));
#6783 = DIRECTION('',(0.,1.,0.));
#6784 = DIRECTION('',(0.,0.,1.));
#6785 = ORIENTED_EDGE('',*,*,#6786,.F.);
#6786 = EDGE_CURVE('',#1803,#6778,#6787,.T.);
#6787 = LINE('',#6788,#6789);
#6788 = CARTESIAN_POINT('',(-24.,-7.,-6.7));
#6789 = VECTOR('',#6790,1.);
#6790 = DIRECTION('',(0.,1.,0.));
#6791 = CYLINDRICAL_SURFACE('',#6792,2.7);
#6792 = AXIS2_PLACEMENT_3D('',#6793,#6794,#6795);
#6793 = CARTESIAN_POINT('',(-24.,-7.,-4.));
#6794 = DIRECTION('',(0.,1.,0.));
#6795 = DIRECTION('',(0.,0.,1.));
#6796 = ADVANCED_FACE('',(#6797),#6815,.F.);
#6797 = FACE_BOUND('',#6798,.F.);
#6798 = EDGE_LOOP('',(#6799,#6800,#6801,#6809));
#6799 = ORIENTED_EDGE('',*,*,#6769,.F.);
#6800 = ORIENTED_EDGE('',*,*,#1830,.T.);
#6801 = ORIENTED_EDGE('',*,*,#6802,.T.);
#6802 = EDGE_CURVE('',#1822,#6803,#6805,.T.);
#6803 = VERTEX_POINT('',#6804);
#6804 = CARTESIAN_POINT('',(-15.,-5.2,-1.3));
#6805 = LINE('',#6806,#6807);
#6806 = CARTESIAN_POINT('',(-15.,-7.,-1.3));
#6807 = VECTOR('',#6808,1.);
#6808 = DIRECTION('',(0.,1.,0.));
#6809 = ORIENTED_EDGE('',*,*,#6810,.F.);
#6810 = EDGE_CURVE('',#6770,#6803,#6811,.T.);
#6811 = LINE('',#6812,#6813);
#6812 = CARTESIAN_POINT('',(-24.,-5.2,-1.3));
#6813 = VECTOR('',#6814,1.);
#6814 = DIRECTION('',(1.,0.,0.));
#6815 = PLANE('',#6816);
#6816 = AXIS2_PLACEMENT_3D('',#6817,#6818,#6819);
#6817 = CARTESIAN_POINT('',(-24.,-7.,-1.3));
#6818 = DIRECTION('',(0.,0.,1.));
#6819 = DIRECTION('',(1.,0.,0.));
#6820 = ADVANCED_FACE('',(#6821),#6840,.F.);
#6821 = FACE_BOUND('',#6822,.F.);
#6822 = EDGE_LOOP('',(#6823,#6832,#6833,#6834));
#6823 = ORIENTED_EDGE('',*,*,#6824,.F.);
#6824 = EDGE_CURVE('',#6803,#6825,#6827,.T.);
#6825 = VERTEX_POINT('',#6826);
#6826 = CARTESIAN_POINT('',(-15.,-5.2,-6.7));
#6827 = CIRCLE('',#6828,2.7);
#6828 = AXIS2_PLACEMENT_3D('',#6829,#6830,#6831);
#6829 = CARTESIAN_POINT('',(-15.,-5.2,-4.));
#6830 = DIRECTION('',(0.,1.,0.));
#6831 = DIRECTION('',(0.,0.,1.));
#6832 = ORIENTED_EDGE('',*,*,#6802,.F.);
#6833 = ORIENTED_EDGE('',*,*,#1821,.T.);
#6834 = ORIENTED_EDGE('',*,*,#6835,.T.);
#6835 = EDGE_CURVE('',#1814,#6825,#6836,.T.);
#6836 = LINE('',#6837,#6838);
#6837 = CARTESIAN_POINT('',(-15.,-7.,-6.7));
#6838 = VECTOR('',#6839,1.);
#6839 = DIRECTION('',(0.,1.,0.));
#6840 = CYLINDRICAL_SURFACE('',#6841,2.7);
#6841 = AXIS2_PLACEMENT_3D('',#6842,#6843,#6844);
#6842 = CARTESIAN_POINT('',(-15.,-7.,-4.));
#6843 = DIRECTION('',(0.,1.,0.));
#6844 = DIRECTION('',(0.,0.,1.));
#6845 = ADVANCED_FACE('',(#6846),#6857,.T.);
#6846 = FACE_BOUND('',#6847,.T.);
#6847 = EDGE_LOOP('',(#6848,#6849,#6850,#6851));
#6848 = ORIENTED_EDGE('',*,*,#6786,.F.);
#6849 = ORIENTED_EDGE('',*,*,#1813,.T.);
#6850 = ORIENTED_EDGE('',*,*,#6835,.T.);
#6851 = ORIENTED_EDGE('',*,*,#6852,.F.);
#6852 = EDGE_CURVE('',#6778,#6825,#6853,.T.);
#6853 = LINE('',#6854,#6855);
#6854 = CARTESIAN_POINT('',(-24.,-5.2,-6.7));
#6855 = VECTOR('',#6856,1.);
#6856 = DIRECTION('',(1.,0.,0.));
#6857 = PLANE('',#6858);
#6858 = AXIS2_PLACEMENT_3D('',#6859,#6860,#6861);
#6859 = CARTESIAN_POINT('',(-24.,-7.,-6.7));
#6860 = DIRECTION('',(0.,0.,1.));
#6861 = DIRECTION('',(1.,0.,0.));
#6862 = ADVANCED_FACE('',(#6863),#6889,.F.);
#6863 = FACE_BOUND('',#6864,.F.);
#6864 = EDGE_LOOP('',(#6865,#6866,#6874,#6883));
#6865 = ORIENTED_EDGE('',*,*,#1838,.T.);
#6866 = ORIENTED_EDGE('',*,*,#6867,.T.);
#6867 = EDGE_CURVE('',#1841,#6868,#6870,.T.);
#6868 = VERTEX_POINT('',#6869);
#6869 = CARTESIAN_POINT('',(15.,-5.2,-1.3));
#6870 = LINE('',#6871,#6872);
#6871 = CARTESIAN_POINT('',(15.,-7.,-1.3));
#6872 = VECTOR('',#6873,1.);
#6873 = DIRECTION('',(0.,1.,0.));
#6874 = ORIENTED_EDGE('',*,*,#6875,.F.);
#6875 = EDGE_CURVE('',#6876,#6868,#6878,.T.);
#6876 = VERTEX_POINT('',#6877);
#6877 = CARTESIAN_POINT('',(15.,-5.2,-6.7));
#6878 = CIRCLE('',#6879,2.7);
#6879 = AXIS2_PLACEMENT_3D('',#6880,#6881,#6882);
#6880 = CARTESIAN_POINT('',(15.,-5.2,-4.));
#6881 = DIRECTION('',(0.,1.,0.));
#6882 = DIRECTION('',(0.,0.,1.));
#6883 = ORIENTED_EDGE('',*,*,#6884,.F.);
#6884 = EDGE_CURVE('',#1839,#6876,#6885,.T.);
#6885 = LINE('',#6886,#6887);
#6886 = CARTESIAN_POINT('',(15.,-7.,-6.7));
#6887 = VECTOR('',#6888,1.);
#6888 = DIRECTION('',(0.,1.,0.));
#6889 = CYLINDRICAL_SURFACE('',#6890,2.7);
#6890 = AXIS2_PLACEMENT_3D('',#6891,#6892,#6893);
#6891 = CARTESIAN_POINT('',(15.,-7.,-4.));
#6892 = DIRECTION('',(0.,1.,0.));
#6893 = DIRECTION('',(0.,0.,1.));
#6894 = ADVANCED_FACE('',(#6895),#6913,.F.);
#6895 = FACE_BOUND('',#6896,.F.);
#6896 = EDGE_LOOP('',(#6897,#6898,#6899,#6907));
#6897 = ORIENTED_EDGE('',*,*,#6867,.F.);
#6898 = ORIENTED_EDGE('',*,*,#1866,.T.);
#6899 = ORIENTED_EDGE('',*,*,#6900,.T.);
#6900 = EDGE_CURVE('',#1858,#6901,#6903,.T.);
#6901 = VERTEX_POINT('',#6902);
#6902 = CARTESIAN_POINT('',(24.,-5.2,-1.3));
#6903 = LINE('',#6904,#6905);
#6904 = CARTESIAN_POINT('',(24.,-7.,-1.3));
#6905 = VECTOR('',#6906,1.);
#6906 = DIRECTION('',(0.,1.,0.));
#6907 = ORIENTED_EDGE('',*,*,#6908,.F.);
#6908 = EDGE_CURVE('',#6868,#6901,#6909,.T.);
#6909 = LINE('',#6910,#6911);
#6910 = CARTESIAN_POINT('',(15.,-5.2,-1.3));
#6911 = VECTOR('',#6912,1.);
#6912 = DIRECTION('',(1.,0.,0.));
#6913 = PLANE('',#6914);
#6914 = AXIS2_PLACEMENT_3D('',#6915,#6916,#6917);
#6915 = CARTESIAN_POINT('',(15.,-7.,-1.3));
#6916 = DIRECTION('',(0.,0.,1.));
#6917 = DIRECTION('',(1.,0.,0.));
#6918 = ADVANCED_FACE('',(#6919),#6938,.F.);
#6919 = FACE_BOUND('',#6920,.F.);
#6920 = EDGE_LOOP('',(#6921,#6930,#6931,#6932));
#6921 = ORIENTED_EDGE('',*,*,#6922,.F.);
#6922 = EDGE_CURVE('',#6901,#6923,#6925,.T.);
#6923 = VERTEX_POINT('',#6924);
#6924 = CARTESIAN_POINT('',(24.,-5.2,-6.7));
#6925 = CIRCLE('',#6926,2.7);
#6926 = AXIS2_PLACEMENT_3D('',#6927,#6928,#6929);
#6927 = CARTESIAN_POINT('',(24.,-5.2,-4.));
#6928 = DIRECTION('',(0.,1.,0.));
#6929 = DIRECTION('',(0.,0.,1.));
#6930 = ORIENTED_EDGE('',*,*,#6900,.F.);
#6931 = ORIENTED_EDGE('',*,*,#1857,.T.);
#6932 = ORIENTED_EDGE('',*,*,#6933,.T.);
#6933 = EDGE_CURVE('',#1850,#6923,#6934,.T.);
#6934 = LINE('',#6935,#6936);
#6935 = CARTESIAN_POINT('',(24.,-7.,-6.7));
#6936 = VECTOR('',#6937,1.);
#6937 = DIRECTION('',(0.,1.,0.));
#6938 = CYLINDRICAL_SURFACE('',#6939,2.7);
#6939 = AXIS2_PLACEMENT_3D('',#6940,#6941,#6942);
#6940 = CARTESIAN_POINT('',(24.,-7.,-4.));
#6941 = DIRECTION('',(0.,1.,0.));
#6942 = DIRECTION('',(0.,0.,1.));
#6943 = ADVANCED_FACE('',(#6944),#6955,.T.);
#6944 = FACE_BOUND('',#6945,.T.);
#6945 = EDGE_LOOP('',(#6946,#6947,#6948,#6949));
#6946 = ORIENTED_EDGE('',*,*,#6884,.F.);
#6947 = ORIENTED_EDGE('',*,*,#1849,.T.);
#6948 = ORIENTED_EDGE('',*,*,#6933,.T.);
#6949 = ORIENTED_EDGE('',*,*,#6950,.F.);
#6950 = EDGE_CURVE('',#6876,#6923,#6951,.T.);
#6951 = LINE('',#6952,#6953);
#6952 = CARTESIAN_POINT('',(15.,-5.2,-6.7));
#6953 = VECTOR('',#6954,1.);
#6954 = DIRECTION('',(1.,0.,0.));
#6955 = PLANE('',#6956);
#6956 = AXIS2_PLACEMENT_3D('',#6957,#6958,#6959);
#6957 = CARTESIAN_POINT('',(15.,-7.,-6.7));
#6958 = DIRECTION('',(0.,0.,1.));
#6959 = DIRECTION('',(1.,0.,0.));
#6960 = ADVANCED_FACE('',(#6961,#6987,#7021,#7091,#7125,#7195),#7265,.F.
  );
#6961 = FACE_BOUND('',#6962,.F.);
#6962 = EDGE_LOOP('',(#6963,#6964,#6965,#6966,#6967,#6968,#6969,#6970,
    #6971,#6972,#6973,#6974,#6975,#6976,#6977,#6978,#6979,#6980,#6981,
    #6982,#6983,#6984,#6985,#6986));
#6963 = ORIENTED_EDGE('',*,*,#2984,.F.);
#6964 = ORIENTED_EDGE('',*,*,#2969,.T.);
#6965 = ORIENTED_EDGE('',*,*,#2902,.F.);
#6966 = ORIENTED_EDGE('',*,*,#2919,.F.);
#6967 = ORIENTED_EDGE('',*,*,#2878,.T.);
#6968 = ORIENTED_EDGE('',*,*,#2842,.T.);
#6969 = ORIENTED_EDGE('',*,*,#2818,.F.);
#6970 = ORIENTED_EDGE('',*,*,#2759,.F.);
#6971 = ORIENTED_EDGE('',*,*,#2735,.F.);
#6972 = ORIENTED_EDGE('',*,*,#2293,.T.);
#6973 = ORIENTED_EDGE('',*,*,#2278,.T.);
#6974 = ORIENTED_EDGE('',*,*,#2219,.F.);
#6975 = ORIENTED_EDGE('',*,*,#2195,.T.);
#6976 = ORIENTED_EDGE('',*,*,#2163,.F.);
#6977 = ORIENTED_EDGE('',*,*,#2146,.F.);
#6978 = ORIENTED_EDGE('',*,*,#2079,.F.);
#6979 = ORIENTED_EDGE('',*,*,#2096,.F.);
#6980 = ORIENTED_EDGE('',*,*,#2055,.F.);
#6981 = ORIENTED_EDGE('',*,*,#2021,.F.);
#6982 = ORIENTED_EDGE('',*,*,#2006,.F.);
#6983 = ORIENTED_EDGE('',*,*,#1982,.F.);
#6984 = ORIENTED_EDGE('',*,*,#1948,.F.);
#6985 = ORIENTED_EDGE('',*,*,#1933,.F.);
#6986 = ORIENTED_EDGE('',*,*,#1901,.T.);
#6987 = FACE_BOUND('',#6988,.F.);
#6988 = EDGE_LOOP('',(#6989,#6999,#7007,#7015));
#6989 = ORIENTED_EDGE('',*,*,#6990,.T.);
#6990 = EDGE_CURVE('',#6991,#6993,#6995,.T.);
#6991 = VERTEX_POINT('',#6992);
#6992 = CARTESIAN_POINT('',(-4.25,34.,-11.1));
#6993 = VERTEX_POINT('',#6994);
#6994 = CARTESIAN_POINT('',(-7.75,34.,-11.1));
#6995 = LINE('',#6996,#6997);
#6996 = CARTESIAN_POINT('',(-21.875,34.,-11.1));
#6997 = VECTOR('',#6998,1.);
#6998 = DIRECTION('',(-1.,0.,0.));
#6999 = ORIENTED_EDGE('',*,*,#7000,.T.);
#7000 = EDGE_CURVE('',#6993,#7001,#7003,.T.);
#7001 = VERTEX_POINT('',#7002);
#7002 = CARTESIAN_POINT('',(-7.75,42.,-11.1));
#7003 = LINE('',#7004,#7005);
#7004 = CARTESIAN_POINT('',(-7.75,16.85,-11.1));
#7005 = VECTOR('',#7006,1.);
#7006 = DIRECTION('',(0.,1.,0.));
#7007 = ORIENTED_EDGE('',*,*,#7008,.F.);
#7008 = EDGE_CURVE('',#7009,#7001,#7011,.T.);
#7009 = VERTEX_POINT('',#7010);
#7010 = CARTESIAN_POINT('',(-4.25,42.,-11.1));
#7011 = LINE('',#7012,#7013);
#7012 = CARTESIAN_POINT('',(-21.875,42.,-11.1));
#7013 = VECTOR('',#7014,1.);
#7014 = DIRECTION('',(-1.,0.,0.));
#7015 = ORIENTED_EDGE('',*,*,#7016,.F.);
#7016 = EDGE_CURVE('',#6991,#7009,#7017,.T.);
#7017 = LINE('',#7018,#7019);
#7018 = CARTESIAN_POINT('',(-4.25,16.85,-11.1));
#7019 = VECTOR('',#7020,1.);
#7020 = DIRECTION('',(0.,1.,0.));
#7021 = FACE_BOUND('',#7022,.F.);
#7022 = EDGE_LOOP('',(#7023,#7034,#7042,#7051,#7059,#7068,#7076,#7085));
#7023 = ORIENTED_EDGE('',*,*,#7024,.F.);
#7024 = EDGE_CURVE('',#7025,#7027,#7029,.T.);
#7025 = VERTEX_POINT('',#7026);
#7026 = CARTESIAN_POINT('',(6.5,34.5,-11.1));
#7027 = VERTEX_POINT('',#7028);
#7028 = CARTESIAN_POINT('',(9.,32.,-11.1));
#7029 = CIRCLE('',#7030,2.5);
#7030 = AXIS2_PLACEMENT_3D('',#7031,#7032,#7033);
#7031 = CARTESIAN_POINT('',(9.,34.5,-11.1));
#7032 = DIRECTION('',(0.,0.,1.));
#7033 = DIRECTION('',(-1.,0.,0.));
#7034 = ORIENTED_EDGE('',*,*,#7035,.T.);
#7035 = EDGE_CURVE('',#7025,#7036,#7038,.T.);
#7036 = VERTEX_POINT('',#7037);
#7037 = CARTESIAN_POINT('',(6.5,101.5,-11.1));
#7038 = LINE('',#7039,#7040);
#7039 = CARTESIAN_POINT('',(6.5,15.85,-11.1));
#7040 = VECTOR('',#7041,1.);
#7041 = DIRECTION('',(0.,1.,0.));
#7042 = ORIENTED_EDGE('',*,*,#7043,.F.);
#7043 = EDGE_CURVE('',#7044,#7036,#7046,.T.);
#7044 = VERTEX_POINT('',#7045);
#7045 = CARTESIAN_POINT('',(9.,104.,-11.1));
#7046 = CIRCLE('',#7047,2.5);
#7047 = AXIS2_PLACEMENT_3D('',#7048,#7049,#7050);
#7048 = CARTESIAN_POINT('',(9.,101.5,-11.1));
#7049 = DIRECTION('',(0.,0.,1.));
#7050 = DIRECTION('',(-1.,0.,0.));
#7051 = ORIENTED_EDGE('',*,*,#7052,.F.);
#7052 = EDGE_CURVE('',#7053,#7044,#7055,.T.);
#7053 = VERTEX_POINT('',#7054);
#7054 = CARTESIAN_POINT('',(28.,104.,-11.1));
#7055 = LINE('',#7056,#7057);
#7056 = CARTESIAN_POINT('',(-14.75,104.,-11.1));
#7057 = VECTOR('',#7058,1.);
#7058 = DIRECTION('',(-1.,0.,0.));
#7059 = ORIENTED_EDGE('',*,*,#7060,.F.);
#7060 = EDGE_CURVE('',#7061,#7053,#7063,.T.);
#7061 = VERTEX_POINT('',#7062);
#7062 = CARTESIAN_POINT('',(30.5,101.5,-11.1));
#7063 = CIRCLE('',#7064,2.5);
#7064 = AXIS2_PLACEMENT_3D('',#7065,#7066,#7067);
#7065 = CARTESIAN_POINT('',(28.,101.5,-11.1));
#7066 = DIRECTION('',(0.,0.,1.));
#7067 = DIRECTION('',(1.,0.,0.));
#7068 = ORIENTED_EDGE('',*,*,#7069,.F.);
#7069 = EDGE_CURVE('',#7070,#7061,#7072,.T.);
#7070 = VERTEX_POINT('',#7071);
#7071 = CARTESIAN_POINT('',(30.5,34.5,-11.1));
#7072 = LINE('',#7073,#7074);
#7073 = CARTESIAN_POINT('',(30.5,15.85,-11.1));
#7074 = VECTOR('',#7075,1.);
#7075 = DIRECTION('',(0.,1.,0.));
#7076 = ORIENTED_EDGE('',*,*,#7077,.F.);
#7077 = EDGE_CURVE('',#7078,#7070,#7080,.T.);
#7078 = VERTEX_POINT('',#7079);
#7079 = CARTESIAN_POINT('',(28.,32.,-11.1));
#7080 = CIRCLE('',#7081,2.5);
#7081 = AXIS2_PLACEMENT_3D('',#7082,#7083,#7084);
#7082 = CARTESIAN_POINT('',(28.,34.5,-11.1));
#7083 = DIRECTION('',(0.,0.,1.));
#7084 = DIRECTION('',(1.,0.,0.));
#7085 = ORIENTED_EDGE('',*,*,#7086,.T.);
#7086 = EDGE_CURVE('',#7078,#7027,#7087,.T.);
#7087 = LINE('',#7088,#7089);
#7088 = CARTESIAN_POINT('',(-14.75,32.,-11.1));
#7089 = VECTOR('',#7090,1.);
#7090 = DIRECTION('',(-1.,0.,0.));
#7091 = FACE_BOUND('',#7092,.F.);
#7092 = EDGE_LOOP('',(#7093,#7103,#7111,#7119));
#7093 = ORIENTED_EDGE('',*,*,#7094,.T.);
#7094 = EDGE_CURVE('',#7095,#7097,#7099,.T.);
#7095 = VERTEX_POINT('',#7096);
#7096 = CARTESIAN_POINT('',(-4.25,88.,-11.1));
#7097 = VERTEX_POINT('',#7098);
#7098 = CARTESIAN_POINT('',(-7.75,88.,-11.1));
#7099 = LINE('',#7100,#7101);
#7100 = CARTESIAN_POINT('',(-21.875,88.,-11.1));
#7101 = VECTOR('',#7102,1.);
#7102 = DIRECTION('',(-1.,0.,0.));
#7103 = ORIENTED_EDGE('',*,*,#7104,.T.);
#7104 = EDGE_CURVE('',#7097,#7105,#7107,.T.);
#7105 = VERTEX_POINT('',#7106);
#7106 = CARTESIAN_POINT('',(-7.75,96.,-11.1));
#7107 = LINE('',#7108,#7109);
#7108 = CARTESIAN_POINT('',(-7.75,43.85,-11.1));
#7109 = VECTOR('',#7110,1.);
#7110 = DIRECTION('',(0.,1.,0.));
#7111 = ORIENTED_EDGE('',*,*,#7112,.F.);
#7112 = EDGE_CURVE('',#7113,#7105,#7115,.T.);
#7113 = VERTEX_POINT('',#7114);
#7114 = CARTESIAN_POINT('',(-4.25,96.,-11.1));
#7115 = LINE('',#7116,#7117);
#7116 = CARTESIAN_POINT('',(-21.875,96.,-11.1));
#7117 = VECTOR('',#7118,1.);
#7118 = DIRECTION('',(-1.,0.,0.));
#7119 = ORIENTED_EDGE('',*,*,#7120,.F.);
#7120 = EDGE_CURVE('',#7095,#7113,#7121,.T.);
#7121 = LINE('',#7122,#7123);
#7122 = CARTESIAN_POINT('',(-4.25,43.85,-11.1));
#7123 = VECTOR('',#7124,1.);
#7124 = DIRECTION('',(0.,1.,0.));
#7125 = FACE_BOUND('',#7126,.F.);
#7126 = EDGE_LOOP('',(#7127,#7138,#7146,#7155,#7163,#7172,#7180,#7189));
#7127 = ORIENTED_EDGE('',*,*,#7128,.F.);
#7128 = EDGE_CURVE('',#7129,#7131,#7133,.T.);
#7129 = VERTEX_POINT('',#7130);
#7130 = CARTESIAN_POINT('',(-32.25,115.65,-11.1));
#7131 = VERTEX_POINT('',#7132);
#7132 = CARTESIAN_POINT('',(-28.25,111.65,-11.1));
#7133 = CIRCLE('',#7134,4.);
#7134 = AXIS2_PLACEMENT_3D('',#7135,#7136,#7137);
#7135 = CARTESIAN_POINT('',(-28.25,115.65,-11.1));
#7136 = DIRECTION('',(0.,0.,1.));
#7137 = DIRECTION('',(-1.,0.,0.));
#7138 = ORIENTED_EDGE('',*,*,#7139,.T.);
#7139 = EDGE_CURVE('',#7129,#7140,#7142,.T.);
#7140 = VERTEX_POINT('',#7141);
#7141 = CARTESIAN_POINT('',(-32.25,138.15,-11.1));
#7142 = LINE('',#7143,#7144);
#7143 = CARTESIAN_POINT('',(-32.25,55.675,-11.1));
#7144 = VECTOR('',#7145,1.);
#7145 = DIRECTION('',(0.,1.,0.));
#7146 = ORIENTED_EDGE('',*,*,#7147,.F.);
#7147 = EDGE_CURVE('',#7148,#7140,#7150,.T.);
#7148 = VERTEX_POINT('',#7149);
#7149 = CARTESIAN_POINT('',(-28.25,142.15,-11.1));
#7150 = CIRCLE('',#7151,4.);
#7151 = AXIS2_PLACEMENT_3D('',#7152,#7153,#7154);
#7152 = CARTESIAN_POINT('',(-28.25,138.15,-11.1));
#7153 = DIRECTION('',(0.,0.,1.));
#7154 = DIRECTION('',(-1.,0.,0.));
#7155 = ORIENTED_EDGE('',*,*,#7156,.F.);
#7156 = EDGE_CURVE('',#7157,#7148,#7159,.T.);
#7157 = VERTEX_POINT('',#7158);
#7158 = CARTESIAN_POINT('',(-5.75,142.15,-11.1));
#7159 = LINE('',#7160,#7161);
#7160 = CARTESIAN_POINT('',(-34.125,142.15,-11.1));
#7161 = VECTOR('',#7162,1.);
#7162 = DIRECTION('',(-1.,0.,0.));
#7163 = ORIENTED_EDGE('',*,*,#7164,.F.);
#7164 = EDGE_CURVE('',#7165,#7157,#7167,.T.);
#7165 = VERTEX_POINT('',#7166);
#7166 = CARTESIAN_POINT('',(-1.75,138.15,-11.1));
#7167 = CIRCLE('',#7168,4.);
#7168 = AXIS2_PLACEMENT_3D('',#7169,#7170,#7171);
#7169 = CARTESIAN_POINT('',(-5.75,138.15,-11.1));
#7170 = DIRECTION('',(0.,0.,1.));
#7171 = DIRECTION('',(1.,0.,0.));
#7172 = ORIENTED_EDGE('',*,*,#7173,.F.);
#7173 = EDGE_CURVE('',#7174,#7165,#7176,.T.);
#7174 = VERTEX_POINT('',#7175);
#7175 = CARTESIAN_POINT('',(-1.75,115.65,-11.1));
#7176 = LINE('',#7177,#7178);
#7177 = CARTESIAN_POINT('',(-1.75,55.675,-11.1));
#7178 = VECTOR('',#7179,1.);
#7179 = DIRECTION('',(0.,1.,0.));
#7180 = ORIENTED_EDGE('',*,*,#7181,.F.);
#7181 = EDGE_CURVE('',#7182,#7174,#7184,.T.);
#7182 = VERTEX_POINT('',#7183);
#7183 = CARTESIAN_POINT('',(-5.75,111.65,-11.1));
#7184 = CIRCLE('',#7185,4.);
#7185 = AXIS2_PLACEMENT_3D('',#7186,#7187,#7188);
#7186 = CARTESIAN_POINT('',(-5.75,115.65,-11.1));
#7187 = DIRECTION('',(0.,0.,1.));
#7188 = DIRECTION('',(1.,0.,0.));
#7189 = ORIENTED_EDGE('',*,*,#7190,.T.);
#7190 = EDGE_CURVE('',#7182,#7131,#7191,.T.);
#7191 = LINE('',#7192,#7193);
#7192 = CARTESIAN_POINT('',(-34.125,111.65,-11.1));
#7193 = VECTOR('',#7194,1.);
#7194 = DIRECTION('',(-1.,0.,0.));
#7195 = FACE_BOUND('',#7196,.F.);
#7196 = EDGE_LOOP('',(#7197,#7208,#7216,#7225,#7233,#7242,#7250,#7259));
#7197 = ORIENTED_EDGE('',*,*,#7198,.F.);
#7198 = EDGE_CURVE('',#7199,#7201,#7203,.T.);
#7199 = VERTEX_POINT('',#7200);
#7200 = CARTESIAN_POINT('',(5.5,109.,-11.1));
#7201 = VERTEX_POINT('',#7202);
#7202 = CARTESIAN_POINT('',(8.5,106.,-11.1));
#7203 = CIRCLE('',#7204,3.);
#7204 = AXIS2_PLACEMENT_3D('',#7205,#7206,#7207);
#7205 = CARTESIAN_POINT('',(8.5,109.,-11.1));
#7206 = DIRECTION('',(0.,0.,1.));
#7207 = DIRECTION('',(-1.,0.,0.));
#7208 = ORIENTED_EDGE('',*,*,#7209,.T.);
#7209 = EDGE_CURVE('',#7199,#7210,#7212,.T.);
#7210 = VERTEX_POINT('',#7211);
#7211 = CARTESIAN_POINT('',(5.5,138.,-11.1));
#7212 = LINE('',#7213,#7214);
#7213 = CARTESIAN_POINT('',(5.5,52.85,-11.1));
#7214 = VECTOR('',#7215,1.);
#7215 = DIRECTION('',(0.,1.,0.));
#7216 = ORIENTED_EDGE('',*,*,#7217,.F.);
#7217 = EDGE_CURVE('',#7218,#7210,#7220,.T.);
#7218 = VERTEX_POINT('',#7219);
#7219 = CARTESIAN_POINT('',(8.5,141.,-11.1));
#7220 = CIRCLE('',#7221,3.);
#7221 = AXIS2_PLACEMENT_3D('',#7222,#7223,#7224);
#7222 = CARTESIAN_POINT('',(8.5,138.,-11.1));
#7223 = DIRECTION('',(0.,0.,1.));
#7224 = DIRECTION('',(-1.,0.,0.));
#7225 = ORIENTED_EDGE('',*,*,#7226,.F.);
#7226 = EDGE_CURVE('',#7227,#7218,#7229,.T.);
#7227 = VERTEX_POINT('',#7228);
#7228 = CARTESIAN_POINT('',(28.5,141.,-11.1));
#7229 = LINE('',#7230,#7231);
#7230 = CARTESIAN_POINT('',(-15.25,141.,-11.1));
#7231 = VECTOR('',#7232,1.);
#7232 = DIRECTION('',(-1.,0.,0.));
#7233 = ORIENTED_EDGE('',*,*,#7234,.F.);
#7234 = EDGE_CURVE('',#7235,#7227,#7237,.T.);
#7235 = VERTEX_POINT('',#7236);
#7236 = CARTESIAN_POINT('',(31.5,138.,-11.1));
#7237 = CIRCLE('',#7238,3.);
#7238 = AXIS2_PLACEMENT_3D('',#7239,#7240,#7241);
#7239 = CARTESIAN_POINT('',(28.5,138.,-11.1));
#7240 = DIRECTION('',(0.,0.,1.));
#7241 = DIRECTION('',(1.,0.,0.));
#7242 = ORIENTED_EDGE('',*,*,#7243,.F.);
#7243 = EDGE_CURVE('',#7244,#7235,#7246,.T.);
#7244 = VERTEX_POINT('',#7245);
#7245 = CARTESIAN_POINT('',(31.5,109.,-11.1));
#7246 = LINE('',#7247,#7248);
#7247 = CARTESIAN_POINT('',(31.5,52.85,-11.1));
#7248 = VECTOR('',#7249,1.);
#7249 = DIRECTION('',(0.,1.,0.));
#7250 = ORIENTED_EDGE('',*,*,#7251,.F.);
#7251 = EDGE_CURVE('',#7252,#7244,#7254,.T.);
#7252 = VERTEX_POINT('',#7253);
#7253 = CARTESIAN_POINT('',(28.5,106.,-11.1));
#7254 = CIRCLE('',#7255,3.);
#7255 = AXIS2_PLACEMENT_3D('',#7256,#7257,#7258);
#7256 = CARTESIAN_POINT('',(28.5,109.,-11.1));
#7257 = DIRECTION('',(0.,0.,1.));
#7258 = DIRECTION('',(1.,0.,0.));
#7259 = ORIENTED_EDGE('',*,*,#7260,.T.);
#7260 = EDGE_CURVE('',#7252,#7201,#7261,.T.);
#7261 = LINE('',#7262,#7263);
#7262 = CARTESIAN_POINT('',(-15.25,106.,-11.1));
#7263 = VECTOR('',#7264,1.);
#7264 = DIRECTION('',(-1.,0.,0.));
#7265 = PLANE('',#7266);
#7266 = AXIS2_PLACEMENT_3D('',#7267,#7268,#7269);
#7267 = CARTESIAN_POINT('',(-36.,-0.3,-11.1));
#7268 = DIRECTION('',(0.,0.,1.));
#7269 = DIRECTION('',(1.,0.,0.));
#7270 = ADVANCED_FACE('',(#7271,#7289,#7359,#7429),#7499,.T.);
#7271 = FACE_BOUND('',#7272,.T.);
#7272 = EDGE_LOOP('',(#7273,#7274,#7275,#7276,#7277,#7278,#7279,#7280,
    #7281,#7282,#7283,#7284,#7285,#7286,#7287,#7288));
#7273 = ORIENTED_EDGE('',*,*,#3708,.F.);
#7274 = ORIENTED_EDGE('',*,*,#3799,.T.);
#7275 = ORIENTED_EDGE('',*,*,#2936,.F.);
#7276 = ORIENTED_EDGE('',*,*,#3835,.T.);
#7277 = ORIENTED_EDGE('',*,*,#3918,.T.);
#7278 = ORIENTED_EDGE('',*,*,#4160,.F.);
#7279 = ORIENTED_EDGE('',*,*,#2785,.F.);
#7280 = ORIENTED_EDGE('',*,*,#4228,.F.);
#7281 = ORIENTED_EDGE('',*,*,#4272,.T.);
#7282 = ORIENTED_EDGE('',*,*,#4253,.T.);
#7283 = ORIENTED_EDGE('',*,*,#2245,.F.);
#7284 = ORIENTED_EDGE('',*,*,#4203,.T.);
#7285 = ORIENTED_EDGE('',*,*,#4135,.F.);
#7286 = ORIENTED_EDGE('',*,*,#3894,.F.);
#7287 = ORIENTED_EDGE('',*,*,#2113,.F.);
#7288 = ORIENTED_EDGE('',*,*,#3817,.F.);
#7289 = FACE_BOUND('',#7290,.T.);
#7290 = EDGE_LOOP('',(#7291,#7302,#7310,#7319,#7327,#7336,#7344,#7353));
#7291 = ORIENTED_EDGE('',*,*,#7292,.F.);
#7292 = EDGE_CURVE('',#7293,#7295,#7297,.T.);
#7293 = VERTEX_POINT('',#7294);
#7294 = CARTESIAN_POINT('',(6.5,34.5,-8.4));
#7295 = VERTEX_POINT('',#7296);
#7296 = CARTESIAN_POINT('',(9.,32.,-8.4));
#7297 = CIRCLE('',#7298,2.5);
#7298 = AXIS2_PLACEMENT_3D('',#7299,#7300,#7301);
#7299 = CARTESIAN_POINT('',(9.,34.5,-8.4));
#7300 = DIRECTION('',(0.,0.,1.));
#7301 = DIRECTION('',(-1.,0.,0.));
#7302 = ORIENTED_EDGE('',*,*,#7303,.T.);
#7303 = EDGE_CURVE('',#7293,#7304,#7306,.T.);
#7304 = VERTEX_POINT('',#7305);
#7305 = CARTESIAN_POINT('',(6.5,101.5,-8.4));
#7306 = LINE('',#7307,#7308);
#7307 = CARTESIAN_POINT('',(6.5,16.,-8.4));
#7308 = VECTOR('',#7309,1.);
#7309 = DIRECTION('',(0.,1.,0.));
#7310 = ORIENTED_EDGE('',*,*,#7311,.F.);
#7311 = EDGE_CURVE('',#7312,#7304,#7314,.T.);
#7312 = VERTEX_POINT('',#7313);
#7313 = CARTESIAN_POINT('',(9.,104.,-8.4));
#7314 = CIRCLE('',#7315,2.5);
#7315 = AXIS2_PLACEMENT_3D('',#7316,#7317,#7318);
#7316 = CARTESIAN_POINT('',(9.,101.5,-8.4));
#7317 = DIRECTION('',(0.,0.,1.));
#7318 = DIRECTION('',(-1.,0.,0.));
#7319 = ORIENTED_EDGE('',*,*,#7320,.F.);
#7320 = EDGE_CURVE('',#7321,#7312,#7323,.T.);
#7321 = VERTEX_POINT('',#7322);
#7322 = CARTESIAN_POINT('',(28.,104.,-8.4));
#7323 = LINE('',#7324,#7325);
#7324 = CARTESIAN_POINT('',(-14.5,104.,-8.4));
#7325 = VECTOR('',#7326,1.);
#7326 = DIRECTION('',(-1.,0.,0.));
#7327 = ORIENTED_EDGE('',*,*,#7328,.F.);
#7328 = EDGE_CURVE('',#7329,#7321,#7331,.T.);
#7329 = VERTEX_POINT('',#7330);
#7330 = CARTESIAN_POINT('',(30.5,101.5,-8.4));
#7331 = CIRCLE('',#7332,2.5);
#7332 = AXIS2_PLACEMENT_3D('',#7333,#7334,#7335);
#7333 = CARTESIAN_POINT('',(28.,101.5,-8.4));
#7334 = DIRECTION('',(0.,0.,1.));
#7335 = DIRECTION('',(1.,0.,0.));
#7336 = ORIENTED_EDGE('',*,*,#7337,.F.);
#7337 = EDGE_CURVE('',#7338,#7329,#7340,.T.);
#7338 = VERTEX_POINT('',#7339);
#7339 = CARTESIAN_POINT('',(30.5,34.5,-8.4));
#7340 = LINE('',#7341,#7342);
#7341 = CARTESIAN_POINT('',(30.5,16.,-8.4));
#7342 = VECTOR('',#7343,1.);
#7343 = DIRECTION('',(0.,1.,0.));
#7344 = ORIENTED_EDGE('',*,*,#7345,.F.);
#7345 = EDGE_CURVE('',#7346,#7338,#7348,.T.);
#7346 = VERTEX_POINT('',#7347);
#7347 = CARTESIAN_POINT('',(28.,32.,-8.4));
#7348 = CIRCLE('',#7349,2.5);
#7349 = AXIS2_PLACEMENT_3D('',#7350,#7351,#7352);
#7350 = CARTESIAN_POINT('',(28.,34.5,-8.4));
#7351 = DIRECTION('',(0.,0.,1.));
#7352 = DIRECTION('',(1.,0.,0.));
#7353 = ORIENTED_EDGE('',*,*,#7354,.T.);
#7354 = EDGE_CURVE('',#7346,#7295,#7355,.T.);
#7355 = LINE('',#7356,#7357);
#7356 = CARTESIAN_POINT('',(-14.5,32.,-8.4));
#7357 = VECTOR('',#7358,1.);
#7358 = DIRECTION('',(-1.,0.,0.));
#7359 = FACE_BOUND('',#7360,.T.);
#7360 = EDGE_LOOP('',(#7361,#7372,#7380,#7389,#7397,#7406,#7414,#7423));
#7361 = ORIENTED_EDGE('',*,*,#7362,.F.);
#7362 = EDGE_CURVE('',#7363,#7365,#7367,.T.);
#7363 = VERTEX_POINT('',#7364);
#7364 = CARTESIAN_POINT('',(5.5,109.,-8.4));
#7365 = VERTEX_POINT('',#7366);
#7366 = CARTESIAN_POINT('',(8.5,106.,-8.4));
#7367 = CIRCLE('',#7368,3.);
#7368 = AXIS2_PLACEMENT_3D('',#7369,#7370,#7371);
#7369 = CARTESIAN_POINT('',(8.5,109.,-8.4));
#7370 = DIRECTION('',(0.,0.,1.));
#7371 = DIRECTION('',(-1.,0.,0.));
#7372 = ORIENTED_EDGE('',*,*,#7373,.T.);
#7373 = EDGE_CURVE('',#7363,#7374,#7376,.T.);
#7374 = VERTEX_POINT('',#7375);
#7375 = CARTESIAN_POINT('',(5.5,138.,-8.4));
#7376 = LINE('',#7377,#7378);
#7377 = CARTESIAN_POINT('',(5.5,53.,-8.4));
#7378 = VECTOR('',#7379,1.);
#7379 = DIRECTION('',(0.,1.,0.));
#7380 = ORIENTED_EDGE('',*,*,#7381,.F.);
#7381 = EDGE_CURVE('',#7382,#7374,#7384,.T.);
#7382 = VERTEX_POINT('',#7383);
#7383 = CARTESIAN_POINT('',(8.5,141.,-8.4));
#7384 = CIRCLE('',#7385,3.);
#7385 = AXIS2_PLACEMENT_3D('',#7386,#7387,#7388);
#7386 = CARTESIAN_POINT('',(8.5,138.,-8.4));
#7387 = DIRECTION('',(0.,0.,1.));
#7388 = DIRECTION('',(-1.,0.,0.));
#7389 = ORIENTED_EDGE('',*,*,#7390,.F.);
#7390 = EDGE_CURVE('',#7391,#7382,#7393,.T.);
#7391 = VERTEX_POINT('',#7392);
#7392 = CARTESIAN_POINT('',(28.5,141.,-8.4));
#7393 = LINE('',#7394,#7395);
#7394 = CARTESIAN_POINT('',(-15.,141.,-8.4));
#7395 = VECTOR('',#7396,1.);
#7396 = DIRECTION('',(-1.,0.,0.));
#7397 = ORIENTED_EDGE('',*,*,#7398,.F.);
#7398 = EDGE_CURVE('',#7399,#7391,#7401,.T.);
#7399 = VERTEX_POINT('',#7400);
#7400 = CARTESIAN_POINT('',(31.5,138.,-8.4));
#7401 = CIRCLE('',#7402,3.);
#7402 = AXIS2_PLACEMENT_3D('',#7403,#7404,#7405);
#7403 = CARTESIAN_POINT('',(28.5,138.,-8.4));
#7404 = DIRECTION('',(0.,0.,1.));
#7405 = DIRECTION('',(1.,0.,0.));
#7406 = ORIENTED_EDGE('',*,*,#7407,.F.);
#7407 = EDGE_CURVE('',#7408,#7399,#7410,.T.);
#7408 = VERTEX_POINT('',#7409);
#7409 = CARTESIAN_POINT('',(31.5,109.,-8.4));
#7410 = LINE('',#7411,#7412);
#7411 = CARTESIAN_POINT('',(31.5,53.,-8.4));
#7412 = VECTOR('',#7413,1.);
#7413 = DIRECTION('',(0.,1.,0.));
#7414 = ORIENTED_EDGE('',*,*,#7415,.F.);
#7415 = EDGE_CURVE('',#7416,#7408,#7418,.T.);
#7416 = VERTEX_POINT('',#7417);
#7417 = CARTESIAN_POINT('',(28.5,106.,-8.4));
#7418 = CIRCLE('',#7419,3.);
#7419 = AXIS2_PLACEMENT_3D('',#7420,#7421,#7422);
#7420 = CARTESIAN_POINT('',(28.5,109.,-8.4));
#7421 = DIRECTION('',(0.,0.,1.));
#7422 = DIRECTION('',(1.,0.,0.));
#7423 = ORIENTED_EDGE('',*,*,#7424,.T.);
#7424 = EDGE_CURVE('',#7416,#7365,#7425,.T.);
#7425 = LINE('',#7426,#7427);
#7426 = CARTESIAN_POINT('',(-15.,106.,-8.4));
#7427 = VECTOR('',#7428,1.);
#7428 = DIRECTION('',(-1.,0.,0.));
#7429 = FACE_BOUND('',#7430,.T.);
#7430 = EDGE_LOOP('',(#7431,#7442,#7450,#7459,#7467,#7476,#7484,#7493));
#7431 = ORIENTED_EDGE('',*,*,#7432,.F.);
#7432 = EDGE_CURVE('',#7433,#7435,#7437,.T.);
#7433 = VERTEX_POINT('',#7434);
#7434 = CARTESIAN_POINT('',(-32.25,115.65,-8.4));
#7435 = VERTEX_POINT('',#7436);
#7436 = CARTESIAN_POINT('',(-28.25,111.65,-8.4));
#7437 = CIRCLE('',#7438,4.);
#7438 = AXIS2_PLACEMENT_3D('',#7439,#7440,#7441);
#7439 = CARTESIAN_POINT('',(-28.25,115.65,-8.4));
#7440 = DIRECTION('',(0.,0.,1.));
#7441 = DIRECTION('',(-1.,0.,0.));
#7442 = ORIENTED_EDGE('',*,*,#7443,.T.);
#7443 = EDGE_CURVE('',#7433,#7444,#7446,.T.);
#7444 = VERTEX_POINT('',#7445);
#7445 = CARTESIAN_POINT('',(-32.25,138.15,-8.4));
#7446 = LINE('',#7447,#7448);
#7447 = CARTESIAN_POINT('',(-32.25,55.825,-8.4));
#7448 = VECTOR('',#7449,1.);
#7449 = DIRECTION('',(0.,1.,0.));
#7450 = ORIENTED_EDGE('',*,*,#7451,.F.);
#7451 = EDGE_CURVE('',#7452,#7444,#7454,.T.);
#7452 = VERTEX_POINT('',#7453);
#7453 = CARTESIAN_POINT('',(-28.25,142.15,-8.4));
#7454 = CIRCLE('',#7455,4.);
#7455 = AXIS2_PLACEMENT_3D('',#7456,#7457,#7458);
#7456 = CARTESIAN_POINT('',(-28.25,138.15,-8.4));
#7457 = DIRECTION('',(0.,0.,1.));
#7458 = DIRECTION('',(-1.,0.,0.));
#7459 = ORIENTED_EDGE('',*,*,#7460,.F.);
#7460 = EDGE_CURVE('',#7461,#7452,#7463,.T.);
#7461 = VERTEX_POINT('',#7462);
#7462 = CARTESIAN_POINT('',(-5.75,142.15,-8.4));
#7463 = LINE('',#7464,#7465);
#7464 = CARTESIAN_POINT('',(-33.875,142.15,-8.4));
#7465 = VECTOR('',#7466,1.);
#7466 = DIRECTION('',(-1.,0.,0.));
#7467 = ORIENTED_EDGE('',*,*,#7468,.F.);
#7468 = EDGE_CURVE('',#7469,#7461,#7471,.T.);
#7469 = VERTEX_POINT('',#7470);
#7470 = CARTESIAN_POINT('',(-1.75,138.15,-8.4));
#7471 = CIRCLE('',#7472,4.);
#7472 = AXIS2_PLACEMENT_3D('',#7473,#7474,#7475);
#7473 = CARTESIAN_POINT('',(-5.75,138.15,-8.4));
#7474 = DIRECTION('',(0.,0.,1.));
#7475 = DIRECTION('',(1.,0.,0.));
#7476 = ORIENTED_EDGE('',*,*,#7477,.F.);
#7477 = EDGE_CURVE('',#7478,#7469,#7480,.T.);
#7478 = VERTEX_POINT('',#7479);
#7479 = CARTESIAN_POINT('',(-1.75,115.65,-8.4));
#7480 = LINE('',#7481,#7482);
#7481 = CARTESIAN_POINT('',(-1.75,55.825,-8.4));
#7482 = VECTOR('',#7483,1.);
#7483 = DIRECTION('',(0.,1.,0.));
#7484 = ORIENTED_EDGE('',*,*,#7485,.F.);
#7485 = EDGE_CURVE('',#7486,#7478,#7488,.T.);
#7486 = VERTEX_POINT('',#7487);
#7487 = CARTESIAN_POINT('',(-5.75,111.65,-8.4));
#7488 = CIRCLE('',#7489,4.);
#7489 = AXIS2_PLACEMENT_3D('',#7490,#7491,#7492);
#7490 = CARTESIAN_POINT('',(-5.75,115.65,-8.4));
#7491 = DIRECTION('',(0.,0.,1.));
#7492 = DIRECTION('',(1.,0.,0.));
#7493 = ORIENTED_EDGE('',*,*,#7494,.T.);
#7494 = EDGE_CURVE('',#7486,#7435,#7495,.T.);
#7495 = LINE('',#7496,#7497);
#7496 = CARTESIAN_POINT('',(-33.875,111.65,-8.4));
#7497 = VECTOR('',#7498,1.);
#7498 = DIRECTION('',(-1.,0.,0.));
#7499 = PLANE('',#7500);
#7500 = AXIS2_PLACEMENT_3D('',#7501,#7502,#7503);
#7501 = CARTESIAN_POINT('',(-35.5,0.,-8.4));
#7502 = DIRECTION('',(0.,0.,1.));
#7503 = DIRECTION('',(1.,0.,0.));
#7504 = ADVANCED_FACE('',(#7505),#7530,.T.);
#7505 = FACE_BOUND('',#7506,.T.);
#7506 = EDGE_LOOP('',(#7507,#7515,#7523,#7529));
#7507 = ORIENTED_EDGE('',*,*,#7508,.F.);
#7508 = EDGE_CURVE('',#7509,#2312,#7511,.T.);
#7509 = VERTEX_POINT('',#7510);
#7510 = CARTESIAN_POINT('',(35.8,131.,-25.));
#7511 = LINE('',#7512,#7513);
#7512 = CARTESIAN_POINT('',(35.8,131.,-25.));
#7513 = VECTOR('',#7514,1.);
#7514 = DIRECTION('',(1.,0.,0.));
#7515 = ORIENTED_EDGE('',*,*,#7516,.T.);
#7516 = EDGE_CURVE('',#7509,#7517,#7519,.T.);
#7517 = VERTEX_POINT('',#7518);
#7518 = CARTESIAN_POINT('',(35.8,131.,-17.));
#7519 = LINE('',#7520,#7521);
#7520 = CARTESIAN_POINT('',(35.8,131.,-25.));
#7521 = VECTOR('',#7522,1.);
#7522 = DIRECTION('',(0.,0.,1.));
#7523 = ORIENTED_EDGE('',*,*,#7524,.T.);
#7524 = EDGE_CURVE('',#7517,#2314,#7525,.T.);
#7525 = LINE('',#7526,#7527);
#7526 = CARTESIAN_POINT('',(35.8,131.,-17.));
#7527 = VECTOR('',#7528,1.);
#7528 = DIRECTION('',(1.,0.,0.));
#7529 = ORIENTED_EDGE('',*,*,#2311,.F.);
#7530 = PLANE('',#7531);
#7531 = AXIS2_PLACEMENT_3D('',#7532,#7533,#7534);
#7532 = CARTESIAN_POINT('',(35.8,131.,-25.));
#7533 = DIRECTION('',(0.,1.,0.));
#7534 = DIRECTION('',(0.,0.,1.));
#7535 = ADVANCED_FACE('',(#7536),#7554,.T.);
#7536 = FACE_BOUND('',#7537,.T.);
#7537 = EDGE_LOOP('',(#7538,#7539,#7547,#7553));
#7538 = ORIENTED_EDGE('',*,*,#7524,.F.);
#7539 = ORIENTED_EDGE('',*,*,#7540,.F.);
#7540 = EDGE_CURVE('',#7541,#7517,#7543,.T.);
#7541 = VERTEX_POINT('',#7542);
#7542 = CARTESIAN_POINT('',(35.8,128.99999999999,-17.));
#7543 = LINE('',#7544,#7545);
#7544 = CARTESIAN_POINT('',(35.8,125.,-17.));
#7545 = VECTOR('',#7546,1.);
#7546 = DIRECTION('',(0.,1.,0.));
#7547 = ORIENTED_EDGE('',*,*,#7548,.T.);
#7548 = EDGE_CURVE('',#7541,#2363,#7549,.T.);
#7549 = LINE('',#7550,#7551);
#7550 = CARTESIAN_POINT('',(35.,129.,-17.));
#7551 = VECTOR('',#7552,1.);
#7552 = DIRECTION('',(1.,0.,0.));
#7553 = ORIENTED_EDGE('',*,*,#2371,.F.);
#7554 = PLANE('',#7555);
#7555 = AXIS2_PLACEMENT_3D('',#7556,#7557,#7558);
#7556 = CARTESIAN_POINT('',(35.8,125.,-17.));
#7557 = DIRECTION('',(0.,0.,1.));
#7558 = DIRECTION('',(1.,0.,0.));
#7559 = ADVANCED_FACE('',(#7560),#7613,.F.);
#7560 = FACE_BOUND('',#7561,.F.);
#7561 = EDGE_LOOP('',(#7562,#7572,#7579,#7580,#7581,#7589,#7598,#7606));
#7562 = ORIENTED_EDGE('',*,*,#7563,.F.);
#7563 = EDGE_CURVE('',#7564,#7566,#7568,.T.);
#7564 = VERTEX_POINT('',#7565);
#7565 = CARTESIAN_POINT('',(35.8,130.6,-19.4));
#7566 = VERTEX_POINT('',#7567);
#7567 = CARTESIAN_POINT('',(39.6,130.6,-19.4));
#7568 = LINE('',#7569,#7570);
#7569 = CARTESIAN_POINT('',(35.,130.6,-19.4));
#7570 = VECTOR('',#7571,1.);
#7571 = DIRECTION('',(1.,0.,0.));
#7572 = ORIENTED_EDGE('',*,*,#7573,.T.);
#7573 = EDGE_CURVE('',#7564,#7541,#7574,.T.);
#7574 = CIRCLE('',#7575,2.6);
#7575 = AXIS2_PLACEMENT_3D('',#7576,#7577,#7578);
#7576 = CARTESIAN_POINT('',(35.8,128.,-19.4));
#7577 = DIRECTION('',(1.,0.,-0.));
#7578 = DIRECTION('',(0.,0.,1.));
#7579 = ORIENTED_EDGE('',*,*,#7548,.T.);
#7580 = ORIENTED_EDGE('',*,*,#2362,.T.);
#7581 = ORIENTED_EDGE('',*,*,#7582,.F.);
#7582 = EDGE_CURVE('',#7583,#2355,#7585,.T.);
#7583 = VERTEX_POINT('',#7584);
#7584 = CARTESIAN_POINT('',(35.8,127.,-17.));
#7585 = LINE('',#7586,#7587);
#7586 = CARTESIAN_POINT('',(35.,127.,-17.));
#7587 = VECTOR('',#7588,1.);
#7588 = DIRECTION('',(1.,0.,0.));
#7589 = ORIENTED_EDGE('',*,*,#7590,.T.);
#7590 = EDGE_CURVE('',#7583,#7591,#7593,.T.);
#7591 = VERTEX_POINT('',#7592);
#7592 = CARTESIAN_POINT('',(35.8,125.4,-19.4));
#7593 = CIRCLE('',#7594,2.6);
#7594 = AXIS2_PLACEMENT_3D('',#7595,#7596,#7597);
#7595 = CARTESIAN_POINT('',(35.8,128.,-19.4));
#7596 = DIRECTION('',(1.,0.,-0.));
#7597 = DIRECTION('',(0.,0.,1.));
#7598 = ORIENTED_EDGE('',*,*,#7599,.T.);
#7599 = EDGE_CURVE('',#7591,#7600,#7602,.T.);
#7600 = VERTEX_POINT('',#7601);
#7601 = CARTESIAN_POINT('',(39.6,125.4,-19.4));
#7602 = LINE('',#7603,#7604);
#7603 = CARTESIAN_POINT('',(35.,125.4,-19.4));
#7604 = VECTOR('',#7605,1.);
#7605 = DIRECTION('',(1.,0.,0.));
#7606 = ORIENTED_EDGE('',*,*,#7607,.F.);
#7607 = EDGE_CURVE('',#7566,#7600,#7608,.T.);
#7608 = CIRCLE('',#7609,2.6);
#7609 = AXIS2_PLACEMENT_3D('',#7610,#7611,#7612);
#7610 = CARTESIAN_POINT('',(39.6,128.,-19.4));
#7611 = DIRECTION('',(1.,0.,-0.));
#7612 = DIRECTION('',(0.,0.,1.));
#7613 = CYLINDRICAL_SURFACE('',#7614,2.6);
#7614 = AXIS2_PLACEMENT_3D('',#7615,#7616,#7617);
#7615 = CARTESIAN_POINT('',(35.,128.,-19.4));
#7616 = DIRECTION('',(1.,0.,0.));
#7617 = DIRECTION('',(0.,0.,1.));
#7618 = ADVANCED_FACE('',(#7619),#7637,.T.);
#7619 = FACE_BOUND('',#7620,.T.);
#7620 = EDGE_LOOP('',(#7621,#7622,#7630,#7636));
#7621 = ORIENTED_EDGE('',*,*,#7582,.F.);
#7622 = ORIENTED_EDGE('',*,*,#7623,.F.);
#7623 = EDGE_CURVE('',#7624,#7583,#7626,.T.);
#7624 = VERTEX_POINT('',#7625);
#7625 = CARTESIAN_POINT('',(35.8,125.,-17.));
#7626 = LINE('',#7627,#7628);
#7627 = CARTESIAN_POINT('',(35.8,125.,-17.));
#7628 = VECTOR('',#7629,1.);
#7629 = DIRECTION('',(0.,1.,0.));
#7630 = ORIENTED_EDGE('',*,*,#7631,.T.);
#7631 = EDGE_CURVE('',#7624,#2347,#7632,.T.);
#7632 = LINE('',#7633,#7634);
#7633 = CARTESIAN_POINT('',(35.8,125.,-17.));
#7634 = VECTOR('',#7635,1.);
#7635 = DIRECTION('',(1.,0.,0.));
#7636 = ORIENTED_EDGE('',*,*,#2354,.F.);
#7637 = PLANE('',#7638);
#7638 = AXIS2_PLACEMENT_3D('',#7639,#7640,#7641);
#7639 = CARTESIAN_POINT('',(35.8,125.,-17.));
#7640 = DIRECTION('',(0.,0.,1.));
#7641 = DIRECTION('',(1.,0.,0.));
#7642 = ADVANCED_FACE('',(#7643),#7661,.F.);
#7643 = FACE_BOUND('',#7644,.F.);
#7644 = EDGE_LOOP('',(#7645,#7653,#7659,#7660));
#7645 = ORIENTED_EDGE('',*,*,#7646,.F.);
#7646 = EDGE_CURVE('',#7647,#2339,#7649,.T.);
#7647 = VERTEX_POINT('',#7648);
#7648 = CARTESIAN_POINT('',(35.8,125.,-25.));
#7649 = LINE('',#7650,#7651);
#7650 = CARTESIAN_POINT('',(35.8,125.,-25.));
#7651 = VECTOR('',#7652,1.);
#7652 = DIRECTION('',(1.,0.,0.));
#7653 = ORIENTED_EDGE('',*,*,#7654,.T.);
#7654 = EDGE_CURVE('',#7647,#7624,#7655,.T.);
#7655 = LINE('',#7656,#7657);
#7656 = CARTESIAN_POINT('',(35.8,125.,-25.));
#7657 = VECTOR('',#7658,1.);
#7658 = DIRECTION('',(0.,0.,1.));
#7659 = ORIENTED_EDGE('',*,*,#7631,.T.);
#7660 = ORIENTED_EDGE('',*,*,#2346,.F.);
#7661 = PLANE('',#7662);
#7662 = AXIS2_PLACEMENT_3D('',#7663,#7664,#7665);
#7663 = CARTESIAN_POINT('',(35.8,125.,-25.));
#7664 = DIRECTION('',(0.,1.,0.));
#7665 = DIRECTION('',(0.,0.,1.));
#7666 = ADVANCED_FACE('',(#7667),#7685,.F.);
#7667 = FACE_BOUND('',#7668,.F.);
#7668 = EDGE_LOOP('',(#7669,#7677,#7683,#7684));
#7669 = ORIENTED_EDGE('',*,*,#7670,.F.);
#7670 = EDGE_CURVE('',#7671,#2330,#7673,.T.);
#7671 = VERTEX_POINT('',#7672);
#7672 = CARTESIAN_POINT('',(35.8,127.,-25.));
#7673 = LINE('',#7674,#7675);
#7674 = CARTESIAN_POINT('',(35.,127.,-25.));
#7675 = VECTOR('',#7676,1.);
#7676 = DIRECTION('',(1.,0.,0.));
#7677 = ORIENTED_EDGE('',*,*,#7678,.F.);
#7678 = EDGE_CURVE('',#7647,#7671,#7679,.T.);
#7679 = LINE('',#7680,#7681);
#7680 = CARTESIAN_POINT('',(35.8,125.,-25.));
#7681 = VECTOR('',#7682,1.);
#7682 = DIRECTION('',(0.,1.,0.));
#7683 = ORIENTED_EDGE('',*,*,#7646,.T.);
#7684 = ORIENTED_EDGE('',*,*,#2338,.F.);
#7685 = PLANE('',#7686);
#7686 = AXIS2_PLACEMENT_3D('',#7687,#7688,#7689);
#7687 = CARTESIAN_POINT('',(35.8,125.,-25.));
#7688 = DIRECTION('',(0.,0.,1.));
#7689 = DIRECTION('',(1.,0.,0.));
#7690 = ADVANCED_FACE('',(#7691),#7744,.F.);
#7691 = FACE_BOUND('',#7692,.F.);
#7692 = EDGE_LOOP('',(#7693,#7704,#7712,#7719,#7720,#7721,#7729,#7738));
#7693 = ORIENTED_EDGE('',*,*,#7694,.F.);
#7694 = EDGE_CURVE('',#7695,#7697,#7699,.T.);
#7695 = VERTEX_POINT('',#7696);
#7696 = CARTESIAN_POINT('',(39.6,125.4,-22.6));
#7697 = VERTEX_POINT('',#7698);
#7698 = CARTESIAN_POINT('',(39.6,130.6,-22.6));
#7699 = CIRCLE('',#7700,2.6);
#7700 = AXIS2_PLACEMENT_3D('',#7701,#7702,#7703);
#7701 = CARTESIAN_POINT('',(39.6,128.,-22.6));
#7702 = DIRECTION('',(1.,0.,-0.));
#7703 = DIRECTION('',(0.,0.,1.));
#7704 = ORIENTED_EDGE('',*,*,#7705,.F.);
#7705 = EDGE_CURVE('',#7706,#7695,#7708,.T.);
#7706 = VERTEX_POINT('',#7707);
#7707 = CARTESIAN_POINT('',(35.8,125.4,-22.6));
#7708 = LINE('',#7709,#7710);
#7709 = CARTESIAN_POINT('',(35.,125.4,-22.6));
#7710 = VECTOR('',#7711,1.);
#7711 = DIRECTION('',(1.,0.,0.));
#7712 = ORIENTED_EDGE('',*,*,#7713,.T.);
#7713 = EDGE_CURVE('',#7706,#7671,#7714,.T.);
#7714 = CIRCLE('',#7715,2.6);
#7715 = AXIS2_PLACEMENT_3D('',#7716,#7717,#7718);
#7716 = CARTESIAN_POINT('',(35.8,128.,-22.6));
#7717 = DIRECTION('',(1.,0.,-0.));
#7718 = DIRECTION('',(0.,0.,1.));
#7719 = ORIENTED_EDGE('',*,*,#7670,.T.);
#7720 = ORIENTED_EDGE('',*,*,#2329,.T.);
#7721 = ORIENTED_EDGE('',*,*,#7722,.F.);
#7722 = EDGE_CURVE('',#7723,#2322,#7725,.T.);
#7723 = VERTEX_POINT('',#7724);
#7724 = CARTESIAN_POINT('',(35.8,129.,-25.));
#7725 = LINE('',#7726,#7727);
#7726 = CARTESIAN_POINT('',(35.,129.,-25.));
#7727 = VECTOR('',#7728,1.);
#7728 = DIRECTION('',(1.,0.,0.));
#7729 = ORIENTED_EDGE('',*,*,#7730,.T.);
#7730 = EDGE_CURVE('',#7723,#7731,#7733,.T.);
#7731 = VERTEX_POINT('',#7732);
#7732 = CARTESIAN_POINT('',(35.8,130.6,-22.6));
#7733 = CIRCLE('',#7734,2.6);
#7734 = AXIS2_PLACEMENT_3D('',#7735,#7736,#7737);
#7735 = CARTESIAN_POINT('',(35.8,128.,-22.6));
#7736 = DIRECTION('',(1.,0.,-0.));
#7737 = DIRECTION('',(0.,0.,1.));
#7738 = ORIENTED_EDGE('',*,*,#7739,.T.);
#7739 = EDGE_CURVE('',#7731,#7697,#7740,.T.);
#7740 = LINE('',#7741,#7742);
#7741 = CARTESIAN_POINT('',(35.,130.6,-22.6));
#7742 = VECTOR('',#7743,1.);
#7743 = DIRECTION('',(1.,0.,0.));
#7744 = CYLINDRICAL_SURFACE('',#7745,2.6);
#7745 = AXIS2_PLACEMENT_3D('',#7746,#7747,#7748);
#7746 = CARTESIAN_POINT('',(35.,128.,-22.6));
#7747 = DIRECTION('',(1.,0.,0.));
#7748 = DIRECTION('',(0.,0.,1.));
#7749 = ADVANCED_FACE('',(#7750),#7761,.F.);
#7750 = FACE_BOUND('',#7751,.F.);
#7751 = EDGE_LOOP('',(#7752,#7753,#7759,#7760));
#7752 = ORIENTED_EDGE('',*,*,#7508,.F.);
#7753 = ORIENTED_EDGE('',*,*,#7754,.F.);
#7754 = EDGE_CURVE('',#7723,#7509,#7755,.T.);
#7755 = LINE('',#7756,#7757);
#7756 = CARTESIAN_POINT('',(35.8,125.,-25.));
#7757 = VECTOR('',#7758,1.);
#7758 = DIRECTION('',(0.,1.,0.));
#7759 = ORIENTED_EDGE('',*,*,#7722,.T.);
#7760 = ORIENTED_EDGE('',*,*,#2321,.F.);
#7761 = PLANE('',#7762);
#7762 = AXIS2_PLACEMENT_3D('',#7763,#7764,#7765);
#7763 = CARTESIAN_POINT('',(35.8,125.,-25.));
#7764 = DIRECTION('',(0.,0.,1.));
#7765 = DIRECTION('',(1.,0.,0.));
#7766 = ADVANCED_FACE('',(#7767),#7792,.T.);
#7767 = FACE_BOUND('',#7768,.T.);
#7768 = EDGE_LOOP('',(#7769,#7777,#7785,#7791));
#7769 = ORIENTED_EDGE('',*,*,#7770,.F.);
#7770 = EDGE_CURVE('',#7771,#2380,#7773,.T.);
#7771 = VERTEX_POINT('',#7772);
#7772 = CARTESIAN_POINT('',(35.8,119.,-25.));
#7773 = LINE('',#7774,#7775);
#7774 = CARTESIAN_POINT('',(35.8,119.,-25.));
#7775 = VECTOR('',#7776,1.);
#7776 = DIRECTION('',(1.,0.,0.));
#7777 = ORIENTED_EDGE('',*,*,#7778,.T.);
#7778 = EDGE_CURVE('',#7771,#7779,#7781,.T.);
#7779 = VERTEX_POINT('',#7780);
#7780 = CARTESIAN_POINT('',(35.8,119.,-17.));
#7781 = LINE('',#7782,#7783);
#7782 = CARTESIAN_POINT('',(35.8,119.,-25.));
#7783 = VECTOR('',#7784,1.);
#7784 = DIRECTION('',(0.,0.,1.));
#7785 = ORIENTED_EDGE('',*,*,#7786,.T.);
#7786 = EDGE_CURVE('',#7779,#2382,#7787,.T.);
#7787 = LINE('',#7788,#7789);
#7788 = CARTESIAN_POINT('',(35.8,119.,-17.));
#7789 = VECTOR('',#7790,1.);
#7790 = DIRECTION('',(1.,0.,0.));
#7791 = ORIENTED_EDGE('',*,*,#2379,.F.);
#7792 = PLANE('',#7793);
#7793 = AXIS2_PLACEMENT_3D('',#7794,#7795,#7796);
#7794 = CARTESIAN_POINT('',(35.8,119.,-25.));
#7795 = DIRECTION('',(0.,1.,0.));
#7796 = DIRECTION('',(0.,0.,1.));
#7797 = ADVANCED_FACE('',(#7798),#7816,.T.);
#7798 = FACE_BOUND('',#7799,.T.);
#7799 = EDGE_LOOP('',(#7800,#7801,#7809,#7815));
#7800 = ORIENTED_EDGE('',*,*,#7786,.F.);
#7801 = ORIENTED_EDGE('',*,*,#7802,.F.);
#7802 = EDGE_CURVE('',#7803,#7779,#7805,.T.);
#7803 = VERTEX_POINT('',#7804);
#7804 = CARTESIAN_POINT('',(35.8,117.,-17.));
#7805 = LINE('',#7806,#7807);
#7806 = CARTESIAN_POINT('',(35.8,113.,-17.));
#7807 = VECTOR('',#7808,1.);
#7808 = DIRECTION('',(0.,1.,0.));
#7809 = ORIENTED_EDGE('',*,*,#7810,.T.);
#7810 = EDGE_CURVE('',#7803,#2431,#7811,.T.);
#7811 = LINE('',#7812,#7813);
#7812 = CARTESIAN_POINT('',(35.,117.,-17.));
#7813 = VECTOR('',#7814,1.);
#7814 = DIRECTION('',(1.,0.,0.));
#7815 = ORIENTED_EDGE('',*,*,#2439,.F.);
#7816 = PLANE('',#7817);
#7817 = AXIS2_PLACEMENT_3D('',#7818,#7819,#7820);
#7818 = CARTESIAN_POINT('',(35.8,113.,-17.));
#7819 = DIRECTION('',(0.,0.,1.));
#7820 = DIRECTION('',(1.,0.,0.));
#7821 = ADVANCED_FACE('',(#7822),#7875,.F.);
#7822 = FACE_BOUND('',#7823,.F.);
#7823 = EDGE_LOOP('',(#7824,#7834,#7841,#7842,#7843,#7851,#7860,#7868));
#7824 = ORIENTED_EDGE('',*,*,#7825,.F.);
#7825 = EDGE_CURVE('',#7826,#7828,#7830,.T.);
#7826 = VERTEX_POINT('',#7827);
#7827 = CARTESIAN_POINT('',(35.8,118.6,-19.4));
#7828 = VERTEX_POINT('',#7829);
#7829 = CARTESIAN_POINT('',(39.6,118.6,-19.4));
#7830 = LINE('',#7831,#7832);
#7831 = CARTESIAN_POINT('',(35.,118.6,-19.4));
#7832 = VECTOR('',#7833,1.);
#7833 = DIRECTION('',(1.,0.,0.));
#7834 = ORIENTED_EDGE('',*,*,#7835,.T.);
#7835 = EDGE_CURVE('',#7826,#7803,#7836,.T.);
#7836 = CIRCLE('',#7837,2.6);
#7837 = AXIS2_PLACEMENT_3D('',#7838,#7839,#7840);
#7838 = CARTESIAN_POINT('',(35.8,116.,-19.4));
#7839 = DIRECTION('',(1.,0.,-0.));
#7840 = DIRECTION('',(0.,0.,1.));
#7841 = ORIENTED_EDGE('',*,*,#7810,.T.);
#7842 = ORIENTED_EDGE('',*,*,#2430,.T.);
#7843 = ORIENTED_EDGE('',*,*,#7844,.F.);
#7844 = EDGE_CURVE('',#7845,#2423,#7847,.T.);
#7845 = VERTEX_POINT('',#7846);
#7846 = CARTESIAN_POINT('',(35.8,115.,-17.));
#7847 = LINE('',#7848,#7849);
#7848 = CARTESIAN_POINT('',(35.,115.,-17.));
#7849 = VECTOR('',#7850,1.);
#7850 = DIRECTION('',(1.,0.,0.));
#7851 = ORIENTED_EDGE('',*,*,#7852,.T.);
#7852 = EDGE_CURVE('',#7845,#7853,#7855,.T.);
#7853 = VERTEX_POINT('',#7854);
#7854 = CARTESIAN_POINT('',(35.8,113.4,-19.4));
#7855 = CIRCLE('',#7856,2.6);
#7856 = AXIS2_PLACEMENT_3D('',#7857,#7858,#7859);
#7857 = CARTESIAN_POINT('',(35.8,116.,-19.4));
#7858 = DIRECTION('',(1.,0.,-0.));
#7859 = DIRECTION('',(0.,0.,1.));
#7860 = ORIENTED_EDGE('',*,*,#7861,.T.);
#7861 = EDGE_CURVE('',#7853,#7862,#7864,.T.);
#7862 = VERTEX_POINT('',#7863);
#7863 = CARTESIAN_POINT('',(39.6,113.4,-19.4));
#7864 = LINE('',#7865,#7866);
#7865 = CARTESIAN_POINT('',(35.,113.4,-19.4));
#7866 = VECTOR('',#7867,1.);
#7867 = DIRECTION('',(1.,0.,0.));
#7868 = ORIENTED_EDGE('',*,*,#7869,.F.);
#7869 = EDGE_CURVE('',#7828,#7862,#7870,.T.);
#7870 = CIRCLE('',#7871,2.6);
#7871 = AXIS2_PLACEMENT_3D('',#7872,#7873,#7874);
#7872 = CARTESIAN_POINT('',(39.6,116.,-19.4));
#7873 = DIRECTION('',(1.,0.,-0.));
#7874 = DIRECTION('',(0.,0.,1.));
#7875 = CYLINDRICAL_SURFACE('',#7876,2.6);
#7876 = AXIS2_PLACEMENT_3D('',#7877,#7878,#7879);
#7877 = CARTESIAN_POINT('',(35.,116.,-19.4));
#7878 = DIRECTION('',(1.,0.,0.));
#7879 = DIRECTION('',(0.,0.,1.));
#7880 = ADVANCED_FACE('',(#7881),#7899,.T.);
#7881 = FACE_BOUND('',#7882,.T.);
#7882 = EDGE_LOOP('',(#7883,#7884,#7892,#7898));
#7883 = ORIENTED_EDGE('',*,*,#7844,.F.);
#7884 = ORIENTED_EDGE('',*,*,#7885,.F.);
#7885 = EDGE_CURVE('',#7886,#7845,#7888,.T.);
#7886 = VERTEX_POINT('',#7887);
#7887 = CARTESIAN_POINT('',(35.8,113.,-17.));
#7888 = LINE('',#7889,#7890);
#7889 = CARTESIAN_POINT('',(35.8,113.,-17.));
#7890 = VECTOR('',#7891,1.);
#7891 = DIRECTION('',(0.,1.,0.));
#7892 = ORIENTED_EDGE('',*,*,#7893,.T.);
#7893 = EDGE_CURVE('',#7886,#2415,#7894,.T.);
#7894 = LINE('',#7895,#7896);
#7895 = CARTESIAN_POINT('',(35.8,113.,-17.));
#7896 = VECTOR('',#7897,1.);
#7897 = DIRECTION('',(1.,0.,0.));
#7898 = ORIENTED_EDGE('',*,*,#2422,.F.);
#7899 = PLANE('',#7900);
#7900 = AXIS2_PLACEMENT_3D('',#7901,#7902,#7903);
#7901 = CARTESIAN_POINT('',(35.8,113.,-17.));
#7902 = DIRECTION('',(0.,0.,1.));
#7903 = DIRECTION('',(1.,0.,0.));
#7904 = ADVANCED_FACE('',(#7905),#7923,.F.);
#7905 = FACE_BOUND('',#7906,.F.);
#7906 = EDGE_LOOP('',(#7907,#7915,#7921,#7922));
#7907 = ORIENTED_EDGE('',*,*,#7908,.F.);
#7908 = EDGE_CURVE('',#7909,#2407,#7911,.T.);
#7909 = VERTEX_POINT('',#7910);
#7910 = CARTESIAN_POINT('',(35.8,113.,-25.));
#7911 = LINE('',#7912,#7913);
#7912 = CARTESIAN_POINT('',(35.8,113.,-25.));
#7913 = VECTOR('',#7914,1.);
#7914 = DIRECTION('',(1.,0.,0.));
#7915 = ORIENTED_EDGE('',*,*,#7916,.T.);
#7916 = EDGE_CURVE('',#7909,#7886,#7917,.T.);
#7917 = LINE('',#7918,#7919);
#7918 = CARTESIAN_POINT('',(35.8,113.,-25.));
#7919 = VECTOR('',#7920,1.);
#7920 = DIRECTION('',(0.,0.,1.));
#7921 = ORIENTED_EDGE('',*,*,#7893,.T.);
#7922 = ORIENTED_EDGE('',*,*,#2414,.F.);
#7923 = PLANE('',#7924);
#7924 = AXIS2_PLACEMENT_3D('',#7925,#7926,#7927);
#7925 = CARTESIAN_POINT('',(35.8,113.,-25.));
#7926 = DIRECTION('',(0.,1.,0.));
#7927 = DIRECTION('',(0.,0.,1.));
#7928 = ADVANCED_FACE('',(#7929),#7947,.F.);
#7929 = FACE_BOUND('',#7930,.F.);
#7930 = EDGE_LOOP('',(#7931,#7939,#7945,#7946));
#7931 = ORIENTED_EDGE('',*,*,#7932,.F.);
#7932 = EDGE_CURVE('',#7933,#2398,#7935,.T.);
#7933 = VERTEX_POINT('',#7934);
#7934 = CARTESIAN_POINT('',(35.8,115.,-25.));
#7935 = LINE('',#7936,#7937);
#7936 = CARTESIAN_POINT('',(35.,115.,-25.));
#7937 = VECTOR('',#7938,1.);
#7938 = DIRECTION('',(1.,0.,0.));
#7939 = ORIENTED_EDGE('',*,*,#7940,.F.);
#7940 = EDGE_CURVE('',#7909,#7933,#7941,.T.);
#7941 = LINE('',#7942,#7943);
#7942 = CARTESIAN_POINT('',(35.8,113.,-25.));
#7943 = VECTOR('',#7944,1.);
#7944 = DIRECTION('',(0.,1.,0.));
#7945 = ORIENTED_EDGE('',*,*,#7908,.T.);
#7946 = ORIENTED_EDGE('',*,*,#2406,.F.);
#7947 = PLANE('',#7948);
#7948 = AXIS2_PLACEMENT_3D('',#7949,#7950,#7951);
#7949 = CARTESIAN_POINT('',(35.8,113.,-25.));
#7950 = DIRECTION('',(0.,0.,1.));
#7951 = DIRECTION('',(1.,0.,0.));
#7952 = ADVANCED_FACE('',(#7953),#8006,.F.);
#7953 = FACE_BOUND('',#7954,.F.);
#7954 = EDGE_LOOP('',(#7955,#7966,#7974,#7981,#7982,#7983,#7991,#8000));
#7955 = ORIENTED_EDGE('',*,*,#7956,.F.);
#7956 = EDGE_CURVE('',#7957,#7959,#7961,.T.);
#7957 = VERTEX_POINT('',#7958);
#7958 = CARTESIAN_POINT('',(39.6,113.4,-22.6));
#7959 = VERTEX_POINT('',#7960);
#7960 = CARTESIAN_POINT('',(39.6,118.6,-22.6));
#7961 = CIRCLE('',#7962,2.6);
#7962 = AXIS2_PLACEMENT_3D('',#7963,#7964,#7965);
#7963 = CARTESIAN_POINT('',(39.6,116.,-22.6));
#7964 = DIRECTION('',(1.,0.,-0.));
#7965 = DIRECTION('',(0.,0.,1.));
#7966 = ORIENTED_EDGE('',*,*,#7967,.F.);
#7967 = EDGE_CURVE('',#7968,#7957,#7970,.T.);
#7968 = VERTEX_POINT('',#7969);
#7969 = CARTESIAN_POINT('',(35.8,113.4,-22.6));
#7970 = LINE('',#7971,#7972);
#7971 = CARTESIAN_POINT('',(35.,113.4,-22.6));
#7972 = VECTOR('',#7973,1.);
#7973 = DIRECTION('',(1.,0.,0.));
#7974 = ORIENTED_EDGE('',*,*,#7975,.T.);
#7975 = EDGE_CURVE('',#7968,#7933,#7976,.T.);
#7976 = CIRCLE('',#7977,2.6);
#7977 = AXIS2_PLACEMENT_3D('',#7978,#7979,#7980);
#7978 = CARTESIAN_POINT('',(35.8,116.,-22.6));
#7979 = DIRECTION('',(1.,0.,-0.));
#7980 = DIRECTION('',(0.,0.,1.));
#7981 = ORIENTED_EDGE('',*,*,#7932,.T.);
#7982 = ORIENTED_EDGE('',*,*,#2397,.T.);
#7983 = ORIENTED_EDGE('',*,*,#7984,.F.);
#7984 = EDGE_CURVE('',#7985,#2390,#7987,.T.);
#7985 = VERTEX_POINT('',#7986);
#7986 = CARTESIAN_POINT('',(35.8,117.,-25.));
#7987 = LINE('',#7988,#7989);
#7988 = CARTESIAN_POINT('',(35.,117.,-25.));
#7989 = VECTOR('',#7990,1.);
#7990 = DIRECTION('',(1.,0.,0.));
#7991 = ORIENTED_EDGE('',*,*,#7992,.T.);
#7992 = EDGE_CURVE('',#7985,#7993,#7995,.T.);
#7993 = VERTEX_POINT('',#7994);
#7994 = CARTESIAN_POINT('',(35.8,118.6,-22.6));
#7995 = CIRCLE('',#7996,2.6);
#7996 = AXIS2_PLACEMENT_3D('',#7997,#7998,#7999);
#7997 = CARTESIAN_POINT('',(35.8,116.,-22.6));
#7998 = DIRECTION('',(1.,0.,-0.));
#7999 = DIRECTION('',(0.,0.,1.));
#8000 = ORIENTED_EDGE('',*,*,#8001,.T.);
#8001 = EDGE_CURVE('',#7993,#7959,#8002,.T.);
#8002 = LINE('',#8003,#8004);
#8003 = CARTESIAN_POINT('',(35.,118.6,-22.6));
#8004 = VECTOR('',#8005,1.);
#8005 = DIRECTION('',(1.,0.,0.));
#8006 = CYLINDRICAL_SURFACE('',#8007,2.6);
#8007 = AXIS2_PLACEMENT_3D('',#8008,#8009,#8010);
#8008 = CARTESIAN_POINT('',(35.,116.,-22.6));
#8009 = DIRECTION('',(1.,0.,0.));
#8010 = DIRECTION('',(0.,0.,1.));
#8011 = ADVANCED_FACE('',(#8012),#8023,.F.);
#8012 = FACE_BOUND('',#8013,.F.);
#8013 = EDGE_LOOP('',(#8014,#8015,#8021,#8022));
#8014 = ORIENTED_EDGE('',*,*,#7770,.F.);
#8015 = ORIENTED_EDGE('',*,*,#8016,.F.);
#8016 = EDGE_CURVE('',#7985,#7771,#8017,.T.);
#8017 = LINE('',#8018,#8019);
#8018 = CARTESIAN_POINT('',(35.8,113.,-25.));
#8019 = VECTOR('',#8020,1.);
#8020 = DIRECTION('',(0.,1.,0.));
#8021 = ORIENTED_EDGE('',*,*,#7984,.T.);
#8022 = ORIENTED_EDGE('',*,*,#2389,.F.);
#8023 = PLANE('',#8024);
#8024 = AXIS2_PLACEMENT_3D('',#8025,#8026,#8027);
#8025 = CARTESIAN_POINT('',(35.8,113.,-25.));
#8026 = DIRECTION('',(0.,0.,1.));
#8027 = DIRECTION('',(1.,0.,0.));
#8028 = ADVANCED_FACE('',(#8029),#8054,.T.);
#8029 = FACE_BOUND('',#8030,.T.);
#8030 = EDGE_LOOP('',(#8031,#8039,#8047,#8053));
#8031 = ORIENTED_EDGE('',*,*,#8032,.F.);
#8032 = EDGE_CURVE('',#8033,#2448,#8035,.T.);
#8033 = VERTEX_POINT('',#8034);
#8034 = CARTESIAN_POINT('',(35.8,107.,-25.));
#8035 = LINE('',#8036,#8037);
#8036 = CARTESIAN_POINT('',(35.8,107.,-25.));
#8037 = VECTOR('',#8038,1.);
#8038 = DIRECTION('',(1.,0.,0.));
#8039 = ORIENTED_EDGE('',*,*,#8040,.T.);
#8040 = EDGE_CURVE('',#8033,#8041,#8043,.T.);
#8041 = VERTEX_POINT('',#8042);
#8042 = CARTESIAN_POINT('',(35.8,107.,-17.));
#8043 = LINE('',#8044,#8045);
#8044 = CARTESIAN_POINT('',(35.8,107.,-25.));
#8045 = VECTOR('',#8046,1.);
#8046 = DIRECTION('',(0.,0.,1.));
#8047 = ORIENTED_EDGE('',*,*,#8048,.T.);
#8048 = EDGE_CURVE('',#8041,#2450,#8049,.T.);
#8049 = LINE('',#8050,#8051);
#8050 = CARTESIAN_POINT('',(35.8,107.,-17.));
#8051 = VECTOR('',#8052,1.);
#8052 = DIRECTION('',(1.,0.,0.));
#8053 = ORIENTED_EDGE('',*,*,#2447,.F.);
#8054 = PLANE('',#8055);
#8055 = AXIS2_PLACEMENT_3D('',#8056,#8057,#8058);
#8056 = CARTESIAN_POINT('',(35.8,107.,-25.));
#8057 = DIRECTION('',(0.,1.,0.));
#8058 = DIRECTION('',(0.,0.,1.));
#8059 = ADVANCED_FACE('',(#8060),#8078,.T.);
#8060 = FACE_BOUND('',#8061,.T.);
#8061 = EDGE_LOOP('',(#8062,#8063,#8071,#8077));
#8062 = ORIENTED_EDGE('',*,*,#8048,.F.);
#8063 = ORIENTED_EDGE('',*,*,#8064,.F.);
#8064 = EDGE_CURVE('',#8065,#8041,#8067,.T.);
#8065 = VERTEX_POINT('',#8066);
#8066 = CARTESIAN_POINT('',(35.8,105.,-17.));
#8067 = LINE('',#8068,#8069);
#8068 = CARTESIAN_POINT('',(35.8,101.,-17.));
#8069 = VECTOR('',#8070,1.);
#8070 = DIRECTION('',(0.,1.,0.));
#8071 = ORIENTED_EDGE('',*,*,#8072,.T.);
#8072 = EDGE_CURVE('',#8065,#2499,#8073,.T.);
#8073 = LINE('',#8074,#8075);
#8074 = CARTESIAN_POINT('',(35.,105.,-17.));
#8075 = VECTOR('',#8076,1.);
#8076 = DIRECTION('',(1.,0.,0.));
#8077 = ORIENTED_EDGE('',*,*,#2507,.F.);
#8078 = PLANE('',#8079);
#8079 = AXIS2_PLACEMENT_3D('',#8080,#8081,#8082);
#8080 = CARTESIAN_POINT('',(35.8,101.,-17.));
#8081 = DIRECTION('',(0.,0.,1.));
#8082 = DIRECTION('',(1.,0.,0.));
#8083 = ADVANCED_FACE('',(#8084),#8137,.F.);
#8084 = FACE_BOUND('',#8085,.F.);
#8085 = EDGE_LOOP('',(#8086,#8096,#8103,#8104,#8105,#8113,#8122,#8130));
#8086 = ORIENTED_EDGE('',*,*,#8087,.F.);
#8087 = EDGE_CURVE('',#8088,#8090,#8092,.T.);
#8088 = VERTEX_POINT('',#8089);
#8089 = CARTESIAN_POINT('',(35.8,106.6,-19.4));
#8090 = VERTEX_POINT('',#8091);
#8091 = CARTESIAN_POINT('',(39.6,106.6,-19.4));
#8092 = LINE('',#8093,#8094);
#8093 = CARTESIAN_POINT('',(35.,106.6,-19.4));
#8094 = VECTOR('',#8095,1.);
#8095 = DIRECTION('',(1.,0.,0.));
#8096 = ORIENTED_EDGE('',*,*,#8097,.T.);
#8097 = EDGE_CURVE('',#8088,#8065,#8098,.T.);
#8098 = CIRCLE('',#8099,2.6);
#8099 = AXIS2_PLACEMENT_3D('',#8100,#8101,#8102);
#8100 = CARTESIAN_POINT('',(35.8,104.,-19.4));
#8101 = DIRECTION('',(1.,0.,-0.));
#8102 = DIRECTION('',(0.,0.,1.));
#8103 = ORIENTED_EDGE('',*,*,#8072,.T.);
#8104 = ORIENTED_EDGE('',*,*,#2498,.T.);
#8105 = ORIENTED_EDGE('',*,*,#8106,.F.);
#8106 = EDGE_CURVE('',#8107,#2491,#8109,.T.);
#8107 = VERTEX_POINT('',#8108);
#8108 = CARTESIAN_POINT('',(35.8,103.,-17.));
#8109 = LINE('',#8110,#8111);
#8110 = CARTESIAN_POINT('',(35.,103.,-17.));
#8111 = VECTOR('',#8112,1.);
#8112 = DIRECTION('',(1.,0.,0.));
#8113 = ORIENTED_EDGE('',*,*,#8114,.T.);
#8114 = EDGE_CURVE('',#8107,#8115,#8117,.T.);
#8115 = VERTEX_POINT('',#8116);
#8116 = CARTESIAN_POINT('',(35.8,101.4,-19.4));
#8117 = CIRCLE('',#8118,2.6);
#8118 = AXIS2_PLACEMENT_3D('',#8119,#8120,#8121);
#8119 = CARTESIAN_POINT('',(35.8,104.,-19.4));
#8120 = DIRECTION('',(1.,0.,-0.));
#8121 = DIRECTION('',(0.,0.,1.));
#8122 = ORIENTED_EDGE('',*,*,#8123,.T.);
#8123 = EDGE_CURVE('',#8115,#8124,#8126,.T.);
#8124 = VERTEX_POINT('',#8125);
#8125 = CARTESIAN_POINT('',(39.6,101.4,-19.4));
#8126 = LINE('',#8127,#8128);
#8127 = CARTESIAN_POINT('',(35.,101.4,-19.4));
#8128 = VECTOR('',#8129,1.);
#8129 = DIRECTION('',(1.,0.,0.));
#8130 = ORIENTED_EDGE('',*,*,#8131,.F.);
#8131 = EDGE_CURVE('',#8090,#8124,#8132,.T.);
#8132 = CIRCLE('',#8133,2.6);
#8133 = AXIS2_PLACEMENT_3D('',#8134,#8135,#8136);
#8134 = CARTESIAN_POINT('',(39.6,104.,-19.4));
#8135 = DIRECTION('',(1.,0.,-0.));
#8136 = DIRECTION('',(0.,0.,1.));
#8137 = CYLINDRICAL_SURFACE('',#8138,2.6);
#8138 = AXIS2_PLACEMENT_3D('',#8139,#8140,#8141);
#8139 = CARTESIAN_POINT('',(35.,104.,-19.4));
#8140 = DIRECTION('',(1.,0.,0.));
#8141 = DIRECTION('',(0.,0.,1.));
#8142 = ADVANCED_FACE('',(#8143),#8161,.T.);
#8143 = FACE_BOUND('',#8144,.T.);
#8144 = EDGE_LOOP('',(#8145,#8146,#8154,#8160));
#8145 = ORIENTED_EDGE('',*,*,#8106,.F.);
#8146 = ORIENTED_EDGE('',*,*,#8147,.F.);
#8147 = EDGE_CURVE('',#8148,#8107,#8150,.T.);
#8148 = VERTEX_POINT('',#8149);
#8149 = CARTESIAN_POINT('',(35.8,101.,-17.));
#8150 = LINE('',#8151,#8152);
#8151 = CARTESIAN_POINT('',(35.8,101.,-17.));
#8152 = VECTOR('',#8153,1.);
#8153 = DIRECTION('',(0.,1.,0.));
#8154 = ORIENTED_EDGE('',*,*,#8155,.T.);
#8155 = EDGE_CURVE('',#8148,#2483,#8156,.T.);
#8156 = LINE('',#8157,#8158);
#8157 = CARTESIAN_POINT('',(35.8,101.,-17.));
#8158 = VECTOR('',#8159,1.);
#8159 = DIRECTION('',(1.,0.,0.));
#8160 = ORIENTED_EDGE('',*,*,#2490,.F.);
#8161 = PLANE('',#8162);
#8162 = AXIS2_PLACEMENT_3D('',#8163,#8164,#8165);
#8163 = CARTESIAN_POINT('',(35.8,101.,-17.));
#8164 = DIRECTION('',(0.,0.,1.));
#8165 = DIRECTION('',(1.,0.,0.));
#8166 = ADVANCED_FACE('',(#8167),#8185,.F.);
#8167 = FACE_BOUND('',#8168,.F.);
#8168 = EDGE_LOOP('',(#8169,#8177,#8183,#8184));
#8169 = ORIENTED_EDGE('',*,*,#8170,.F.);
#8170 = EDGE_CURVE('',#8171,#2475,#8173,.T.);
#8171 = VERTEX_POINT('',#8172);
#8172 = CARTESIAN_POINT('',(35.8,101.,-25.));
#8173 = LINE('',#8174,#8175);
#8174 = CARTESIAN_POINT('',(35.8,101.,-25.));
#8175 = VECTOR('',#8176,1.);
#8176 = DIRECTION('',(1.,0.,0.));
#8177 = ORIENTED_EDGE('',*,*,#8178,.T.);
#8178 = EDGE_CURVE('',#8171,#8148,#8179,.T.);
#8179 = LINE('',#8180,#8181);
#8180 = CARTESIAN_POINT('',(35.8,101.,-25.));
#8181 = VECTOR('',#8182,1.);
#8182 = DIRECTION('',(0.,0.,1.));
#8183 = ORIENTED_EDGE('',*,*,#8155,.T.);
#8184 = ORIENTED_EDGE('',*,*,#2482,.F.);
#8185 = PLANE('',#8186);
#8186 = AXIS2_PLACEMENT_3D('',#8187,#8188,#8189);
#8187 = CARTESIAN_POINT('',(35.8,101.,-25.));
#8188 = DIRECTION('',(0.,1.,0.));
#8189 = DIRECTION('',(0.,0.,1.));
#8190 = ADVANCED_FACE('',(#8191),#8209,.F.);
#8191 = FACE_BOUND('',#8192,.F.);
#8192 = EDGE_LOOP('',(#8193,#8201,#8207,#8208));
#8193 = ORIENTED_EDGE('',*,*,#8194,.F.);
#8194 = EDGE_CURVE('',#8195,#2466,#8197,.T.);
#8195 = VERTEX_POINT('',#8196);
#8196 = CARTESIAN_POINT('',(35.8,103.,-25.));
#8197 = LINE('',#8198,#8199);
#8198 = CARTESIAN_POINT('',(35.,103.,-25.));
#8199 = VECTOR('',#8200,1.);
#8200 = DIRECTION('',(1.,0.,0.));
#8201 = ORIENTED_EDGE('',*,*,#8202,.F.);
#8202 = EDGE_CURVE('',#8171,#8195,#8203,.T.);
#8203 = LINE('',#8204,#8205);
#8204 = CARTESIAN_POINT('',(35.8,101.,-25.));
#8205 = VECTOR('',#8206,1.);
#8206 = DIRECTION('',(0.,1.,0.));
#8207 = ORIENTED_EDGE('',*,*,#8170,.T.);
#8208 = ORIENTED_EDGE('',*,*,#2474,.F.);
#8209 = PLANE('',#8210);
#8210 = AXIS2_PLACEMENT_3D('',#8211,#8212,#8213);
#8211 = CARTESIAN_POINT('',(35.8,101.,-25.));
#8212 = DIRECTION('',(0.,0.,1.));
#8213 = DIRECTION('',(1.,0.,0.));
#8214 = ADVANCED_FACE('',(#8215),#8268,.F.);
#8215 = FACE_BOUND('',#8216,.F.);
#8216 = EDGE_LOOP('',(#8217,#8228,#8236,#8243,#8244,#8245,#8253,#8262));
#8217 = ORIENTED_EDGE('',*,*,#8218,.F.);
#8218 = EDGE_CURVE('',#8219,#8221,#8223,.T.);
#8219 = VERTEX_POINT('',#8220);
#8220 = CARTESIAN_POINT('',(39.6,101.4,-22.6));
#8221 = VERTEX_POINT('',#8222);
#8222 = CARTESIAN_POINT('',(39.6,106.6,-22.6));
#8223 = CIRCLE('',#8224,2.6);
#8224 = AXIS2_PLACEMENT_3D('',#8225,#8226,#8227);
#8225 = CARTESIAN_POINT('',(39.6,104.,-22.6));
#8226 = DIRECTION('',(1.,0.,-0.));
#8227 = DIRECTION('',(0.,0.,1.));
#8228 = ORIENTED_EDGE('',*,*,#8229,.F.);
#8229 = EDGE_CURVE('',#8230,#8219,#8232,.T.);
#8230 = VERTEX_POINT('',#8231);
#8231 = CARTESIAN_POINT('',(35.8,101.4,-22.6));
#8232 = LINE('',#8233,#8234);
#8233 = CARTESIAN_POINT('',(35.,101.4,-22.6));
#8234 = VECTOR('',#8235,1.);
#8235 = DIRECTION('',(1.,0.,0.));
#8236 = ORIENTED_EDGE('',*,*,#8237,.T.);
#8237 = EDGE_CURVE('',#8230,#8195,#8238,.T.);
#8238 = CIRCLE('',#8239,2.6);
#8239 = AXIS2_PLACEMENT_3D('',#8240,#8241,#8242);
#8240 = CARTESIAN_POINT('',(35.8,104.,-22.6));
#8241 = DIRECTION('',(1.,0.,-0.));
#8242 = DIRECTION('',(0.,0.,1.));
#8243 = ORIENTED_EDGE('',*,*,#8194,.T.);
#8244 = ORIENTED_EDGE('',*,*,#2465,.T.);
#8245 = ORIENTED_EDGE('',*,*,#8246,.F.);
#8246 = EDGE_CURVE('',#8247,#2458,#8249,.T.);
#8247 = VERTEX_POINT('',#8248);
#8248 = CARTESIAN_POINT('',(35.8,105.,-25.));
#8249 = LINE('',#8250,#8251);
#8250 = CARTESIAN_POINT('',(35.,105.,-25.));
#8251 = VECTOR('',#8252,1.);
#8252 = DIRECTION('',(1.,0.,0.));
#8253 = ORIENTED_EDGE('',*,*,#8254,.T.);
#8254 = EDGE_CURVE('',#8247,#8255,#8257,.T.);
#8255 = VERTEX_POINT('',#8256);
#8256 = CARTESIAN_POINT('',(35.8,106.6,-22.6));
#8257 = CIRCLE('',#8258,2.6);
#8258 = AXIS2_PLACEMENT_3D('',#8259,#8260,#8261);
#8259 = CARTESIAN_POINT('',(35.8,104.,-22.6));
#8260 = DIRECTION('',(1.,0.,-0.));
#8261 = DIRECTION('',(0.,0.,1.));
#8262 = ORIENTED_EDGE('',*,*,#8263,.T.);
#8263 = EDGE_CURVE('',#8255,#8221,#8264,.T.);
#8264 = LINE('',#8265,#8266);
#8265 = CARTESIAN_POINT('',(35.,106.6,-22.6));
#8266 = VECTOR('',#8267,1.);
#8267 = DIRECTION('',(1.,0.,0.));
#8268 = CYLINDRICAL_SURFACE('',#8269,2.6);
#8269 = AXIS2_PLACEMENT_3D('',#8270,#8271,#8272);
#8270 = CARTESIAN_POINT('',(35.,104.,-22.6));
#8271 = DIRECTION('',(1.,0.,0.));
#8272 = DIRECTION('',(0.,0.,1.));
#8273 = ADVANCED_FACE('',(#8274),#8285,.F.);
#8274 = FACE_BOUND('',#8275,.F.);
#8275 = EDGE_LOOP('',(#8276,#8277,#8283,#8284));
#8276 = ORIENTED_EDGE('',*,*,#8032,.F.);
#8277 = ORIENTED_EDGE('',*,*,#8278,.F.);
#8278 = EDGE_CURVE('',#8247,#8033,#8279,.T.);
#8279 = LINE('',#8280,#8281);
#8280 = CARTESIAN_POINT('',(35.8,101.,-25.));
#8281 = VECTOR('',#8282,1.);
#8282 = DIRECTION('',(0.,1.,0.));
#8283 = ORIENTED_EDGE('',*,*,#8246,.T.);
#8284 = ORIENTED_EDGE('',*,*,#2457,.F.);
#8285 = PLANE('',#8286);
#8286 = AXIS2_PLACEMENT_3D('',#8287,#8288,#8289);
#8287 = CARTESIAN_POINT('',(35.8,101.,-25.));
#8288 = DIRECTION('',(0.,0.,1.));
#8289 = DIRECTION('',(1.,0.,0.));
#8290 = ADVANCED_FACE('',(#8291),#8316,.T.);
#8291 = FACE_BOUND('',#8292,.T.);
#8292 = EDGE_LOOP('',(#8293,#8301,#8309,#8315));
#8293 = ORIENTED_EDGE('',*,*,#8294,.F.);
#8294 = EDGE_CURVE('',#8295,#2516,#8297,.T.);
#8295 = VERTEX_POINT('',#8296);
#8296 = CARTESIAN_POINT('',(35.8,95.,-25.));
#8297 = LINE('',#8298,#8299);
#8298 = CARTESIAN_POINT('',(35.8,95.,-25.));
#8299 = VECTOR('',#8300,1.);
#8300 = DIRECTION('',(1.,0.,0.));
#8301 = ORIENTED_EDGE('',*,*,#8302,.T.);
#8302 = EDGE_CURVE('',#8295,#8303,#8305,.T.);
#8303 = VERTEX_POINT('',#8304);
#8304 = CARTESIAN_POINT('',(35.8,95.,-17.));
#8305 = LINE('',#8306,#8307);
#8306 = CARTESIAN_POINT('',(35.8,95.,-25.));
#8307 = VECTOR('',#8308,1.);
#8308 = DIRECTION('',(0.,0.,1.));
#8309 = ORIENTED_EDGE('',*,*,#8310,.T.);
#8310 = EDGE_CURVE('',#8303,#2518,#8311,.T.);
#8311 = LINE('',#8312,#8313);
#8312 = CARTESIAN_POINT('',(35.8,95.,-17.));
#8313 = VECTOR('',#8314,1.);
#8314 = DIRECTION('',(1.,0.,0.));
#8315 = ORIENTED_EDGE('',*,*,#2515,.F.);
#8316 = PLANE('',#8317);
#8317 = AXIS2_PLACEMENT_3D('',#8318,#8319,#8320);
#8318 = CARTESIAN_POINT('',(35.8,95.,-25.));
#8319 = DIRECTION('',(0.,1.,0.));
#8320 = DIRECTION('',(0.,0.,1.));
#8321 = ADVANCED_FACE('',(#8322),#8340,.T.);
#8322 = FACE_BOUND('',#8323,.T.);
#8323 = EDGE_LOOP('',(#8324,#8325,#8333,#8339));
#8324 = ORIENTED_EDGE('',*,*,#8310,.F.);
#8325 = ORIENTED_EDGE('',*,*,#8326,.F.);
#8326 = EDGE_CURVE('',#8327,#8303,#8329,.T.);
#8327 = VERTEX_POINT('',#8328);
#8328 = CARTESIAN_POINT('',(35.8,93.,-17.));
#8329 = LINE('',#8330,#8331);
#8330 = CARTESIAN_POINT('',(35.8,89.,-17.));
#8331 = VECTOR('',#8332,1.);
#8332 = DIRECTION('',(0.,1.,0.));
#8333 = ORIENTED_EDGE('',*,*,#8334,.T.);
#8334 = EDGE_CURVE('',#8327,#2567,#8335,.T.);
#8335 = LINE('',#8336,#8337);
#8336 = CARTESIAN_POINT('',(35.,93.,-17.));
#8337 = VECTOR('',#8338,1.);
#8338 = DIRECTION('',(1.,0.,0.));
#8339 = ORIENTED_EDGE('',*,*,#2575,.F.);
#8340 = PLANE('',#8341);
#8341 = AXIS2_PLACEMENT_3D('',#8342,#8343,#8344);
#8342 = CARTESIAN_POINT('',(35.8,89.,-17.));
#8343 = DIRECTION('',(0.,0.,1.));
#8344 = DIRECTION('',(1.,0.,0.));
#8345 = ADVANCED_FACE('',(#8346),#8399,.F.);
#8346 = FACE_BOUND('',#8347,.F.);
#8347 = EDGE_LOOP('',(#8348,#8358,#8365,#8366,#8367,#8375,#8384,#8392));
#8348 = ORIENTED_EDGE('',*,*,#8349,.F.);
#8349 = EDGE_CURVE('',#8350,#8352,#8354,.T.);
#8350 = VERTEX_POINT('',#8351);
#8351 = CARTESIAN_POINT('',(35.8,94.6,-19.4));
#8352 = VERTEX_POINT('',#8353);
#8353 = CARTESIAN_POINT('',(39.6,94.6,-19.4));
#8354 = LINE('',#8355,#8356);
#8355 = CARTESIAN_POINT('',(35.,94.6,-19.4));
#8356 = VECTOR('',#8357,1.);
#8357 = DIRECTION('',(1.,0.,0.));
#8358 = ORIENTED_EDGE('',*,*,#8359,.T.);
#8359 = EDGE_CURVE('',#8350,#8327,#8360,.T.);
#8360 = CIRCLE('',#8361,2.6);
#8361 = AXIS2_PLACEMENT_3D('',#8362,#8363,#8364);
#8362 = CARTESIAN_POINT('',(35.8,92.,-19.4));
#8363 = DIRECTION('',(1.,0.,-0.));
#8364 = DIRECTION('',(0.,0.,1.));
#8365 = ORIENTED_EDGE('',*,*,#8334,.T.);
#8366 = ORIENTED_EDGE('',*,*,#2566,.T.);
#8367 = ORIENTED_EDGE('',*,*,#8368,.F.);
#8368 = EDGE_CURVE('',#8369,#2559,#8371,.T.);
#8369 = VERTEX_POINT('',#8370);
#8370 = CARTESIAN_POINT('',(35.8,91.,-17.));
#8371 = LINE('',#8372,#8373);
#8372 = CARTESIAN_POINT('',(35.,91.,-17.));
#8373 = VECTOR('',#8374,1.);
#8374 = DIRECTION('',(1.,0.,0.));
#8375 = ORIENTED_EDGE('',*,*,#8376,.T.);
#8376 = EDGE_CURVE('',#8369,#8377,#8379,.T.);
#8377 = VERTEX_POINT('',#8378);
#8378 = CARTESIAN_POINT('',(35.8,89.4,-19.4));
#8379 = CIRCLE('',#8380,2.6);
#8380 = AXIS2_PLACEMENT_3D('',#8381,#8382,#8383);
#8381 = CARTESIAN_POINT('',(35.8,92.,-19.4));
#8382 = DIRECTION('',(1.,0.,-0.));
#8383 = DIRECTION('',(0.,0.,1.));
#8384 = ORIENTED_EDGE('',*,*,#8385,.T.);
#8385 = EDGE_CURVE('',#8377,#8386,#8388,.T.);
#8386 = VERTEX_POINT('',#8387);
#8387 = CARTESIAN_POINT('',(39.6,89.4,-19.4));
#8388 = LINE('',#8389,#8390);
#8389 = CARTESIAN_POINT('',(35.,89.4,-19.4));
#8390 = VECTOR('',#8391,1.);
#8391 = DIRECTION('',(1.,0.,0.));
#8392 = ORIENTED_EDGE('',*,*,#8393,.F.);
#8393 = EDGE_CURVE('',#8352,#8386,#8394,.T.);
#8394 = CIRCLE('',#8395,2.6);
#8395 = AXIS2_PLACEMENT_3D('',#8396,#8397,#8398);
#8396 = CARTESIAN_POINT('',(39.6,92.,-19.4));
#8397 = DIRECTION('',(1.,0.,-0.));
#8398 = DIRECTION('',(0.,0.,1.));
#8399 = CYLINDRICAL_SURFACE('',#8400,2.6);
#8400 = AXIS2_PLACEMENT_3D('',#8401,#8402,#8403);
#8401 = CARTESIAN_POINT('',(35.,92.,-19.4));
#8402 = DIRECTION('',(1.,0.,0.));
#8403 = DIRECTION('',(0.,0.,1.));
#8404 = ADVANCED_FACE('',(#8405),#8423,.T.);
#8405 = FACE_BOUND('',#8406,.T.);
#8406 = EDGE_LOOP('',(#8407,#8408,#8416,#8422));
#8407 = ORIENTED_EDGE('',*,*,#8368,.F.);
#8408 = ORIENTED_EDGE('',*,*,#8409,.F.);
#8409 = EDGE_CURVE('',#8410,#8369,#8412,.T.);
#8410 = VERTEX_POINT('',#8411);
#8411 = CARTESIAN_POINT('',(35.8,89.,-17.));
#8412 = LINE('',#8413,#8414);
#8413 = CARTESIAN_POINT('',(35.8,89.,-17.));
#8414 = VECTOR('',#8415,1.);
#8415 = DIRECTION('',(0.,1.,0.));
#8416 = ORIENTED_EDGE('',*,*,#8417,.T.);
#8417 = EDGE_CURVE('',#8410,#2551,#8418,.T.);
#8418 = LINE('',#8419,#8420);
#8419 = CARTESIAN_POINT('',(35.8,89.,-17.));
#8420 = VECTOR('',#8421,1.);
#8421 = DIRECTION('',(1.,0.,0.));
#8422 = ORIENTED_EDGE('',*,*,#2558,.F.);
#8423 = PLANE('',#8424);
#8424 = AXIS2_PLACEMENT_3D('',#8425,#8426,#8427);
#8425 = CARTESIAN_POINT('',(35.8,89.,-17.));
#8426 = DIRECTION('',(0.,0.,1.));
#8427 = DIRECTION('',(1.,0.,0.));
#8428 = ADVANCED_FACE('',(#8429),#8447,.F.);
#8429 = FACE_BOUND('',#8430,.F.);
#8430 = EDGE_LOOP('',(#8431,#8439,#8445,#8446));
#8431 = ORIENTED_EDGE('',*,*,#8432,.F.);
#8432 = EDGE_CURVE('',#8433,#2543,#8435,.T.);
#8433 = VERTEX_POINT('',#8434);
#8434 = CARTESIAN_POINT('',(35.8,89.,-25.));
#8435 = LINE('',#8436,#8437);
#8436 = CARTESIAN_POINT('',(35.8,89.,-25.));
#8437 = VECTOR('',#8438,1.);
#8438 = DIRECTION('',(1.,0.,0.));
#8439 = ORIENTED_EDGE('',*,*,#8440,.T.);
#8440 = EDGE_CURVE('',#8433,#8410,#8441,.T.);
#8441 = LINE('',#8442,#8443);
#8442 = CARTESIAN_POINT('',(35.8,89.,-25.));
#8443 = VECTOR('',#8444,1.);
#8444 = DIRECTION('',(0.,0.,1.));
#8445 = ORIENTED_EDGE('',*,*,#8417,.T.);
#8446 = ORIENTED_EDGE('',*,*,#2550,.F.);
#8447 = PLANE('',#8448);
#8448 = AXIS2_PLACEMENT_3D('',#8449,#8450,#8451);
#8449 = CARTESIAN_POINT('',(35.8,89.,-25.));
#8450 = DIRECTION('',(0.,1.,0.));
#8451 = DIRECTION('',(0.,0.,1.));
#8452 = ADVANCED_FACE('',(#8453),#8471,.F.);
#8453 = FACE_BOUND('',#8454,.F.);
#8454 = EDGE_LOOP('',(#8455,#8463,#8469,#8470));
#8455 = ORIENTED_EDGE('',*,*,#8456,.F.);
#8456 = EDGE_CURVE('',#8457,#2534,#8459,.T.);
#8457 = VERTEX_POINT('',#8458);
#8458 = CARTESIAN_POINT('',(35.8,91.,-25.));
#8459 = LINE('',#8460,#8461);
#8460 = CARTESIAN_POINT('',(35.,91.,-25.));
#8461 = VECTOR('',#8462,1.);
#8462 = DIRECTION('',(1.,0.,0.));
#8463 = ORIENTED_EDGE('',*,*,#8464,.F.);
#8464 = EDGE_CURVE('',#8433,#8457,#8465,.T.);
#8465 = LINE('',#8466,#8467);
#8466 = CARTESIAN_POINT('',(35.8,89.,-25.));
#8467 = VECTOR('',#8468,1.);
#8468 = DIRECTION('',(0.,1.,0.));
#8469 = ORIENTED_EDGE('',*,*,#8432,.T.);
#8470 = ORIENTED_EDGE('',*,*,#2542,.F.);
#8471 = PLANE('',#8472);
#8472 = AXIS2_PLACEMENT_3D('',#8473,#8474,#8475);
#8473 = CARTESIAN_POINT('',(35.8,89.,-25.));
#8474 = DIRECTION('',(0.,0.,1.));
#8475 = DIRECTION('',(1.,0.,0.));
#8476 = ADVANCED_FACE('',(#8477),#8530,.F.);
#8477 = FACE_BOUND('',#8478,.F.);
#8478 = EDGE_LOOP('',(#8479,#8490,#8498,#8505,#8506,#8507,#8515,#8524));
#8479 = ORIENTED_EDGE('',*,*,#8480,.F.);
#8480 = EDGE_CURVE('',#8481,#8483,#8485,.T.);
#8481 = VERTEX_POINT('',#8482);
#8482 = CARTESIAN_POINT('',(39.6,89.4,-22.6));
#8483 = VERTEX_POINT('',#8484);
#8484 = CARTESIAN_POINT('',(39.6,94.6,-22.6));
#8485 = CIRCLE('',#8486,2.6);
#8486 = AXIS2_PLACEMENT_3D('',#8487,#8488,#8489);
#8487 = CARTESIAN_POINT('',(39.6,92.,-22.6));
#8488 = DIRECTION('',(1.,0.,-0.));
#8489 = DIRECTION('',(0.,0.,1.));
#8490 = ORIENTED_EDGE('',*,*,#8491,.F.);
#8491 = EDGE_CURVE('',#8492,#8481,#8494,.T.);
#8492 = VERTEX_POINT('',#8493);
#8493 = CARTESIAN_POINT('',(35.8,89.4,-22.6));
#8494 = LINE('',#8495,#8496);
#8495 = CARTESIAN_POINT('',(35.,89.4,-22.6));
#8496 = VECTOR('',#8497,1.);
#8497 = DIRECTION('',(1.,0.,0.));
#8498 = ORIENTED_EDGE('',*,*,#8499,.T.);
#8499 = EDGE_CURVE('',#8492,#8457,#8500,.T.);
#8500 = CIRCLE('',#8501,2.6);
#8501 = AXIS2_PLACEMENT_3D('',#8502,#8503,#8504);
#8502 = CARTESIAN_POINT('',(35.8,92.,-22.6));
#8503 = DIRECTION('',(1.,0.,-0.));
#8504 = DIRECTION('',(0.,0.,1.));
#8505 = ORIENTED_EDGE('',*,*,#8456,.T.);
#8506 = ORIENTED_EDGE('',*,*,#2533,.T.);
#8507 = ORIENTED_EDGE('',*,*,#8508,.F.);
#8508 = EDGE_CURVE('',#8509,#2526,#8511,.T.);
#8509 = VERTEX_POINT('',#8510);
#8510 = CARTESIAN_POINT('',(35.8,93.,-25.));
#8511 = LINE('',#8512,#8513);
#8512 = CARTESIAN_POINT('',(35.,93.,-25.));
#8513 = VECTOR('',#8514,1.);
#8514 = DIRECTION('',(1.,0.,0.));
#8515 = ORIENTED_EDGE('',*,*,#8516,.T.);
#8516 = EDGE_CURVE('',#8509,#8517,#8519,.T.);
#8517 = VERTEX_POINT('',#8518);
#8518 = CARTESIAN_POINT('',(35.8,94.6,-22.6));
#8519 = CIRCLE('',#8520,2.6);
#8520 = AXIS2_PLACEMENT_3D('',#8521,#8522,#8523);
#8521 = CARTESIAN_POINT('',(35.8,92.,-22.6));
#8522 = DIRECTION('',(1.,0.,-0.));
#8523 = DIRECTION('',(0.,0.,1.));
#8524 = ORIENTED_EDGE('',*,*,#8525,.T.);
#8525 = EDGE_CURVE('',#8517,#8483,#8526,.T.);
#8526 = LINE('',#8527,#8528);
#8527 = CARTESIAN_POINT('',(35.,94.6,-22.6));
#8528 = VECTOR('',#8529,1.);
#8529 = DIRECTION('',(1.,0.,0.));
#8530 = CYLINDRICAL_SURFACE('',#8531,2.6);
#8531 = AXIS2_PLACEMENT_3D('',#8532,#8533,#8534);
#8532 = CARTESIAN_POINT('',(35.,92.,-22.6));
#8533 = DIRECTION('',(1.,0.,0.));
#8534 = DIRECTION('',(0.,0.,1.));
#8535 = ADVANCED_FACE('',(#8536),#8547,.F.);
#8536 = FACE_BOUND('',#8537,.F.);
#8537 = EDGE_LOOP('',(#8538,#8539,#8545,#8546));
#8538 = ORIENTED_EDGE('',*,*,#8294,.F.);
#8539 = ORIENTED_EDGE('',*,*,#8540,.F.);
#8540 = EDGE_CURVE('',#8509,#8295,#8541,.T.);
#8541 = LINE('',#8542,#8543);
#8542 = CARTESIAN_POINT('',(35.8,89.,-25.));
#8543 = VECTOR('',#8544,1.);
#8544 = DIRECTION('',(0.,1.,0.));
#8545 = ORIENTED_EDGE('',*,*,#8508,.T.);
#8546 = ORIENTED_EDGE('',*,*,#2525,.F.);
#8547 = PLANE('',#8548);
#8548 = AXIS2_PLACEMENT_3D('',#8549,#8550,#8551);
#8549 = CARTESIAN_POINT('',(35.8,89.,-25.));
#8550 = DIRECTION('',(0.,0.,1.));
#8551 = DIRECTION('',(1.,0.,0.));
#8552 = ADVANCED_FACE('',(#8553),#8578,.T.);
#8553 = FACE_BOUND('',#8554,.T.);
#8554 = EDGE_LOOP('',(#8555,#8563,#8571,#8577));
#8555 = ORIENTED_EDGE('',*,*,#8556,.F.);
#8556 = EDGE_CURVE('',#8557,#2584,#8559,.T.);
#8557 = VERTEX_POINT('',#8558);
#8558 = CARTESIAN_POINT('',(35.8,83.,-25.));
#8559 = LINE('',#8560,#8561);
#8560 = CARTESIAN_POINT('',(35.8,83.,-25.));
#8561 = VECTOR('',#8562,1.);
#8562 = DIRECTION('',(1.,0.,0.));
#8563 = ORIENTED_EDGE('',*,*,#8564,.T.);
#8564 = EDGE_CURVE('',#8557,#8565,#8567,.T.);
#8565 = VERTEX_POINT('',#8566);
#8566 = CARTESIAN_POINT('',(35.8,83.,-17.));
#8567 = LINE('',#8568,#8569);
#8568 = CARTESIAN_POINT('',(35.8,83.,-25.));
#8569 = VECTOR('',#8570,1.);
#8570 = DIRECTION('',(0.,0.,1.));
#8571 = ORIENTED_EDGE('',*,*,#8572,.T.);
#8572 = EDGE_CURVE('',#8565,#2586,#8573,.T.);
#8573 = LINE('',#8574,#8575);
#8574 = CARTESIAN_POINT('',(35.8,83.,-17.));
#8575 = VECTOR('',#8576,1.);
#8576 = DIRECTION('',(1.,0.,0.));
#8577 = ORIENTED_EDGE('',*,*,#2583,.F.);
#8578 = PLANE('',#8579);
#8579 = AXIS2_PLACEMENT_3D('',#8580,#8581,#8582);
#8580 = CARTESIAN_POINT('',(35.8,83.,-25.));
#8581 = DIRECTION('',(0.,1.,0.));
#8582 = DIRECTION('',(0.,0.,1.));
#8583 = ADVANCED_FACE('',(#8584),#8602,.T.);
#8584 = FACE_BOUND('',#8585,.T.);
#8585 = EDGE_LOOP('',(#8586,#8587,#8595,#8601));
#8586 = ORIENTED_EDGE('',*,*,#8572,.F.);
#8587 = ORIENTED_EDGE('',*,*,#8588,.F.);
#8588 = EDGE_CURVE('',#8589,#8565,#8591,.T.);
#8589 = VERTEX_POINT('',#8590);
#8590 = CARTESIAN_POINT('',(35.8,81.000000000001,-17.));
#8591 = LINE('',#8592,#8593);
#8592 = CARTESIAN_POINT('',(35.8,77.,-17.));
#8593 = VECTOR('',#8594,1.);
#8594 = DIRECTION('',(0.,1.,0.));
#8595 = ORIENTED_EDGE('',*,*,#8596,.T.);
#8596 = EDGE_CURVE('',#8589,#2635,#8597,.T.);
#8597 = LINE('',#8598,#8599);
#8598 = CARTESIAN_POINT('',(35.,81.,-17.));
#8599 = VECTOR('',#8600,1.);
#8600 = DIRECTION('',(1.,0.,0.));
#8601 = ORIENTED_EDGE('',*,*,#2643,.F.);
#8602 = PLANE('',#8603);
#8603 = AXIS2_PLACEMENT_3D('',#8604,#8605,#8606);
#8604 = CARTESIAN_POINT('',(35.8,77.,-17.));
#8605 = DIRECTION('',(0.,0.,1.));
#8606 = DIRECTION('',(1.,0.,0.));
#8607 = ADVANCED_FACE('',(#8608),#8661,.F.);
#8608 = FACE_BOUND('',#8609,.F.);
#8609 = EDGE_LOOP('',(#8610,#8620,#8627,#8628,#8629,#8637,#8646,#8654));
#8610 = ORIENTED_EDGE('',*,*,#8611,.F.);
#8611 = EDGE_CURVE('',#8612,#8614,#8616,.T.);
#8612 = VERTEX_POINT('',#8613);
#8613 = CARTESIAN_POINT('',(35.8,82.6,-19.4));
#8614 = VERTEX_POINT('',#8615);
#8615 = CARTESIAN_POINT('',(39.6,82.6,-19.4));
#8616 = LINE('',#8617,#8618);
#8617 = CARTESIAN_POINT('',(35.,82.6,-19.4));
#8618 = VECTOR('',#8619,1.);
#8619 = DIRECTION('',(1.,0.,0.));
#8620 = ORIENTED_EDGE('',*,*,#8621,.T.);
#8621 = EDGE_CURVE('',#8612,#8589,#8622,.T.);
#8622 = CIRCLE('',#8623,2.6);
#8623 = AXIS2_PLACEMENT_3D('',#8624,#8625,#8626);
#8624 = CARTESIAN_POINT('',(35.8,80.,-19.4));
#8625 = DIRECTION('',(1.,0.,-0.));
#8626 = DIRECTION('',(0.,0.,1.));
#8627 = ORIENTED_EDGE('',*,*,#8596,.T.);
#8628 = ORIENTED_EDGE('',*,*,#2634,.T.);
#8629 = ORIENTED_EDGE('',*,*,#8630,.F.);
#8630 = EDGE_CURVE('',#8631,#2627,#8633,.T.);
#8631 = VERTEX_POINT('',#8632);
#8632 = CARTESIAN_POINT('',(35.8,78.999999999999,-17.));
#8633 = LINE('',#8634,#8635);
#8634 = CARTESIAN_POINT('',(35.,79.,-17.));
#8635 = VECTOR('',#8636,1.);
#8636 = DIRECTION('',(1.,0.,0.));
#8637 = ORIENTED_EDGE('',*,*,#8638,.T.);
#8638 = EDGE_CURVE('',#8631,#8639,#8641,.T.);
#8639 = VERTEX_POINT('',#8640);
#8640 = CARTESIAN_POINT('',(35.8,77.4,-19.4));
#8641 = CIRCLE('',#8642,2.6);
#8642 = AXIS2_PLACEMENT_3D('',#8643,#8644,#8645);
#8643 = CARTESIAN_POINT('',(35.8,80.,-19.4));
#8644 = DIRECTION('',(1.,0.,-0.));
#8645 = DIRECTION('',(0.,0.,1.));
#8646 = ORIENTED_EDGE('',*,*,#8647,.T.);
#8647 = EDGE_CURVE('',#8639,#8648,#8650,.T.);
#8648 = VERTEX_POINT('',#8649);
#8649 = CARTESIAN_POINT('',(39.6,77.4,-19.4));
#8650 = LINE('',#8651,#8652);
#8651 = CARTESIAN_POINT('',(35.,77.4,-19.4));
#8652 = VECTOR('',#8653,1.);
#8653 = DIRECTION('',(1.,0.,0.));
#8654 = ORIENTED_EDGE('',*,*,#8655,.F.);
#8655 = EDGE_CURVE('',#8614,#8648,#8656,.T.);
#8656 = CIRCLE('',#8657,2.6);
#8657 = AXIS2_PLACEMENT_3D('',#8658,#8659,#8660);
#8658 = CARTESIAN_POINT('',(39.6,80.,-19.4));
#8659 = DIRECTION('',(1.,0.,-0.));
#8660 = DIRECTION('',(0.,0.,1.));
#8661 = CYLINDRICAL_SURFACE('',#8662,2.6);
#8662 = AXIS2_PLACEMENT_3D('',#8663,#8664,#8665);
#8663 = CARTESIAN_POINT('',(35.,80.,-19.4));
#8664 = DIRECTION('',(1.,0.,0.));
#8665 = DIRECTION('',(0.,0.,1.));
#8666 = ADVANCED_FACE('',(#8667),#8685,.T.);
#8667 = FACE_BOUND('',#8668,.T.);
#8668 = EDGE_LOOP('',(#8669,#8670,#8678,#8684));
#8669 = ORIENTED_EDGE('',*,*,#8630,.F.);
#8670 = ORIENTED_EDGE('',*,*,#8671,.F.);
#8671 = EDGE_CURVE('',#8672,#8631,#8674,.T.);
#8672 = VERTEX_POINT('',#8673);
#8673 = CARTESIAN_POINT('',(35.8,77.,-17.));
#8674 = LINE('',#8675,#8676);
#8675 = CARTESIAN_POINT('',(35.8,77.,-17.));
#8676 = VECTOR('',#8677,1.);
#8677 = DIRECTION('',(0.,1.,0.));
#8678 = ORIENTED_EDGE('',*,*,#8679,.T.);
#8679 = EDGE_CURVE('',#8672,#2619,#8680,.T.);
#8680 = LINE('',#8681,#8682);
#8681 = CARTESIAN_POINT('',(35.8,77.,-17.));
#8682 = VECTOR('',#8683,1.);
#8683 = DIRECTION('',(1.,0.,0.));
#8684 = ORIENTED_EDGE('',*,*,#2626,.F.);
#8685 = PLANE('',#8686);
#8686 = AXIS2_PLACEMENT_3D('',#8687,#8688,#8689);
#8687 = CARTESIAN_POINT('',(35.8,77.,-17.));
#8688 = DIRECTION('',(0.,0.,1.));
#8689 = DIRECTION('',(1.,0.,0.));
#8690 = ADVANCED_FACE('',(#8691),#8709,.F.);
#8691 = FACE_BOUND('',#8692,.F.);
#8692 = EDGE_LOOP('',(#8693,#8701,#8707,#8708));
#8693 = ORIENTED_EDGE('',*,*,#8694,.F.);
#8694 = EDGE_CURVE('',#8695,#2611,#8697,.T.);
#8695 = VERTEX_POINT('',#8696);
#8696 = CARTESIAN_POINT('',(35.8,77.,-25.));
#8697 = LINE('',#8698,#8699);
#8698 = CARTESIAN_POINT('',(35.8,77.,-25.));
#8699 = VECTOR('',#8700,1.);
#8700 = DIRECTION('',(1.,0.,0.));
#8701 = ORIENTED_EDGE('',*,*,#8702,.T.);
#8702 = EDGE_CURVE('',#8695,#8672,#8703,.T.);
#8703 = LINE('',#8704,#8705);
#8704 = CARTESIAN_POINT('',(35.8,77.,-25.));
#8705 = VECTOR('',#8706,1.);
#8706 = DIRECTION('',(0.,0.,1.));
#8707 = ORIENTED_EDGE('',*,*,#8679,.T.);
#8708 = ORIENTED_EDGE('',*,*,#2618,.F.);
#8709 = PLANE('',#8710);
#8710 = AXIS2_PLACEMENT_3D('',#8711,#8712,#8713);
#8711 = CARTESIAN_POINT('',(35.8,77.,-25.));
#8712 = DIRECTION('',(0.,1.,0.));
#8713 = DIRECTION('',(0.,0.,1.));
#8714 = ADVANCED_FACE('',(#8715),#8733,.F.);
#8715 = FACE_BOUND('',#8716,.F.);
#8716 = EDGE_LOOP('',(#8717,#8725,#8731,#8732));
#8717 = ORIENTED_EDGE('',*,*,#8718,.F.);
#8718 = EDGE_CURVE('',#8719,#2602,#8721,.T.);
#8719 = VERTEX_POINT('',#8720);
#8720 = CARTESIAN_POINT('',(35.8,79.,-25.));
#8721 = LINE('',#8722,#8723);
#8722 = CARTESIAN_POINT('',(35.,79.,-25.));
#8723 = VECTOR('',#8724,1.);
#8724 = DIRECTION('',(1.,0.,0.));
#8725 = ORIENTED_EDGE('',*,*,#8726,.F.);
#8726 = EDGE_CURVE('',#8695,#8719,#8727,.T.);
#8727 = LINE('',#8728,#8729);
#8728 = CARTESIAN_POINT('',(35.8,77.,-25.));
#8729 = VECTOR('',#8730,1.);
#8730 = DIRECTION('',(0.,1.,0.));
#8731 = ORIENTED_EDGE('',*,*,#8694,.T.);
#8732 = ORIENTED_EDGE('',*,*,#2610,.F.);
#8733 = PLANE('',#8734);
#8734 = AXIS2_PLACEMENT_3D('',#8735,#8736,#8737);
#8735 = CARTESIAN_POINT('',(35.8,77.,-25.));
#8736 = DIRECTION('',(0.,0.,1.));
#8737 = DIRECTION('',(1.,0.,0.));
#8738 = ADVANCED_FACE('',(#8739),#8792,.F.);
#8739 = FACE_BOUND('',#8740,.F.);
#8740 = EDGE_LOOP('',(#8741,#8752,#8760,#8767,#8768,#8769,#8777,#8786));
#8741 = ORIENTED_EDGE('',*,*,#8742,.F.);
#8742 = EDGE_CURVE('',#8743,#8745,#8747,.T.);
#8743 = VERTEX_POINT('',#8744);
#8744 = CARTESIAN_POINT('',(39.6,77.4,-22.6));
#8745 = VERTEX_POINT('',#8746);
#8746 = CARTESIAN_POINT('',(39.6,82.6,-22.6));
#8747 = CIRCLE('',#8748,2.6);
#8748 = AXIS2_PLACEMENT_3D('',#8749,#8750,#8751);
#8749 = CARTESIAN_POINT('',(39.6,80.,-22.6));
#8750 = DIRECTION('',(1.,0.,-0.));
#8751 = DIRECTION('',(0.,0.,1.));
#8752 = ORIENTED_EDGE('',*,*,#8753,.F.);
#8753 = EDGE_CURVE('',#8754,#8743,#8756,.T.);
#8754 = VERTEX_POINT('',#8755);
#8755 = CARTESIAN_POINT('',(35.8,77.4,-22.6));
#8756 = LINE('',#8757,#8758);
#8757 = CARTESIAN_POINT('',(35.,77.4,-22.6));
#8758 = VECTOR('',#8759,1.);
#8759 = DIRECTION('',(1.,0.,0.));
#8760 = ORIENTED_EDGE('',*,*,#8761,.T.);
#8761 = EDGE_CURVE('',#8754,#8719,#8762,.T.);
#8762 = CIRCLE('',#8763,2.6);
#8763 = AXIS2_PLACEMENT_3D('',#8764,#8765,#8766);
#8764 = CARTESIAN_POINT('',(35.8,80.,-22.6));
#8765 = DIRECTION('',(1.,0.,-0.));
#8766 = DIRECTION('',(0.,0.,1.));
#8767 = ORIENTED_EDGE('',*,*,#8718,.T.);
#8768 = ORIENTED_EDGE('',*,*,#2601,.T.);
#8769 = ORIENTED_EDGE('',*,*,#8770,.F.);
#8770 = EDGE_CURVE('',#8771,#2594,#8773,.T.);
#8771 = VERTEX_POINT('',#8772);
#8772 = CARTESIAN_POINT('',(35.8,81.,-25.));
#8773 = LINE('',#8774,#8775);
#8774 = CARTESIAN_POINT('',(35.,81.,-25.));
#8775 = VECTOR('',#8776,1.);
#8776 = DIRECTION('',(1.,0.,0.));
#8777 = ORIENTED_EDGE('',*,*,#8778,.T.);
#8778 = EDGE_CURVE('',#8771,#8779,#8781,.T.);
#8779 = VERTEX_POINT('',#8780);
#8780 = CARTESIAN_POINT('',(35.8,82.6,-22.6));
#8781 = CIRCLE('',#8782,2.6);
#8782 = AXIS2_PLACEMENT_3D('',#8783,#8784,#8785);
#8783 = CARTESIAN_POINT('',(35.8,80.,-22.6));
#8784 = DIRECTION('',(1.,0.,-0.));
#8785 = DIRECTION('',(0.,0.,1.));
#8786 = ORIENTED_EDGE('',*,*,#8787,.T.);
#8787 = EDGE_CURVE('',#8779,#8745,#8788,.T.);
#8788 = LINE('',#8789,#8790);
#8789 = CARTESIAN_POINT('',(35.,82.6,-22.6));
#8790 = VECTOR('',#8791,1.);
#8791 = DIRECTION('',(1.,0.,0.));
#8792 = CYLINDRICAL_SURFACE('',#8793,2.6);
#8793 = AXIS2_PLACEMENT_3D('',#8794,#8795,#8796);
#8794 = CARTESIAN_POINT('',(35.,80.,-22.6));
#8795 = DIRECTION('',(1.,0.,0.));
#8796 = DIRECTION('',(0.,0.,1.));
#8797 = ADVANCED_FACE('',(#8798),#8809,.F.);
#8798 = FACE_BOUND('',#8799,.F.);
#8799 = EDGE_LOOP('',(#8800,#8801,#8807,#8808));
#8800 = ORIENTED_EDGE('',*,*,#8556,.F.);
#8801 = ORIENTED_EDGE('',*,*,#8802,.F.);
#8802 = EDGE_CURVE('',#8771,#8557,#8803,.T.);
#8803 = LINE('',#8804,#8805);
#8804 = CARTESIAN_POINT('',(35.8,77.,-25.));
#8805 = VECTOR('',#8806,1.);
#8806 = DIRECTION('',(0.,1.,0.));
#8807 = ORIENTED_EDGE('',*,*,#8770,.T.);
#8808 = ORIENTED_EDGE('',*,*,#2593,.F.);
#8809 = PLANE('',#8810);
#8810 = AXIS2_PLACEMENT_3D('',#8811,#8812,#8813);
#8811 = CARTESIAN_POINT('',(35.8,77.,-25.));
#8812 = DIRECTION('',(0.,0.,1.));
#8813 = DIRECTION('',(1.,0.,0.));
#8814 = ADVANCED_FACE('',(#8815),#8840,.T.);
#8815 = FACE_BOUND('',#8816,.T.);
#8816 = EDGE_LOOP('',(#8817,#8825,#8833,#8839));
#8817 = ORIENTED_EDGE('',*,*,#8818,.F.);
#8818 = EDGE_CURVE('',#8819,#2652,#8821,.T.);
#8819 = VERTEX_POINT('',#8820);
#8820 = CARTESIAN_POINT('',(35.8,71.,-25.));
#8821 = LINE('',#8822,#8823);
#8822 = CARTESIAN_POINT('',(35.8,71.,-25.));
#8823 = VECTOR('',#8824,1.);
#8824 = DIRECTION('',(1.,0.,0.));
#8825 = ORIENTED_EDGE('',*,*,#8826,.T.);
#8826 = EDGE_CURVE('',#8819,#8827,#8829,.T.);
#8827 = VERTEX_POINT('',#8828);
#8828 = CARTESIAN_POINT('',(35.8,71.,-17.));
#8829 = LINE('',#8830,#8831);
#8830 = CARTESIAN_POINT('',(35.8,71.,-25.));
#8831 = VECTOR('',#8832,1.);
#8832 = DIRECTION('',(0.,0.,1.));
#8833 = ORIENTED_EDGE('',*,*,#8834,.T.);
#8834 = EDGE_CURVE('',#8827,#2654,#8835,.T.);
#8835 = LINE('',#8836,#8837);
#8836 = CARTESIAN_POINT('',(35.8,71.,-17.));
#8837 = VECTOR('',#8838,1.);
#8838 = DIRECTION('',(1.,0.,0.));
#8839 = ORIENTED_EDGE('',*,*,#2651,.F.);
#8840 = PLANE('',#8841);
#8841 = AXIS2_PLACEMENT_3D('',#8842,#8843,#8844);
#8842 = CARTESIAN_POINT('',(35.8,71.,-25.));
#8843 = DIRECTION('',(0.,1.,0.));
#8844 = DIRECTION('',(0.,0.,1.));
#8845 = ADVANCED_FACE('',(#8846),#8864,.T.);
#8846 = FACE_BOUND('',#8847,.T.);
#8847 = EDGE_LOOP('',(#8848,#8849,#8857,#8863));
#8848 = ORIENTED_EDGE('',*,*,#8834,.F.);
#8849 = ORIENTED_EDGE('',*,*,#8850,.F.);
#8850 = EDGE_CURVE('',#8851,#8827,#8853,.T.);
#8851 = VERTEX_POINT('',#8852);
#8852 = CARTESIAN_POINT('',(35.8,69.000000000001,-17.));
#8853 = LINE('',#8854,#8855);
#8854 = CARTESIAN_POINT('',(35.8,65.,-17.));
#8855 = VECTOR('',#8856,1.);
#8856 = DIRECTION('',(0.,1.,0.));
#8857 = ORIENTED_EDGE('',*,*,#8858,.T.);
#8858 = EDGE_CURVE('',#8851,#2703,#8859,.T.);
#8859 = LINE('',#8860,#8861);
#8860 = CARTESIAN_POINT('',(35.,69.,-17.));
#8861 = VECTOR('',#8862,1.);
#8862 = DIRECTION('',(1.,0.,0.));
#8863 = ORIENTED_EDGE('',*,*,#2711,.F.);
#8864 = PLANE('',#8865);
#8865 = AXIS2_PLACEMENT_3D('',#8866,#8867,#8868);
#8866 = CARTESIAN_POINT('',(35.8,65.,-17.));
#8867 = DIRECTION('',(0.,0.,1.));
#8868 = DIRECTION('',(1.,0.,0.));
#8869 = ADVANCED_FACE('',(#8870),#8923,.F.);
#8870 = FACE_BOUND('',#8871,.F.);
#8871 = EDGE_LOOP('',(#8872,#8882,#8889,#8890,#8891,#8899,#8908,#8916));
#8872 = ORIENTED_EDGE('',*,*,#8873,.F.);
#8873 = EDGE_CURVE('',#8874,#8876,#8878,.T.);
#8874 = VERTEX_POINT('',#8875);
#8875 = CARTESIAN_POINT('',(35.8,70.6,-19.4));
#8876 = VERTEX_POINT('',#8877);
#8877 = CARTESIAN_POINT('',(39.6,70.6,-19.4));
#8878 = LINE('',#8879,#8880);
#8879 = CARTESIAN_POINT('',(35.,70.6,-19.4));
#8880 = VECTOR('',#8881,1.);
#8881 = DIRECTION('',(1.,0.,0.));
#8882 = ORIENTED_EDGE('',*,*,#8883,.T.);
#8883 = EDGE_CURVE('',#8874,#8851,#8884,.T.);
#8884 = CIRCLE('',#8885,2.6);
#8885 = AXIS2_PLACEMENT_3D('',#8886,#8887,#8888);
#8886 = CARTESIAN_POINT('',(35.8,68.,-19.4));
#8887 = DIRECTION('',(1.,0.,-0.));
#8888 = DIRECTION('',(0.,0.,1.));
#8889 = ORIENTED_EDGE('',*,*,#8858,.T.);
#8890 = ORIENTED_EDGE('',*,*,#2702,.T.);
#8891 = ORIENTED_EDGE('',*,*,#8892,.F.);
#8892 = EDGE_CURVE('',#8893,#2695,#8895,.T.);
#8893 = VERTEX_POINT('',#8894);
#8894 = CARTESIAN_POINT('',(35.8,66.999999999999,-17.));
#8895 = LINE('',#8896,#8897);
#8896 = CARTESIAN_POINT('',(35.,67.,-17.));
#8897 = VECTOR('',#8898,1.);
#8898 = DIRECTION('',(1.,0.,0.));
#8899 = ORIENTED_EDGE('',*,*,#8900,.T.);
#8900 = EDGE_CURVE('',#8893,#8901,#8903,.T.);
#8901 = VERTEX_POINT('',#8902);
#8902 = CARTESIAN_POINT('',(35.8,65.4,-19.4));
#8903 = CIRCLE('',#8904,2.6);
#8904 = AXIS2_PLACEMENT_3D('',#8905,#8906,#8907);
#8905 = CARTESIAN_POINT('',(35.8,68.,-19.4));
#8906 = DIRECTION('',(1.,0.,-0.));
#8907 = DIRECTION('',(0.,0.,1.));
#8908 = ORIENTED_EDGE('',*,*,#8909,.T.);
#8909 = EDGE_CURVE('',#8901,#8910,#8912,.T.);
#8910 = VERTEX_POINT('',#8911);
#8911 = CARTESIAN_POINT('',(39.6,65.4,-19.4));
#8912 = LINE('',#8913,#8914);
#8913 = CARTESIAN_POINT('',(35.,65.4,-19.4));
#8914 = VECTOR('',#8915,1.);
#8915 = DIRECTION('',(1.,0.,0.));
#8916 = ORIENTED_EDGE('',*,*,#8917,.F.);
#8917 = EDGE_CURVE('',#8876,#8910,#8918,.T.);
#8918 = CIRCLE('',#8919,2.6);
#8919 = AXIS2_PLACEMENT_3D('',#8920,#8921,#8922);
#8920 = CARTESIAN_POINT('',(39.6,68.,-19.4));
#8921 = DIRECTION('',(1.,0.,-0.));
#8922 = DIRECTION('',(0.,0.,1.));
#8923 = CYLINDRICAL_SURFACE('',#8924,2.6);
#8924 = AXIS2_PLACEMENT_3D('',#8925,#8926,#8927);
#8925 = CARTESIAN_POINT('',(35.,68.,-19.4));
#8926 = DIRECTION('',(1.,0.,0.));
#8927 = DIRECTION('',(0.,0.,1.));
#8928 = ADVANCED_FACE('',(#8929),#8947,.T.);
#8929 = FACE_BOUND('',#8930,.T.);
#8930 = EDGE_LOOP('',(#8931,#8932,#8940,#8946));
#8931 = ORIENTED_EDGE('',*,*,#8892,.F.);
#8932 = ORIENTED_EDGE('',*,*,#8933,.F.);
#8933 = EDGE_CURVE('',#8934,#8893,#8936,.T.);
#8934 = VERTEX_POINT('',#8935);
#8935 = CARTESIAN_POINT('',(35.8,65.,-17.));
#8936 = LINE('',#8937,#8938);
#8937 = CARTESIAN_POINT('',(35.8,65.,-17.));
#8938 = VECTOR('',#8939,1.);
#8939 = DIRECTION('',(0.,1.,0.));
#8940 = ORIENTED_EDGE('',*,*,#8941,.T.);
#8941 = EDGE_CURVE('',#8934,#2687,#8942,.T.);
#8942 = LINE('',#8943,#8944);
#8943 = CARTESIAN_POINT('',(35.8,65.,-17.));
#8944 = VECTOR('',#8945,1.);
#8945 = DIRECTION('',(1.,0.,0.));
#8946 = ORIENTED_EDGE('',*,*,#2694,.F.);
#8947 = PLANE('',#8948);
#8948 = AXIS2_PLACEMENT_3D('',#8949,#8950,#8951);
#8949 = CARTESIAN_POINT('',(35.8,65.,-17.));
#8950 = DIRECTION('',(0.,0.,1.));
#8951 = DIRECTION('',(1.,0.,0.));
#8952 = ADVANCED_FACE('',(#8953),#8971,.F.);
#8953 = FACE_BOUND('',#8954,.F.);
#8954 = EDGE_LOOP('',(#8955,#8963,#8969,#8970));
#8955 = ORIENTED_EDGE('',*,*,#8956,.F.);
#8956 = EDGE_CURVE('',#8957,#2679,#8959,.T.);
#8957 = VERTEX_POINT('',#8958);
#8958 = CARTESIAN_POINT('',(35.8,65.,-25.));
#8959 = LINE('',#8960,#8961);
#8960 = CARTESIAN_POINT('',(35.8,65.,-25.));
#8961 = VECTOR('',#8962,1.);
#8962 = DIRECTION('',(1.,0.,0.));
#8963 = ORIENTED_EDGE('',*,*,#8964,.T.);
#8964 = EDGE_CURVE('',#8957,#8934,#8965,.T.);
#8965 = LINE('',#8966,#8967);
#8966 = CARTESIAN_POINT('',(35.8,65.,-25.));
#8967 = VECTOR('',#8968,1.);
#8968 = DIRECTION('',(0.,0.,1.));
#8969 = ORIENTED_EDGE('',*,*,#8941,.T.);
#8970 = ORIENTED_EDGE('',*,*,#2686,.F.);
#8971 = PLANE('',#8972);
#8972 = AXIS2_PLACEMENT_3D('',#8973,#8974,#8975);
#8973 = CARTESIAN_POINT('',(35.8,65.,-25.));
#8974 = DIRECTION('',(0.,1.,0.));
#8975 = DIRECTION('',(0.,0.,1.));
#8976 = ADVANCED_FACE('',(#8977),#8995,.F.);
#8977 = FACE_BOUND('',#8978,.F.);
#8978 = EDGE_LOOP('',(#8979,#8987,#8993,#8994));
#8979 = ORIENTED_EDGE('',*,*,#8980,.F.);
#8980 = EDGE_CURVE('',#8981,#2670,#8983,.T.);
#8981 = VERTEX_POINT('',#8982);
#8982 = CARTESIAN_POINT('',(35.8,67.,-25.));
#8983 = LINE('',#8984,#8985);
#8984 = CARTESIAN_POINT('',(35.,67.,-25.));
#8985 = VECTOR('',#8986,1.);
#8986 = DIRECTION('',(1.,0.,0.));
#8987 = ORIENTED_EDGE('',*,*,#8988,.F.);
#8988 = EDGE_CURVE('',#8957,#8981,#8989,.T.);
#8989 = LINE('',#8990,#8991);
#8990 = CARTESIAN_POINT('',(35.8,65.,-25.));
#8991 = VECTOR('',#8992,1.);
#8992 = DIRECTION('',(0.,1.,0.));
#8993 = ORIENTED_EDGE('',*,*,#8956,.T.);
#8994 = ORIENTED_EDGE('',*,*,#2678,.F.);
#8995 = PLANE('',#8996);
#8996 = AXIS2_PLACEMENT_3D('',#8997,#8998,#8999);
#8997 = CARTESIAN_POINT('',(35.8,65.,-25.));
#8998 = DIRECTION('',(0.,0.,1.));
#8999 = DIRECTION('',(1.,0.,0.));
#9000 = ADVANCED_FACE('',(#9001),#9054,.F.);
#9001 = FACE_BOUND('',#9002,.F.);
#9002 = EDGE_LOOP('',(#9003,#9014,#9022,#9029,#9030,#9031,#9039,#9048));
#9003 = ORIENTED_EDGE('',*,*,#9004,.F.);
#9004 = EDGE_CURVE('',#9005,#9007,#9009,.T.);
#9005 = VERTEX_POINT('',#9006);
#9006 = CARTESIAN_POINT('',(39.6,65.4,-22.6));
#9007 = VERTEX_POINT('',#9008);
#9008 = CARTESIAN_POINT('',(39.6,70.6,-22.6));
#9009 = CIRCLE('',#9010,2.6);
#9010 = AXIS2_PLACEMENT_3D('',#9011,#9012,#9013);
#9011 = CARTESIAN_POINT('',(39.6,68.,-22.6));
#9012 = DIRECTION('',(1.,0.,-0.));
#9013 = DIRECTION('',(0.,0.,1.));
#9014 = ORIENTED_EDGE('',*,*,#9015,.F.);
#9015 = EDGE_CURVE('',#9016,#9005,#9018,.T.);
#9016 = VERTEX_POINT('',#9017);
#9017 = CARTESIAN_POINT('',(35.8,65.4,-22.6));
#9018 = LINE('',#9019,#9020);
#9019 = CARTESIAN_POINT('',(35.,65.4,-22.6));
#9020 = VECTOR('',#9021,1.);
#9021 = DIRECTION('',(1.,0.,0.));
#9022 = ORIENTED_EDGE('',*,*,#9023,.T.);
#9023 = EDGE_CURVE('',#9016,#8981,#9024,.T.);
#9024 = CIRCLE('',#9025,2.6);
#9025 = AXIS2_PLACEMENT_3D('',#9026,#9027,#9028);
#9026 = CARTESIAN_POINT('',(35.8,68.,-22.6));
#9027 = DIRECTION('',(1.,0.,-0.));
#9028 = DIRECTION('',(0.,0.,1.));
#9029 = ORIENTED_EDGE('',*,*,#8980,.T.);
#9030 = ORIENTED_EDGE('',*,*,#2669,.T.);
#9031 = ORIENTED_EDGE('',*,*,#9032,.F.);
#9032 = EDGE_CURVE('',#9033,#2662,#9035,.T.);
#9033 = VERTEX_POINT('',#9034);
#9034 = CARTESIAN_POINT('',(35.8,69.,-25.));
#9035 = LINE('',#9036,#9037);
#9036 = CARTESIAN_POINT('',(35.,69.,-25.));
#9037 = VECTOR('',#9038,1.);
#9038 = DIRECTION('',(1.,0.,0.));
#9039 = ORIENTED_EDGE('',*,*,#9040,.T.);
#9040 = EDGE_CURVE('',#9033,#9041,#9043,.T.);
#9041 = VERTEX_POINT('',#9042);
#9042 = CARTESIAN_POINT('',(35.8,70.6,-22.6));
#9043 = CIRCLE('',#9044,2.6);
#9044 = AXIS2_PLACEMENT_3D('',#9045,#9046,#9047);
#9045 = CARTESIAN_POINT('',(35.8,68.,-22.6));
#9046 = DIRECTION('',(1.,0.,-0.));
#9047 = DIRECTION('',(0.,0.,1.));
#9048 = ORIENTED_EDGE('',*,*,#9049,.T.);
#9049 = EDGE_CURVE('',#9041,#9007,#9050,.T.);
#9050 = LINE('',#9051,#9052);
#9051 = CARTESIAN_POINT('',(35.,70.6,-22.6));
#9052 = VECTOR('',#9053,1.);
#9053 = DIRECTION('',(1.,0.,0.));
#9054 = CYLINDRICAL_SURFACE('',#9055,2.6);
#9055 = AXIS2_PLACEMENT_3D('',#9056,#9057,#9058);
#9056 = CARTESIAN_POINT('',(35.,68.,-22.6));
#9057 = DIRECTION('',(1.,0.,0.));
#9058 = DIRECTION('',(0.,0.,1.));
#9059 = ADVANCED_FACE('',(#9060),#9071,.F.);
#9060 = FACE_BOUND('',#9061,.F.);
#9061 = EDGE_LOOP('',(#9062,#9063,#9069,#9070));
#9062 = ORIENTED_EDGE('',*,*,#8818,.F.);
#9063 = ORIENTED_EDGE('',*,*,#9064,.F.);
#9064 = EDGE_CURVE('',#9033,#8819,#9065,.T.);
#9065 = LINE('',#9066,#9067);
#9066 = CARTESIAN_POINT('',(35.8,65.,-25.));
#9067 = VECTOR('',#9068,1.);
#9068 = DIRECTION('',(0.,1.,0.));
#9069 = ORIENTED_EDGE('',*,*,#9032,.T.);
#9070 = ORIENTED_EDGE('',*,*,#2661,.F.);
#9071 = PLANE('',#9072);
#9072 = AXIS2_PLACEMENT_3D('',#9073,#9074,#9075);
#9073 = CARTESIAN_POINT('',(35.8,65.,-25.));
#9074 = DIRECTION('',(0.,0.,1.));
#9075 = DIRECTION('',(1.,0.,0.));
#9076 = ADVANCED_FACE('',(#9077),#9080,.F.);
#9077 = FACE_BOUND('',#9078,.F.);
#9078 = EDGE_LOOP('',(#9079));
#9079 = ORIENTED_EDGE('',*,*,#3239,.T.);
#9080 = PLANE('',#9081);
#9081 = AXIS2_PLACEMENT_3D('',#9082,#9083,#9084);
#9082 = CARTESIAN_POINT('',(-31.,53.,-20.));
#9083 = DIRECTION('',(1.,0.,0.));
#9084 = DIRECTION('',(0.,0.,1.));
#9085 = ADVANCED_FACE('',(#9086),#9102,.F.);
#9086 = FACE_BOUND('',#9087,.F.);
#9087 = EDGE_LOOP('',(#9088,#9089,#9095,#9096));
#9088 = ORIENTED_EDGE('',*,*,#4050,.F.);
#9089 = ORIENTED_EDGE('',*,*,#9090,.F.);
#9090 = EDGE_CURVE('',#3369,#4051,#9091,.T.);
#9091 = LINE('',#9092,#9093);
#9092 = CARTESIAN_POINT('',(3.5,-7.,-0.7));
#9093 = VECTOR('',#9094,1.);
#9094 = DIRECTION('',(0.,1.,0.));
#9095 = ORIENTED_EDGE('',*,*,#3368,.T.);
#9096 = ORIENTED_EDGE('',*,*,#9097,.T.);
#9097 = EDGE_CURVE('',#3371,#4053,#9098,.T.);
#9098 = LINE('',#9099,#9100);
#9099 = CARTESIAN_POINT('',(3.5,-7.,-7.3));
#9100 = VECTOR('',#9101,1.);
#9101 = DIRECTION('',(0.,1.,0.));
#9102 = CYLINDRICAL_SURFACE('',#9103,3.3);
#9103 = AXIS2_PLACEMENT_3D('',#9104,#9105,#9106);
#9104 = CARTESIAN_POINT('',(3.5,-7.,-4.));
#9105 = DIRECTION('',(0.,1.,0.));
#9106 = DIRECTION('',(0.,0.,1.));
#9107 = ADVANCED_FACE('',(#9108),#9119,.F.);
#9108 = FACE_BOUND('',#9109,.F.);
#9109 = EDGE_LOOP('',(#9110,#9116,#9117,#9118));
#9110 = ORIENTED_EDGE('',*,*,#9111,.F.);
#9111 = EDGE_CURVE('',#3380,#4062,#9112,.T.);
#9112 = LINE('',#9113,#9114);
#9113 = CARTESIAN_POINT('',(-3.5,-7.,-0.7));
#9114 = VECTOR('',#9115,1.);
#9115 = DIRECTION('',(0.,1.,0.));
#9116 = ORIENTED_EDGE('',*,*,#3379,.F.);
#9117 = ORIENTED_EDGE('',*,*,#9090,.T.);
#9118 = ORIENTED_EDGE('',*,*,#4061,.F.);
#9119 = PLANE('',#9120);
#9120 = AXIS2_PLACEMENT_3D('',#9121,#9122,#9123);
#9121 = CARTESIAN_POINT('',(-3.5,-7.,-0.7));
#9122 = DIRECTION('',(0.,0.,1.));
#9123 = DIRECTION('',(1.,0.,0.));
#9124 = ADVANCED_FACE('',(#9125),#9136,.T.);
#9125 = FACE_BOUND('',#9126,.T.);
#9126 = EDGE_LOOP('',(#9127,#9133,#9134,#9135));
#9127 = ORIENTED_EDGE('',*,*,#9128,.F.);
#9128 = EDGE_CURVE('',#3388,#4070,#9129,.T.);
#9129 = LINE('',#9130,#9131);
#9130 = CARTESIAN_POINT('',(-3.5,-7.,-7.3));
#9131 = VECTOR('',#9132,1.);
#9132 = DIRECTION('',(0.,1.,0.));
#9133 = ORIENTED_EDGE('',*,*,#3396,.F.);
#9134 = ORIENTED_EDGE('',*,*,#9097,.T.);
#9135 = ORIENTED_EDGE('',*,*,#4078,.F.);
#9136 = PLANE('',#9137);
#9137 = AXIS2_PLACEMENT_3D('',#9138,#9139,#9140);
#9138 = CARTESIAN_POINT('',(-3.5,-7.,-7.3));
#9139 = DIRECTION('',(0.,0.,1.));
#9140 = DIRECTION('',(1.,0.,0.));
#9141 = ADVANCED_FACE('',(#9142),#9148,.F.);
#9142 = FACE_BOUND('',#9143,.F.);
#9143 = EDGE_LOOP('',(#9144,#9145,#9146,#9147));
#9144 = ORIENTED_EDGE('',*,*,#9128,.F.);
#9145 = ORIENTED_EDGE('',*,*,#3387,.T.);
#9146 = ORIENTED_EDGE('',*,*,#9111,.T.);
#9147 = ORIENTED_EDGE('',*,*,#4069,.F.);
#9148 = CYLINDRICAL_SURFACE('',#9149,3.3);
#9149 = AXIS2_PLACEMENT_3D('',#9150,#9151,#9152);
#9150 = CARTESIAN_POINT('',(-3.5,-7.,-4.));
#9151 = DIRECTION('',(0.,1.,0.));
#9152 = DIRECTION('',(0.,0.,1.));
#9153 = ADVANCED_FACE('',(#9154),#9160,.T.);
#9154 = FACE_BOUND('',#9155,.T.);
#9155 = EDGE_LOOP('',(#9156,#9157,#9158,#9159));
#9156 = ORIENTED_EDGE('',*,*,#3517,.F.);
#9157 = ORIENTED_EDGE('',*,*,#3435,.T.);
#9158 = ORIENTED_EDGE('',*,*,#3459,.T.);
#9159 = ORIENTED_EDGE('',*,*,#3547,.F.);
#9160 = PLANE('',#9161);
#9161 = AXIS2_PLACEMENT_3D('',#9162,#9163,#9164);
#9162 = CARTESIAN_POINT('',(-38.5,67.25,-7.5));
#9163 = DIRECTION('',(0.,0.,1.));
#9164 = DIRECTION('',(1.,0.,0.));
#9165 = ADVANCED_FACE('',(#9166),#9182,.T.);
#9166 = FACE_BOUND('',#9167,.T.);
#9167 = EDGE_LOOP('',(#9168,#9169,#9175,#9176));
#9168 = ORIENTED_EDGE('',*,*,#3476,.F.);
#9169 = ORIENTED_EDGE('',*,*,#9170,.T.);
#9170 = EDGE_CURVE('',#3477,#3761,#9171,.T.);
#9171 = LINE('',#9172,#9173);
#9172 = CARTESIAN_POINT('',(-36.5,69.25,-6.45));
#9173 = VECTOR('',#9174,1.);
#9174 = DIRECTION('',(1.,0.,0.));
#9175 = ORIENTED_EDGE('',*,*,#3758,.F.);
#9176 = ORIENTED_EDGE('',*,*,#9177,.F.);
#9177 = EDGE_CURVE('',#3479,#3759,#9178,.T.);
#9178 = LINE('',#9179,#9180);
#9179 = CARTESIAN_POINT('',(-36.5,90.75,-6.45));
#9180 = VECTOR('',#9181,1.);
#9181 = DIRECTION('',(1.,0.,0.));
#9182 = PLANE('',#9183);
#9183 = AXIS2_PLACEMENT_3D('',#9184,#9185,#9186);
#9184 = CARTESIAN_POINT('',(-36.5,69.25,-6.45));
#9185 = DIRECTION('',(0.,0.,1.));
#9186 = DIRECTION('',(1.,0.,0.));
#9187 = ADVANCED_FACE('',(#9188),#9199,.F.);
#9188 = FACE_BOUND('',#9189,.F.);
#9189 = EDGE_LOOP('',(#9190,#9191,#9192,#9198));
#9190 = ORIENTED_EDGE('',*,*,#9177,.F.);
#9191 = ORIENTED_EDGE('',*,*,#3502,.T.);
#9192 = ORIENTED_EDGE('',*,*,#9193,.T.);
#9193 = EDGE_CURVE('',#3495,#3777,#9194,.T.);
#9194 = LINE('',#9195,#9196);
#9195 = CARTESIAN_POINT('',(-36.5,90.75,-1.95));
#9196 = VECTOR('',#9197,1.);
#9197 = DIRECTION('',(1.,0.,0.));
#9198 = ORIENTED_EDGE('',*,*,#3784,.F.);
#9199 = PLANE('',#9200);
#9200 = AXIS2_PLACEMENT_3D('',#9201,#9202,#9203);
#9201 = CARTESIAN_POINT('',(-36.5,90.75,-6.45));
#9202 = DIRECTION('',(0.,1.,0.));
#9203 = DIRECTION('',(0.,0.,1.));
#9204 = ADVANCED_FACE('',(#9205),#9216,.F.);
#9205 = FACE_BOUND('',#9206,.F.);
#9206 = EDGE_LOOP('',(#9207,#9208,#9214,#9215));
#9207 = ORIENTED_EDGE('',*,*,#3494,.F.);
#9208 = ORIENTED_EDGE('',*,*,#9209,.T.);
#9209 = EDGE_CURVE('',#3487,#3769,#9210,.T.);
#9210 = LINE('',#9211,#9212);
#9211 = CARTESIAN_POINT('',(-36.5,69.25,-1.95));
#9212 = VECTOR('',#9213,1.);
#9213 = DIRECTION('',(1.,0.,0.));
#9214 = ORIENTED_EDGE('',*,*,#3776,.F.);
#9215 = ORIENTED_EDGE('',*,*,#9193,.F.);
#9216 = PLANE('',#9217);
#9217 = AXIS2_PLACEMENT_3D('',#9218,#9219,#9220);
#9218 = CARTESIAN_POINT('',(-36.5,69.25,-1.95));
#9219 = DIRECTION('',(0.,0.,1.));
#9220 = DIRECTION('',(1.,0.,0.));
#9221 = ADVANCED_FACE('',(#9222),#9228,.T.);
#9222 = FACE_BOUND('',#9223,.T.);
#9223 = EDGE_LOOP('',(#9224,#9225,#9226,#9227));
#9224 = ORIENTED_EDGE('',*,*,#9170,.F.);
#9225 = ORIENTED_EDGE('',*,*,#3486,.T.);
#9226 = ORIENTED_EDGE('',*,*,#9209,.T.);
#9227 = ORIENTED_EDGE('',*,*,#3768,.F.);
#9228 = PLANE('',#9229);
#9229 = AXIS2_PLACEMENT_3D('',#9230,#9231,#9232);
#9230 = CARTESIAN_POINT('',(-36.5,69.25,-6.45));
#9231 = DIRECTION('',(0.,1.,0.));
#9232 = DIRECTION('',(0.,0.,1.));
#9233 = ADVANCED_FACE('',(#9234),#9240,.T.);
#9234 = FACE_BOUND('',#9235,.T.);
#9235 = EDGE_LOOP('',(#9236,#9237,#9238,#9239));
#9236 = ORIENTED_EDGE('',*,*,#3653,.F.);
#9237 = ORIENTED_EDGE('',*,*,#3571,.T.);
#9238 = ORIENTED_EDGE('',*,*,#3595,.T.);
#9239 = ORIENTED_EDGE('',*,*,#3683,.F.);
#9240 = PLANE('',#9241);
#9241 = AXIS2_PLACEMENT_3D('',#9242,#9243,#9244);
#9242 = CARTESIAN_POINT('',(-38.5,97.2,-7.5));
#9243 = DIRECTION('',(0.,0.,1.));
#9244 = DIRECTION('',(1.,0.,0.));
#9245 = ADVANCED_FACE('',(#9246),#9262,.T.);
#9246 = FACE_BOUND('',#9247,.T.);
#9247 = EDGE_LOOP('',(#9248,#9249,#9255,#9256));
#9248 = ORIENTED_EDGE('',*,*,#3612,.F.);
#9249 = ORIENTED_EDGE('',*,*,#9250,.T.);
#9250 = EDGE_CURVE('',#3613,#3727,#9251,.T.);
#9251 = LINE('',#9252,#9253);
#9252 = CARTESIAN_POINT('',(-36.5,99.2,-6.45));
#9253 = VECTOR('',#9254,1.);
#9254 = DIRECTION('',(1.,0.,0.));
#9255 = ORIENTED_EDGE('',*,*,#3724,.F.);
#9256 = ORIENTED_EDGE('',*,*,#9257,.F.);
#9257 = EDGE_CURVE('',#3615,#3725,#9258,.T.);
#9258 = LINE('',#9259,#9260);
#9259 = CARTESIAN_POINT('',(-36.5,110.2,-6.45));
#9260 = VECTOR('',#9261,1.);
#9261 = DIRECTION('',(1.,0.,0.));
#9262 = PLANE('',#9263);
#9263 = AXIS2_PLACEMENT_3D('',#9264,#9265,#9266);
#9264 = CARTESIAN_POINT('',(-36.5,99.2,-6.45));
#9265 = DIRECTION('',(0.,0.,1.));
#9266 = DIRECTION('',(1.,0.,0.));
#9267 = ADVANCED_FACE('',(#9268),#9279,.F.);
#9268 = FACE_BOUND('',#9269,.F.);
#9269 = EDGE_LOOP('',(#9270,#9271,#9272,#9278));
#9270 = ORIENTED_EDGE('',*,*,#9257,.F.);
#9271 = ORIENTED_EDGE('',*,*,#3638,.T.);
#9272 = ORIENTED_EDGE('',*,*,#9273,.T.);
#9273 = EDGE_CURVE('',#3631,#3743,#9274,.T.);
#9274 = LINE('',#9275,#9276);
#9275 = CARTESIAN_POINT('',(-36.5,110.2,-1.95));
#9276 = VECTOR('',#9277,1.);
#9277 = DIRECTION('',(1.,0.,0.));
#9278 = ORIENTED_EDGE('',*,*,#3750,.F.);
#9279 = PLANE('',#9280);
#9280 = AXIS2_PLACEMENT_3D('',#9281,#9282,#9283);
#9281 = CARTESIAN_POINT('',(-36.5,110.2,-6.45));
#9282 = DIRECTION('',(0.,1.,0.));
#9283 = DIRECTION('',(0.,0.,1.));
#9284 = ADVANCED_FACE('',(#9285),#9296,.F.);
#9285 = FACE_BOUND('',#9286,.F.);
#9286 = EDGE_LOOP('',(#9287,#9288,#9294,#9295));
#9287 = ORIENTED_EDGE('',*,*,#3630,.F.);
#9288 = ORIENTED_EDGE('',*,*,#9289,.T.);
#9289 = EDGE_CURVE('',#3623,#3735,#9290,.T.);
#9290 = LINE('',#9291,#9292);
#9291 = CARTESIAN_POINT('',(-36.5,99.2,-1.95));
#9292 = VECTOR('',#9293,1.);
#9293 = DIRECTION('',(1.,0.,0.));
#9294 = ORIENTED_EDGE('',*,*,#3742,.F.);
#9295 = ORIENTED_EDGE('',*,*,#9273,.F.);
#9296 = PLANE('',#9297);
#9297 = AXIS2_PLACEMENT_3D('',#9298,#9299,#9300);
#9298 = CARTESIAN_POINT('',(-36.5,99.2,-1.95));
#9299 = DIRECTION('',(0.,0.,1.));
#9300 = DIRECTION('',(1.,0.,0.));
#9301 = ADVANCED_FACE('',(#9302),#9308,.T.);
#9302 = FACE_BOUND('',#9303,.T.);
#9303 = EDGE_LOOP('',(#9304,#9305,#9306,#9307));
#9304 = ORIENTED_EDGE('',*,*,#9250,.F.);
#9305 = ORIENTED_EDGE('',*,*,#3622,.T.);
#9306 = ORIENTED_EDGE('',*,*,#9289,.T.);
#9307 = ORIENTED_EDGE('',*,*,#3734,.F.);
#9308 = PLANE('',#9309);
#9309 = AXIS2_PLACEMENT_3D('',#9310,#9311,#9312);
#9310 = CARTESIAN_POINT('',(-36.5,99.2,-6.45));
#9311 = DIRECTION('',(0.,1.,0.));
#9312 = DIRECTION('',(0.,0.,1.));
#9313 = ADVANCED_FACE('',(#9314),#9324,.F.);
#9314 = FACE_BOUND('',#9315,.F.);
#9315 = EDGE_LOOP('',(#9316,#9322,#9323));
#9316 = ORIENTED_EDGE('',*,*,#9317,.F.);
#9317 = EDGE_CURVE('',#3944,#3862,#9318,.T.);
#9318 = LINE('',#9319,#9320);
#9319 = CARTESIAN_POINT('',(-25.5,-12.,-2.4));
#9320 = VECTOR('',#9321,1.);
#9321 = DIRECTION('',(0.,1.,0.));
#9322 = ORIENTED_EDGE('',*,*,#3951,.T.);
#9323 = ORIENTED_EDGE('',*,*,#3869,.F.);
#9324 = PLANE('',#9325);
#9325 = AXIS2_PLACEMENT_3D('',#9326,#9327,#9328);
#9326 = CARTESIAN_POINT('',(-25.5,-12.,-2.4));
#9327 = DIRECTION('',(0.,0.,1.));
#9328 = DIRECTION('',(1.,0.,0.));
#9329 = ADVANCED_FACE('',(#9330),#9342,.T.);
#9330 = FACE_BOUND('',#9331,.T.);
#9331 = EDGE_LOOP('',(#9332,#9333,#9334,#9335,#9336));
#9332 = ORIENTED_EDGE('',*,*,#3861,.T.);
#9333 = ORIENTED_EDGE('',*,*,#9317,.F.);
#9334 = ORIENTED_EDGE('',*,*,#3943,.F.);
#9335 = ORIENTED_EDGE('',*,*,#3935,.F.);
#9336 = ORIENTED_EDGE('',*,*,#9337,.T.);
#9337 = EDGE_CURVE('',#3928,#3853,#9338,.T.);
#9338 = LINE('',#9339,#9340);
#9339 = CARTESIAN_POINT('',(-25.5,-12.,-5.6));
#9340 = VECTOR('',#9341,1.);
#9341 = DIRECTION('',(0.,1.,0.));
#9342 = PLANE('',#9343);
#9343 = AXIS2_PLACEMENT_3D('',#9344,#9345,#9346);
#9344 = CARTESIAN_POINT('',(-25.5,1.483519286549E-02,-4.));
#9345 = DIRECTION('',(1.,0.,0.));
#9346 = DIRECTION('',(0.,0.,1.));
#9347 = ADVANCED_FACE('',(#9348),#9353,.T.);
#9348 = FACE_BOUND('',#9349,.T.);
#9349 = EDGE_LOOP('',(#9350,#9351,#9352));
#9350 = ORIENTED_EDGE('',*,*,#9337,.F.);
#9351 = ORIENTED_EDGE('',*,*,#3927,.T.);
#9352 = ORIENTED_EDGE('',*,*,#3852,.F.);
#9353 = PLANE('',#9354);
#9354 = AXIS2_PLACEMENT_3D('',#9355,#9356,#9357);
#9355 = CARTESIAN_POINT('',(-25.5,-12.,-5.6));
#9356 = DIRECTION('',(0.,0.,1.));
#9357 = DIRECTION('',(1.,0.,0.));
#9358 = ADVANCED_FACE('',(#9359),#9369,.T.);
#9359 = FACE_BOUND('',#9360,.T.);
#9360 = EDGE_LOOP('',(#9361,#9362,#9363));
#9361 = ORIENTED_EDGE('',*,*,#4168,.F.);
#9362 = ORIENTED_EDGE('',*,*,#3991,.T.);
#9363 = ORIENTED_EDGE('',*,*,#9364,.T.);
#9364 = EDGE_CURVE('',#3984,#4169,#9365,.T.);
#9365 = LINE('',#9366,#9367);
#9366 = CARTESIAN_POINT('',(25.5,-12.,-5.6));
#9367 = VECTOR('',#9368,1.);
#9368 = DIRECTION('',(0.,1.,0.));
#9369 = PLANE('',#9370);
#9370 = AXIS2_PLACEMENT_3D('',#9371,#9372,#9373);
#9371 = CARTESIAN_POINT('',(13.5,-12.,-5.6));
#9372 = DIRECTION('',(0.,0.,1.));
#9373 = DIRECTION('',(1.,0.,0.));
#9374 = ADVANCED_FACE('',(#9375),#9387,.T.);
#9375 = FACE_BOUND('',#9376,.T.);
#9376 = EDGE_LOOP('',(#9377,#9378,#9379,#9380,#9381));
#9377 = ORIENTED_EDGE('',*,*,#4177,.F.);
#9378 = ORIENTED_EDGE('',*,*,#9364,.F.);
#9379 = ORIENTED_EDGE('',*,*,#3983,.T.);
#9380 = ORIENTED_EDGE('',*,*,#3975,.T.);
#9381 = ORIENTED_EDGE('',*,*,#9382,.T.);
#9382 = EDGE_CURVE('',#3968,#4178,#9383,.T.);
#9383 = LINE('',#9384,#9385);
#9384 = CARTESIAN_POINT('',(25.5,-12.,-2.4));
#9385 = VECTOR('',#9386,1.);
#9386 = DIRECTION('',(0.,1.,0.));
#9387 = PLANE('',#9388);
#9388 = AXIS2_PLACEMENT_3D('',#9389,#9390,#9391);
#9389 = CARTESIAN_POINT('',(25.5,1.483519286549E-02,-4.));
#9390 = DIRECTION('',(-1.,-0.,-0.));
#9391 = DIRECTION('',(0.,0.,-1.));
#9392 = ADVANCED_FACE('',(#9393),#9398,.F.);
#9393 = FACE_BOUND('',#9394,.F.);
#9394 = EDGE_LOOP('',(#9395,#9396,#9397));
#9395 = ORIENTED_EDGE('',*,*,#4185,.F.);
#9396 = ORIENTED_EDGE('',*,*,#3967,.T.);
#9397 = ORIENTED_EDGE('',*,*,#9382,.T.);
#9398 = PLANE('',#9399);
#9399 = AXIS2_PLACEMENT_3D('',#9400,#9401,#9402);
#9400 = CARTESIAN_POINT('',(13.5,-12.,-2.4));
#9401 = DIRECTION('',(0.,0.,1.));
#9402 = DIRECTION('',(1.,0.,0.));
#9403 = ADVANCED_FACE('',(#9404),#9431,.F.);
#9404 = FACE_BOUND('',#9405,.F.);
#9405 = EDGE_LOOP('',(#9406,#9414,#9423,#9429,#9430));
#9406 = ORIENTED_EDGE('',*,*,#9407,.F.);
#9407 = EDGE_CURVE('',#9408,#4017,#9410,.T.);
#9408 = VERTEX_POINT('',#9409);
#9409 = CARTESIAN_POINT('',(-23.6,-5.2,-5.9));
#9410 = LINE('',#9411,#9412);
#9411 = CARTESIAN_POINT('',(-23.6,-7.,-5.9));
#9412 = VECTOR('',#9413,1.);
#9413 = DIRECTION('',(0.,1.,0.));
#9414 = ORIENTED_EDGE('',*,*,#9415,.T.);
#9415 = EDGE_CURVE('',#9408,#9416,#9418,.T.);
#9416 = VERTEX_POINT('',#9417);
#9417 = CARTESIAN_POINT('',(-23.6,-5.2,-2.1));
#9418 = CIRCLE('',#9419,1.9);
#9419 = AXIS2_PLACEMENT_3D('',#9420,#9421,#9422);
#9420 = CARTESIAN_POINT('',(-23.6,-5.2,-4.));
#9421 = DIRECTION('',(0.,1.,0.));
#9422 = DIRECTION('',(0.,0.,1.));
#9423 = ORIENTED_EDGE('',*,*,#9424,.T.);
#9424 = EDGE_CURVE('',#9416,#4008,#9425,.T.);
#9425 = LINE('',#9426,#9427);
#9426 = CARTESIAN_POINT('',(-23.6,-7.,-2.1));
#9427 = VECTOR('',#9428,1.);
#9428 = DIRECTION('',(0.,1.,0.));
#9429 = ORIENTED_EDGE('',*,*,#4007,.F.);
#9430 = ORIENTED_EDGE('',*,*,#4016,.F.);
#9431 = CYLINDRICAL_SURFACE('',#9432,1.9);
#9432 = AXIS2_PLACEMENT_3D('',#9433,#9434,#9435);
#9433 = CARTESIAN_POINT('',(-23.6,-7.,-4.));
#9434 = DIRECTION('',(0.,1.,0.));
#9435 = DIRECTION('',(0.,0.,1.));
#9436 = ADVANCED_FACE('',(#9437),#9455,.F.);
#9437 = FACE_BOUND('',#9438,.F.);
#9438 = EDGE_LOOP('',(#9439,#9440,#9448,#9454));
#9439 = ORIENTED_EDGE('',*,*,#9424,.F.);
#9440 = ORIENTED_EDGE('',*,*,#9441,.F.);
#9441 = EDGE_CURVE('',#9442,#9416,#9444,.T.);
#9442 = VERTEX_POINT('',#9443);
#9443 = CARTESIAN_POINT('',(-15.4,-5.2,-2.1));
#9444 = LINE('',#9445,#9446);
#9445 = CARTESIAN_POINT('',(-21.55,-5.2,-2.1));
#9446 = VECTOR('',#9447,1.);
#9447 = DIRECTION('',(-1.,0.,0.));
#9448 = ORIENTED_EDGE('',*,*,#9449,.T.);
#9449 = EDGE_CURVE('',#9442,#4034,#9450,.T.);
#9450 = LINE('',#9451,#9452);
#9451 = CARTESIAN_POINT('',(-15.4,-7.,-2.1));
#9452 = VECTOR('',#9453,1.);
#9453 = DIRECTION('',(0.,1.,0.));
#9454 = ORIENTED_EDGE('',*,*,#4042,.F.);
#9455 = PLANE('',#9456);
#9456 = AXIS2_PLACEMENT_3D('',#9457,#9458,#9459);
#9457 = CARTESIAN_POINT('',(-23.6,-7.,-2.1));
#9458 = DIRECTION('',(0.,0.,1.));
#9459 = DIRECTION('',(1.,0.,0.));
#9460 = ADVANCED_FACE('',(#9461),#9480,.F.);
#9461 = FACE_BOUND('',#9462,.F.);
#9462 = EDGE_LOOP('',(#9463,#9464,#9465,#9474));
#9463 = ORIENTED_EDGE('',*,*,#4033,.F.);
#9464 = ORIENTED_EDGE('',*,*,#9449,.F.);
#9465 = ORIENTED_EDGE('',*,*,#9466,.T.);
#9466 = EDGE_CURVE('',#9442,#9467,#9469,.T.);
#9467 = VERTEX_POINT('',#9468);
#9468 = CARTESIAN_POINT('',(-15.4,-5.2,-5.9));
#9469 = CIRCLE('',#9470,1.9);
#9470 = AXIS2_PLACEMENT_3D('',#9471,#9472,#9473);
#9471 = CARTESIAN_POINT('',(-15.4,-5.2,-4.));
#9472 = DIRECTION('',(0.,1.,0.));
#9473 = DIRECTION('',(0.,0.,1.));
#9474 = ORIENTED_EDGE('',*,*,#9475,.T.);
#9475 = EDGE_CURVE('',#9467,#4026,#9476,.T.);
#9476 = LINE('',#9477,#9478);
#9477 = CARTESIAN_POINT('',(-15.4,-7.,-5.9));
#9478 = VECTOR('',#9479,1.);
#9479 = DIRECTION('',(0.,1.,0.));
#9480 = CYLINDRICAL_SURFACE('',#9481,1.9);
#9481 = AXIS2_PLACEMENT_3D('',#9482,#9483,#9484);
#9482 = CARTESIAN_POINT('',(-15.4,-7.,-4.));
#9483 = DIRECTION('',(0.,1.,0.));
#9484 = DIRECTION('',(0.,0.,1.));
#9485 = ADVANCED_FACE('',(#9486),#9497,.T.);
#9486 = FACE_BOUND('',#9487,.T.);
#9487 = EDGE_LOOP('',(#9488,#9489,#9495,#9496));
#9488 = ORIENTED_EDGE('',*,*,#9407,.F.);
#9489 = ORIENTED_EDGE('',*,*,#9490,.F.);
#9490 = EDGE_CURVE('',#9467,#9408,#9491,.T.);
#9491 = LINE('',#9492,#9493);
#9492 = CARTESIAN_POINT('',(-21.55,-5.2,-5.9));
#9493 = VECTOR('',#9494,1.);
#9494 = DIRECTION('',(-1.,0.,0.));
#9495 = ORIENTED_EDGE('',*,*,#9475,.T.);
#9496 = ORIENTED_EDGE('',*,*,#4025,.F.);
#9497 = PLANE('',#9498);
#9498 = AXIS2_PLACEMENT_3D('',#9499,#9500,#9501);
#9499 = CARTESIAN_POINT('',(-23.6,-7.,-5.9));
#9500 = DIRECTION('',(0.,0.,1.));
#9501 = DIRECTION('',(1.,0.,0.));
#9502 = ADVANCED_FACE('',(#9503),#9530,.F.);
#9503 = FACE_BOUND('',#9504,.F.);
#9504 = EDGE_LOOP('',(#9505,#9506,#9514,#9523,#9529));
#9505 = ORIENTED_EDGE('',*,*,#4095,.F.);
#9506 = ORIENTED_EDGE('',*,*,#9507,.F.);
#9507 = EDGE_CURVE('',#9508,#4096,#9510,.T.);
#9508 = VERTEX_POINT('',#9509);
#9509 = CARTESIAN_POINT('',(23.6,-5.2,-2.1));
#9510 = LINE('',#9511,#9512);
#9511 = CARTESIAN_POINT('',(23.6,-7.,-2.1));
#9512 = VECTOR('',#9513,1.);
#9513 = DIRECTION('',(0.,1.,0.));
#9514 = ORIENTED_EDGE('',*,*,#9515,.T.);
#9515 = EDGE_CURVE('',#9508,#9516,#9518,.T.);
#9516 = VERTEX_POINT('',#9517);
#9517 = CARTESIAN_POINT('',(23.6,-5.2,-5.9));
#9518 = CIRCLE('',#9519,1.9);
#9519 = AXIS2_PLACEMENT_3D('',#9520,#9521,#9522);
#9520 = CARTESIAN_POINT('',(23.6,-5.2,-4.));
#9521 = DIRECTION('',(0.,1.,0.));
#9522 = DIRECTION('',(0.,0.,1.));
#9523 = ORIENTED_EDGE('',*,*,#9524,.T.);
#9524 = EDGE_CURVE('',#9516,#4087,#9525,.T.);
#9525 = LINE('',#9526,#9527);
#9526 = CARTESIAN_POINT('',(23.6,-7.,-5.9));
#9527 = VECTOR('',#9528,1.);
#9528 = DIRECTION('',(0.,1.,0.));
#9529 = ORIENTED_EDGE('',*,*,#4086,.F.);
#9530 = CYLINDRICAL_SURFACE('',#9531,1.9);
#9531 = AXIS2_PLACEMENT_3D('',#9532,#9533,#9534);
#9532 = CARTESIAN_POINT('',(23.6,-7.,-4.));
#9533 = DIRECTION('',(0.,1.,0.));
#9534 = DIRECTION('',(0.,0.,1.));
#9535 = ADVANCED_FACE('',(#9536),#9554,.T.);
#9536 = FACE_BOUND('',#9537,.T.);
#9537 = EDGE_LOOP('',(#9538,#9546,#9552,#9553));
#9538 = ORIENTED_EDGE('',*,*,#9539,.F.);
#9539 = EDGE_CURVE('',#9540,#4113,#9542,.T.);
#9540 = VERTEX_POINT('',#9541);
#9541 = CARTESIAN_POINT('',(15.4,-5.2,-5.9));
#9542 = LINE('',#9543,#9544);
#9543 = CARTESIAN_POINT('',(15.4,-7.,-5.9));
#9544 = VECTOR('',#9545,1.);
#9545 = DIRECTION('',(0.,1.,0.));
#9546 = ORIENTED_EDGE('',*,*,#9547,.F.);
#9547 = EDGE_CURVE('',#9516,#9540,#9548,.T.);
#9548 = LINE('',#9549,#9550);
#9549 = CARTESIAN_POINT('',(17.45,-5.2,-5.9));
#9550 = VECTOR('',#9551,1.);
#9551 = DIRECTION('',(-1.,0.,0.));
#9552 = ORIENTED_EDGE('',*,*,#9524,.T.);
#9553 = ORIENTED_EDGE('',*,*,#4121,.F.);
#9554 = PLANE('',#9555);
#9555 = AXIS2_PLACEMENT_3D('',#9556,#9557,#9558);
#9556 = CARTESIAN_POINT('',(15.4,-7.,-5.9));
#9557 = DIRECTION('',(0.,0.,1.));
#9558 = DIRECTION('',(1.,0.,0.));
#9559 = ADVANCED_FACE('',(#9560),#9579,.F.);
#9560 = FACE_BOUND('',#9561,.F.);
#9561 = EDGE_LOOP('',(#9562,#9563,#9572,#9578));
#9562 = ORIENTED_EDGE('',*,*,#9539,.F.);
#9563 = ORIENTED_EDGE('',*,*,#9564,.T.);
#9564 = EDGE_CURVE('',#9540,#9565,#9567,.T.);
#9565 = VERTEX_POINT('',#9566);
#9566 = CARTESIAN_POINT('',(15.4,-5.2,-2.1));
#9567 = CIRCLE('',#9568,1.9);
#9568 = AXIS2_PLACEMENT_3D('',#9569,#9570,#9571);
#9569 = CARTESIAN_POINT('',(15.4,-5.2,-4.));
#9570 = DIRECTION('',(0.,1.,0.));
#9571 = DIRECTION('',(0.,0.,1.));
#9572 = ORIENTED_EDGE('',*,*,#9573,.T.);
#9573 = EDGE_CURVE('',#9565,#4105,#9574,.T.);
#9574 = LINE('',#9575,#9576);
#9575 = CARTESIAN_POINT('',(15.4,-7.,-2.1));
#9576 = VECTOR('',#9577,1.);
#9577 = DIRECTION('',(0.,1.,0.));
#9578 = ORIENTED_EDGE('',*,*,#4112,.F.);
#9579 = CYLINDRICAL_SURFACE('',#9580,1.9);
#9580 = AXIS2_PLACEMENT_3D('',#9581,#9582,#9583);
#9581 = CARTESIAN_POINT('',(15.4,-7.,-4.));
#9582 = DIRECTION('',(0.,1.,0.));
#9583 = DIRECTION('',(0.,0.,1.));
#9584 = ADVANCED_FACE('',(#9585),#9596,.F.);
#9585 = FACE_BOUND('',#9586,.F.);
#9586 = EDGE_LOOP('',(#9587,#9588,#9594,#9595));
#9587 = ORIENTED_EDGE('',*,*,#9573,.F.);
#9588 = ORIENTED_EDGE('',*,*,#9589,.F.);
#9589 = EDGE_CURVE('',#9508,#9565,#9590,.T.);
#9590 = LINE('',#9591,#9592);
#9591 = CARTESIAN_POINT('',(17.45,-5.2,-2.1));
#9592 = VECTOR('',#9593,1.);
#9593 = DIRECTION('',(-1.,0.,0.));
#9594 = ORIENTED_EDGE('',*,*,#9507,.T.);
#9595 = ORIENTED_EDGE('',*,*,#4104,.F.);
#9596 = PLANE('',#9597);
#9597 = AXIS2_PLACEMENT_3D('',#9598,#9599,#9600);
#9598 = CARTESIAN_POINT('',(15.4,-7.,-2.1));
#9599 = DIRECTION('',(0.,0.,1.));
#9600 = DIRECTION('',(1.,0.,0.));
#9601 = ADVANCED_FACE('',(#9602),#9627,.F.);
#9602 = FACE_BOUND('',#9603,.F.);
#9603 = EDGE_LOOP('',(#9604,#9612,#9613,#9621));
#9604 = ORIENTED_EDGE('',*,*,#9605,.F.);
#9605 = EDGE_CURVE('',#4282,#9606,#9608,.T.);
#9606 = VERTEX_POINT('',#9607);
#9607 = CARTESIAN_POINT('',(39.8,46.4,-2.1));
#9608 = LINE('',#9609,#9610);
#9609 = CARTESIAN_POINT('',(35.,46.4,-2.1));
#9610 = VECTOR('',#9611,1.);
#9611 = DIRECTION('',(1.,0.,0.));
#9612 = ORIENTED_EDGE('',*,*,#4281,.T.);
#9613 = ORIENTED_EDGE('',*,*,#9614,.T.);
#9614 = EDGE_CURVE('',#4284,#9615,#9617,.T.);
#9615 = VERTEX_POINT('',#9616);
#9616 = CARTESIAN_POINT('',(39.8,35.6,-2.1));
#9617 = LINE('',#9618,#9619);
#9618 = CARTESIAN_POINT('',(35.,35.6,-2.1));
#9619 = VECTOR('',#9620,1.);
#9620 = DIRECTION('',(1.,0.,0.));
#9621 = ORIENTED_EDGE('',*,*,#9622,.F.);
#9622 = EDGE_CURVE('',#9606,#9615,#9623,.T.);
#9623 = LINE('',#9624,#9625);
#9624 = CARTESIAN_POINT('',(39.8,38.3,-2.1));
#9625 = VECTOR('',#9626,1.);
#9626 = DIRECTION('',(0.,-1.,0.));
#9627 = PLANE('',#9628);
#9628 = AXIS2_PLACEMENT_3D('',#9629,#9630,#9631);
#9629 = CARTESIAN_POINT('',(35.,35.6,-2.1));
#9630 = DIRECTION('',(0.,0.,1.));
#9631 = DIRECTION('',(1.,0.,0.));
#9632 = ADVANCED_FACE('',(#9633),#9645,.F.);
#9633 = FACE_BOUND('',#9634,.F.);
#9634 = EDGE_LOOP('',(#9635,#9642,#9643,#9644));
#9635 = ORIENTED_EDGE('',*,*,#9636,.F.);
#9636 = EDGE_CURVE('',#9615,#6696,#9637,.T.);
#9637 = CIRCLE('',#9638,2.1);
#9638 = AXIS2_PLACEMENT_3D('',#9639,#9640,#9641);
#9639 = CARTESIAN_POINT('',(39.8,35.6,-4.2));
#9640 = DIRECTION('',(1.,0.,-0.));
#9641 = DIRECTION('',(0.,0.,1.));
#9642 = ORIENTED_EDGE('',*,*,#9614,.F.);
#9643 = ORIENTED_EDGE('',*,*,#4335,.T.);
#9644 = ORIENTED_EDGE('',*,*,#6704,.F.);
#9645 = CYLINDRICAL_SURFACE('',#9646,2.1);
#9646 = AXIS2_PLACEMENT_3D('',#9647,#9648,#9649);
#9647 = CARTESIAN_POINT('',(35.,35.6,-4.2));
#9648 = DIRECTION('',(1.,0.,0.));
#9649 = DIRECTION('',(0.,0.,1.));
#9650 = ADVANCED_FACE('',(#9651),#9673,.F.);
#9651 = FACE_BOUND('',#9652,.F.);
#9652 = EDGE_LOOP('',(#9653,#9654,#9655,#9666));
#9653 = ORIENTED_EDGE('',*,*,#6664,.T.);
#9654 = ORIENTED_EDGE('',*,*,#4317,.F.);
#9655 = ORIENTED_EDGE('',*,*,#9656,.T.);
#9656 = EDGE_CURVE('',#4309,#9657,#9659,.T.);
#9657 = VERTEX_POINT('',#9658);
#9658 = CARTESIAN_POINT('',(39.8,33.904765426881,-5.439427183057));
#9659 = B_SPLINE_CURVE_WITH_KNOTS('',5,(#9660,#9661,#9662,#9663,#9664,
    #9665),.UNSPECIFIED.,.F.,.F.,(6,6),(0.,1.),
  .PIECEWISE_BEZIER_KNOTS.);
#9660 = CARTESIAN_POINT('',(35.4999994,33.65532541716,-4.992616405871));
#9661 = CARTESIAN_POINT('',(36.360074172733,33.693494412678,
    -5.086263565944));
#9662 = CARTESIAN_POINT('',(37.22011912346,33.737524261676,
    -5.178162287948));
#9663 = CARTESIAN_POINT('',(38.08012759494,33.787413858037,
    -5.267931324787));
#9664 = CARTESIAN_POINT('',(38.94009123681,33.843161647042,
    -5.355168219526));
#9665 = CARTESIAN_POINT('',(39.8000006,33.904765469865,-5.439427241849)
  );
#9666 = ORIENTED_EDGE('',*,*,#9667,.T.);
#9667 = EDGE_CURVE('',#9657,#6665,#9668,.T.);
#9668 = CIRCLE('',#9669,1.303846153846);
#9669 = AXIS2_PLACEMENT_3D('',#9670,#9671,#9672);
#9670 = CARTESIAN_POINT('',(39.8,33.5,-4.2));
#9671 = DIRECTION('',(-1.,0.,0.));
#9672 = DIRECTION('',(0.,0.,-1.));
#9673 = CONICAL_SURFACE('',#9674,1.5,0.114876605417);
#9674 = AXIS2_PLACEMENT_3D('',#9675,#9676,#9677);
#9675 = CARTESIAN_POINT('',(41.5,33.5,-4.2));
#9676 = DIRECTION('',(1.,0.,0.));
#9677 = DIRECTION('',(0.,0.,-1.));
#9678 = ADVANCED_FACE('',(#9679),#9698,.F.);
#9679 = FACE_BOUND('',#9680,.F.);
#9680 = EDGE_LOOP('',(#9681,#9690,#9691,#9692));
#9681 = ORIENTED_EDGE('',*,*,#9682,.F.);
#9682 = EDGE_CURVE('',#9657,#9683,#9685,.T.);
#9683 = VERTEX_POINT('',#9684);
#9684 = CARTESIAN_POINT('',(39.8,35.6,-6.3));
#9685 = CIRCLE('',#9686,2.1);
#9686 = AXIS2_PLACEMENT_3D('',#9687,#9688,#9689);
#9687 = CARTESIAN_POINT('',(39.8,35.6,-4.2));
#9688 = DIRECTION('',(1.,0.,-0.));
#9689 = DIRECTION('',(0.,0.,1.));
#9690 = ORIENTED_EDGE('',*,*,#9656,.F.);
#9691 = ORIENTED_EDGE('',*,*,#4308,.T.);
#9692 = ORIENTED_EDGE('',*,*,#9693,.T.);
#9693 = EDGE_CURVE('',#4301,#9683,#9694,.T.);
#9694 = LINE('',#9695,#9696);
#9695 = CARTESIAN_POINT('',(35.,35.6,-6.3));
#9696 = VECTOR('',#9697,1.);
#9697 = DIRECTION('',(1.,0.,0.));
#9698 = CYLINDRICAL_SURFACE('',#9699,2.1);
#9699 = AXIS2_PLACEMENT_3D('',#9700,#9701,#9702);
#9700 = CARTESIAN_POINT('',(35.,35.6,-4.2));
#9701 = DIRECTION('',(1.,0.,0.));
#9702 = DIRECTION('',(0.,0.,1.));
#9703 = ADVANCED_FACE('',(#9704),#9722,.T.);
#9704 = FACE_BOUND('',#9705,.T.);
#9705 = EDGE_LOOP('',(#9706,#9714,#9715,#9716));
#9706 = ORIENTED_EDGE('',*,*,#9707,.F.);
#9707 = EDGE_CURVE('',#4292,#9708,#9710,.T.);
#9708 = VERTEX_POINT('',#9709);
#9709 = CARTESIAN_POINT('',(39.8,46.4,-6.3));
#9710 = LINE('',#9711,#9712);
#9711 = CARTESIAN_POINT('',(35.,46.4,-6.3));
#9712 = VECTOR('',#9713,1.);
#9713 = DIRECTION('',(1.,0.,0.));
#9714 = ORIENTED_EDGE('',*,*,#4300,.T.);
#9715 = ORIENTED_EDGE('',*,*,#9693,.T.);
#9716 = ORIENTED_EDGE('',*,*,#9717,.F.);
#9717 = EDGE_CURVE('',#9708,#9683,#9718,.T.);
#9718 = LINE('',#9719,#9720);
#9719 = CARTESIAN_POINT('',(39.8,38.3,-6.3));
#9720 = VECTOR('',#9721,1.);
#9721 = DIRECTION('',(0.,-1.,0.));
#9722 = PLANE('',#9723);
#9723 = AXIS2_PLACEMENT_3D('',#9724,#9725,#9726);
#9724 = CARTESIAN_POINT('',(35.,35.6,-6.3));
#9725 = DIRECTION('',(0.,0.,1.));
#9726 = DIRECTION('',(1.,0.,0.));
#9727 = ADVANCED_FACE('',(#9728),#9740,.F.);
#9728 = FACE_BOUND('',#9729,.F.);
#9729 = EDGE_LOOP('',(#9730,#9731,#9732,#9733));
#9730 = ORIENTED_EDGE('',*,*,#9707,.F.);
#9731 = ORIENTED_EDGE('',*,*,#4291,.T.);
#9732 = ORIENTED_EDGE('',*,*,#9605,.T.);
#9733 = ORIENTED_EDGE('',*,*,#9734,.F.);
#9734 = EDGE_CURVE('',#9708,#9606,#9735,.T.);
#9735 = CIRCLE('',#9736,2.1);
#9736 = AXIS2_PLACEMENT_3D('',#9737,#9738,#9739);
#9737 = CARTESIAN_POINT('',(39.8,46.4,-4.2));
#9738 = DIRECTION('',(1.,0.,-0.));
#9739 = DIRECTION('',(0.,0.,1.));
#9740 = CYLINDRICAL_SURFACE('',#9741,2.1);
#9741 = AXIS2_PLACEMENT_3D('',#9742,#9743,#9744);
#9742 = CARTESIAN_POINT('',(35.,46.4,-4.2));
#9743 = DIRECTION('',(1.,0.,0.));
#9744 = DIRECTION('',(0.,0.,1.));
#9745 = ADVANCED_FACE('',(#9746),#9751,.T.);
#9746 = FACE_BOUND('',#9747,.T.);
#9747 = EDGE_LOOP('',(#9748,#9749,#9750));
#9748 = ORIENTED_EDGE('',*,*,#4407,.F.);
#9749 = ORIENTED_EDGE('',*,*,#4703,.T.);
#9750 = ORIENTED_EDGE('',*,*,#4367,.T.);
#9751 = PLANE('',#9752);
#9752 = AXIS2_PLACEMENT_3D('',#9753,#9754,#9755);
#9753 = CARTESIAN_POINT('',(41.3,125.,-25.));
#9754 = DIRECTION('',(1.,0.,0.));
#9755 = DIRECTION('',(0.,0.,1.));
#9756 = ADVANCED_FACE('',(#9757),#9762,.T.);
#9757 = FACE_BOUND('',#9758,.T.);
#9758 = EDGE_LOOP('',(#9759,#9760,#9761));
#9759 = ORIENTED_EDGE('',*,*,#4669,.F.);
#9760 = ORIENTED_EDGE('',*,*,#4686,.T.);
#9761 = ORIENTED_EDGE('',*,*,#4431,.F.);
#9762 = PLANE('',#9763);
#9763 = AXIS2_PLACEMENT_3D('',#9764,#9765,#9766);
#9764 = CARTESIAN_POINT('',(41.3,125.,-25.));
#9765 = DIRECTION('',(1.,0.,0.));
#9766 = DIRECTION('',(0.,0.,1.));
#9767 = ADVANCED_FACE('',(#9768,#9775),#9791,.F.);
#9768 = FACE_BOUND('',#9769,.F.);
#9769 = EDGE_LOOP('',(#9770,#9771,#9772,#9773,#9774));
#9770 = ORIENTED_EDGE('',*,*,#4478,.F.);
#9771 = ORIENTED_EDGE('',*,*,#4455,.F.);
#9772 = ORIENTED_EDGE('',*,*,#4390,.F.);
#9773 = ORIENTED_EDGE('',*,*,#4643,.T.);
#9774 = ORIENTED_EDGE('',*,*,#4487,.F.);
#9775 = FACE_BOUND('',#9776,.F.);
#9776 = EDGE_LOOP('',(#9777,#9778,#9784,#9785));
#9777 = ORIENTED_EDGE('',*,*,#7694,.T.);
#9778 = ORIENTED_EDGE('',*,*,#9779,.T.);
#9779 = EDGE_CURVE('',#7697,#7566,#9780,.T.);
#9780 = LINE('',#9781,#9782);
#9781 = CARTESIAN_POINT('',(39.6,130.6,-21.74688099282));
#9782 = VECTOR('',#9783,1.);
#9783 = DIRECTION('',(0.,0.,1.));
#9784 = ORIENTED_EDGE('',*,*,#7607,.T.);
#9785 = ORIENTED_EDGE('',*,*,#9786,.F.);
#9786 = EDGE_CURVE('',#7695,#7600,#9787,.T.);
#9787 = LINE('',#9788,#9789);
#9788 = CARTESIAN_POINT('',(39.6,125.4,-21.74688099282));
#9789 = VECTOR('',#9790,1.);
#9790 = DIRECTION('',(0.,0.,1.));
#9791 = PLANE('',#9792);
#9792 = AXIS2_PLACEMENT_3D('',#9793,#9794,#9795);
#9793 = CARTESIAN_POINT('',(39.6,128.,-20.89376198564));
#9794 = DIRECTION('',(-1.,-0.,-0.));
#9795 = DIRECTION('',(0.,0.,-1.));
#9796 = ADVANCED_FACE('',(#9797),#9802,.T.);
#9797 = FACE_BOUND('',#9798,.T.);
#9798 = EDGE_LOOP('',(#9799,#9800,#9801));
#9799 = ORIENTED_EDGE('',*,*,#4587,.F.);
#9800 = ORIENTED_EDGE('',*,*,#4535,.F.);
#9801 = ORIENTED_EDGE('',*,*,#4570,.T.);
#9802 = PLANE('',#9803);
#9803 = AXIS2_PLACEMENT_3D('',#9804,#9805,#9806);
#9804 = CARTESIAN_POINT('',(41.3,125.,-25.));
#9805 = DIRECTION('',(1.,0.,0.));
#9806 = DIRECTION('',(0.,0.,1.));
#9807 = ADVANCED_FACE('',(#9808),#9813,.T.);
#9808 = FACE_BOUND('',#9809,.T.);
#9809 = EDGE_LOOP('',(#9810,#9811,#9812));
#9810 = ORIENTED_EDGE('',*,*,#4628,.F.);
#9811 = ORIENTED_EDGE('',*,*,#4511,.F.);
#9812 = ORIENTED_EDGE('',*,*,#4611,.F.);
#9813 = PLANE('',#9814);
#9814 = AXIS2_PLACEMENT_3D('',#9815,#9816,#9817);
#9815 = CARTESIAN_POINT('',(41.3,125.,-25.));
#9816 = DIRECTION('',(1.,0.,0.));
#9817 = DIRECTION('',(0.,0.,1.));
#9818 = ADVANCED_FACE('',(#9819),#9824,.T.);
#9819 = FACE_BOUND('',#9820,.T.);
#9820 = EDGE_LOOP('',(#9821,#9822,#9823));
#9821 = ORIENTED_EDGE('',*,*,#4774,.F.);
#9822 = ORIENTED_EDGE('',*,*,#5070,.T.);
#9823 = ORIENTED_EDGE('',*,*,#4734,.T.);
#9824 = PLANE('',#9825);
#9825 = AXIS2_PLACEMENT_3D('',#9826,#9827,#9828);
#9826 = CARTESIAN_POINT('',(41.3,113.,-25.));
#9827 = DIRECTION('',(1.,0.,0.));
#9828 = DIRECTION('',(0.,0.,1.));
#9829 = ADVANCED_FACE('',(#9830),#9835,.T.);
#9830 = FACE_BOUND('',#9831,.T.);
#9831 = EDGE_LOOP('',(#9832,#9833,#9834));
#9832 = ORIENTED_EDGE('',*,*,#5036,.F.);
#9833 = ORIENTED_EDGE('',*,*,#5053,.T.);
#9834 = ORIENTED_EDGE('',*,*,#4798,.F.);
#9835 = PLANE('',#9836);
#9836 = AXIS2_PLACEMENT_3D('',#9837,#9838,#9839);
#9837 = CARTESIAN_POINT('',(41.3,113.,-25.));
#9838 = DIRECTION('',(1.,0.,0.));
#9839 = DIRECTION('',(0.,0.,1.));
#9840 = ADVANCED_FACE('',(#9841,#9848),#9864,.F.);
#9841 = FACE_BOUND('',#9842,.F.);
#9842 = EDGE_LOOP('',(#9843,#9844,#9845,#9846,#9847));
#9843 = ORIENTED_EDGE('',*,*,#4845,.F.);
#9844 = ORIENTED_EDGE('',*,*,#4822,.F.);
#9845 = ORIENTED_EDGE('',*,*,#4757,.F.);
#9846 = ORIENTED_EDGE('',*,*,#5010,.T.);
#9847 = ORIENTED_EDGE('',*,*,#4854,.F.);
#9848 = FACE_BOUND('',#9849,.F.);
#9849 = EDGE_LOOP('',(#9850,#9851,#9857,#9858));
#9850 = ORIENTED_EDGE('',*,*,#7956,.T.);
#9851 = ORIENTED_EDGE('',*,*,#9852,.T.);
#9852 = EDGE_CURVE('',#7959,#7828,#9853,.T.);
#9853 = LINE('',#9854,#9855);
#9854 = CARTESIAN_POINT('',(39.6,118.6,-21.74688099282));
#9855 = VECTOR('',#9856,1.);
#9856 = DIRECTION('',(0.,0.,1.));
#9857 = ORIENTED_EDGE('',*,*,#7869,.T.);
#9858 = ORIENTED_EDGE('',*,*,#9859,.F.);
#9859 = EDGE_CURVE('',#7957,#7862,#9860,.T.);
#9860 = LINE('',#9861,#9862);
#9861 = CARTESIAN_POINT('',(39.6,113.4,-21.74688099282));
#9862 = VECTOR('',#9863,1.);
#9863 = DIRECTION('',(0.,0.,1.));
#9864 = PLANE('',#9865);
#9865 = AXIS2_PLACEMENT_3D('',#9866,#9867,#9868);
#9866 = CARTESIAN_POINT('',(39.6,116.,-20.89376198564));
#9867 = DIRECTION('',(-1.,-0.,-0.));
#9868 = DIRECTION('',(0.,0.,-1.));
#9869 = ADVANCED_FACE('',(#9870),#9875,.T.);
#9870 = FACE_BOUND('',#9871,.T.);
#9871 = EDGE_LOOP('',(#9872,#9873,#9874));
#9872 = ORIENTED_EDGE('',*,*,#4954,.F.);
#9873 = ORIENTED_EDGE('',*,*,#4902,.F.);
#9874 = ORIENTED_EDGE('',*,*,#4937,.T.);
#9875 = PLANE('',#9876);
#9876 = AXIS2_PLACEMENT_3D('',#9877,#9878,#9879);
#9877 = CARTESIAN_POINT('',(41.3,113.,-25.));
#9878 = DIRECTION('',(1.,0.,0.));
#9879 = DIRECTION('',(0.,0.,1.));
#9880 = ADVANCED_FACE('',(#9881),#9886,.T.);
#9881 = FACE_BOUND('',#9882,.T.);
#9882 = EDGE_LOOP('',(#9883,#9884,#9885));
#9883 = ORIENTED_EDGE('',*,*,#4995,.F.);
#9884 = ORIENTED_EDGE('',*,*,#4878,.F.);
#9885 = ORIENTED_EDGE('',*,*,#4978,.F.);
#9886 = PLANE('',#9887);
#9887 = AXIS2_PLACEMENT_3D('',#9888,#9889,#9890);
#9888 = CARTESIAN_POINT('',(41.3,113.,-25.));
#9889 = DIRECTION('',(1.,0.,0.));
#9890 = DIRECTION('',(0.,0.,1.));
#9891 = ADVANCED_FACE('',(#9892),#9897,.T.);
#9892 = FACE_BOUND('',#9893,.T.);
#9893 = EDGE_LOOP('',(#9894,#9895,#9896));
#9894 = ORIENTED_EDGE('',*,*,#5141,.F.);
#9895 = ORIENTED_EDGE('',*,*,#5437,.T.);
#9896 = ORIENTED_EDGE('',*,*,#5101,.T.);
#9897 = PLANE('',#9898);
#9898 = AXIS2_PLACEMENT_3D('',#9899,#9900,#9901);
#9899 = CARTESIAN_POINT('',(41.3,101.,-25.));
#9900 = DIRECTION('',(1.,0.,0.));
#9901 = DIRECTION('',(0.,0.,1.));
#9902 = ADVANCED_FACE('',(#9903),#9908,.T.);
#9903 = FACE_BOUND('',#9904,.T.);
#9904 = EDGE_LOOP('',(#9905,#9906,#9907));
#9905 = ORIENTED_EDGE('',*,*,#5403,.F.);
#9906 = ORIENTED_EDGE('',*,*,#5420,.T.);
#9907 = ORIENTED_EDGE('',*,*,#5165,.F.);
#9908 = PLANE('',#9909);
#9909 = AXIS2_PLACEMENT_3D('',#9910,#9911,#9912);
#9910 = CARTESIAN_POINT('',(41.3,101.,-25.));
#9911 = DIRECTION('',(1.,0.,0.));
#9912 = DIRECTION('',(0.,0.,1.));
#9913 = ADVANCED_FACE('',(#9914,#9921),#9937,.F.);
#9914 = FACE_BOUND('',#9915,.F.);
#9915 = EDGE_LOOP('',(#9916,#9917,#9918,#9919,#9920));
#9916 = ORIENTED_EDGE('',*,*,#5212,.F.);
#9917 = ORIENTED_EDGE('',*,*,#5189,.F.);
#9918 = ORIENTED_EDGE('',*,*,#5124,.F.);
#9919 = ORIENTED_EDGE('',*,*,#5377,.T.);
#9920 = ORIENTED_EDGE('',*,*,#5221,.F.);
#9921 = FACE_BOUND('',#9922,.F.);
#9922 = EDGE_LOOP('',(#9923,#9924,#9930,#9931));
#9923 = ORIENTED_EDGE('',*,*,#8218,.T.);
#9924 = ORIENTED_EDGE('',*,*,#9925,.T.);
#9925 = EDGE_CURVE('',#8221,#8090,#9926,.T.);
#9926 = LINE('',#9927,#9928);
#9927 = CARTESIAN_POINT('',(39.6,106.6,-21.74688099282));
#9928 = VECTOR('',#9929,1.);
#9929 = DIRECTION('',(0.,0.,1.));
#9930 = ORIENTED_EDGE('',*,*,#8131,.T.);
#9931 = ORIENTED_EDGE('',*,*,#9932,.F.);
#9932 = EDGE_CURVE('',#8219,#8124,#9933,.T.);
#9933 = LINE('',#9934,#9935);
#9934 = CARTESIAN_POINT('',(39.6,101.4,-21.74688099282));
#9935 = VECTOR('',#9936,1.);
#9936 = DIRECTION('',(0.,0.,1.));
#9937 = PLANE('',#9938);
#9938 = AXIS2_PLACEMENT_3D('',#9939,#9940,#9941);
#9939 = CARTESIAN_POINT('',(39.6,104.,-20.89376198564));
#9940 = DIRECTION('',(-1.,-0.,-0.));
#9941 = DIRECTION('',(0.,0.,-1.));
#9942 = ADVANCED_FACE('',(#9943),#9948,.T.);
#9943 = FACE_BOUND('',#9944,.T.);
#9944 = EDGE_LOOP('',(#9945,#9946,#9947));
#9945 = ORIENTED_EDGE('',*,*,#5321,.F.);
#9946 = ORIENTED_EDGE('',*,*,#5269,.F.);
#9947 = ORIENTED_EDGE('',*,*,#5304,.T.);
#9948 = PLANE('',#9949);
#9949 = AXIS2_PLACEMENT_3D('',#9950,#9951,#9952);
#9950 = CARTESIAN_POINT('',(41.3,101.,-25.));
#9951 = DIRECTION('',(1.,0.,0.));
#9952 = DIRECTION('',(0.,0.,1.));
#9953 = ADVANCED_FACE('',(#9954),#9959,.T.);
#9954 = FACE_BOUND('',#9955,.T.);
#9955 = EDGE_LOOP('',(#9956,#9957,#9958));
#9956 = ORIENTED_EDGE('',*,*,#5362,.F.);
#9957 = ORIENTED_EDGE('',*,*,#5245,.F.);
#9958 = ORIENTED_EDGE('',*,*,#5345,.F.);
#9959 = PLANE('',#9960);
#9960 = AXIS2_PLACEMENT_3D('',#9961,#9962,#9963);
#9961 = CARTESIAN_POINT('',(41.3,101.,-25.));
#9962 = DIRECTION('',(1.,0.,0.));
#9963 = DIRECTION('',(0.,0.,1.));
#9964 = ADVANCED_FACE('',(#9965),#9970,.T.);
#9965 = FACE_BOUND('',#9966,.T.);
#9966 = EDGE_LOOP('',(#9967,#9968,#9969));
#9967 = ORIENTED_EDGE('',*,*,#5508,.F.);
#9968 = ORIENTED_EDGE('',*,*,#5804,.T.);
#9969 = ORIENTED_EDGE('',*,*,#5468,.T.);
#9970 = PLANE('',#9971);
#9971 = AXIS2_PLACEMENT_3D('',#9972,#9973,#9974);
#9972 = CARTESIAN_POINT('',(41.3,89.,-25.));
#9973 = DIRECTION('',(1.,0.,0.));
#9974 = DIRECTION('',(0.,0.,1.));
#9975 = ADVANCED_FACE('',(#9976),#9981,.T.);
#9976 = FACE_BOUND('',#9977,.T.);
#9977 = EDGE_LOOP('',(#9978,#9979,#9980));
#9978 = ORIENTED_EDGE('',*,*,#5770,.F.);
#9979 = ORIENTED_EDGE('',*,*,#5787,.T.);
#9980 = ORIENTED_EDGE('',*,*,#5532,.F.);
#9981 = PLANE('',#9982);
#9982 = AXIS2_PLACEMENT_3D('',#9983,#9984,#9985);
#9983 = CARTESIAN_POINT('',(41.3,89.,-25.));
#9984 = DIRECTION('',(1.,0.,0.));
#9985 = DIRECTION('',(0.,0.,1.));
#9986 = ADVANCED_FACE('',(#9987,#9994),#10010,.F.);
#9987 = FACE_BOUND('',#9988,.F.);
#9988 = EDGE_LOOP('',(#9989,#9990,#9991,#9992,#9993));
#9989 = ORIENTED_EDGE('',*,*,#5579,.F.);
#9990 = ORIENTED_EDGE('',*,*,#5556,.F.);
#9991 = ORIENTED_EDGE('',*,*,#5491,.F.);
#9992 = ORIENTED_EDGE('',*,*,#5744,.T.);
#9993 = ORIENTED_EDGE('',*,*,#5588,.F.);
#9994 = FACE_BOUND('',#9995,.F.);
#9995 = EDGE_LOOP('',(#9996,#9997,#10003,#10004));
#9996 = ORIENTED_EDGE('',*,*,#8480,.T.);
#9997 = ORIENTED_EDGE('',*,*,#9998,.T.);
#9998 = EDGE_CURVE('',#8483,#8352,#9999,.T.);
#9999 = LINE('',#10000,#10001);
#10000 = CARTESIAN_POINT('',(39.6,94.6,-21.74688099282));
#10001 = VECTOR('',#10002,1.);
#10002 = DIRECTION('',(0.,0.,1.));
#10003 = ORIENTED_EDGE('',*,*,#8393,.T.);
#10004 = ORIENTED_EDGE('',*,*,#10005,.F.);
#10005 = EDGE_CURVE('',#8481,#8386,#10006,.T.);
#10006 = LINE('',#10007,#10008);
#10007 = CARTESIAN_POINT('',(39.6,89.4,-21.74688099282));
#10008 = VECTOR('',#10009,1.);
#10009 = DIRECTION('',(0.,0.,1.));
#10010 = PLANE('',#10011);
#10011 = AXIS2_PLACEMENT_3D('',#10012,#10013,#10014);
#10012 = CARTESIAN_POINT('',(39.6,92.,-20.89376198564));
#10013 = DIRECTION('',(-1.,-0.,-0.));
#10014 = DIRECTION('',(0.,0.,-1.));
#10015 = ADVANCED_FACE('',(#10016),#10021,.T.);
#10016 = FACE_BOUND('',#10017,.T.);
#10017 = EDGE_LOOP('',(#10018,#10019,#10020));
#10018 = ORIENTED_EDGE('',*,*,#5688,.F.);
#10019 = ORIENTED_EDGE('',*,*,#5636,.F.);
#10020 = ORIENTED_EDGE('',*,*,#5671,.T.);
#10021 = PLANE('',#10022);
#10022 = AXIS2_PLACEMENT_3D('',#10023,#10024,#10025);
#10023 = CARTESIAN_POINT('',(41.3,89.,-25.));
#10024 = DIRECTION('',(1.,0.,0.));
#10025 = DIRECTION('',(0.,0.,1.));
#10026 = ADVANCED_FACE('',(#10027),#10032,.T.);
#10027 = FACE_BOUND('',#10028,.T.);
#10028 = EDGE_LOOP('',(#10029,#10030,#10031));
#10029 = ORIENTED_EDGE('',*,*,#5729,.F.);
#10030 = ORIENTED_EDGE('',*,*,#5612,.F.);
#10031 = ORIENTED_EDGE('',*,*,#5712,.F.);
#10032 = PLANE('',#10033);
#10033 = AXIS2_PLACEMENT_3D('',#10034,#10035,#10036);
#10034 = CARTESIAN_POINT('',(41.3,89.,-25.));
#10035 = DIRECTION('',(1.,0.,0.));
#10036 = DIRECTION('',(0.,0.,1.));
#10037 = ADVANCED_FACE('',(#10038),#10043,.T.);
#10038 = FACE_BOUND('',#10039,.T.);
#10039 = EDGE_LOOP('',(#10040,#10041,#10042));
#10040 = ORIENTED_EDGE('',*,*,#5875,.F.);
#10041 = ORIENTED_EDGE('',*,*,#6171,.T.);
#10042 = ORIENTED_EDGE('',*,*,#5835,.T.);
#10043 = PLANE('',#10044);
#10044 = AXIS2_PLACEMENT_3D('',#10045,#10046,#10047);
#10045 = CARTESIAN_POINT('',(41.3,77.,-25.));
#10046 = DIRECTION('',(1.,0.,0.));
#10047 = DIRECTION('',(0.,0.,1.));
#10048 = ADVANCED_FACE('',(#10049),#10054,.T.);
#10049 = FACE_BOUND('',#10050,.T.);
#10050 = EDGE_LOOP('',(#10051,#10052,#10053));
#10051 = ORIENTED_EDGE('',*,*,#6137,.F.);
#10052 = ORIENTED_EDGE('',*,*,#6154,.T.);
#10053 = ORIENTED_EDGE('',*,*,#5899,.F.);
#10054 = PLANE('',#10055);
#10055 = AXIS2_PLACEMENT_3D('',#10056,#10057,#10058);
#10056 = CARTESIAN_POINT('',(41.3,77.,-25.));
#10057 = DIRECTION('',(1.,0.,0.));
#10058 = DIRECTION('',(0.,0.,1.));
#10059 = ADVANCED_FACE('',(#10060,#10067),#10083,.F.);
#10060 = FACE_BOUND('',#10061,.F.);
#10061 = EDGE_LOOP('',(#10062,#10063,#10064,#10065,#10066));
#10062 = ORIENTED_EDGE('',*,*,#5946,.F.);
#10063 = ORIENTED_EDGE('',*,*,#5923,.F.);
#10064 = ORIENTED_EDGE('',*,*,#5858,.F.);
#10065 = ORIENTED_EDGE('',*,*,#6111,.T.);
#10066 = ORIENTED_EDGE('',*,*,#5955,.F.);
#10067 = FACE_BOUND('',#10068,.F.);
#10068 = EDGE_LOOP('',(#10069,#10070,#10076,#10077));
#10069 = ORIENTED_EDGE('',*,*,#8742,.T.);
#10070 = ORIENTED_EDGE('',*,*,#10071,.T.);
#10071 = EDGE_CURVE('',#8745,#8614,#10072,.T.);
#10072 = LINE('',#10073,#10074);
#10073 = CARTESIAN_POINT('',(39.6,82.6,-21.74688099282));
#10074 = VECTOR('',#10075,1.);
#10075 = DIRECTION('',(0.,0.,1.));
#10076 = ORIENTED_EDGE('',*,*,#8655,.T.);
#10077 = ORIENTED_EDGE('',*,*,#10078,.F.);
#10078 = EDGE_CURVE('',#8743,#8648,#10079,.T.);
#10079 = LINE('',#10080,#10081);
#10080 = CARTESIAN_POINT('',(39.6,77.4,-21.74688099282));
#10081 = VECTOR('',#10082,1.);
#10082 = DIRECTION('',(0.,0.,1.));
#10083 = PLANE('',#10084);
#10084 = AXIS2_PLACEMENT_3D('',#10085,#10086,#10087);
#10085 = CARTESIAN_POINT('',(39.6,80.,-20.89376198564));
#10086 = DIRECTION('',(-1.,-0.,-0.));
#10087 = DIRECTION('',(0.,0.,-1.));
#10088 = ADVANCED_FACE('',(#10089),#10094,.T.);
#10089 = FACE_BOUND('',#10090,.T.);
#10090 = EDGE_LOOP('',(#10091,#10092,#10093));
#10091 = ORIENTED_EDGE('',*,*,#6055,.F.);
#10092 = ORIENTED_EDGE('',*,*,#6003,.F.);
#10093 = ORIENTED_EDGE('',*,*,#6038,.T.);
#10094 = PLANE('',#10095);
#10095 = AXIS2_PLACEMENT_3D('',#10096,#10097,#10098);
#10096 = CARTESIAN_POINT('',(41.3,77.,-25.));
#10097 = DIRECTION('',(1.,0.,0.));
#10098 = DIRECTION('',(0.,0.,1.));
#10099 = ADVANCED_FACE('',(#10100),#10105,.T.);
#10100 = FACE_BOUND('',#10101,.T.);
#10101 = EDGE_LOOP('',(#10102,#10103,#10104));
#10102 = ORIENTED_EDGE('',*,*,#6096,.F.);
#10103 = ORIENTED_EDGE('',*,*,#5979,.F.);
#10104 = ORIENTED_EDGE('',*,*,#6079,.F.);
#10105 = PLANE('',#10106);
#10106 = AXIS2_PLACEMENT_3D('',#10107,#10108,#10109);
#10107 = CARTESIAN_POINT('',(41.3,77.,-25.));
#10108 = DIRECTION('',(1.,0.,0.));
#10109 = DIRECTION('',(0.,0.,1.));
#10110 = ADVANCED_FACE('',(#10111),#10116,.T.);
#10111 = FACE_BOUND('',#10112,.T.);
#10112 = EDGE_LOOP('',(#10113,#10114,#10115));
#10113 = ORIENTED_EDGE('',*,*,#6242,.F.);
#10114 = ORIENTED_EDGE('',*,*,#6538,.T.);
#10115 = ORIENTED_EDGE('',*,*,#6202,.T.);
#10116 = PLANE('',#10117);
#10117 = AXIS2_PLACEMENT_3D('',#10118,#10119,#10120);
#10118 = CARTESIAN_POINT('',(41.3,65.,-25.));
#10119 = DIRECTION('',(1.,0.,0.));
#10120 = DIRECTION('',(0.,0.,1.));
#10121 = ADVANCED_FACE('',(#10122),#10127,.T.);
#10122 = FACE_BOUND('',#10123,.T.);
#10123 = EDGE_LOOP('',(#10124,#10125,#10126));
#10124 = ORIENTED_EDGE('',*,*,#6504,.F.);
#10125 = ORIENTED_EDGE('',*,*,#6521,.T.);
#10126 = ORIENTED_EDGE('',*,*,#6266,.F.);
#10127 = PLANE('',#10128);
#10128 = AXIS2_PLACEMENT_3D('',#10129,#10130,#10131);
#10129 = CARTESIAN_POINT('',(41.3,65.,-25.));
#10130 = DIRECTION('',(1.,0.,0.));
#10131 = DIRECTION('',(0.,0.,1.));
#10132 = ADVANCED_FACE('',(#10133,#10140),#10156,.F.);
#10133 = FACE_BOUND('',#10134,.F.);
#10134 = EDGE_LOOP('',(#10135,#10136,#10137,#10138,#10139));
#10135 = ORIENTED_EDGE('',*,*,#6313,.F.);
#10136 = ORIENTED_EDGE('',*,*,#6290,.F.);
#10137 = ORIENTED_EDGE('',*,*,#6225,.F.);
#10138 = ORIENTED_EDGE('',*,*,#6478,.T.);
#10139 = ORIENTED_EDGE('',*,*,#6322,.F.);
#10140 = FACE_BOUND('',#10141,.F.);
#10141 = EDGE_LOOP('',(#10142,#10143,#10149,#10150));
#10142 = ORIENTED_EDGE('',*,*,#9004,.T.);
#10143 = ORIENTED_EDGE('',*,*,#10144,.T.);
#10144 = EDGE_CURVE('',#9007,#8876,#10145,.T.);
#10145 = LINE('',#10146,#10147);
#10146 = CARTESIAN_POINT('',(39.6,70.6,-21.74688099282));
#10147 = VECTOR('',#10148,1.);
#10148 = DIRECTION('',(0.,0.,1.));
#10149 = ORIENTED_EDGE('',*,*,#8917,.T.);
#10150 = ORIENTED_EDGE('',*,*,#10151,.F.);
#10151 = EDGE_CURVE('',#9005,#8910,#10152,.T.);
#10152 = LINE('',#10153,#10154);
#10153 = CARTESIAN_POINT('',(39.6,65.4,-21.74688099282));
#10154 = VECTOR('',#10155,1.);
#10155 = DIRECTION('',(0.,0.,1.));
#10156 = PLANE('',#10157);
#10157 = AXIS2_PLACEMENT_3D('',#10158,#10159,#10160);
#10158 = CARTESIAN_POINT('',(39.6,68.,-20.89376198564));
#10159 = DIRECTION('',(-1.,-0.,-0.));
#10160 = DIRECTION('',(0.,0.,-1.));
#10161 = ADVANCED_FACE('',(#10162),#10167,.T.);
#10162 = FACE_BOUND('',#10163,.T.);
#10163 = EDGE_LOOP('',(#10164,#10165,#10166));
#10164 = ORIENTED_EDGE('',*,*,#6422,.F.);
#10165 = ORIENTED_EDGE('',*,*,#6370,.F.);
#10166 = ORIENTED_EDGE('',*,*,#6405,.T.);
#10167 = PLANE('',#10168);
#10168 = AXIS2_PLACEMENT_3D('',#10169,#10170,#10171);
#10169 = CARTESIAN_POINT('',(41.3,65.,-25.));
#10170 = DIRECTION('',(1.,0.,0.));
#10171 = DIRECTION('',(0.,0.,1.));
#10172 = ADVANCED_FACE('',(#10173),#10178,.T.);
#10173 = FACE_BOUND('',#10174,.T.);
#10174 = EDGE_LOOP('',(#10175,#10176,#10177));
#10175 = ORIENTED_EDGE('',*,*,#6463,.F.);
#10176 = ORIENTED_EDGE('',*,*,#6346,.F.);
#10177 = ORIENTED_EDGE('',*,*,#6446,.F.);
#10178 = PLANE('',#10179);
#10179 = AXIS2_PLACEMENT_3D('',#10180,#10181,#10182);
#10180 = CARTESIAN_POINT('',(41.3,65.,-25.));
#10181 = DIRECTION('',(1.,0.,0.));
#10182 = DIRECTION('',(0.,0.,1.));
#10183 = ADVANCED_FACE('',(#10184),#10199,.F.);
#10184 = FACE_BOUND('',#10185,.F.);
#10185 = EDGE_LOOP('',(#10186,#10187,#10188,#10189,#10190,#10191,#10192,
    #10193,#10194,#10195,#10196,#10197,#10198));
#10186 = ORIENTED_EDGE('',*,*,#6610,.F.);
#10187 = ORIENTED_EDGE('',*,*,#6552,.T.);
#10188 = ORIENTED_EDGE('',*,*,#6583,.F.);
#10189 = ORIENTED_EDGE('',*,*,#6639,.F.);
#10190 = ORIENTED_EDGE('',*,*,#6723,.F.);
#10191 = ORIENTED_EDGE('',*,*,#6672,.F.);
#10192 = ORIENTED_EDGE('',*,*,#9667,.F.);
#10193 = ORIENTED_EDGE('',*,*,#9682,.T.);
#10194 = ORIENTED_EDGE('',*,*,#9717,.F.);
#10195 = ORIENTED_EDGE('',*,*,#9734,.T.);
#10196 = ORIENTED_EDGE('',*,*,#9622,.T.);
#10197 = ORIENTED_EDGE('',*,*,#9636,.T.);
#10198 = ORIENTED_EDGE('',*,*,#6695,.F.);
#10199 = PLANE('',#10200);
#10200 = AXIS2_PLACEMENT_3D('',#10201,#10202,#10203);
#10201 = CARTESIAN_POINT('',(39.8,41.,-4.2));
#10202 = DIRECTION('',(-1.,-0.,-0.));
#10203 = DIRECTION('',(0.,0.,-1.));
#10204 = ADVANCED_FACE('',(#10205,#10211),#10217,.F.);
#10205 = FACE_BOUND('',#10206,.F.);
#10206 = EDGE_LOOP('',(#10207,#10208,#10209,#10210));
#10207 = ORIENTED_EDGE('',*,*,#6852,.F.);
#10208 = ORIENTED_EDGE('',*,*,#6777,.T.);
#10209 = ORIENTED_EDGE('',*,*,#6810,.T.);
#10210 = ORIENTED_EDGE('',*,*,#6824,.T.);
#10211 = FACE_BOUND('',#10212,.F.);
#10212 = EDGE_LOOP('',(#10213,#10214,#10215,#10216));
#10213 = ORIENTED_EDGE('',*,*,#9466,.F.);
#10214 = ORIENTED_EDGE('',*,*,#9441,.T.);
#10215 = ORIENTED_EDGE('',*,*,#9415,.F.);
#10216 = ORIENTED_EDGE('',*,*,#9490,.F.);
#10217 = PLANE('',#10218);
#10218 = AXIS2_PLACEMENT_3D('',#10219,#10220,#10221);
#10219 = CARTESIAN_POINT('',(-19.5,-5.2,-4.));
#10220 = DIRECTION('',(0.,1.,0.));
#10221 = DIRECTION('',(0.,0.,1.));
#10222 = ADVANCED_FACE('',(#10223,#10229),#10235,.F.);
#10223 = FACE_BOUND('',#10224,.F.);
#10224 = EDGE_LOOP('',(#10225,#10226,#10227,#10228));
#10225 = ORIENTED_EDGE('',*,*,#6950,.F.);
#10226 = ORIENTED_EDGE('',*,*,#6875,.T.);
#10227 = ORIENTED_EDGE('',*,*,#6908,.T.);
#10228 = ORIENTED_EDGE('',*,*,#6922,.T.);
#10229 = FACE_BOUND('',#10230,.F.);
#10230 = EDGE_LOOP('',(#10231,#10232,#10233,#10234));
#10231 = ORIENTED_EDGE('',*,*,#9515,.F.);
#10232 = ORIENTED_EDGE('',*,*,#9589,.T.);
#10233 = ORIENTED_EDGE('',*,*,#9564,.F.);
#10234 = ORIENTED_EDGE('',*,*,#9547,.F.);
#10235 = PLANE('',#10236);
#10236 = AXIS2_PLACEMENT_3D('',#10237,#10238,#10239);
#10237 = CARTESIAN_POINT('',(19.5,-5.2,-4.));
#10238 = DIRECTION('',(0.,1.,0.));
#10239 = DIRECTION('',(0.,0.,1.));
#10240 = ADVANCED_FACE('',(#10241),#10330,.F.);
#10241 = FACE_BOUND('',#10242,.F.);
#10242 = EDGE_LOOP('',(#10243,#10253,#10259,#10260,#10268,#10276,#10284,
    #10292,#10300,#10308,#10316,#10324));
#10243 = ORIENTED_EDGE('',*,*,#10244,.F.);
#10244 = EDGE_CURVE('',#10245,#10247,#10249,.T.);
#10245 = VERTEX_POINT('',#10246);
#10246 = CARTESIAN_POINT('',(-7.75,34.,-16.));
#10247 = VERTEX_POINT('',#10248);
#10248 = CARTESIAN_POINT('',(-6.7,34.,-16.));
#10249 = LINE('',#10250,#10251);
#10250 = CARTESIAN_POINT('',(-7.75,34.,-16.));
#10251 = VECTOR('',#10252,1.);
#10252 = DIRECTION('',(1.,0.,0.));
#10253 = ORIENTED_EDGE('',*,*,#10254,.T.);
#10254 = EDGE_CURVE('',#10245,#6993,#10255,.T.);
#10255 = LINE('',#10256,#10257);
#10256 = CARTESIAN_POINT('',(-7.75,34.,-16.));
#10257 = VECTOR('',#10258,1.);
#10258 = DIRECTION('',(0.,0.,1.));
#10259 = ORIENTED_EDGE('',*,*,#6990,.F.);
#10260 = ORIENTED_EDGE('',*,*,#10261,.F.);
#10261 = EDGE_CURVE('',#10262,#6991,#10264,.T.);
#10262 = VERTEX_POINT('',#10263);
#10263 = CARTESIAN_POINT('',(-4.25,34.,-16.));
#10264 = LINE('',#10265,#10266);
#10265 = CARTESIAN_POINT('',(-4.25,34.,-16.));
#10266 = VECTOR('',#10267,1.);
#10267 = DIRECTION('',(0.,0.,1.));
#10268 = ORIENTED_EDGE('',*,*,#10269,.F.);
#10269 = EDGE_CURVE('',#10270,#10262,#10272,.T.);
#10270 = VERTEX_POINT('',#10271);
#10271 = CARTESIAN_POINT('',(-5.3,34.,-16.));
#10272 = LINE('',#10273,#10274);
#10273 = CARTESIAN_POINT('',(-7.75,34.,-16.));
#10274 = VECTOR('',#10275,1.);
#10275 = DIRECTION('',(1.,0.,0.));
#10276 = ORIENTED_EDGE('',*,*,#10277,.F.);
#10277 = EDGE_CURVE('',#10278,#10270,#10280,.T.);
#10278 = VERTEX_POINT('',#10279);
#10279 = CARTESIAN_POINT('',(-5.3,34.,-15.2));
#10280 = LINE('',#10281,#10282);
#10281 = CARTESIAN_POINT('',(-5.3,34.,-16.025));
#10282 = VECTOR('',#10283,1.);
#10283 = DIRECTION('',(0.,0.,-1.));
#10284 = ORIENTED_EDGE('',*,*,#10285,.T.);
#10285 = EDGE_CURVE('',#10278,#10286,#10288,.T.);
#10286 = VERTEX_POINT('',#10287);
#10287 = CARTESIAN_POINT('',(-4.9,34.,-15.2));
#10288 = LINE('',#10289,#10290);
#10289 = CARTESIAN_POINT('',(-7.425,34.,-15.2));
#10290 = VECTOR('',#10291,1.);
#10291 = DIRECTION('',(1.,0.,0.));
#10292 = ORIENTED_EDGE('',*,*,#10293,.F.);
#10293 = EDGE_CURVE('',#10294,#10286,#10296,.T.);
#10294 = VERTEX_POINT('',#10295);
#10295 = CARTESIAN_POINT('',(-4.9,34.,-12.));
#10296 = LINE('',#10297,#10298);
#10297 = CARTESIAN_POINT('',(-4.9,34.,-15.6));
#10298 = VECTOR('',#10299,1.);
#10299 = DIRECTION('',(0.,0.,-1.));
#10300 = ORIENTED_EDGE('',*,*,#10301,.F.);
#10301 = EDGE_CURVE('',#10302,#10294,#10304,.T.);
#10302 = VERTEX_POINT('',#10303);
#10303 = CARTESIAN_POINT('',(-7.1,34.,-12.));
#10304 = LINE('',#10305,#10306);
#10305 = CARTESIAN_POINT('',(-7.425,34.,-12.));
#10306 = VECTOR('',#10307,1.);
#10307 = DIRECTION('',(1.,0.,0.));
#10308 = ORIENTED_EDGE('',*,*,#10309,.T.);
#10309 = EDGE_CURVE('',#10302,#10310,#10312,.T.);
#10310 = VERTEX_POINT('',#10311);
#10311 = CARTESIAN_POINT('',(-7.1,34.,-15.2));
#10312 = LINE('',#10313,#10314);
#10313 = CARTESIAN_POINT('',(-7.1,34.,-15.6));
#10314 = VECTOR('',#10315,1.);
#10315 = DIRECTION('',(0.,0.,-1.));
#10316 = ORIENTED_EDGE('',*,*,#10317,.T.);
#10317 = EDGE_CURVE('',#10310,#10318,#10320,.T.);
#10318 = VERTEX_POINT('',#10319);
#10319 = CARTESIAN_POINT('',(-6.7,34.,-15.2));
#10320 = LINE('',#10321,#10322);
#10321 = CARTESIAN_POINT('',(-7.425,34.,-15.2));
#10322 = VECTOR('',#10323,1.);
#10323 = DIRECTION('',(1.,0.,0.));
#10324 = ORIENTED_EDGE('',*,*,#10325,.T.);
#10325 = EDGE_CURVE('',#10318,#10247,#10326,.T.);
#10326 = LINE('',#10327,#10328);
#10327 = CARTESIAN_POINT('',(-6.7,34.,-16.025));
#10328 = VECTOR('',#10329,1.);
#10329 = DIRECTION('',(0.,0.,-1.));
#10330 = PLANE('',#10331);
#10331 = AXIS2_PLACEMENT_3D('',#10332,#10333,#10334);
#10332 = CARTESIAN_POINT('',(-7.75,34.,-16.));
#10333 = DIRECTION('',(0.,1.,0.));
#10334 = DIRECTION('',(0.,0.,1.));
#10335 = ADVANCED_FACE('',(#10336),#10354,.T.);
#10336 = FACE_BOUND('',#10337,.T.);
#10337 = EDGE_LOOP('',(#10338,#10339,#10347,#10353));
#10338 = ORIENTED_EDGE('',*,*,#10261,.F.);
#10339 = ORIENTED_EDGE('',*,*,#10340,.T.);
#10340 = EDGE_CURVE('',#10262,#10341,#10343,.T.);
#10341 = VERTEX_POINT('',#10342);
#10342 = CARTESIAN_POINT('',(-4.25,42.,-16.));
#10343 = LINE('',#10344,#10345);
#10344 = CARTESIAN_POINT('',(-4.25,34.,-16.));
#10345 = VECTOR('',#10346,1.);
#10346 = DIRECTION('',(0.,1.,0.));
#10347 = ORIENTED_EDGE('',*,*,#10348,.T.);
#10348 = EDGE_CURVE('',#10341,#7009,#10349,.T.);
#10349 = LINE('',#10350,#10351);
#10350 = CARTESIAN_POINT('',(-4.25,42.,-16.));
#10351 = VECTOR('',#10352,1.);
#10352 = DIRECTION('',(0.,0.,1.));
#10353 = ORIENTED_EDGE('',*,*,#7016,.F.);
#10354 = PLANE('',#10355);
#10355 = AXIS2_PLACEMENT_3D('',#10356,#10357,#10358);
#10356 = CARTESIAN_POINT('',(-4.25,34.,-16.));
#10357 = DIRECTION('',(1.,0.,0.));
#10358 = DIRECTION('',(0.,0.,1.));
#10359 = ADVANCED_FACE('',(#10360),#10378,.F.);
#10360 = FACE_BOUND('',#10361,.F.);
#10361 = EDGE_LOOP('',(#10362,#10363,#10371,#10377));
#10362 = ORIENTED_EDGE('',*,*,#10254,.F.);
#10363 = ORIENTED_EDGE('',*,*,#10364,.T.);
#10364 = EDGE_CURVE('',#10245,#10365,#10367,.T.);
#10365 = VERTEX_POINT('',#10366);
#10366 = CARTESIAN_POINT('',(-7.75,42.,-16.));
#10367 = LINE('',#10368,#10369);
#10368 = CARTESIAN_POINT('',(-7.75,34.,-16.));
#10369 = VECTOR('',#10370,1.);
#10370 = DIRECTION('',(0.,1.,0.));
#10371 = ORIENTED_EDGE('',*,*,#10372,.T.);
#10372 = EDGE_CURVE('',#10365,#7001,#10373,.T.);
#10373 = LINE('',#10374,#10375);
#10374 = CARTESIAN_POINT('',(-7.75,42.,-16.));
#10375 = VECTOR('',#10376,1.);
#10376 = DIRECTION('',(0.,0.,1.));
#10377 = ORIENTED_EDGE('',*,*,#7000,.F.);
#10378 = PLANE('',#10379);
#10379 = AXIS2_PLACEMENT_3D('',#10380,#10381,#10382);
#10380 = CARTESIAN_POINT('',(-7.75,34.,-16.));
#10381 = DIRECTION('',(1.,0.,0.));
#10382 = DIRECTION('',(0.,0.,1.));
#10383 = ADVANCED_FACE('',(#10384),#10459,.T.);
#10384 = FACE_BOUND('',#10385,.T.);
#10385 = EDGE_LOOP('',(#10386,#10394,#10395,#10396,#10397,#10405,#10413,
    #10421,#10429,#10437,#10445,#10453));
#10386 = ORIENTED_EDGE('',*,*,#10387,.F.);
#10387 = EDGE_CURVE('',#10365,#10388,#10390,.T.);
#10388 = VERTEX_POINT('',#10389);
#10389 = CARTESIAN_POINT('',(-6.7,42.,-16.));
#10390 = LINE('',#10391,#10392);
#10391 = CARTESIAN_POINT('',(-7.75,42.,-16.));
#10392 = VECTOR('',#10393,1.);
#10393 = DIRECTION('',(1.,0.,0.));
#10394 = ORIENTED_EDGE('',*,*,#10372,.T.);
#10395 = ORIENTED_EDGE('',*,*,#7008,.F.);
#10396 = ORIENTED_EDGE('',*,*,#10348,.F.);
#10397 = ORIENTED_EDGE('',*,*,#10398,.F.);
#10398 = EDGE_CURVE('',#10399,#10341,#10401,.T.);
#10399 = VERTEX_POINT('',#10400);
#10400 = CARTESIAN_POINT('',(-5.3,42.,-16.));
#10401 = LINE('',#10402,#10403);
#10402 = CARTESIAN_POINT('',(-7.75,42.,-16.));
#10403 = VECTOR('',#10404,1.);
#10404 = DIRECTION('',(1.,0.,0.));
#10405 = ORIENTED_EDGE('',*,*,#10406,.F.);
#10406 = EDGE_CURVE('',#10407,#10399,#10409,.T.);
#10407 = VERTEX_POINT('',#10408);
#10408 = CARTESIAN_POINT('',(-5.3,42.,-15.2));
#10409 = LINE('',#10410,#10411);
#10410 = CARTESIAN_POINT('',(-5.3,42.,-16.025));
#10411 = VECTOR('',#10412,1.);
#10412 = DIRECTION('',(0.,0.,-1.));
#10413 = ORIENTED_EDGE('',*,*,#10414,.T.);
#10414 = EDGE_CURVE('',#10407,#10415,#10417,.T.);
#10415 = VERTEX_POINT('',#10416);
#10416 = CARTESIAN_POINT('',(-4.9,42.,-15.2));
#10417 = LINE('',#10418,#10419);
#10418 = CARTESIAN_POINT('',(-7.425,42.,-15.2));
#10419 = VECTOR('',#10420,1.);
#10420 = DIRECTION('',(1.,0.,0.));
#10421 = ORIENTED_EDGE('',*,*,#10422,.F.);
#10422 = EDGE_CURVE('',#10423,#10415,#10425,.T.);
#10423 = VERTEX_POINT('',#10424);
#10424 = CARTESIAN_POINT('',(-4.9,42.,-12.));
#10425 = LINE('',#10426,#10427);
#10426 = CARTESIAN_POINT('',(-4.9,42.,-15.6));
#10427 = VECTOR('',#10428,1.);
#10428 = DIRECTION('',(0.,0.,-1.));
#10429 = ORIENTED_EDGE('',*,*,#10430,.F.);
#10430 = EDGE_CURVE('',#10431,#10423,#10433,.T.);
#10431 = VERTEX_POINT('',#10432);
#10432 = CARTESIAN_POINT('',(-7.1,42.,-12.));
#10433 = LINE('',#10434,#10435);
#10434 = CARTESIAN_POINT('',(-7.425,42.,-12.));
#10435 = VECTOR('',#10436,1.);
#10436 = DIRECTION('',(1.,0.,0.));
#10437 = ORIENTED_EDGE('',*,*,#10438,.T.);
#10438 = EDGE_CURVE('',#10431,#10439,#10441,.T.);
#10439 = VERTEX_POINT('',#10440);
#10440 = CARTESIAN_POINT('',(-7.1,42.,-15.2));
#10441 = LINE('',#10442,#10443);
#10442 = CARTESIAN_POINT('',(-7.1,42.,-15.6));
#10443 = VECTOR('',#10444,1.);
#10444 = DIRECTION('',(0.,0.,-1.));
#10445 = ORIENTED_EDGE('',*,*,#10446,.T.);
#10446 = EDGE_CURVE('',#10439,#10447,#10449,.T.);
#10447 = VERTEX_POINT('',#10448);
#10448 = CARTESIAN_POINT('',(-6.7,42.,-15.2));
#10449 = LINE('',#10450,#10451);
#10450 = CARTESIAN_POINT('',(-7.425,42.,-15.2));
#10451 = VECTOR('',#10452,1.);
#10452 = DIRECTION('',(1.,0.,0.));
#10453 = ORIENTED_EDGE('',*,*,#10454,.T.);
#10454 = EDGE_CURVE('',#10447,#10388,#10455,.T.);
#10455 = LINE('',#10456,#10457);
#10456 = CARTESIAN_POINT('',(-6.7,42.,-16.025));
#10457 = VECTOR('',#10458,1.);
#10458 = DIRECTION('',(0.,0.,-1.));
#10459 = PLANE('',#10460);
#10460 = AXIS2_PLACEMENT_3D('',#10461,#10462,#10463);
#10461 = CARTESIAN_POINT('',(-7.75,42.,-16.));
#10462 = DIRECTION('',(0.,1.,0.));
#10463 = DIRECTION('',(0.,0.,1.));
#10464 = ADVANCED_FACE('',(#10465),#10481,.F.);
#10465 = FACE_BOUND('',#10466,.F.);
#10466 = EDGE_LOOP('',(#10467,#10473,#10474,#10480));
#10467 = ORIENTED_EDGE('',*,*,#10468,.F.);
#10468 = EDGE_CURVE('',#7025,#7293,#10469,.T.);
#10469 = LINE('',#10470,#10471);
#10470 = CARTESIAN_POINT('',(6.5,34.5,-11.5));
#10471 = VECTOR('',#10472,1.);
#10472 = DIRECTION('',(0.,0.,1.));
#10473 = ORIENTED_EDGE('',*,*,#7024,.T.);
#10474 = ORIENTED_EDGE('',*,*,#10475,.T.);
#10475 = EDGE_CURVE('',#7027,#7295,#10476,.T.);
#10476 = LINE('',#10477,#10478);
#10477 = CARTESIAN_POINT('',(9.,32.,-11.5));
#10478 = VECTOR('',#10479,1.);
#10479 = DIRECTION('',(0.,0.,1.));
#10480 = ORIENTED_EDGE('',*,*,#7292,.F.);
#10481 = CYLINDRICAL_SURFACE('',#10482,2.5);
#10482 = AXIS2_PLACEMENT_3D('',#10483,#10484,#10485);
#10483 = CARTESIAN_POINT('',(9.,34.5,-11.5));
#10484 = DIRECTION('',(0.,0.,1.));
#10485 = DIRECTION('',(-1.,0.,0.));
#10486 = ADVANCED_FACE('',(#10487),#10498,.T.);
#10487 = FACE_BOUND('',#10488,.T.);
#10488 = EDGE_LOOP('',(#10489,#10490,#10491,#10492));
#10489 = ORIENTED_EDGE('',*,*,#7303,.F.);
#10490 = ORIENTED_EDGE('',*,*,#10468,.F.);
#10491 = ORIENTED_EDGE('',*,*,#7035,.T.);
#10492 = ORIENTED_EDGE('',*,*,#10493,.T.);
#10493 = EDGE_CURVE('',#7036,#7304,#10494,.T.);
#10494 = LINE('',#10495,#10496);
#10495 = CARTESIAN_POINT('',(6.5,101.5,-11.5));
#10496 = VECTOR('',#10497,1.);
#10497 = DIRECTION('',(0.,0.,1.));
#10498 = PLANE('',#10499);
#10499 = AXIS2_PLACEMENT_3D('',#10500,#10501,#10502);
#10500 = CARTESIAN_POINT('',(6.5,32.,-11.5));
#10501 = DIRECTION('',(1.,0.,0.));
#10502 = DIRECTION('',(0.,0.,1.));
#10503 = ADVANCED_FACE('',(#10504),#10515,.T.);
#10504 = FACE_BOUND('',#10505,.T.);
#10505 = EDGE_LOOP('',(#10506,#10507,#10508,#10509));
#10506 = ORIENTED_EDGE('',*,*,#7086,.T.);
#10507 = ORIENTED_EDGE('',*,*,#10475,.T.);
#10508 = ORIENTED_EDGE('',*,*,#7354,.F.);
#10509 = ORIENTED_EDGE('',*,*,#10510,.F.);
#10510 = EDGE_CURVE('',#7078,#7346,#10511,.T.);
#10511 = LINE('',#10512,#10513);
#10512 = CARTESIAN_POINT('',(28.,32.,-11.5));
#10513 = VECTOR('',#10514,1.);
#10514 = DIRECTION('',(0.,0.,1.));
#10515 = PLANE('',#10516);
#10516 = AXIS2_PLACEMENT_3D('',#10517,#10518,#10519);
#10517 = CARTESIAN_POINT('',(6.5,32.,-11.5));
#10518 = DIRECTION('',(0.,1.,0.));
#10519 = DIRECTION('',(0.,0.,1.));
#10520 = ADVANCED_FACE('',(#10521),#10532,.F.);
#10521 = FACE_BOUND('',#10522,.T.);
#10522 = EDGE_LOOP('',(#10523,#10524,#10525,#10531));
#10523 = ORIENTED_EDGE('',*,*,#10493,.F.);
#10524 = ORIENTED_EDGE('',*,*,#7043,.F.);
#10525 = ORIENTED_EDGE('',*,*,#10526,.T.);
#10526 = EDGE_CURVE('',#7044,#7312,#10527,.T.);
#10527 = LINE('',#10528,#10529);
#10528 = CARTESIAN_POINT('',(9.,104.,-11.5));
#10529 = VECTOR('',#10530,1.);
#10530 = DIRECTION('',(0.,0.,1.));
#10531 = ORIENTED_EDGE('',*,*,#7311,.T.);
#10532 = CYLINDRICAL_SURFACE('',#10533,2.5);
#10533 = AXIS2_PLACEMENT_3D('',#10534,#10535,#10536);
#10534 = CARTESIAN_POINT('',(9.,101.5,-11.5));
#10535 = DIRECTION('',(0.,0.,1.));
#10536 = DIRECTION('',(-1.,0.,0.));
#10537 = ADVANCED_FACE('',(#10538),#10549,.F.);
#10538 = FACE_BOUND('',#10539,.T.);
#10539 = EDGE_LOOP('',(#10540,#10546,#10547,#10548));
#10540 = ORIENTED_EDGE('',*,*,#10541,.F.);
#10541 = EDGE_CURVE('',#7070,#7338,#10542,.T.);
#10542 = LINE('',#10543,#10544);
#10543 = CARTESIAN_POINT('',(30.5,34.5,-11.5));
#10544 = VECTOR('',#10545,1.);
#10545 = DIRECTION('',(0.,0.,1.));
#10546 = ORIENTED_EDGE('',*,*,#7077,.F.);
#10547 = ORIENTED_EDGE('',*,*,#10510,.T.);
#10548 = ORIENTED_EDGE('',*,*,#7345,.T.);
#10549 = CYLINDRICAL_SURFACE('',#10550,2.5);
#10550 = AXIS2_PLACEMENT_3D('',#10551,#10552,#10553);
#10551 = CARTESIAN_POINT('',(28.,34.5,-11.5));
#10552 = DIRECTION('',(0.,0.,1.));
#10553 = DIRECTION('',(1.,0.,0.));
#10554 = ADVANCED_FACE('',(#10555),#10566,.F.);
#10555 = FACE_BOUND('',#10556,.F.);
#10556 = EDGE_LOOP('',(#10557,#10558,#10559,#10560));
#10557 = ORIENTED_EDGE('',*,*,#7052,.T.);
#10558 = ORIENTED_EDGE('',*,*,#10526,.T.);
#10559 = ORIENTED_EDGE('',*,*,#7320,.F.);
#10560 = ORIENTED_EDGE('',*,*,#10561,.F.);
#10561 = EDGE_CURVE('',#7053,#7321,#10562,.T.);
#10562 = LINE('',#10563,#10564);
#10563 = CARTESIAN_POINT('',(28.,104.,-11.5));
#10564 = VECTOR('',#10565,1.);
#10565 = DIRECTION('',(0.,0.,1.));
#10566 = PLANE('',#10567);
#10567 = AXIS2_PLACEMENT_3D('',#10568,#10569,#10570);
#10568 = CARTESIAN_POINT('',(6.5,104.,-11.5));
#10569 = DIRECTION('',(0.,1.,0.));
#10570 = DIRECTION('',(0.,0.,1.));
#10571 = ADVANCED_FACE('',(#10572),#10583,.F.);
#10572 = FACE_BOUND('',#10573,.F.);
#10573 = EDGE_LOOP('',(#10574,#10575,#10576,#10577));
#10574 = ORIENTED_EDGE('',*,*,#7337,.F.);
#10575 = ORIENTED_EDGE('',*,*,#10541,.F.);
#10576 = ORIENTED_EDGE('',*,*,#7069,.T.);
#10577 = ORIENTED_EDGE('',*,*,#10578,.T.);
#10578 = EDGE_CURVE('',#7061,#7329,#10579,.T.);
#10579 = LINE('',#10580,#10581);
#10580 = CARTESIAN_POINT('',(30.5,101.5,-11.5));
#10581 = VECTOR('',#10582,1.);
#10582 = DIRECTION('',(0.,0.,1.));
#10583 = PLANE('',#10584);
#10584 = AXIS2_PLACEMENT_3D('',#10585,#10586,#10587);
#10585 = CARTESIAN_POINT('',(30.5,32.,-11.5));
#10586 = DIRECTION('',(1.,0.,0.));
#10587 = DIRECTION('',(0.,0.,1.));
#10588 = ADVANCED_FACE('',(#10589),#10595,.F.);
#10589 = FACE_BOUND('',#10590,.F.);
#10590 = EDGE_LOOP('',(#10591,#10592,#10593,#10594));
#10591 = ORIENTED_EDGE('',*,*,#10578,.F.);
#10592 = ORIENTED_EDGE('',*,*,#7060,.T.);
#10593 = ORIENTED_EDGE('',*,*,#10561,.T.);
#10594 = ORIENTED_EDGE('',*,*,#7328,.F.);
#10595 = CYLINDRICAL_SURFACE('',#10596,2.5);
#10596 = AXIS2_PLACEMENT_3D('',#10597,#10598,#10599);
#10597 = CARTESIAN_POINT('',(28.,101.5,-11.5));
#10598 = DIRECTION('',(0.,0.,1.));
#10599 = DIRECTION('',(1.,0.,0.));
#10600 = ADVANCED_FACE('',(#10601),#10690,.F.);
#10601 = FACE_BOUND('',#10602,.F.);
#10602 = EDGE_LOOP('',(#10603,#10613,#10619,#10620,#10628,#10636,#10644,
    #10652,#10660,#10668,#10676,#10684));
#10603 = ORIENTED_EDGE('',*,*,#10604,.F.);
#10604 = EDGE_CURVE('',#10605,#10607,#10609,.T.);
#10605 = VERTEX_POINT('',#10606);
#10606 = CARTESIAN_POINT('',(-7.75,88.,-16.));
#10607 = VERTEX_POINT('',#10608);
#10608 = CARTESIAN_POINT('',(-6.7,88.,-16.));
#10609 = LINE('',#10610,#10611);
#10610 = CARTESIAN_POINT('',(-7.75,88.,-16.));
#10611 = VECTOR('',#10612,1.);
#10612 = DIRECTION('',(1.,0.,0.));
#10613 = ORIENTED_EDGE('',*,*,#10614,.T.);
#10614 = EDGE_CURVE('',#10605,#7097,#10615,.T.);
#10615 = LINE('',#10616,#10617);
#10616 = CARTESIAN_POINT('',(-7.75,88.,-16.));
#10617 = VECTOR('',#10618,1.);
#10618 = DIRECTION('',(0.,0.,1.));
#10619 = ORIENTED_EDGE('',*,*,#7094,.F.);
#10620 = ORIENTED_EDGE('',*,*,#10621,.F.);
#10621 = EDGE_CURVE('',#10622,#7095,#10624,.T.);
#10622 = VERTEX_POINT('',#10623);
#10623 = CARTESIAN_POINT('',(-4.25,88.,-16.));
#10624 = LINE('',#10625,#10626);
#10625 = CARTESIAN_POINT('',(-4.25,88.,-16.));
#10626 = VECTOR('',#10627,1.);
#10627 = DIRECTION('',(0.,0.,1.));
#10628 = ORIENTED_EDGE('',*,*,#10629,.F.);
#10629 = EDGE_CURVE('',#10630,#10622,#10632,.T.);
#10630 = VERTEX_POINT('',#10631);
#10631 = CARTESIAN_POINT('',(-5.3,88.,-16.));
#10632 = LINE('',#10633,#10634);
#10633 = CARTESIAN_POINT('',(-7.75,88.,-16.));
#10634 = VECTOR('',#10635,1.);
#10635 = DIRECTION('',(1.,0.,0.));
#10636 = ORIENTED_EDGE('',*,*,#10637,.F.);
#10637 = EDGE_CURVE('',#10638,#10630,#10640,.T.);
#10638 = VERTEX_POINT('',#10639);
#10639 = CARTESIAN_POINT('',(-5.3,88.,-15.2));
#10640 = LINE('',#10641,#10642);
#10641 = CARTESIAN_POINT('',(-5.3,88.,-16.025));
#10642 = VECTOR('',#10643,1.);
#10643 = DIRECTION('',(0.,0.,-1.));
#10644 = ORIENTED_EDGE('',*,*,#10645,.T.);
#10645 = EDGE_CURVE('',#10638,#10646,#10648,.T.);
#10646 = VERTEX_POINT('',#10647);
#10647 = CARTESIAN_POINT('',(-4.9,88.,-15.2));
#10648 = LINE('',#10649,#10650);
#10649 = CARTESIAN_POINT('',(-7.425,88.,-15.2));
#10650 = VECTOR('',#10651,1.);
#10651 = DIRECTION('',(1.,0.,0.));
#10652 = ORIENTED_EDGE('',*,*,#10653,.F.);
#10653 = EDGE_CURVE('',#10654,#10646,#10656,.T.);
#10654 = VERTEX_POINT('',#10655);
#10655 = CARTESIAN_POINT('',(-4.9,88.,-12.));
#10656 = LINE('',#10657,#10658);
#10657 = CARTESIAN_POINT('',(-4.9,88.,-15.6));
#10658 = VECTOR('',#10659,1.);
#10659 = DIRECTION('',(0.,0.,-1.));
#10660 = ORIENTED_EDGE('',*,*,#10661,.F.);
#10661 = EDGE_CURVE('',#10662,#10654,#10664,.T.);
#10662 = VERTEX_POINT('',#10663);
#10663 = CARTESIAN_POINT('',(-7.1,88.,-12.));
#10664 = LINE('',#10665,#10666);
#10665 = CARTESIAN_POINT('',(-7.425,88.,-12.));
#10666 = VECTOR('',#10667,1.);
#10667 = DIRECTION('',(1.,0.,0.));
#10668 = ORIENTED_EDGE('',*,*,#10669,.T.);
#10669 = EDGE_CURVE('',#10662,#10670,#10672,.T.);
#10670 = VERTEX_POINT('',#10671);
#10671 = CARTESIAN_POINT('',(-7.1,88.,-15.2));
#10672 = LINE('',#10673,#10674);
#10673 = CARTESIAN_POINT('',(-7.1,88.,-15.6));
#10674 = VECTOR('',#10675,1.);
#10675 = DIRECTION('',(0.,0.,-1.));
#10676 = ORIENTED_EDGE('',*,*,#10677,.T.);
#10677 = EDGE_CURVE('',#10670,#10678,#10680,.T.);
#10678 = VERTEX_POINT('',#10679);
#10679 = CARTESIAN_POINT('',(-6.7,88.,-15.2));
#10680 = LINE('',#10681,#10682);
#10681 = CARTESIAN_POINT('',(-7.425,88.,-15.2));
#10682 = VECTOR('',#10683,1.);
#10683 = DIRECTION('',(1.,0.,0.));
#10684 = ORIENTED_EDGE('',*,*,#10685,.T.);
#10685 = EDGE_CURVE('',#10678,#10607,#10686,.T.);
#10686 = LINE('',#10687,#10688);
#10687 = CARTESIAN_POINT('',(-6.7,88.,-16.025));
#10688 = VECTOR('',#10689,1.);
#10689 = DIRECTION('',(0.,0.,-1.));
#10690 = PLANE('',#10691);
#10691 = AXIS2_PLACEMENT_3D('',#10692,#10693,#10694);
#10692 = CARTESIAN_POINT('',(-7.75,88.,-16.));
#10693 = DIRECTION('',(0.,1.,0.));
#10694 = DIRECTION('',(0.,0.,1.));
#10695 = ADVANCED_FACE('',(#10696),#10714,.T.);
#10696 = FACE_BOUND('',#10697,.T.);
#10697 = EDGE_LOOP('',(#10698,#10699,#10707,#10713));
#10698 = ORIENTED_EDGE('',*,*,#10621,.F.);
#10699 = ORIENTED_EDGE('',*,*,#10700,.T.);
#10700 = EDGE_CURVE('',#10622,#10701,#10703,.T.);
#10701 = VERTEX_POINT('',#10702);
#10702 = CARTESIAN_POINT('',(-4.25,96.,-16.));
#10703 = LINE('',#10704,#10705);
#10704 = CARTESIAN_POINT('',(-4.25,88.,-16.));
#10705 = VECTOR('',#10706,1.);
#10706 = DIRECTION('',(0.,1.,0.));
#10707 = ORIENTED_EDGE('',*,*,#10708,.T.);
#10708 = EDGE_CURVE('',#10701,#7113,#10709,.T.);
#10709 = LINE('',#10710,#10711);
#10710 = CARTESIAN_POINT('',(-4.25,96.,-16.));
#10711 = VECTOR('',#10712,1.);
#10712 = DIRECTION('',(0.,0.,1.));
#10713 = ORIENTED_EDGE('',*,*,#7120,.F.);
#10714 = PLANE('',#10715);
#10715 = AXIS2_PLACEMENT_3D('',#10716,#10717,#10718);
#10716 = CARTESIAN_POINT('',(-4.25,88.,-16.));
#10717 = DIRECTION('',(1.,0.,0.));
#10718 = DIRECTION('',(0.,0.,1.));
#10719 = ADVANCED_FACE('',(#10720),#10802,.T.);
#10720 = FACE_BOUND('',#10721,.T.);
#10721 = EDGE_LOOP('',(#10722,#10732,#10738,#10739,#10740,#10748,#10756,
    #10764,#10772,#10780,#10788,#10796));
#10722 = ORIENTED_EDGE('',*,*,#10723,.F.);
#10723 = EDGE_CURVE('',#10724,#10726,#10728,.T.);
#10724 = VERTEX_POINT('',#10725);
#10725 = CARTESIAN_POINT('',(-7.75,96.,-16.));
#10726 = VERTEX_POINT('',#10727);
#10727 = CARTESIAN_POINT('',(-6.7,96.,-16.));
#10728 = LINE('',#10729,#10730);
#10729 = CARTESIAN_POINT('',(-7.75,96.,-16.));
#10730 = VECTOR('',#10731,1.);
#10731 = DIRECTION('',(1.,0.,0.));
#10732 = ORIENTED_EDGE('',*,*,#10733,.T.);
#10733 = EDGE_CURVE('',#10724,#7105,#10734,.T.);
#10734 = LINE('',#10735,#10736);
#10735 = CARTESIAN_POINT('',(-7.75,96.,-16.));
#10736 = VECTOR('',#10737,1.);
#10737 = DIRECTION('',(0.,0.,1.));
#10738 = ORIENTED_EDGE('',*,*,#7112,.F.);
#10739 = ORIENTED_EDGE('',*,*,#10708,.F.);
#10740 = ORIENTED_EDGE('',*,*,#10741,.F.);
#10741 = EDGE_CURVE('',#10742,#10701,#10744,.T.);
#10742 = VERTEX_POINT('',#10743);
#10743 = CARTESIAN_POINT('',(-5.3,96.,-16.));
#10744 = LINE('',#10745,#10746);
#10745 = CARTESIAN_POINT('',(-7.75,96.,-16.));
#10746 = VECTOR('',#10747,1.);
#10747 = DIRECTION('',(1.,0.,0.));
#10748 = ORIENTED_EDGE('',*,*,#10749,.F.);
#10749 = EDGE_CURVE('',#10750,#10742,#10752,.T.);
#10750 = VERTEX_POINT('',#10751);
#10751 = CARTESIAN_POINT('',(-5.3,96.,-15.2));
#10752 = LINE('',#10753,#10754);
#10753 = CARTESIAN_POINT('',(-5.3,96.,-16.025));
#10754 = VECTOR('',#10755,1.);
#10755 = DIRECTION('',(0.,0.,-1.));
#10756 = ORIENTED_EDGE('',*,*,#10757,.T.);
#10757 = EDGE_CURVE('',#10750,#10758,#10760,.T.);
#10758 = VERTEX_POINT('',#10759);
#10759 = CARTESIAN_POINT('',(-4.9,96.,-15.2));
#10760 = LINE('',#10761,#10762);
#10761 = CARTESIAN_POINT('',(-7.425,96.,-15.2));
#10762 = VECTOR('',#10763,1.);
#10763 = DIRECTION('',(1.,0.,0.));
#10764 = ORIENTED_EDGE('',*,*,#10765,.F.);
#10765 = EDGE_CURVE('',#10766,#10758,#10768,.T.);
#10766 = VERTEX_POINT('',#10767);
#10767 = CARTESIAN_POINT('',(-4.9,96.,-12.));
#10768 = LINE('',#10769,#10770);
#10769 = CARTESIAN_POINT('',(-4.9,96.,-15.6));
#10770 = VECTOR('',#10771,1.);
#10771 = DIRECTION('',(0.,0.,-1.));
#10772 = ORIENTED_EDGE('',*,*,#10773,.F.);
#10773 = EDGE_CURVE('',#10774,#10766,#10776,.T.);
#10774 = VERTEX_POINT('',#10775);
#10775 = CARTESIAN_POINT('',(-7.1,96.,-12.));
#10776 = LINE('',#10777,#10778);
#10777 = CARTESIAN_POINT('',(-7.425,96.,-12.));
#10778 = VECTOR('',#10779,1.);
#10779 = DIRECTION('',(1.,0.,0.));
#10780 = ORIENTED_EDGE('',*,*,#10781,.T.);
#10781 = EDGE_CURVE('',#10774,#10782,#10784,.T.);
#10782 = VERTEX_POINT('',#10783);
#10783 = CARTESIAN_POINT('',(-7.1,96.,-15.2));
#10784 = LINE('',#10785,#10786);
#10785 = CARTESIAN_POINT('',(-7.1,96.,-15.6));
#10786 = VECTOR('',#10787,1.);
#10787 = DIRECTION('',(0.,0.,-1.));
#10788 = ORIENTED_EDGE('',*,*,#10789,.T.);
#10789 = EDGE_CURVE('',#10782,#10790,#10792,.T.);
#10790 = VERTEX_POINT('',#10791);
#10791 = CARTESIAN_POINT('',(-6.7,96.,-15.2));
#10792 = LINE('',#10793,#10794);
#10793 = CARTESIAN_POINT('',(-7.425,96.,-15.2));
#10794 = VECTOR('',#10795,1.);
#10795 = DIRECTION('',(1.,0.,0.));
#10796 = ORIENTED_EDGE('',*,*,#10797,.T.);
#10797 = EDGE_CURVE('',#10790,#10726,#10798,.T.);
#10798 = LINE('',#10799,#10800);
#10799 = CARTESIAN_POINT('',(-6.7,96.,-16.025));
#10800 = VECTOR('',#10801,1.);
#10801 = DIRECTION('',(0.,0.,-1.));
#10802 = PLANE('',#10803);
#10803 = AXIS2_PLACEMENT_3D('',#10804,#10805,#10806);
#10804 = CARTESIAN_POINT('',(-7.75,96.,-16.));
#10805 = DIRECTION('',(0.,1.,0.));
#10806 = DIRECTION('',(0.,0.,1.));
#10807 = ADVANCED_FACE('',(#10808),#10819,.F.);
#10808 = FACE_BOUND('',#10809,.F.);
#10809 = EDGE_LOOP('',(#10810,#10811,#10817,#10818));
#10810 = ORIENTED_EDGE('',*,*,#10614,.F.);
#10811 = ORIENTED_EDGE('',*,*,#10812,.T.);
#10812 = EDGE_CURVE('',#10605,#10724,#10813,.T.);
#10813 = LINE('',#10814,#10815);
#10814 = CARTESIAN_POINT('',(-7.75,88.,-16.));
#10815 = VECTOR('',#10816,1.);
#10816 = DIRECTION('',(0.,1.,0.));
#10817 = ORIENTED_EDGE('',*,*,#10733,.T.);
#10818 = ORIENTED_EDGE('',*,*,#7104,.F.);
#10819 = PLANE('',#10820);
#10820 = AXIS2_PLACEMENT_3D('',#10821,#10822,#10823);
#10821 = CARTESIAN_POINT('',(-7.75,88.,-16.));
#10822 = DIRECTION('',(1.,0.,0.));
#10823 = DIRECTION('',(0.,0.,1.));
#10824 = ADVANCED_FACE('',(#10825),#10851,.T.);
#10825 = FACE_BOUND('',#10826,.T.);
#10826 = EDGE_LOOP('',(#10827,#10835,#10844,#10850));
#10827 = ORIENTED_EDGE('',*,*,#10828,.F.);
#10828 = EDGE_CURVE('',#10829,#7129,#10831,.T.);
#10829 = VERTEX_POINT('',#10830);
#10830 = CARTESIAN_POINT('',(-32.25,115.65,-31.5));
#10831 = LINE('',#10832,#10833);
#10832 = CARTESIAN_POINT('',(-32.25,115.65,-31.5));
#10833 = VECTOR('',#10834,1.);
#10834 = DIRECTION('',(0.,0.,1.));
#10835 = ORIENTED_EDGE('',*,*,#10836,.T.);
#10836 = EDGE_CURVE('',#10829,#10837,#10839,.T.);
#10837 = VERTEX_POINT('',#10838);
#10838 = CARTESIAN_POINT('',(-28.25,111.65,-31.5));
#10839 = CIRCLE('',#10840,4.);
#10840 = AXIS2_PLACEMENT_3D('',#10841,#10842,#10843);
#10841 = CARTESIAN_POINT('',(-28.25,115.65,-31.5));
#10842 = DIRECTION('',(-0.,0.,1.));
#10843 = DIRECTION('',(0.,-1.,0.));
#10844 = ORIENTED_EDGE('',*,*,#10845,.T.);
#10845 = EDGE_CURVE('',#10837,#7131,#10846,.T.);
#10846 = LINE('',#10847,#10848);
#10847 = CARTESIAN_POINT('',(-28.25,111.65,-31.5));
#10848 = VECTOR('',#10849,1.);
#10849 = DIRECTION('',(0.,0.,1.));
#10850 = ORIENTED_EDGE('',*,*,#7128,.F.);
#10851 = CYLINDRICAL_SURFACE('',#10852,4.);
#10852 = AXIS2_PLACEMENT_3D('',#10853,#10854,#10855);
#10853 = CARTESIAN_POINT('',(-28.25,115.65,-31.5));
#10854 = DIRECTION('',(0.,0.,1.));
#10855 = DIRECTION('',(-1.,0.,0.));
#10856 = ADVANCED_FACE('',(#10857),#10875,.F.);
#10857 = FACE_BOUND('',#10858,.F.);
#10858 = EDGE_LOOP('',(#10859,#10860,#10861,#10869));
#10859 = ORIENTED_EDGE('',*,*,#7139,.F.);
#10860 = ORIENTED_EDGE('',*,*,#10828,.F.);
#10861 = ORIENTED_EDGE('',*,*,#10862,.T.);
#10862 = EDGE_CURVE('',#10829,#10863,#10865,.T.);
#10863 = VERTEX_POINT('',#10864);
#10864 = CARTESIAN_POINT('',(-32.25,138.15,-31.5));
#10865 = LINE('',#10866,#10867);
#10866 = CARTESIAN_POINT('',(-32.25,111.65,-31.5));
#10867 = VECTOR('',#10868,1.);
#10868 = DIRECTION('',(0.,1.,0.));
#10869 = ORIENTED_EDGE('',*,*,#10870,.T.);
#10870 = EDGE_CURVE('',#10863,#7140,#10871,.T.);
#10871 = LINE('',#10872,#10873);
#10872 = CARTESIAN_POINT('',(-32.25,138.15,-31.5));
#10873 = VECTOR('',#10874,1.);
#10874 = DIRECTION('',(0.,0.,1.));
#10875 = PLANE('',#10876);
#10876 = AXIS2_PLACEMENT_3D('',#10877,#10878,#10879);
#10877 = CARTESIAN_POINT('',(-32.25,111.65,-31.5));
#10878 = DIRECTION('',(1.,0.,0.));
#10879 = DIRECTION('',(0.,0.,1.));
#10880 = ADVANCED_FACE('',(#10881),#10899,.F.);
#10881 = FACE_BOUND('',#10882,.F.);
#10882 = EDGE_LOOP('',(#10883,#10891,#10892,#10893));
#10883 = ORIENTED_EDGE('',*,*,#10884,.F.);
#10884 = EDGE_CURVE('',#10837,#10885,#10887,.T.);
#10885 = VERTEX_POINT('',#10886);
#10886 = CARTESIAN_POINT('',(-5.75,111.65,-31.5));
#10887 = LINE('',#10888,#10889);
#10888 = CARTESIAN_POINT('',(-32.25,111.65,-31.5));
#10889 = VECTOR('',#10890,1.);
#10890 = DIRECTION('',(1.,0.,0.));
#10891 = ORIENTED_EDGE('',*,*,#10845,.T.);
#10892 = ORIENTED_EDGE('',*,*,#7190,.F.);
#10893 = ORIENTED_EDGE('',*,*,#10894,.F.);
#10894 = EDGE_CURVE('',#10885,#7182,#10895,.T.);
#10895 = LINE('',#10896,#10897);
#10896 = CARTESIAN_POINT('',(-5.75,111.65,-31.5));
#10897 = VECTOR('',#10898,1.);
#10898 = DIRECTION('',(0.,0.,1.));
#10899 = PLANE('',#10900);
#10900 = AXIS2_PLACEMENT_3D('',#10901,#10902,#10903);
#10901 = CARTESIAN_POINT('',(-32.25,111.65,-31.5));
#10902 = DIRECTION('',(0.,1.,0.));
#10903 = DIRECTION('',(0.,0.,1.));
#10904 = ADVANCED_FACE('',(#10905),#10924,.T.);
#10905 = FACE_BOUND('',#10906,.F.);
#10906 = EDGE_LOOP('',(#10907,#10908,#10917,#10923));
#10907 = ORIENTED_EDGE('',*,*,#10870,.F.);
#10908 = ORIENTED_EDGE('',*,*,#10909,.T.);
#10909 = EDGE_CURVE('',#10863,#10910,#10912,.T.);
#10910 = VERTEX_POINT('',#10911);
#10911 = CARTESIAN_POINT('',(-28.25,142.15,-31.5));
#10912 = CIRCLE('',#10913,4.);
#10913 = AXIS2_PLACEMENT_3D('',#10914,#10915,#10916);
#10914 = CARTESIAN_POINT('',(-28.25,138.15,-31.5));
#10915 = DIRECTION('',(-0.,-0.,-1.));
#10916 = DIRECTION('',(0.,-1.,0.));
#10917 = ORIENTED_EDGE('',*,*,#10918,.T.);
#10918 = EDGE_CURVE('',#10910,#7148,#10919,.T.);
#10919 = LINE('',#10920,#10921);
#10920 = CARTESIAN_POINT('',(-28.25,142.15,-31.5));
#10921 = VECTOR('',#10922,1.);
#10922 = DIRECTION('',(0.,0.,1.));
#10923 = ORIENTED_EDGE('',*,*,#7147,.T.);
#10924 = CYLINDRICAL_SURFACE('',#10925,4.);
#10925 = AXIS2_PLACEMENT_3D('',#10926,#10927,#10928);
#10926 = CARTESIAN_POINT('',(-28.25,138.15,-31.5));
#10927 = DIRECTION('',(0.,0.,1.));
#10928 = DIRECTION('',(-1.,0.,0.));
#10929 = ADVANCED_FACE('',(#10930),#10949,.T.);
#10930 = FACE_BOUND('',#10931,.F.);
#10931 = EDGE_LOOP('',(#10932,#10940,#10947,#10948));
#10932 = ORIENTED_EDGE('',*,*,#10933,.F.);
#10933 = EDGE_CURVE('',#10934,#7174,#10936,.T.);
#10934 = VERTEX_POINT('',#10935);
#10935 = CARTESIAN_POINT('',(-1.75,115.65,-31.5));
#10936 = LINE('',#10937,#10938);
#10937 = CARTESIAN_POINT('',(-1.75,115.65,-31.5));
#10938 = VECTOR('',#10939,1.);
#10939 = DIRECTION('',(0.,0.,1.));
#10940 = ORIENTED_EDGE('',*,*,#10941,.T.);
#10941 = EDGE_CURVE('',#10934,#10885,#10942,.T.);
#10942 = CIRCLE('',#10943,4.);
#10943 = AXIS2_PLACEMENT_3D('',#10944,#10945,#10946);
#10944 = CARTESIAN_POINT('',(-5.75,115.65,-31.5));
#10945 = DIRECTION('',(-0.,-0.,-1.));
#10946 = DIRECTION('',(0.,-1.,0.));
#10947 = ORIENTED_EDGE('',*,*,#10894,.T.);
#10948 = ORIENTED_EDGE('',*,*,#7181,.T.);
#10949 = CYLINDRICAL_SURFACE('',#10950,4.);
#10950 = AXIS2_PLACEMENT_3D('',#10951,#10952,#10953);
#10951 = CARTESIAN_POINT('',(-5.75,115.65,-31.5));
#10952 = DIRECTION('',(0.,0.,1.));
#10953 = DIRECTION('',(1.,0.,0.));
#10954 = ADVANCED_FACE('',(#10955),#10973,.T.);
#10955 = FACE_BOUND('',#10956,.T.);
#10956 = EDGE_LOOP('',(#10957,#10965,#10966,#10967));
#10957 = ORIENTED_EDGE('',*,*,#10958,.F.);
#10958 = EDGE_CURVE('',#10910,#10959,#10961,.T.);
#10959 = VERTEX_POINT('',#10960);
#10960 = CARTESIAN_POINT('',(-5.75,142.15,-31.5));
#10961 = LINE('',#10962,#10963);
#10962 = CARTESIAN_POINT('',(-32.25,142.15,-31.5));
#10963 = VECTOR('',#10964,1.);
#10964 = DIRECTION('',(1.,0.,0.));
#10965 = ORIENTED_EDGE('',*,*,#10918,.T.);
#10966 = ORIENTED_EDGE('',*,*,#7156,.F.);
#10967 = ORIENTED_EDGE('',*,*,#10968,.F.);
#10968 = EDGE_CURVE('',#10959,#7157,#10969,.T.);
#10969 = LINE('',#10970,#10971);
#10970 = CARTESIAN_POINT('',(-5.75,142.15,-31.5));
#10971 = VECTOR('',#10972,1.);
#10972 = DIRECTION('',(0.,0.,1.));
#10973 = PLANE('',#10974);
#10974 = AXIS2_PLACEMENT_3D('',#10975,#10976,#10977);
#10975 = CARTESIAN_POINT('',(-32.25,142.15,-31.5));
#10976 = DIRECTION('',(0.,1.,0.));
#10977 = DIRECTION('',(0.,0.,1.));
#10978 = ADVANCED_FACE('',(#10979),#10997,.T.);
#10979 = FACE_BOUND('',#10980,.T.);
#10980 = EDGE_LOOP('',(#10981,#10982,#10983,#10991));
#10981 = ORIENTED_EDGE('',*,*,#7173,.F.);
#10982 = ORIENTED_EDGE('',*,*,#10933,.F.);
#10983 = ORIENTED_EDGE('',*,*,#10984,.T.);
#10984 = EDGE_CURVE('',#10934,#10985,#10987,.T.);
#10985 = VERTEX_POINT('',#10986);
#10986 = CARTESIAN_POINT('',(-1.75,138.15,-31.5));
#10987 = LINE('',#10988,#10989);
#10988 = CARTESIAN_POINT('',(-1.75,111.65,-31.5));
#10989 = VECTOR('',#10990,1.);
#10990 = DIRECTION('',(0.,1.,0.));
#10991 = ORIENTED_EDGE('',*,*,#10992,.T.);
#10992 = EDGE_CURVE('',#10985,#7165,#10993,.T.);
#10993 = LINE('',#10994,#10995);
#10994 = CARTESIAN_POINT('',(-1.75,138.15,-31.5));
#10995 = VECTOR('',#10996,1.);
#10996 = DIRECTION('',(0.,0.,1.));
#10997 = PLANE('',#10998);
#10998 = AXIS2_PLACEMENT_3D('',#10999,#11000,#11001);
#10999 = CARTESIAN_POINT('',(-1.75,111.65,-31.5));
#11000 = DIRECTION('',(1.,0.,0.));
#11001 = DIRECTION('',(0.,0.,1.));
#11002 = ADVANCED_FACE('',(#11003),#11015,.T.);
#11003 = FACE_BOUND('',#11004,.T.);
#11004 = EDGE_LOOP('',(#11005,#11006,#11013,#11014));
#11005 = ORIENTED_EDGE('',*,*,#10992,.F.);
#11006 = ORIENTED_EDGE('',*,*,#11007,.T.);
#11007 = EDGE_CURVE('',#10985,#10959,#11008,.T.);
#11008 = CIRCLE('',#11009,4.);
#11009 = AXIS2_PLACEMENT_3D('',#11010,#11011,#11012);
#11010 = CARTESIAN_POINT('',(-5.75,138.15,-31.5));
#11011 = DIRECTION('',(-0.,0.,1.));
#11012 = DIRECTION('',(0.,-1.,0.));
#11013 = ORIENTED_EDGE('',*,*,#10968,.T.);
#11014 = ORIENTED_EDGE('',*,*,#7164,.F.);
#11015 = CYLINDRICAL_SURFACE('',#11016,4.);
#11016 = AXIS2_PLACEMENT_3D('',#11017,#11018,#11019);
#11017 = CARTESIAN_POINT('',(-5.75,138.15,-31.5));
#11018 = DIRECTION('',(0.,0.,1.));
#11019 = DIRECTION('',(1.,0.,0.));
#11020 = ADVANCED_FACE('',(#11021),#11037,.F.);
#11021 = FACE_BOUND('',#11022,.F.);
#11022 = EDGE_LOOP('',(#11023,#11029,#11030,#11036));
#11023 = ORIENTED_EDGE('',*,*,#11024,.F.);
#11024 = EDGE_CURVE('',#7199,#7363,#11025,.T.);
#11025 = LINE('',#11026,#11027);
#11026 = CARTESIAN_POINT('',(5.5,109.,-11.5));
#11027 = VECTOR('',#11028,1.);
#11028 = DIRECTION('',(0.,0.,1.));
#11029 = ORIENTED_EDGE('',*,*,#7198,.T.);
#11030 = ORIENTED_EDGE('',*,*,#11031,.T.);
#11031 = EDGE_CURVE('',#7201,#7365,#11032,.T.);
#11032 = LINE('',#11033,#11034);
#11033 = CARTESIAN_POINT('',(8.5,106.,-11.5));
#11034 = VECTOR('',#11035,1.);
#11035 = DIRECTION('',(0.,0.,1.));
#11036 = ORIENTED_EDGE('',*,*,#7362,.F.);
#11037 = CYLINDRICAL_SURFACE('',#11038,3.);
#11038 = AXIS2_PLACEMENT_3D('',#11039,#11040,#11041);
#11039 = CARTESIAN_POINT('',(8.5,109.,-11.5));
#11040 = DIRECTION('',(0.,0.,1.));
#11041 = DIRECTION('',(-1.,0.,0.));
#11042 = ADVANCED_FACE('',(#11043),#11054,.T.);
#11043 = FACE_BOUND('',#11044,.T.);
#11044 = EDGE_LOOP('',(#11045,#11046,#11047,#11048));
#11045 = ORIENTED_EDGE('',*,*,#7373,.F.);
#11046 = ORIENTED_EDGE('',*,*,#11024,.F.);
#11047 = ORIENTED_EDGE('',*,*,#7209,.T.);
#11048 = ORIENTED_EDGE('',*,*,#11049,.T.);
#11049 = EDGE_CURVE('',#7210,#7374,#11050,.T.);
#11050 = LINE('',#11051,#11052);
#11051 = CARTESIAN_POINT('',(5.5,138.,-11.5));
#11052 = VECTOR('',#11053,1.);
#11053 = DIRECTION('',(0.,0.,1.));
#11054 = PLANE('',#11055);
#11055 = AXIS2_PLACEMENT_3D('',#11056,#11057,#11058);
#11056 = CARTESIAN_POINT('',(5.5,106.,-11.5));
#11057 = DIRECTION('',(1.,0.,0.));
#11058 = DIRECTION('',(0.,0.,1.));
#11059 = ADVANCED_FACE('',(#11060),#11071,.T.);
#11060 = FACE_BOUND('',#11061,.T.);
#11061 = EDGE_LOOP('',(#11062,#11063,#11064,#11065));
#11062 = ORIENTED_EDGE('',*,*,#7260,.T.);
#11063 = ORIENTED_EDGE('',*,*,#11031,.T.);
#11064 = ORIENTED_EDGE('',*,*,#7424,.F.);
#11065 = ORIENTED_EDGE('',*,*,#11066,.F.);
#11066 = EDGE_CURVE('',#7252,#7416,#11067,.T.);
#11067 = LINE('',#11068,#11069);
#11068 = CARTESIAN_POINT('',(28.5,106.,-11.5));
#11069 = VECTOR('',#11070,1.);
#11070 = DIRECTION('',(0.,0.,1.));
#11071 = PLANE('',#11072);
#11072 = AXIS2_PLACEMENT_3D('',#11073,#11074,#11075);
#11073 = CARTESIAN_POINT('',(5.5,106.,-11.5));
#11074 = DIRECTION('',(0.,1.,0.));
#11075 = DIRECTION('',(0.,0.,1.));
#11076 = ADVANCED_FACE('',(#11077),#11088,.F.);
#11077 = FACE_BOUND('',#11078,.T.);
#11078 = EDGE_LOOP('',(#11079,#11080,#11081,#11087));
#11079 = ORIENTED_EDGE('',*,*,#11049,.F.);
#11080 = ORIENTED_EDGE('',*,*,#7217,.F.);
#11081 = ORIENTED_EDGE('',*,*,#11082,.T.);
#11082 = EDGE_CURVE('',#7218,#7382,#11083,.T.);
#11083 = LINE('',#11084,#11085);
#11084 = CARTESIAN_POINT('',(8.5,141.,-11.5));
#11085 = VECTOR('',#11086,1.);
#11086 = DIRECTION('',(0.,0.,1.));
#11087 = ORIENTED_EDGE('',*,*,#7381,.T.);
#11088 = CYLINDRICAL_SURFACE('',#11089,3.);
#11089 = AXIS2_PLACEMENT_3D('',#11090,#11091,#11092);
#11090 = CARTESIAN_POINT('',(8.5,138.,-11.5));
#11091 = DIRECTION('',(0.,0.,1.));
#11092 = DIRECTION('',(-1.,0.,0.));
#11093 = ADVANCED_FACE('',(#11094),#11105,.F.);
#11094 = FACE_BOUND('',#11095,.T.);
#11095 = EDGE_LOOP('',(#11096,#11102,#11103,#11104));
#11096 = ORIENTED_EDGE('',*,*,#11097,.F.);
#11097 = EDGE_CURVE('',#7244,#7408,#11098,.T.);
#11098 = LINE('',#11099,#11100);
#11099 = CARTESIAN_POINT('',(31.5,109.,-11.5));
#11100 = VECTOR('',#11101,1.);
#11101 = DIRECTION('',(0.,0.,1.));
#11102 = ORIENTED_EDGE('',*,*,#7251,.F.);
#11103 = ORIENTED_EDGE('',*,*,#11066,.T.);
#11104 = ORIENTED_EDGE('',*,*,#7415,.T.);
#11105 = CYLINDRICAL_SURFACE('',#11106,3.);
#11106 = AXIS2_PLACEMENT_3D('',#11107,#11108,#11109);
#11107 = CARTESIAN_POINT('',(28.5,109.,-11.5));
#11108 = DIRECTION('',(0.,0.,1.));
#11109 = DIRECTION('',(1.,0.,0.));
#11110 = ADVANCED_FACE('',(#11111),#11122,.F.);
#11111 = FACE_BOUND('',#11112,.F.);
#11112 = EDGE_LOOP('',(#11113,#11114,#11115,#11116));
#11113 = ORIENTED_EDGE('',*,*,#7226,.T.);
#11114 = ORIENTED_EDGE('',*,*,#11082,.T.);
#11115 = ORIENTED_EDGE('',*,*,#7390,.F.);
#11116 = ORIENTED_EDGE('',*,*,#11117,.F.);
#11117 = EDGE_CURVE('',#7227,#7391,#11118,.T.);
#11118 = LINE('',#11119,#11120);
#11119 = CARTESIAN_POINT('',(28.5,141.,-11.5));
#11120 = VECTOR('',#11121,1.);
#11121 = DIRECTION('',(0.,0.,1.));
#11122 = PLANE('',#11123);
#11123 = AXIS2_PLACEMENT_3D('',#11124,#11125,#11126);
#11124 = CARTESIAN_POINT('',(5.5,141.,-11.5));
#11125 = DIRECTION('',(0.,1.,0.));
#11126 = DIRECTION('',(0.,0.,1.));
#11127 = ADVANCED_FACE('',(#11128),#11139,.F.);
#11128 = FACE_BOUND('',#11129,.F.);
#11129 = EDGE_LOOP('',(#11130,#11131,#11132,#11133));
#11130 = ORIENTED_EDGE('',*,*,#7407,.F.);
#11131 = ORIENTED_EDGE('',*,*,#11097,.F.);
#11132 = ORIENTED_EDGE('',*,*,#7243,.T.);
#11133 = ORIENTED_EDGE('',*,*,#11134,.T.);
#11134 = EDGE_CURVE('',#7235,#7399,#11135,.T.);
#11135 = LINE('',#11136,#11137);
#11136 = CARTESIAN_POINT('',(31.5,138.,-11.5));
#11137 = VECTOR('',#11138,1.);
#11138 = DIRECTION('',(0.,0.,1.));
#11139 = PLANE('',#11140);
#11140 = AXIS2_PLACEMENT_3D('',#11141,#11142,#11143);
#11141 = CARTESIAN_POINT('',(31.5,106.,-11.5));
#11142 = DIRECTION('',(1.,0.,0.));
#11143 = DIRECTION('',(0.,0.,1.));
#11144 = ADVANCED_FACE('',(#11145),#11151,.F.);
#11145 = FACE_BOUND('',#11146,.F.);
#11146 = EDGE_LOOP('',(#11147,#11148,#11149,#11150));
#11147 = ORIENTED_EDGE('',*,*,#11134,.F.);
#11148 = ORIENTED_EDGE('',*,*,#7234,.T.);
#11149 = ORIENTED_EDGE('',*,*,#11117,.T.);
#11150 = ORIENTED_EDGE('',*,*,#7398,.F.);
#11151 = CYLINDRICAL_SURFACE('',#11152,3.);
#11152 = AXIS2_PLACEMENT_3D('',#11153,#11154,#11155);
#11153 = CARTESIAN_POINT('',(28.5,138.,-11.5));
#11154 = DIRECTION('',(0.,0.,1.));
#11155 = DIRECTION('',(1.,0.,0.));
#11156 = ADVANCED_FACE('',(#11157),#11183,.T.);
#11157 = FACE_BOUND('',#11158,.T.);
#11158 = EDGE_LOOP('',(#11159,#11167,#11168,#11176));
#11159 = ORIENTED_EDGE('',*,*,#11160,.F.);
#11160 = EDGE_CURVE('',#7433,#11161,#11163,.T.);
#11161 = VERTEX_POINT('',#11162);
#11162 = CARTESIAN_POINT('',(-32.25,115.65,-8.));
#11163 = LINE('',#11164,#11165);
#11164 = CARTESIAN_POINT('',(-32.25,115.65,-31.5));
#11165 = VECTOR('',#11166,1.);
#11166 = DIRECTION('',(0.,0.,1.));
#11167 = ORIENTED_EDGE('',*,*,#7432,.T.);
#11168 = ORIENTED_EDGE('',*,*,#11169,.T.);
#11169 = EDGE_CURVE('',#7435,#11170,#11172,.T.);
#11170 = VERTEX_POINT('',#11171);
#11171 = CARTESIAN_POINT('',(-28.25,111.65,-8.));
#11172 = LINE('',#11173,#11174);
#11173 = CARTESIAN_POINT('',(-28.25,111.65,-31.5));
#11174 = VECTOR('',#11175,1.);
#11175 = DIRECTION('',(0.,0.,1.));
#11176 = ORIENTED_EDGE('',*,*,#11177,.F.);
#11177 = EDGE_CURVE('',#11161,#11170,#11178,.T.);
#11178 = CIRCLE('',#11179,4.);
#11179 = AXIS2_PLACEMENT_3D('',#11180,#11181,#11182);
#11180 = CARTESIAN_POINT('',(-28.25,115.65,-8.));
#11181 = DIRECTION('',(-0.,0.,1.));
#11182 = DIRECTION('',(0.,-1.,0.));
#11183 = CYLINDRICAL_SURFACE('',#11184,4.);
#11184 = AXIS2_PLACEMENT_3D('',#11185,#11186,#11187);
#11185 = CARTESIAN_POINT('',(-28.25,115.65,-31.5));
#11186 = DIRECTION('',(0.,0.,1.));
#11187 = DIRECTION('',(-1.,0.,0.));
#11188 = ADVANCED_FACE('',(#11189),#11207,.F.);
#11189 = FACE_BOUND('',#11190,.F.);
#11190 = EDGE_LOOP('',(#11191,#11199,#11200,#11201));
#11191 = ORIENTED_EDGE('',*,*,#11192,.F.);
#11192 = EDGE_CURVE('',#11161,#11193,#11195,.T.);
#11193 = VERTEX_POINT('',#11194);
#11194 = CARTESIAN_POINT('',(-32.25,138.15,-8.));
#11195 = LINE('',#11196,#11197);
#11196 = CARTESIAN_POINT('',(-32.25,111.65,-8.));
#11197 = VECTOR('',#11198,1.);
#11198 = DIRECTION('',(0.,1.,0.));
#11199 = ORIENTED_EDGE('',*,*,#11160,.F.);
#11200 = ORIENTED_EDGE('',*,*,#7443,.T.);
#11201 = ORIENTED_EDGE('',*,*,#11202,.T.);
#11202 = EDGE_CURVE('',#7444,#11193,#11203,.T.);
#11203 = LINE('',#11204,#11205);
#11204 = CARTESIAN_POINT('',(-32.25,138.15,-31.5));
#11205 = VECTOR('',#11206,1.);
#11206 = DIRECTION('',(0.,0.,1.));
#11207 = PLANE('',#11208);
#11208 = AXIS2_PLACEMENT_3D('',#11209,#11210,#11211);
#11209 = CARTESIAN_POINT('',(-32.25,111.65,-31.5));
#11210 = DIRECTION('',(1.,0.,0.));
#11211 = DIRECTION('',(0.,0.,1.));
#11212 = ADVANCED_FACE('',(#11213),#11232,.T.);
#11213 = FACE_BOUND('',#11214,.F.);
#11214 = EDGE_LOOP('',(#11215,#11216,#11217,#11225));
#11215 = ORIENTED_EDGE('',*,*,#11202,.F.);
#11216 = ORIENTED_EDGE('',*,*,#7451,.F.);
#11217 = ORIENTED_EDGE('',*,*,#11218,.T.);
#11218 = EDGE_CURVE('',#7452,#11219,#11221,.T.);
#11219 = VERTEX_POINT('',#11220);
#11220 = CARTESIAN_POINT('',(-28.25,142.15,-8.));
#11221 = LINE('',#11222,#11223);
#11222 = CARTESIAN_POINT('',(-28.25,142.15,-31.5));
#11223 = VECTOR('',#11224,1.);
#11224 = DIRECTION('',(0.,0.,1.));
#11225 = ORIENTED_EDGE('',*,*,#11226,.F.);
#11226 = EDGE_CURVE('',#11193,#11219,#11227,.T.);
#11227 = CIRCLE('',#11228,4.);
#11228 = AXIS2_PLACEMENT_3D('',#11229,#11230,#11231);
#11229 = CARTESIAN_POINT('',(-28.25,138.15,-8.));
#11230 = DIRECTION('',(-0.,-0.,-1.));
#11231 = DIRECTION('',(0.,-1.,0.));
#11232 = CYLINDRICAL_SURFACE('',#11233,4.);
#11233 = AXIS2_PLACEMENT_3D('',#11234,#11235,#11236);
#11234 = CARTESIAN_POINT('',(-28.25,138.15,-31.5));
#11235 = DIRECTION('',(0.,0.,1.));
#11236 = DIRECTION('',(-1.,0.,0.));
#11237 = ADVANCED_FACE('',(#11238),#11256,.T.);
#11238 = FACE_BOUND('',#11239,.T.);
#11239 = EDGE_LOOP('',(#11240,#11241,#11242,#11250));
#11240 = ORIENTED_EDGE('',*,*,#7460,.T.);
#11241 = ORIENTED_EDGE('',*,*,#11218,.T.);
#11242 = ORIENTED_EDGE('',*,*,#11243,.T.);
#11243 = EDGE_CURVE('',#11219,#11244,#11246,.T.);
#11244 = VERTEX_POINT('',#11245);
#11245 = CARTESIAN_POINT('',(-5.75,142.15,-8.));
#11246 = LINE('',#11247,#11248);
#11247 = CARTESIAN_POINT('',(-32.25,142.15,-8.));
#11248 = VECTOR('',#11249,1.);
#11249 = DIRECTION('',(1.,0.,0.));
#11250 = ORIENTED_EDGE('',*,*,#11251,.F.);
#11251 = EDGE_CURVE('',#7461,#11244,#11252,.T.);
#11252 = LINE('',#11253,#11254);
#11253 = CARTESIAN_POINT('',(-5.75,142.15,-31.5));
#11254 = VECTOR('',#11255,1.);
#11255 = DIRECTION('',(0.,0.,1.));
#11256 = PLANE('',#11257);
#11257 = AXIS2_PLACEMENT_3D('',#11258,#11259,#11260);
#11258 = CARTESIAN_POINT('',(-32.25,142.15,-31.5));
#11259 = DIRECTION('',(0.,1.,0.));
#11260 = DIRECTION('',(0.,0.,1.));
#11261 = ADVANCED_FACE('',(#11262),#11281,.T.);
#11262 = FACE_BOUND('',#11263,.T.);
#11263 = EDGE_LOOP('',(#11264,#11272,#11273,#11274));
#11264 = ORIENTED_EDGE('',*,*,#11265,.F.);
#11265 = EDGE_CURVE('',#7469,#11266,#11268,.T.);
#11266 = VERTEX_POINT('',#11267);
#11267 = CARTESIAN_POINT('',(-1.75,138.15,-8.));
#11268 = LINE('',#11269,#11270);
#11269 = CARTESIAN_POINT('',(-1.75,138.15,-31.5));
#11270 = VECTOR('',#11271,1.);
#11271 = DIRECTION('',(0.,0.,1.));
#11272 = ORIENTED_EDGE('',*,*,#7468,.T.);
#11273 = ORIENTED_EDGE('',*,*,#11251,.T.);
#11274 = ORIENTED_EDGE('',*,*,#11275,.F.);
#11275 = EDGE_CURVE('',#11266,#11244,#11276,.T.);
#11276 = CIRCLE('',#11277,4.);
#11277 = AXIS2_PLACEMENT_3D('',#11278,#11279,#11280);
#11278 = CARTESIAN_POINT('',(-5.75,138.15,-8.));
#11279 = DIRECTION('',(-0.,0.,1.));
#11280 = DIRECTION('',(0.,-1.,0.));
#11281 = CYLINDRICAL_SURFACE('',#11282,4.);
#11282 = AXIS2_PLACEMENT_3D('',#11283,#11284,#11285);
#11283 = CARTESIAN_POINT('',(-5.75,138.15,-31.5));
#11284 = DIRECTION('',(0.,0.,1.));
#11285 = DIRECTION('',(1.,0.,0.));
#11286 = ADVANCED_FACE('',(#11287),#11305,.T.);
#11287 = FACE_BOUND('',#11288,.T.);
#11288 = EDGE_LOOP('',(#11289,#11297,#11303,#11304));
#11289 = ORIENTED_EDGE('',*,*,#11290,.F.);
#11290 = EDGE_CURVE('',#11291,#11266,#11293,.T.);
#11291 = VERTEX_POINT('',#11292);
#11292 = CARTESIAN_POINT('',(-1.75,115.65,-8.));
#11293 = LINE('',#11294,#11295);
#11294 = CARTESIAN_POINT('',(-1.75,111.65,-8.));
#11295 = VECTOR('',#11296,1.);
#11296 = DIRECTION('',(0.,1.,0.));
#11297 = ORIENTED_EDGE('',*,*,#11298,.F.);
#11298 = EDGE_CURVE('',#7478,#11291,#11299,.T.);
#11299 = LINE('',#11300,#11301);
#11300 = CARTESIAN_POINT('',(-1.75,115.65,-31.5));
#11301 = VECTOR('',#11302,1.);
#11302 = DIRECTION('',(0.,0.,1.));
#11303 = ORIENTED_EDGE('',*,*,#7477,.T.);
#11304 = ORIENTED_EDGE('',*,*,#11265,.T.);
#11305 = PLANE('',#11306);
#11306 = AXIS2_PLACEMENT_3D('',#11307,#11308,#11309);
#11307 = CARTESIAN_POINT('',(-1.75,111.65,-31.5));
#11308 = DIRECTION('',(1.,0.,0.));
#11309 = DIRECTION('',(0.,0.,1.));
#11310 = ADVANCED_FACE('',(#11311),#11330,.T.);
#11311 = FACE_BOUND('',#11312,.F.);
#11312 = EDGE_LOOP('',(#11313,#11314,#11315,#11323));
#11313 = ORIENTED_EDGE('',*,*,#11298,.F.);
#11314 = ORIENTED_EDGE('',*,*,#7485,.F.);
#11315 = ORIENTED_EDGE('',*,*,#11316,.T.);
#11316 = EDGE_CURVE('',#7486,#11317,#11319,.T.);
#11317 = VERTEX_POINT('',#11318);
#11318 = CARTESIAN_POINT('',(-5.75,111.65,-8.));
#11319 = LINE('',#11320,#11321);
#11320 = CARTESIAN_POINT('',(-5.75,111.65,-31.5));
#11321 = VECTOR('',#11322,1.);
#11322 = DIRECTION('',(0.,0.,1.));
#11323 = ORIENTED_EDGE('',*,*,#11324,.F.);
#11324 = EDGE_CURVE('',#11291,#11317,#11325,.T.);
#11325 = CIRCLE('',#11326,4.);
#11326 = AXIS2_PLACEMENT_3D('',#11327,#11328,#11329);
#11327 = CARTESIAN_POINT('',(-5.75,115.65,-8.));
#11328 = DIRECTION('',(-0.,-0.,-1.));
#11329 = DIRECTION('',(0.,-1.,0.));
#11330 = CYLINDRICAL_SURFACE('',#11331,4.);
#11331 = AXIS2_PLACEMENT_3D('',#11332,#11333,#11334);
#11332 = CARTESIAN_POINT('',(-5.75,115.65,-31.5));
#11333 = DIRECTION('',(0.,0.,1.));
#11334 = DIRECTION('',(1.,0.,0.));
#11335 = ADVANCED_FACE('',(#11336),#11347,.F.);
#11336 = FACE_BOUND('',#11337,.F.);
#11337 = EDGE_LOOP('',(#11338,#11339,#11340,#11346));
#11338 = ORIENTED_EDGE('',*,*,#7494,.T.);
#11339 = ORIENTED_EDGE('',*,*,#11169,.T.);
#11340 = ORIENTED_EDGE('',*,*,#11341,.T.);
#11341 = EDGE_CURVE('',#11170,#11317,#11342,.T.);
#11342 = LINE('',#11343,#11344);
#11343 = CARTESIAN_POINT('',(-32.25,111.65,-8.));
#11344 = VECTOR('',#11345,1.);
#11345 = DIRECTION('',(1.,0.,0.));
#11346 = ORIENTED_EDGE('',*,*,#11316,.F.);
#11347 = PLANE('',#11348);
#11348 = AXIS2_PLACEMENT_3D('',#11349,#11350,#11351);
#11349 = CARTESIAN_POINT('',(-32.25,111.65,-31.5));
#11350 = DIRECTION('',(0.,1.,0.));
#11351 = DIRECTION('',(0.,0.,1.));
#11352 = ADVANCED_FACE('',(#11353),#11366,.F.);
#11353 = FACE_BOUND('',#11354,.F.);
#11354 = EDGE_LOOP('',(#11355,#11356,#11357,#11363,#11364,#11365));
#11355 = ORIENTED_EDGE('',*,*,#7540,.F.);
#11356 = ORIENTED_EDGE('',*,*,#7573,.F.);
#11357 = ORIENTED_EDGE('',*,*,#11358,.F.);
#11358 = EDGE_CURVE('',#7731,#7564,#11359,.T.);
#11359 = LINE('',#11360,#11361);
#11360 = CARTESIAN_POINT('',(35.8,130.6,-23.8));
#11361 = VECTOR('',#11362,1.);
#11362 = DIRECTION('',(0.,0.,1.));
#11363 = ORIENTED_EDGE('',*,*,#7730,.F.);
#11364 = ORIENTED_EDGE('',*,*,#7754,.T.);
#11365 = ORIENTED_EDGE('',*,*,#7516,.T.);
#11366 = PLANE('',#11367);
#11367 = AXIS2_PLACEMENT_3D('',#11368,#11369,#11370);
#11368 = CARTESIAN_POINT('',(35.8,125.,-25.));
#11369 = DIRECTION('',(1.,0.,0.));
#11370 = DIRECTION('',(0.,0.,1.));
#11371 = ADVANCED_FACE('',(#11372),#11378,.F.);
#11372 = FACE_BOUND('',#11373,.F.);
#11373 = EDGE_LOOP('',(#11374,#11375,#11376,#11377));
#11374 = ORIENTED_EDGE('',*,*,#7739,.F.);
#11375 = ORIENTED_EDGE('',*,*,#11358,.T.);
#11376 = ORIENTED_EDGE('',*,*,#7563,.T.);
#11377 = ORIENTED_EDGE('',*,*,#9779,.F.);
#11378 = PLANE('',#11379);
#11379 = AXIS2_PLACEMENT_3D('',#11380,#11381,#11382);
#11380 = CARTESIAN_POINT('',(35.,130.6,-22.6));
#11381 = DIRECTION('',(0.,1.,0.));
#11382 = DIRECTION('',(0.,0.,1.));
#11383 = ADVANCED_FACE('',(#11384),#11395,.T.);
#11384 = FACE_BOUND('',#11385,.T.);
#11385 = EDGE_LOOP('',(#11386,#11387,#11393,#11394));
#11386 = ORIENTED_EDGE('',*,*,#7705,.F.);
#11387 = ORIENTED_EDGE('',*,*,#11388,.T.);
#11388 = EDGE_CURVE('',#7706,#7591,#11389,.T.);
#11389 = LINE('',#11390,#11391);
#11390 = CARTESIAN_POINT('',(35.8,125.4,-23.8));
#11391 = VECTOR('',#11392,1.);
#11392 = DIRECTION('',(0.,0.,1.));
#11393 = ORIENTED_EDGE('',*,*,#7599,.T.);
#11394 = ORIENTED_EDGE('',*,*,#9786,.F.);
#11395 = PLANE('',#11396);
#11396 = AXIS2_PLACEMENT_3D('',#11397,#11398,#11399);
#11397 = CARTESIAN_POINT('',(35.,125.4,-22.6));
#11398 = DIRECTION('',(0.,1.,0.));
#11399 = DIRECTION('',(0.,0.,1.));
#11400 = ADVANCED_FACE('',(#11401),#11409,.F.);
#11401 = FACE_BOUND('',#11402,.F.);
#11402 = EDGE_LOOP('',(#11403,#11404,#11405,#11406,#11407,#11408));
#11403 = ORIENTED_EDGE('',*,*,#7623,.F.);
#11404 = ORIENTED_EDGE('',*,*,#7654,.F.);
#11405 = ORIENTED_EDGE('',*,*,#7678,.T.);
#11406 = ORIENTED_EDGE('',*,*,#7713,.F.);
#11407 = ORIENTED_EDGE('',*,*,#11388,.T.);
#11408 = ORIENTED_EDGE('',*,*,#7590,.F.);
#11409 = PLANE('',#11410);
#11410 = AXIS2_PLACEMENT_3D('',#11411,#11412,#11413);
#11411 = CARTESIAN_POINT('',(35.8,125.,-25.));
#11412 = DIRECTION('',(1.,0.,0.));
#11413 = DIRECTION('',(0.,0.,1.));
#11414 = ADVANCED_FACE('',(#11415),#11428,.F.);
#11415 = FACE_BOUND('',#11416,.F.);
#11416 = EDGE_LOOP('',(#11417,#11418,#11419,#11425,#11426,#11427));
#11417 = ORIENTED_EDGE('',*,*,#7802,.F.);
#11418 = ORIENTED_EDGE('',*,*,#7835,.F.);
#11419 = ORIENTED_EDGE('',*,*,#11420,.F.);
#11420 = EDGE_CURVE('',#7993,#7826,#11421,.T.);
#11421 = LINE('',#11422,#11423);
#11422 = CARTESIAN_POINT('',(35.8,118.6,-23.8));
#11423 = VECTOR('',#11424,1.);
#11424 = DIRECTION('',(0.,0.,1.));
#11425 = ORIENTED_EDGE('',*,*,#7992,.F.);
#11426 = ORIENTED_EDGE('',*,*,#8016,.T.);
#11427 = ORIENTED_EDGE('',*,*,#7778,.T.);
#11428 = PLANE('',#11429);
#11429 = AXIS2_PLACEMENT_3D('',#11430,#11431,#11432);
#11430 = CARTESIAN_POINT('',(35.8,113.,-25.));
#11431 = DIRECTION('',(1.,0.,0.));
#11432 = DIRECTION('',(0.,0.,1.));
#11433 = ADVANCED_FACE('',(#11434),#11440,.F.);
#11434 = FACE_BOUND('',#11435,.F.);
#11435 = EDGE_LOOP('',(#11436,#11437,#11438,#11439));
#11436 = ORIENTED_EDGE('',*,*,#8001,.F.);
#11437 = ORIENTED_EDGE('',*,*,#11420,.T.);
#11438 = ORIENTED_EDGE('',*,*,#7825,.T.);
#11439 = ORIENTED_EDGE('',*,*,#9852,.F.);
#11440 = PLANE('',#11441);
#11441 = AXIS2_PLACEMENT_3D('',#11442,#11443,#11444);
#11442 = CARTESIAN_POINT('',(35.,118.6,-22.6));
#11443 = DIRECTION('',(0.,1.,0.));
#11444 = DIRECTION('',(0.,0.,1.));
#11445 = ADVANCED_FACE('',(#11446),#11457,.T.);
#11446 = FACE_BOUND('',#11447,.T.);
#11447 = EDGE_LOOP('',(#11448,#11449,#11455,#11456));
#11448 = ORIENTED_EDGE('',*,*,#7967,.F.);
#11449 = ORIENTED_EDGE('',*,*,#11450,.T.);
#11450 = EDGE_CURVE('',#7968,#7853,#11451,.T.);
#11451 = LINE('',#11452,#11453);
#11452 = CARTESIAN_POINT('',(35.8,113.4,-23.8));
#11453 = VECTOR('',#11454,1.);
#11454 = DIRECTION('',(0.,0.,1.));
#11455 = ORIENTED_EDGE('',*,*,#7861,.T.);
#11456 = ORIENTED_EDGE('',*,*,#9859,.F.);
#11457 = PLANE('',#11458);
#11458 = AXIS2_PLACEMENT_3D('',#11459,#11460,#11461);
#11459 = CARTESIAN_POINT('',(35.,113.4,-22.6));
#11460 = DIRECTION('',(0.,1.,0.));
#11461 = DIRECTION('',(0.,0.,1.));
#11462 = ADVANCED_FACE('',(#11463),#11471,.F.);
#11463 = FACE_BOUND('',#11464,.F.);
#11464 = EDGE_LOOP('',(#11465,#11466,#11467,#11468,#11469,#11470));
#11465 = ORIENTED_EDGE('',*,*,#7885,.F.);
#11466 = ORIENTED_EDGE('',*,*,#7916,.F.);
#11467 = ORIENTED_EDGE('',*,*,#7940,.T.);
#11468 = ORIENTED_EDGE('',*,*,#7975,.F.);
#11469 = ORIENTED_EDGE('',*,*,#11450,.T.);
#11470 = ORIENTED_EDGE('',*,*,#7852,.F.);
#11471 = PLANE('',#11472);
#11472 = AXIS2_PLACEMENT_3D('',#11473,#11474,#11475);
#11473 = CARTESIAN_POINT('',(35.8,113.,-25.));
#11474 = DIRECTION('',(1.,0.,0.));
#11475 = DIRECTION('',(0.,0.,1.));
#11476 = ADVANCED_FACE('',(#11477),#11490,.F.);
#11477 = FACE_BOUND('',#11478,.F.);
#11478 = EDGE_LOOP('',(#11479,#11480,#11481,#11487,#11488,#11489));
#11479 = ORIENTED_EDGE('',*,*,#8064,.F.);
#11480 = ORIENTED_EDGE('',*,*,#8097,.F.);
#11481 = ORIENTED_EDGE('',*,*,#11482,.F.);
#11482 = EDGE_CURVE('',#8255,#8088,#11483,.T.);
#11483 = LINE('',#11484,#11485);
#11484 = CARTESIAN_POINT('',(35.8,106.6,-23.8));
#11485 = VECTOR('',#11486,1.);
#11486 = DIRECTION('',(0.,0.,1.));
#11487 = ORIENTED_EDGE('',*,*,#8254,.F.);
#11488 = ORIENTED_EDGE('',*,*,#8278,.T.);
#11489 = ORIENTED_EDGE('',*,*,#8040,.T.);
#11490 = PLANE('',#11491);
#11491 = AXIS2_PLACEMENT_3D('',#11492,#11493,#11494);
#11492 = CARTESIAN_POINT('',(35.8,101.,-25.));
#11493 = DIRECTION('',(1.,0.,0.));
#11494 = DIRECTION('',(0.,0.,1.));
#11495 = ADVANCED_FACE('',(#11496),#11502,.F.);
#11496 = FACE_BOUND('',#11497,.F.);
#11497 = EDGE_LOOP('',(#11498,#11499,#11500,#11501));
#11498 = ORIENTED_EDGE('',*,*,#8263,.F.);
#11499 = ORIENTED_EDGE('',*,*,#11482,.T.);
#11500 = ORIENTED_EDGE('',*,*,#8087,.T.);
#11501 = ORIENTED_EDGE('',*,*,#9925,.F.);
#11502 = PLANE('',#11503);
#11503 = AXIS2_PLACEMENT_3D('',#11504,#11505,#11506);
#11504 = CARTESIAN_POINT('',(35.,106.6,-22.6));
#11505 = DIRECTION('',(0.,1.,0.));
#11506 = DIRECTION('',(0.,0.,1.));
#11507 = ADVANCED_FACE('',(#11508),#11519,.T.);
#11508 = FACE_BOUND('',#11509,.T.);
#11509 = EDGE_LOOP('',(#11510,#11511,#11517,#11518));
#11510 = ORIENTED_EDGE('',*,*,#8229,.F.);
#11511 = ORIENTED_EDGE('',*,*,#11512,.T.);
#11512 = EDGE_CURVE('',#8230,#8115,#11513,.T.);
#11513 = LINE('',#11514,#11515);
#11514 = CARTESIAN_POINT('',(35.8,101.4,-23.8));
#11515 = VECTOR('',#11516,1.);
#11516 = DIRECTION('',(0.,0.,1.));
#11517 = ORIENTED_EDGE('',*,*,#8123,.T.);
#11518 = ORIENTED_EDGE('',*,*,#9932,.F.);
#11519 = PLANE('',#11520);
#11520 = AXIS2_PLACEMENT_3D('',#11521,#11522,#11523);
#11521 = CARTESIAN_POINT('',(35.,101.4,-22.6));
#11522 = DIRECTION('',(0.,1.,0.));
#11523 = DIRECTION('',(0.,0.,1.));
#11524 = ADVANCED_FACE('',(#11525),#11533,.F.);
#11525 = FACE_BOUND('',#11526,.F.);
#11526 = EDGE_LOOP('',(#11527,#11528,#11529,#11530,#11531,#11532));
#11527 = ORIENTED_EDGE('',*,*,#8147,.F.);
#11528 = ORIENTED_EDGE('',*,*,#8178,.F.);
#11529 = ORIENTED_EDGE('',*,*,#8202,.T.);
#11530 = ORIENTED_EDGE('',*,*,#8237,.F.);
#11531 = ORIENTED_EDGE('',*,*,#11512,.T.);
#11532 = ORIENTED_EDGE('',*,*,#8114,.F.);
#11533 = PLANE('',#11534);
#11534 = AXIS2_PLACEMENT_3D('',#11535,#11536,#11537);
#11535 = CARTESIAN_POINT('',(35.8,101.,-25.));
#11536 = DIRECTION('',(1.,0.,0.));
#11537 = DIRECTION('',(0.,0.,1.));
#11538 = ADVANCED_FACE('',(#11539),#11552,.F.);
#11539 = FACE_BOUND('',#11540,.F.);
#11540 = EDGE_LOOP('',(#11541,#11542,#11543,#11549,#11550,#11551));
#11541 = ORIENTED_EDGE('',*,*,#8326,.F.);
#11542 = ORIENTED_EDGE('',*,*,#8359,.F.);
#11543 = ORIENTED_EDGE('',*,*,#11544,.F.);
#11544 = EDGE_CURVE('',#8517,#8350,#11545,.T.);
#11545 = LINE('',#11546,#11547);
#11546 = CARTESIAN_POINT('',(35.8,94.6,-23.8));
#11547 = VECTOR('',#11548,1.);
#11548 = DIRECTION('',(0.,0.,1.));
#11549 = ORIENTED_EDGE('',*,*,#8516,.F.);
#11550 = ORIENTED_EDGE('',*,*,#8540,.T.);
#11551 = ORIENTED_EDGE('',*,*,#8302,.T.);
#11552 = PLANE('',#11553);
#11553 = AXIS2_PLACEMENT_3D('',#11554,#11555,#11556);
#11554 = CARTESIAN_POINT('',(35.8,89.,-25.));
#11555 = DIRECTION('',(1.,0.,0.));
#11556 = DIRECTION('',(0.,0.,1.));
#11557 = ADVANCED_FACE('',(#11558),#11564,.F.);
#11558 = FACE_BOUND('',#11559,.F.);
#11559 = EDGE_LOOP('',(#11560,#11561,#11562,#11563));
#11560 = ORIENTED_EDGE('',*,*,#8525,.F.);
#11561 = ORIENTED_EDGE('',*,*,#11544,.T.);
#11562 = ORIENTED_EDGE('',*,*,#8349,.T.);
#11563 = ORIENTED_EDGE('',*,*,#9998,.F.);
#11564 = PLANE('',#11565);
#11565 = AXIS2_PLACEMENT_3D('',#11566,#11567,#11568);
#11566 = CARTESIAN_POINT('',(35.,94.6,-22.6));
#11567 = DIRECTION('',(0.,1.,0.));
#11568 = DIRECTION('',(0.,0.,1.));
#11569 = ADVANCED_FACE('',(#11570),#11581,.T.);
#11570 = FACE_BOUND('',#11571,.T.);
#11571 = EDGE_LOOP('',(#11572,#11573,#11579,#11580));
#11572 = ORIENTED_EDGE('',*,*,#8491,.F.);
#11573 = ORIENTED_EDGE('',*,*,#11574,.T.);
#11574 = EDGE_CURVE('',#8492,#8377,#11575,.T.);
#11575 = LINE('',#11576,#11577);
#11576 = CARTESIAN_POINT('',(35.8,89.4,-23.8));
#11577 = VECTOR('',#11578,1.);
#11578 = DIRECTION('',(0.,0.,1.));
#11579 = ORIENTED_EDGE('',*,*,#8385,.T.);
#11580 = ORIENTED_EDGE('',*,*,#10005,.F.);
#11581 = PLANE('',#11582);
#11582 = AXIS2_PLACEMENT_3D('',#11583,#11584,#11585);
#11583 = CARTESIAN_POINT('',(35.,89.4,-22.6));
#11584 = DIRECTION('',(0.,1.,0.));
#11585 = DIRECTION('',(0.,0.,1.));
#11586 = ADVANCED_FACE('',(#11587),#11595,.F.);
#11587 = FACE_BOUND('',#11588,.F.);
#11588 = EDGE_LOOP('',(#11589,#11590,#11591,#11592,#11593,#11594));
#11589 = ORIENTED_EDGE('',*,*,#8409,.F.);
#11590 = ORIENTED_EDGE('',*,*,#8440,.F.);
#11591 = ORIENTED_EDGE('',*,*,#8464,.T.);
#11592 = ORIENTED_EDGE('',*,*,#8499,.F.);
#11593 = ORIENTED_EDGE('',*,*,#11574,.T.);
#11594 = ORIENTED_EDGE('',*,*,#8376,.F.);
#11595 = PLANE('',#11596);
#11596 = AXIS2_PLACEMENT_3D('',#11597,#11598,#11599);
#11597 = CARTESIAN_POINT('',(35.8,89.,-25.));
#11598 = DIRECTION('',(1.,0.,0.));
#11599 = DIRECTION('',(0.,0.,1.));
#11600 = ADVANCED_FACE('',(#11601),#11614,.F.);
#11601 = FACE_BOUND('',#11602,.F.);
#11602 = EDGE_LOOP('',(#11603,#11604,#11605,#11611,#11612,#11613));
#11603 = ORIENTED_EDGE('',*,*,#8588,.F.);
#11604 = ORIENTED_EDGE('',*,*,#8621,.F.);
#11605 = ORIENTED_EDGE('',*,*,#11606,.F.);
#11606 = EDGE_CURVE('',#8779,#8612,#11607,.T.);
#11607 = LINE('',#11608,#11609);
#11608 = CARTESIAN_POINT('',(35.8,82.6,-23.8));
#11609 = VECTOR('',#11610,1.);
#11610 = DIRECTION('',(0.,0.,1.));
#11611 = ORIENTED_EDGE('',*,*,#8778,.F.);
#11612 = ORIENTED_EDGE('',*,*,#8802,.T.);
#11613 = ORIENTED_EDGE('',*,*,#8564,.T.);
#11614 = PLANE('',#11615);
#11615 = AXIS2_PLACEMENT_3D('',#11616,#11617,#11618);
#11616 = CARTESIAN_POINT('',(35.8,77.,-25.));
#11617 = DIRECTION('',(1.,0.,0.));
#11618 = DIRECTION('',(0.,0.,1.));
#11619 = ADVANCED_FACE('',(#11620),#11626,.F.);
#11620 = FACE_BOUND('',#11621,.F.);
#11621 = EDGE_LOOP('',(#11622,#11623,#11624,#11625));
#11622 = ORIENTED_EDGE('',*,*,#8787,.F.);
#11623 = ORIENTED_EDGE('',*,*,#11606,.T.);
#11624 = ORIENTED_EDGE('',*,*,#8611,.T.);
#11625 = ORIENTED_EDGE('',*,*,#10071,.F.);
#11626 = PLANE('',#11627);
#11627 = AXIS2_PLACEMENT_3D('',#11628,#11629,#11630);
#11628 = CARTESIAN_POINT('',(35.,82.6,-22.6));
#11629 = DIRECTION('',(0.,1.,0.));
#11630 = DIRECTION('',(0.,0.,1.));
#11631 = ADVANCED_FACE('',(#11632),#11643,.T.);
#11632 = FACE_BOUND('',#11633,.T.);
#11633 = EDGE_LOOP('',(#11634,#11635,#11641,#11642));
#11634 = ORIENTED_EDGE('',*,*,#8753,.F.);
#11635 = ORIENTED_EDGE('',*,*,#11636,.T.);
#11636 = EDGE_CURVE('',#8754,#8639,#11637,.T.);
#11637 = LINE('',#11638,#11639);
#11638 = CARTESIAN_POINT('',(35.8,77.4,-23.8));
#11639 = VECTOR('',#11640,1.);
#11640 = DIRECTION('',(0.,0.,1.));
#11641 = ORIENTED_EDGE('',*,*,#8647,.T.);
#11642 = ORIENTED_EDGE('',*,*,#10078,.F.);
#11643 = PLANE('',#11644);
#11644 = AXIS2_PLACEMENT_3D('',#11645,#11646,#11647);
#11645 = CARTESIAN_POINT('',(35.,77.4,-22.6));
#11646 = DIRECTION('',(0.,1.,0.));
#11647 = DIRECTION('',(0.,0.,1.));
#11648 = ADVANCED_FACE('',(#11649),#11657,.F.);
#11649 = FACE_BOUND('',#11650,.F.);
#11650 = EDGE_LOOP('',(#11651,#11652,#11653,#11654,#11655,#11656));
#11651 = ORIENTED_EDGE('',*,*,#8671,.F.);
#11652 = ORIENTED_EDGE('',*,*,#8702,.F.);
#11653 = ORIENTED_EDGE('',*,*,#8726,.T.);
#11654 = ORIENTED_EDGE('',*,*,#8761,.F.);
#11655 = ORIENTED_EDGE('',*,*,#11636,.T.);
#11656 = ORIENTED_EDGE('',*,*,#8638,.F.);
#11657 = PLANE('',#11658);
#11658 = AXIS2_PLACEMENT_3D('',#11659,#11660,#11661);
#11659 = CARTESIAN_POINT('',(35.8,77.,-25.));
#11660 = DIRECTION('',(1.,0.,0.));
#11661 = DIRECTION('',(0.,0.,1.));
#11662 = ADVANCED_FACE('',(#11663),#11676,.F.);
#11663 = FACE_BOUND('',#11664,.F.);
#11664 = EDGE_LOOP('',(#11665,#11666,#11667,#11673,#11674,#11675));
#11665 = ORIENTED_EDGE('',*,*,#8850,.F.);
#11666 = ORIENTED_EDGE('',*,*,#8883,.F.);
#11667 = ORIENTED_EDGE('',*,*,#11668,.F.);
#11668 = EDGE_CURVE('',#9041,#8874,#11669,.T.);
#11669 = LINE('',#11670,#11671);
#11670 = CARTESIAN_POINT('',(35.8,70.6,-23.8));
#11671 = VECTOR('',#11672,1.);
#11672 = DIRECTION('',(0.,0.,1.));
#11673 = ORIENTED_EDGE('',*,*,#9040,.F.);
#11674 = ORIENTED_EDGE('',*,*,#9064,.T.);
#11675 = ORIENTED_EDGE('',*,*,#8826,.T.);
#11676 = PLANE('',#11677);
#11677 = AXIS2_PLACEMENT_3D('',#11678,#11679,#11680);
#11678 = CARTESIAN_POINT('',(35.8,65.,-25.));
#11679 = DIRECTION('',(1.,0.,0.));
#11680 = DIRECTION('',(0.,0.,1.));
#11681 = ADVANCED_FACE('',(#11682),#11688,.F.);
#11682 = FACE_BOUND('',#11683,.F.);
#11683 = EDGE_LOOP('',(#11684,#11685,#11686,#11687));
#11684 = ORIENTED_EDGE('',*,*,#9049,.F.);
#11685 = ORIENTED_EDGE('',*,*,#11668,.T.);
#11686 = ORIENTED_EDGE('',*,*,#8873,.T.);
#11687 = ORIENTED_EDGE('',*,*,#10144,.F.);
#11688 = PLANE('',#11689);
#11689 = AXIS2_PLACEMENT_3D('',#11690,#11691,#11692);
#11690 = CARTESIAN_POINT('',(35.,70.6,-22.6));
#11691 = DIRECTION('',(0.,1.,0.));
#11692 = DIRECTION('',(0.,0.,1.));
#11693 = ADVANCED_FACE('',(#11694),#11705,.T.);
#11694 = FACE_BOUND('',#11695,.T.);
#11695 = EDGE_LOOP('',(#11696,#11697,#11703,#11704));
#11696 = ORIENTED_EDGE('',*,*,#9015,.F.);
#11697 = ORIENTED_EDGE('',*,*,#11698,.T.);
#11698 = EDGE_CURVE('',#9016,#8901,#11699,.T.);
#11699 = LINE('',#11700,#11701);
#11700 = CARTESIAN_POINT('',(35.8,65.4,-23.8));
#11701 = VECTOR('',#11702,1.);
#11702 = DIRECTION('',(0.,0.,1.));
#11703 = ORIENTED_EDGE('',*,*,#8909,.T.);
#11704 = ORIENTED_EDGE('',*,*,#10151,.F.);
#11705 = PLANE('',#11706);
#11706 = AXIS2_PLACEMENT_3D('',#11707,#11708,#11709);
#11707 = CARTESIAN_POINT('',(35.,65.4,-22.6));
#11708 = DIRECTION('',(0.,1.,0.));
#11709 = DIRECTION('',(0.,0.,1.));
#11710 = ADVANCED_FACE('',(#11711),#11719,.F.);
#11711 = FACE_BOUND('',#11712,.F.);
#11712 = EDGE_LOOP('',(#11713,#11714,#11715,#11716,#11717,#11718));
#11713 = ORIENTED_EDGE('',*,*,#8933,.F.);
#11714 = ORIENTED_EDGE('',*,*,#8964,.F.);
#11715 = ORIENTED_EDGE('',*,*,#8988,.T.);
#11716 = ORIENTED_EDGE('',*,*,#9023,.F.);
#11717 = ORIENTED_EDGE('',*,*,#11698,.T.);
#11718 = ORIENTED_EDGE('',*,*,#8900,.F.);
#11719 = PLANE('',#11720);
#11720 = AXIS2_PLACEMENT_3D('',#11721,#11722,#11723);
#11721 = CARTESIAN_POINT('',(35.8,65.,-25.));
#11722 = DIRECTION('',(1.,0.,0.));
#11723 = DIRECTION('',(0.,0.,1.));
#11724 = ADVANCED_FACE('',(#11725),#11736,.F.);
#11725 = FACE_BOUND('',#11726,.F.);
#11726 = EDGE_LOOP('',(#11727,#11728,#11729,#11730));
#11727 = ORIENTED_EDGE('',*,*,#10387,.F.);
#11728 = ORIENTED_EDGE('',*,*,#10364,.F.);
#11729 = ORIENTED_EDGE('',*,*,#10244,.T.);
#11730 = ORIENTED_EDGE('',*,*,#11731,.T.);
#11731 = EDGE_CURVE('',#10247,#10388,#11732,.T.);
#11732 = LINE('',#11733,#11734);
#11733 = CARTESIAN_POINT('',(-6.7,33.95,-16.));
#11734 = VECTOR('',#11735,1.);
#11735 = DIRECTION('',(0.,1.,0.));
#11736 = PLANE('',#11737);
#11737 = AXIS2_PLACEMENT_3D('',#11738,#11739,#11740);
#11738 = CARTESIAN_POINT('',(-7.75,34.,-16.));
#11739 = DIRECTION('',(0.,0.,1.));
#11740 = DIRECTION('',(1.,0.,0.));
#11741 = ADVANCED_FACE('',(#11742),#11753,.T.);
#11742 = FACE_BOUND('',#11743,.T.);
#11743 = EDGE_LOOP('',(#11744,#11750,#11751,#11752));
#11744 = ORIENTED_EDGE('',*,*,#11745,.F.);
#11745 = EDGE_CURVE('',#10318,#10447,#11746,.T.);
#11746 = LINE('',#11747,#11748);
#11747 = CARTESIAN_POINT('',(-6.7,33.9,-15.2));
#11748 = VECTOR('',#11749,1.);
#11749 = DIRECTION('',(0.,1.,0.));
#11750 = ORIENTED_EDGE('',*,*,#10325,.T.);
#11751 = ORIENTED_EDGE('',*,*,#11731,.T.);
#11752 = ORIENTED_EDGE('',*,*,#10454,.F.);
#11753 = PLANE('',#11754);
#11754 = AXIS2_PLACEMENT_3D('',#11755,#11756,#11757);
#11755 = CARTESIAN_POINT('',(-6.7,33.9,-16.05));
#11756 = DIRECTION('',(1.,0.,0.));
#11757 = DIRECTION('',(0.,0.,1.));
#11758 = ADVANCED_FACE('',(#11759),#11770,.T.);
#11759 = FACE_BOUND('',#11760,.T.);
#11760 = EDGE_LOOP('',(#11761,#11767,#11768,#11769));
#11761 = ORIENTED_EDGE('',*,*,#11762,.F.);
#11762 = EDGE_CURVE('',#10310,#10439,#11763,.T.);
#11763 = LINE('',#11764,#11765);
#11764 = CARTESIAN_POINT('',(-7.1,33.9,-15.2));
#11765 = VECTOR('',#11766,1.);
#11766 = DIRECTION('',(0.,1.,0.));
#11767 = ORIENTED_EDGE('',*,*,#10317,.T.);
#11768 = ORIENTED_EDGE('',*,*,#11745,.T.);
#11769 = ORIENTED_EDGE('',*,*,#10446,.F.);
#11770 = PLANE('',#11771);
#11771 = AXIS2_PLACEMENT_3D('',#11772,#11773,#11774);
#11772 = CARTESIAN_POINT('',(-7.1,33.9,-15.2));
#11773 = DIRECTION('',(0.,0.,1.));
#11774 = DIRECTION('',(1.,0.,0.));
#11775 = ADVANCED_FACE('',(#11776),#11787,.T.);
#11776 = FACE_BOUND('',#11777,.T.);
#11777 = EDGE_LOOP('',(#11778,#11784,#11785,#11786));
#11778 = ORIENTED_EDGE('',*,*,#11779,.F.);
#11779 = EDGE_CURVE('',#10302,#10431,#11780,.T.);
#11780 = LINE('',#11781,#11782);
#11781 = CARTESIAN_POINT('',(-7.1,33.9,-12.));
#11782 = VECTOR('',#11783,1.);
#11783 = DIRECTION('',(0.,1.,0.));
#11784 = ORIENTED_EDGE('',*,*,#10309,.T.);
#11785 = ORIENTED_EDGE('',*,*,#11762,.T.);
#11786 = ORIENTED_EDGE('',*,*,#10438,.F.);
#11787 = PLANE('',#11788);
#11788 = AXIS2_PLACEMENT_3D('',#11789,#11790,#11791);
#11789 = CARTESIAN_POINT('',(-7.1,33.9,-15.2));
#11790 = DIRECTION('',(1.,0.,0.));
#11791 = DIRECTION('',(0.,0.,1.));
#11792 = ADVANCED_FACE('',(#11793),#11804,.F.);
#11793 = FACE_BOUND('',#11794,.F.);
#11794 = EDGE_LOOP('',(#11795,#11796,#11797,#11803));
#11795 = ORIENTED_EDGE('',*,*,#11779,.F.);
#11796 = ORIENTED_EDGE('',*,*,#10301,.T.);
#11797 = ORIENTED_EDGE('',*,*,#11798,.T.);
#11798 = EDGE_CURVE('',#10294,#10423,#11799,.T.);
#11799 = LINE('',#11800,#11801);
#11800 = CARTESIAN_POINT('',(-4.9,33.9,-12.));
#11801 = VECTOR('',#11802,1.);
#11802 = DIRECTION('',(0.,1.,0.));
#11803 = ORIENTED_EDGE('',*,*,#10430,.F.);
#11804 = PLANE('',#11805);
#11805 = AXIS2_PLACEMENT_3D('',#11806,#11807,#11808);
#11806 = CARTESIAN_POINT('',(-7.1,33.9,-12.));
#11807 = DIRECTION('',(0.,0.,1.));
#11808 = DIRECTION('',(1.,0.,0.));
#11809 = ADVANCED_FACE('',(#11810),#11821,.F.);
#11810 = FACE_BOUND('',#11811,.F.);
#11811 = EDGE_LOOP('',(#11812,#11813,#11814,#11820));
#11812 = ORIENTED_EDGE('',*,*,#11798,.F.);
#11813 = ORIENTED_EDGE('',*,*,#10293,.T.);
#11814 = ORIENTED_EDGE('',*,*,#11815,.T.);
#11815 = EDGE_CURVE('',#10286,#10415,#11816,.T.);
#11816 = LINE('',#11817,#11818);
#11817 = CARTESIAN_POINT('',(-4.9,33.9,-15.2));
#11818 = VECTOR('',#11819,1.);
#11819 = DIRECTION('',(0.,1.,0.));
#11820 = ORIENTED_EDGE('',*,*,#10422,.F.);
#11821 = PLANE('',#11822);
#11822 = AXIS2_PLACEMENT_3D('',#11823,#11824,#11825);
#11823 = CARTESIAN_POINT('',(-4.9,33.9,-15.2));
#11824 = DIRECTION('',(1.,0.,0.));
#11825 = DIRECTION('',(0.,0.,1.));
#11826 = ADVANCED_FACE('',(#11827),#11838,.T.);
#11827 = FACE_BOUND('',#11828,.T.);
#11828 = EDGE_LOOP('',(#11829,#11835,#11836,#11837));
#11829 = ORIENTED_EDGE('',*,*,#11830,.F.);
#11830 = EDGE_CURVE('',#10278,#10407,#11831,.T.);
#11831 = LINE('',#11832,#11833);
#11832 = CARTESIAN_POINT('',(-5.3,33.9,-15.2));
#11833 = VECTOR('',#11834,1.);
#11834 = DIRECTION('',(0.,1.,0.));
#11835 = ORIENTED_EDGE('',*,*,#10285,.T.);
#11836 = ORIENTED_EDGE('',*,*,#11815,.T.);
#11837 = ORIENTED_EDGE('',*,*,#10414,.F.);
#11838 = PLANE('',#11839);
#11839 = AXIS2_PLACEMENT_3D('',#11840,#11841,#11842);
#11840 = CARTESIAN_POINT('',(-7.1,33.9,-15.2));
#11841 = DIRECTION('',(0.,0.,1.));
#11842 = DIRECTION('',(1.,0.,0.));
#11843 = ADVANCED_FACE('',(#11844),#11855,.F.);
#11844 = FACE_BOUND('',#11845,.F.);
#11845 = EDGE_LOOP('',(#11846,#11847,#11848,#11854));
#11846 = ORIENTED_EDGE('',*,*,#11830,.F.);
#11847 = ORIENTED_EDGE('',*,*,#10277,.T.);
#11848 = ORIENTED_EDGE('',*,*,#11849,.T.);
#11849 = EDGE_CURVE('',#10270,#10399,#11850,.T.);
#11850 = LINE('',#11851,#11852);
#11851 = CARTESIAN_POINT('',(-5.3,33.95,-16.));
#11852 = VECTOR('',#11853,1.);
#11853 = DIRECTION('',(0.,1.,0.));
#11854 = ORIENTED_EDGE('',*,*,#10406,.F.);
#11855 = PLANE('',#11856);
#11856 = AXIS2_PLACEMENT_3D('',#11857,#11858,#11859);
#11857 = CARTESIAN_POINT('',(-5.3,33.9,-16.05));
#11858 = DIRECTION('',(1.,0.,0.));
#11859 = DIRECTION('',(0.,0.,1.));
#11860 = ADVANCED_FACE('',(#11861),#11867,.F.);
#11861 = FACE_BOUND('',#11862,.F.);
#11862 = EDGE_LOOP('',(#11863,#11864,#11865,#11866));
#11863 = ORIENTED_EDGE('',*,*,#10398,.F.);
#11864 = ORIENTED_EDGE('',*,*,#11849,.F.);
#11865 = ORIENTED_EDGE('',*,*,#10269,.T.);
#11866 = ORIENTED_EDGE('',*,*,#10340,.T.);
#11867 = PLANE('',#11868);
#11868 = AXIS2_PLACEMENT_3D('',#11869,#11870,#11871);
#11869 = CARTESIAN_POINT('',(-7.75,34.,-16.));
#11870 = DIRECTION('',(0.,0.,1.));
#11871 = DIRECTION('',(1.,0.,0.));
#11872 = ADVANCED_FACE('',(#11873),#11884,.F.);
#11873 = FACE_BOUND('',#11874,.F.);
#11874 = EDGE_LOOP('',(#11875,#11876,#11877,#11878));
#11875 = ORIENTED_EDGE('',*,*,#10723,.F.);
#11876 = ORIENTED_EDGE('',*,*,#10812,.F.);
#11877 = ORIENTED_EDGE('',*,*,#10604,.T.);
#11878 = ORIENTED_EDGE('',*,*,#11879,.T.);
#11879 = EDGE_CURVE('',#10607,#10726,#11880,.T.);
#11880 = LINE('',#11881,#11882);
#11881 = CARTESIAN_POINT('',(-6.7,87.95,-16.));
#11882 = VECTOR('',#11883,1.);
#11883 = DIRECTION('',(0.,1.,0.));
#11884 = PLANE('',#11885);
#11885 = AXIS2_PLACEMENT_3D('',#11886,#11887,#11888);
#11886 = CARTESIAN_POINT('',(-7.75,88.,-16.));
#11887 = DIRECTION('',(0.,0.,1.));
#11888 = DIRECTION('',(1.,0.,0.));
#11889 = ADVANCED_FACE('',(#11890),#11901,.T.);
#11890 = FACE_BOUND('',#11891,.T.);
#11891 = EDGE_LOOP('',(#11892,#11898,#11899,#11900));
#11892 = ORIENTED_EDGE('',*,*,#11893,.F.);
#11893 = EDGE_CURVE('',#10678,#10790,#11894,.T.);
#11894 = LINE('',#11895,#11896);
#11895 = CARTESIAN_POINT('',(-6.7,87.9,-15.2));
#11896 = VECTOR('',#11897,1.);
#11897 = DIRECTION('',(0.,1.,0.));
#11898 = ORIENTED_EDGE('',*,*,#10685,.T.);
#11899 = ORIENTED_EDGE('',*,*,#11879,.T.);
#11900 = ORIENTED_EDGE('',*,*,#10797,.F.);
#11901 = PLANE('',#11902);
#11902 = AXIS2_PLACEMENT_3D('',#11903,#11904,#11905);
#11903 = CARTESIAN_POINT('',(-6.7,87.9,-16.05));
#11904 = DIRECTION('',(1.,0.,0.));
#11905 = DIRECTION('',(0.,0.,1.));
#11906 = ADVANCED_FACE('',(#11907),#11918,.T.);
#11907 = FACE_BOUND('',#11908,.T.);
#11908 = EDGE_LOOP('',(#11909,#11915,#11916,#11917));
#11909 = ORIENTED_EDGE('',*,*,#11910,.F.);
#11910 = EDGE_CURVE('',#10670,#10782,#11911,.T.);
#11911 = LINE('',#11912,#11913);
#11912 = CARTESIAN_POINT('',(-7.1,87.9,-15.2));
#11913 = VECTOR('',#11914,1.);
#11914 = DIRECTION('',(0.,1.,0.));
#11915 = ORIENTED_EDGE('',*,*,#10677,.T.);
#11916 = ORIENTED_EDGE('',*,*,#11893,.T.);
#11917 = ORIENTED_EDGE('',*,*,#10789,.F.);
#11918 = PLANE('',#11919);
#11919 = AXIS2_PLACEMENT_3D('',#11920,#11921,#11922);
#11920 = CARTESIAN_POINT('',(-7.1,87.9,-15.2));
#11921 = DIRECTION('',(0.,0.,1.));
#11922 = DIRECTION('',(1.,0.,0.));
#11923 = ADVANCED_FACE('',(#11924),#11935,.T.);
#11924 = FACE_BOUND('',#11925,.T.);
#11925 = EDGE_LOOP('',(#11926,#11932,#11933,#11934));
#11926 = ORIENTED_EDGE('',*,*,#11927,.F.);
#11927 = EDGE_CURVE('',#10662,#10774,#11928,.T.);
#11928 = LINE('',#11929,#11930);
#11929 = CARTESIAN_POINT('',(-7.1,87.9,-12.));
#11930 = VECTOR('',#11931,1.);
#11931 = DIRECTION('',(0.,1.,0.));
#11932 = ORIENTED_EDGE('',*,*,#10669,.T.);
#11933 = ORIENTED_EDGE('',*,*,#11910,.T.);
#11934 = ORIENTED_EDGE('',*,*,#10781,.F.);
#11935 = PLANE('',#11936);
#11936 = AXIS2_PLACEMENT_3D('',#11937,#11938,#11939);
#11937 = CARTESIAN_POINT('',(-7.1,87.9,-15.2));
#11938 = DIRECTION('',(1.,0.,0.));
#11939 = DIRECTION('',(0.,0.,1.));
#11940 = ADVANCED_FACE('',(#11941),#11952,.F.);
#11941 = FACE_BOUND('',#11942,.F.);
#11942 = EDGE_LOOP('',(#11943,#11944,#11945,#11951));
#11943 = ORIENTED_EDGE('',*,*,#11927,.F.);
#11944 = ORIENTED_EDGE('',*,*,#10661,.T.);
#11945 = ORIENTED_EDGE('',*,*,#11946,.T.);
#11946 = EDGE_CURVE('',#10654,#10766,#11947,.T.);
#11947 = LINE('',#11948,#11949);
#11948 = CARTESIAN_POINT('',(-4.9,87.9,-12.));
#11949 = VECTOR('',#11950,1.);
#11950 = DIRECTION('',(0.,1.,0.));
#11951 = ORIENTED_EDGE('',*,*,#10773,.F.);
#11952 = PLANE('',#11953);
#11953 = AXIS2_PLACEMENT_3D('',#11954,#11955,#11956);
#11954 = CARTESIAN_POINT('',(-7.1,87.9,-12.));
#11955 = DIRECTION('',(0.,0.,1.));
#11956 = DIRECTION('',(1.,0.,0.));
#11957 = ADVANCED_FACE('',(#11958),#11969,.F.);
#11958 = FACE_BOUND('',#11959,.F.);
#11959 = EDGE_LOOP('',(#11960,#11961,#11962,#11968));
#11960 = ORIENTED_EDGE('',*,*,#11946,.F.);
#11961 = ORIENTED_EDGE('',*,*,#10653,.T.);
#11962 = ORIENTED_EDGE('',*,*,#11963,.T.);
#11963 = EDGE_CURVE('',#10646,#10758,#11964,.T.);
#11964 = LINE('',#11965,#11966);
#11965 = CARTESIAN_POINT('',(-4.9,87.9,-15.2));
#11966 = VECTOR('',#11967,1.);
#11967 = DIRECTION('',(0.,1.,0.));
#11968 = ORIENTED_EDGE('',*,*,#10765,.F.);
#11969 = PLANE('',#11970);
#11970 = AXIS2_PLACEMENT_3D('',#11971,#11972,#11973);
#11971 = CARTESIAN_POINT('',(-4.9,87.9,-15.2));
#11972 = DIRECTION('',(1.,0.,0.));
#11973 = DIRECTION('',(0.,0.,1.));
#11974 = ADVANCED_FACE('',(#11975),#11986,.T.);
#11975 = FACE_BOUND('',#11976,.T.);
#11976 = EDGE_LOOP('',(#11977,#11983,#11984,#11985));
#11977 = ORIENTED_EDGE('',*,*,#11978,.F.);
#11978 = EDGE_CURVE('',#10638,#10750,#11979,.T.);
#11979 = LINE('',#11980,#11981);
#11980 = CARTESIAN_POINT('',(-5.3,87.9,-15.2));
#11981 = VECTOR('',#11982,1.);
#11982 = DIRECTION('',(0.,1.,0.));
#11983 = ORIENTED_EDGE('',*,*,#10645,.T.);
#11984 = ORIENTED_EDGE('',*,*,#11963,.T.);
#11985 = ORIENTED_EDGE('',*,*,#10757,.F.);
#11986 = PLANE('',#11987);
#11987 = AXIS2_PLACEMENT_3D('',#11988,#11989,#11990);
#11988 = CARTESIAN_POINT('',(-7.1,87.9,-15.2));
#11989 = DIRECTION('',(0.,0.,1.));
#11990 = DIRECTION('',(1.,0.,0.));
#11991 = ADVANCED_FACE('',(#11992),#12003,.F.);
#11992 = FACE_BOUND('',#11993,.F.);
#11993 = EDGE_LOOP('',(#11994,#11995,#11996,#12002));
#11994 = ORIENTED_EDGE('',*,*,#11978,.F.);
#11995 = ORIENTED_EDGE('',*,*,#10637,.T.);
#11996 = ORIENTED_EDGE('',*,*,#11997,.T.);
#11997 = EDGE_CURVE('',#10630,#10742,#11998,.T.);
#11998 = LINE('',#11999,#12000);
#11999 = CARTESIAN_POINT('',(-5.3,87.95,-16.));
#12000 = VECTOR('',#12001,1.);
#12001 = DIRECTION('',(0.,1.,0.));
#12002 = ORIENTED_EDGE('',*,*,#10749,.F.);
#12003 = PLANE('',#12004);
#12004 = AXIS2_PLACEMENT_3D('',#12005,#12006,#12007);
#12005 = CARTESIAN_POINT('',(-5.3,87.9,-16.05));
#12006 = DIRECTION('',(1.,0.,0.));
#12007 = DIRECTION('',(0.,0.,1.));
#12008 = ADVANCED_FACE('',(#12009),#12015,.F.);
#12009 = FACE_BOUND('',#12010,.F.);
#12010 = EDGE_LOOP('',(#12011,#12012,#12013,#12014));
#12011 = ORIENTED_EDGE('',*,*,#10741,.F.);
#12012 = ORIENTED_EDGE('',*,*,#11997,.F.);
#12013 = ORIENTED_EDGE('',*,*,#10629,.T.);
#12014 = ORIENTED_EDGE('',*,*,#10700,.T.);
#12015 = PLANE('',#12016);
#12016 = AXIS2_PLACEMENT_3D('',#12017,#12018,#12019);
#12017 = CARTESIAN_POINT('',(-7.75,88.,-16.));
#12018 = DIRECTION('',(0.,0.,1.));
#12019 = DIRECTION('',(1.,0.,0.));
#12020 = ADVANCED_FACE('',(#12021,#12031),#12101,.F.);
#12021 = FACE_BOUND('',#12022,.F.);
#12022 = EDGE_LOOP('',(#12023,#12024,#12025,#12026,#12027,#12028,#12029,
    #12030));
#12023 = ORIENTED_EDGE('',*,*,#10862,.F.);
#12024 = ORIENTED_EDGE('',*,*,#10836,.T.);
#12025 = ORIENTED_EDGE('',*,*,#10884,.T.);
#12026 = ORIENTED_EDGE('',*,*,#10941,.F.);
#12027 = ORIENTED_EDGE('',*,*,#10984,.T.);
#12028 = ORIENTED_EDGE('',*,*,#11007,.T.);
#12029 = ORIENTED_EDGE('',*,*,#10958,.F.);
#12030 = ORIENTED_EDGE('',*,*,#10909,.F.);
#12031 = FACE_BOUND('',#12032,.F.);
#12032 = EDGE_LOOP('',(#12033,#12044,#12052,#12061,#12069,#12078,#12086,
    #12095));
#12033 = ORIENTED_EDGE('',*,*,#12034,.F.);
#12034 = EDGE_CURVE('',#12035,#12037,#12039,.T.);
#12035 = VERTEX_POINT('',#12036);
#12036 = CARTESIAN_POINT('',(-30.25,116.65,-31.5));
#12037 = VERTEX_POINT('',#12038);
#12038 = CARTESIAN_POINT('',(-27.25,113.65,-31.5));
#12039 = CIRCLE('',#12040,3.);
#12040 = AXIS2_PLACEMENT_3D('',#12041,#12042,#12043);
#12041 = CARTESIAN_POINT('',(-27.25,116.65,-31.5));
#12042 = DIRECTION('',(0.,0.,1.));
#12043 = DIRECTION('',(-1.,0.,0.));
#12044 = ORIENTED_EDGE('',*,*,#12045,.T.);
#12045 = EDGE_CURVE('',#12035,#12046,#12048,.T.);
#12046 = VERTEX_POINT('',#12047);
#12047 = CARTESIAN_POINT('',(-30.25,137.15,-31.5));
#12048 = LINE('',#12049,#12050);
#12049 = CARTESIAN_POINT('',(-30.25,112.65,-31.5));
#12050 = VECTOR('',#12051,1.);
#12051 = DIRECTION('',(0.,1.,0.));
#12052 = ORIENTED_EDGE('',*,*,#12053,.F.);
#12053 = EDGE_CURVE('',#12054,#12046,#12056,.T.);
#12054 = VERTEX_POINT('',#12055);
#12055 = CARTESIAN_POINT('',(-27.25,140.15,-31.5));
#12056 = CIRCLE('',#12057,3.);
#12057 = AXIS2_PLACEMENT_3D('',#12058,#12059,#12060);
#12058 = CARTESIAN_POINT('',(-27.25,137.15,-31.5));
#12059 = DIRECTION('',(0.,0.,1.));
#12060 = DIRECTION('',(-1.,0.,0.));
#12061 = ORIENTED_EDGE('',*,*,#12062,.F.);
#12062 = EDGE_CURVE('',#12063,#12054,#12065,.T.);
#12063 = VERTEX_POINT('',#12064);
#12064 = CARTESIAN_POINT('',(-6.75,140.15,-31.5));
#12065 = LINE('',#12066,#12067);
#12066 = CARTESIAN_POINT('',(-31.25,140.15,-31.5));
#12067 = VECTOR('',#12068,1.);
#12068 = DIRECTION('',(-1.,0.,0.));
#12069 = ORIENTED_EDGE('',*,*,#12070,.F.);
#12070 = EDGE_CURVE('',#12071,#12063,#12073,.T.);
#12071 = VERTEX_POINT('',#12072);
#12072 = CARTESIAN_POINT('',(-3.75,137.15,-31.5));
#12073 = CIRCLE('',#12074,3.);
#12074 = AXIS2_PLACEMENT_3D('',#12075,#12076,#12077);
#12075 = CARTESIAN_POINT('',(-6.75,137.15,-31.5));
#12076 = DIRECTION('',(0.,0.,1.));
#12077 = DIRECTION('',(1.,0.,0.));
#12078 = ORIENTED_EDGE('',*,*,#12079,.F.);
#12079 = EDGE_CURVE('',#12080,#12071,#12082,.T.);
#12080 = VERTEX_POINT('',#12081);
#12081 = CARTESIAN_POINT('',(-3.75,116.65,-31.5));
#12082 = LINE('',#12083,#12084);
#12083 = CARTESIAN_POINT('',(-3.75,112.65,-31.5));
#12084 = VECTOR('',#12085,1.);
#12085 = DIRECTION('',(0.,1.,0.));
#12086 = ORIENTED_EDGE('',*,*,#12087,.F.);
#12087 = EDGE_CURVE('',#12088,#12080,#12090,.T.);
#12088 = VERTEX_POINT('',#12089);
#12089 = CARTESIAN_POINT('',(-6.75,113.65,-31.5));
#12090 = CIRCLE('',#12091,3.);
#12091 = AXIS2_PLACEMENT_3D('',#12092,#12093,#12094);
#12092 = CARTESIAN_POINT('',(-6.75,116.65,-31.5));
#12093 = DIRECTION('',(0.,0.,1.));
#12094 = DIRECTION('',(1.,0.,0.));
#12095 = ORIENTED_EDGE('',*,*,#12096,.T.);
#12096 = EDGE_CURVE('',#12088,#12037,#12097,.T.);
#12097 = LINE('',#12098,#12099);
#12098 = CARTESIAN_POINT('',(-31.25,113.65,-31.5));
#12099 = VECTOR('',#12100,1.);
#12100 = DIRECTION('',(-1.,0.,0.));
#12101 = PLANE('',#12102);
#12102 = AXIS2_PLACEMENT_3D('',#12103,#12104,#12105);
#12103 = CARTESIAN_POINT('',(-32.25,111.65,-31.5));
#12104 = DIRECTION('',(0.,0.,1.));
#12105 = DIRECTION('',(1.,0.,0.));
#12106 = ADVANCED_FACE('',(#12107,#12117),#12187,.T.);
#12107 = FACE_BOUND('',#12108,.T.);
#12108 = EDGE_LOOP('',(#12109,#12110,#12111,#12112,#12113,#12114,#12115,
    #12116));
#12109 = ORIENTED_EDGE('',*,*,#11192,.F.);
#12110 = ORIENTED_EDGE('',*,*,#11177,.T.);
#12111 = ORIENTED_EDGE('',*,*,#11341,.T.);
#12112 = ORIENTED_EDGE('',*,*,#11324,.F.);
#12113 = ORIENTED_EDGE('',*,*,#11290,.T.);
#12114 = ORIENTED_EDGE('',*,*,#11275,.T.);
#12115 = ORIENTED_EDGE('',*,*,#11243,.F.);
#12116 = ORIENTED_EDGE('',*,*,#11226,.F.);
#12117 = FACE_BOUND('',#12118,.T.);
#12118 = EDGE_LOOP('',(#12119,#12130,#12138,#12147,#12155,#12164,#12172,
    #12181));
#12119 = ORIENTED_EDGE('',*,*,#12120,.F.);
#12120 = EDGE_CURVE('',#12121,#12123,#12125,.T.);
#12121 = VERTEX_POINT('',#12122);
#12122 = CARTESIAN_POINT('',(-30.25,116.65,-8.));
#12123 = VERTEX_POINT('',#12124);
#12124 = CARTESIAN_POINT('',(-27.25,113.65,-8.));
#12125 = CIRCLE('',#12126,3.);
#12126 = AXIS2_PLACEMENT_3D('',#12127,#12128,#12129);
#12127 = CARTESIAN_POINT('',(-27.25,116.65,-8.));
#12128 = DIRECTION('',(0.,0.,1.));
#12129 = DIRECTION('',(-1.,0.,0.));
#12130 = ORIENTED_EDGE('',*,*,#12131,.T.);
#12131 = EDGE_CURVE('',#12121,#12132,#12134,.T.);
#12132 = VERTEX_POINT('',#12133);
#12133 = CARTESIAN_POINT('',(-30.25,137.15,-8.));
#12134 = LINE('',#12135,#12136);
#12135 = CARTESIAN_POINT('',(-30.25,112.65,-8.));
#12136 = VECTOR('',#12137,1.);
#12137 = DIRECTION('',(0.,1.,0.));
#12138 = ORIENTED_EDGE('',*,*,#12139,.F.);
#12139 = EDGE_CURVE('',#12140,#12132,#12142,.T.);
#12140 = VERTEX_POINT('',#12141);
#12141 = CARTESIAN_POINT('',(-27.25,140.15,-8.));
#12142 = CIRCLE('',#12143,3.);
#12143 = AXIS2_PLACEMENT_3D('',#12144,#12145,#12146);
#12144 = CARTESIAN_POINT('',(-27.25,137.15,-8.));
#12145 = DIRECTION('',(0.,0.,1.));
#12146 = DIRECTION('',(-1.,0.,0.));
#12147 = ORIENTED_EDGE('',*,*,#12148,.F.);
#12148 = EDGE_CURVE('',#12149,#12140,#12151,.T.);
#12149 = VERTEX_POINT('',#12150);
#12150 = CARTESIAN_POINT('',(-6.75,140.15,-8.));
#12151 = LINE('',#12152,#12153);
#12152 = CARTESIAN_POINT('',(-31.25,140.15,-8.));
#12153 = VECTOR('',#12154,1.);
#12154 = DIRECTION('',(-1.,0.,0.));
#12155 = ORIENTED_EDGE('',*,*,#12156,.F.);
#12156 = EDGE_CURVE('',#12157,#12149,#12159,.T.);
#12157 = VERTEX_POINT('',#12158);
#12158 = CARTESIAN_POINT('',(-3.75,137.15,-8.));
#12159 = CIRCLE('',#12160,3.);
#12160 = AXIS2_PLACEMENT_3D('',#12161,#12162,#12163);
#12161 = CARTESIAN_POINT('',(-6.75,137.15,-8.));
#12162 = DIRECTION('',(0.,0.,1.));
#12163 = DIRECTION('',(1.,0.,0.));
#12164 = ORIENTED_EDGE('',*,*,#12165,.F.);
#12165 = EDGE_CURVE('',#12166,#12157,#12168,.T.);
#12166 = VERTEX_POINT('',#12167);
#12167 = CARTESIAN_POINT('',(-3.75,116.65,-8.));
#12168 = LINE('',#12169,#12170);
#12169 = CARTESIAN_POINT('',(-3.75,112.65,-8.));
#12170 = VECTOR('',#12171,1.);
#12171 = DIRECTION('',(0.,1.,0.));
#12172 = ORIENTED_EDGE('',*,*,#12173,.F.);
#12173 = EDGE_CURVE('',#12174,#12166,#12176,.T.);
#12174 = VERTEX_POINT('',#12175);
#12175 = CARTESIAN_POINT('',(-6.75,113.65,-8.));
#12176 = CIRCLE('',#12177,3.);
#12177 = AXIS2_PLACEMENT_3D('',#12178,#12179,#12180);
#12178 = CARTESIAN_POINT('',(-6.75,116.65,-8.));
#12179 = DIRECTION('',(0.,0.,1.));
#12180 = DIRECTION('',(1.,0.,0.));
#12181 = ORIENTED_EDGE('',*,*,#12182,.T.);
#12182 = EDGE_CURVE('',#12174,#12123,#12183,.T.);
#12183 = LINE('',#12184,#12185);
#12184 = CARTESIAN_POINT('',(-31.25,113.65,-8.));
#12185 = VECTOR('',#12186,1.);
#12186 = DIRECTION('',(-1.,0.,0.));
#12187 = PLANE('',#12188);
#12188 = AXIS2_PLACEMENT_3D('',#12189,#12190,#12191);
#12189 = CARTESIAN_POINT('',(-32.25,111.65,-8.));
#12190 = DIRECTION('',(0.,0.,1.));
#12191 = DIRECTION('',(1.,0.,0.));
#12192 = ADVANCED_FACE('',(#12193),#12209,.F.);
#12193 = FACE_BOUND('',#12194,.F.);
#12194 = EDGE_LOOP('',(#12195,#12201,#12202,#12208));
#12195 = ORIENTED_EDGE('',*,*,#12196,.T.);
#12196 = EDGE_CURVE('',#12037,#12123,#12197,.T.);
#12197 = LINE('',#12198,#12199);
#12198 = CARTESIAN_POINT('',(-27.25,113.65,-32.));
#12199 = VECTOR('',#12200,1.);
#12200 = DIRECTION('',(0.,0.,1.));
#12201 = ORIENTED_EDGE('',*,*,#12120,.F.);
#12202 = ORIENTED_EDGE('',*,*,#12203,.F.);
#12203 = EDGE_CURVE('',#12035,#12121,#12204,.T.);
#12204 = LINE('',#12205,#12206);
#12205 = CARTESIAN_POINT('',(-30.25,116.65,-32.));
#12206 = VECTOR('',#12207,1.);
#12207 = DIRECTION('',(0.,0.,1.));
#12208 = ORIENTED_EDGE('',*,*,#12034,.T.);
#12209 = CYLINDRICAL_SURFACE('',#12210,3.);
#12210 = AXIS2_PLACEMENT_3D('',#12211,#12212,#12213);
#12211 = CARTESIAN_POINT('',(-27.25,116.65,-32.));
#12212 = DIRECTION('',(0.,0.,1.));
#12213 = DIRECTION('',(-1.,0.,0.));
#12214 = ADVANCED_FACE('',(#12215),#12226,.T.);
#12215 = FACE_BOUND('',#12216,.T.);
#12216 = EDGE_LOOP('',(#12217,#12223,#12224,#12225));
#12217 = ORIENTED_EDGE('',*,*,#12218,.F.);
#12218 = EDGE_CURVE('',#12088,#12174,#12219,.T.);
#12219 = LINE('',#12220,#12221);
#12220 = CARTESIAN_POINT('',(-6.75,113.65,-32.));
#12221 = VECTOR('',#12222,1.);
#12222 = DIRECTION('',(0.,0.,1.));
#12223 = ORIENTED_EDGE('',*,*,#12096,.T.);
#12224 = ORIENTED_EDGE('',*,*,#12196,.T.);
#12225 = ORIENTED_EDGE('',*,*,#12182,.F.);
#12226 = PLANE('',#12227);
#12227 = AXIS2_PLACEMENT_3D('',#12228,#12229,#12230);
#12228 = CARTESIAN_POINT('',(-30.25,113.65,-32.));
#12229 = DIRECTION('',(0.,1.,0.));
#12230 = DIRECTION('',(0.,0.,1.));
#12231 = ADVANCED_FACE('',(#12232),#12243,.F.);
#12232 = FACE_BOUND('',#12233,.T.);
#12233 = EDGE_LOOP('',(#12234,#12235,#12236,#12237));
#12234 = ORIENTED_EDGE('',*,*,#12087,.F.);
#12235 = ORIENTED_EDGE('',*,*,#12218,.T.);
#12236 = ORIENTED_EDGE('',*,*,#12173,.T.);
#12237 = ORIENTED_EDGE('',*,*,#12238,.F.);
#12238 = EDGE_CURVE('',#12080,#12166,#12239,.T.);
#12239 = LINE('',#12240,#12241);
#12240 = CARTESIAN_POINT('',(-3.75,116.65,-32.));
#12241 = VECTOR('',#12242,1.);
#12242 = DIRECTION('',(0.,0.,1.));
#12243 = CYLINDRICAL_SURFACE('',#12244,3.);
#12244 = AXIS2_PLACEMENT_3D('',#12245,#12246,#12247);
#12245 = CARTESIAN_POINT('',(-6.75,116.65,-32.));
#12246 = DIRECTION('',(0.,0.,1.));
#12247 = DIRECTION('',(1.,0.,0.));
#12248 = ADVANCED_FACE('',(#12249),#12260,.F.);
#12249 = FACE_BOUND('',#12250,.T.);
#12250 = EDGE_LOOP('',(#12251,#12252,#12258,#12259));
#12251 = ORIENTED_EDGE('',*,*,#12165,.T.);
#12252 = ORIENTED_EDGE('',*,*,#12253,.F.);
#12253 = EDGE_CURVE('',#12071,#12157,#12254,.T.);
#12254 = LINE('',#12255,#12256);
#12255 = CARTESIAN_POINT('',(-3.75,137.15,-32.));
#12256 = VECTOR('',#12257,1.);
#12257 = DIRECTION('',(0.,0.,1.));
#12258 = ORIENTED_EDGE('',*,*,#12079,.F.);
#12259 = ORIENTED_EDGE('',*,*,#12238,.T.);
#12260 = PLANE('',#12261);
#12261 = AXIS2_PLACEMENT_3D('',#12262,#12263,#12264);
#12262 = CARTESIAN_POINT('',(-3.75,113.65,-32.));
#12263 = DIRECTION('',(1.,0.,0.));
#12264 = DIRECTION('',(0.,0.,1.));
#12265 = ADVANCED_FACE('',(#12266),#12277,.F.);
#12266 = FACE_BOUND('',#12267,.F.);
#12267 = EDGE_LOOP('',(#12268,#12274,#12275,#12276));
#12268 = ORIENTED_EDGE('',*,*,#12269,.T.);
#12269 = EDGE_CURVE('',#12063,#12149,#12270,.T.);
#12270 = LINE('',#12271,#12272);
#12271 = CARTESIAN_POINT('',(-6.75,140.15,-32.));
#12272 = VECTOR('',#12273,1.);
#12273 = DIRECTION('',(0.,0.,1.));
#12274 = ORIENTED_EDGE('',*,*,#12156,.F.);
#12275 = ORIENTED_EDGE('',*,*,#12253,.F.);
#12276 = ORIENTED_EDGE('',*,*,#12070,.T.);
#12277 = CYLINDRICAL_SURFACE('',#12278,3.);
#12278 = AXIS2_PLACEMENT_3D('',#12279,#12280,#12281);
#12279 = CARTESIAN_POINT('',(-6.75,137.15,-32.));
#12280 = DIRECTION('',(0.,0.,1.));
#12281 = DIRECTION('',(1.,0.,0.));
#12282 = ADVANCED_FACE('',(#12283),#12294,.F.);
#12283 = FACE_BOUND('',#12284,.T.);
#12284 = EDGE_LOOP('',(#12285,#12286,#12292,#12293));
#12285 = ORIENTED_EDGE('',*,*,#12148,.T.);
#12286 = ORIENTED_EDGE('',*,*,#12287,.F.);
#12287 = EDGE_CURVE('',#12054,#12140,#12288,.T.);
#12288 = LINE('',#12289,#12290);
#12289 = CARTESIAN_POINT('',(-27.25,140.15,-32.));
#12290 = VECTOR('',#12291,1.);
#12291 = DIRECTION('',(0.,0.,1.));
#12292 = ORIENTED_EDGE('',*,*,#12062,.F.);
#12293 = ORIENTED_EDGE('',*,*,#12269,.T.);
#12294 = PLANE('',#12295);
#12295 = AXIS2_PLACEMENT_3D('',#12296,#12297,#12298);
#12296 = CARTESIAN_POINT('',(-30.25,140.15,-32.));
#12297 = DIRECTION('',(0.,1.,0.));
#12298 = DIRECTION('',(0.,0.,1.));
#12299 = ADVANCED_FACE('',(#12300),#12311,.F.);
#12300 = FACE_BOUND('',#12301,.T.);
#12301 = EDGE_LOOP('',(#12302,#12303,#12304,#12305));
#12302 = ORIENTED_EDGE('',*,*,#12053,.F.);
#12303 = ORIENTED_EDGE('',*,*,#12287,.T.);
#12304 = ORIENTED_EDGE('',*,*,#12139,.T.);
#12305 = ORIENTED_EDGE('',*,*,#12306,.F.);
#12306 = EDGE_CURVE('',#12046,#12132,#12307,.T.);
#12307 = LINE('',#12308,#12309);
#12308 = CARTESIAN_POINT('',(-30.25,137.15,-32.));
#12309 = VECTOR('',#12310,1.);
#12310 = DIRECTION('',(0.,0.,1.));
#12311 = CYLINDRICAL_SURFACE('',#12312,3.);
#12312 = AXIS2_PLACEMENT_3D('',#12313,#12314,#12315);
#12313 = CARTESIAN_POINT('',(-27.25,137.15,-32.));
#12314 = DIRECTION('',(0.,0.,1.));
#12315 = DIRECTION('',(-1.,0.,0.));
#12316 = ADVANCED_FACE('',(#12317),#12323,.T.);
#12317 = FACE_BOUND('',#12318,.T.);
#12318 = EDGE_LOOP('',(#12319,#12320,#12321,#12322));
#12319 = ORIENTED_EDGE('',*,*,#12131,.F.);
#12320 = ORIENTED_EDGE('',*,*,#12203,.F.);
#12321 = ORIENTED_EDGE('',*,*,#12045,.T.);
#12322 = ORIENTED_EDGE('',*,*,#12306,.T.);
#12323 = PLANE('',#12324);
#12324 = AXIS2_PLACEMENT_3D('',#12325,#12326,#12327);
#12325 = CARTESIAN_POINT('',(-30.25,113.65,-32.));
#12326 = DIRECTION('',(1.,0.,0.));
#12327 = DIRECTION('',(0.,0.,1.));
#12328 = MANIFOLD_SOLID_BREP('',#12329);
#12329 = CLOSED_SHELL('',(#12330,#12370,#13472,#13515,#13558,#14686,
    #14703,#14720,#14745,#14770,#14782,#14807,#14832,#14857,#14879,
    #14896,#14913,#14930,#14947,#14964,#14981,#14993,#15015,#15032,
    #15049,#15066,#15083,#15100,#15117,#15129,#15151,#15168,#15185,
    #15202,#15219,#15236,#15253,#15265,#15287,#15304,#15321,#15338,
    #15355,#15372,#15389,#15401,#15423,#15440,#15457,#15474,#15491,
    #15508,#15525,#15537,#15562,#15584,#15601,#15618,#15635,#15652,
    #15685,#15710,#15736,#15758,#15775,#15792,#15809,#15826,#15843,
    #15860,#15872,#15894,#15911,#15928,#15945,#15962,#15979,#15996,
    #16008,#16030,#16047,#16064,#16081,#16098,#16115,#16132,#16144,
    #16166,#16183,#16200,#16217,#16234,#16251,#16268,#16280,#16302,
    #16319,#16336,#16353,#16370,#16387,#16404,#16416,#16438,#16455,
    #16472,#16489,#16506,#16523,#16540,#16552,#16574,#16591,#16608,
    #16625,#16642,#16659,#16676,#16688,#16710,#16727,#16744,#16761,
    #16778,#16795,#16812,#16824,#16849,#16865,#16881,#16918,#16951,
    #16984,#17011,#17036,#17046,#17056,#17076,#17085,#17105,#17125,
    #17137,#17157,#17177,#17197,#17217,#17237,#17246,#17263,#17280,
    #17297));
#12330 = ADVANCED_FACE('',(#12331),#12365,.F.);
#12331 = FACE_BOUND('',#12332,.F.);
#12332 = EDGE_LOOP('',(#12333,#12343,#12351,#12359));
#12333 = ORIENTED_EDGE('',*,*,#12334,.F.);
#12334 = EDGE_CURVE('',#12335,#12337,#12339,.T.);
#12335 = VERTEX_POINT('',#12336);
#12336 = CARTESIAN_POINT('',(-41.,7.5,-51.));
#12337 = VERTEX_POINT('',#12338);
#12338 = CARTESIAN_POINT('',(-41.,137.9,-51.));
#12339 = LINE('',#12340,#12341);
#12340 = CARTESIAN_POINT('',(-41.,-6.5,-51.));
#12341 = VECTOR('',#12342,1.);
#12342 = DIRECTION('',(0.,1.,0.));
#12343 = ORIENTED_EDGE('',*,*,#12344,.F.);
#12344 = EDGE_CURVE('',#12345,#12335,#12347,.T.);
#12345 = VERTEX_POINT('',#12346);
#12346 = CARTESIAN_POINT('',(-41.,7.5,-53.5));
#12347 = LINE('',#12348,#12349);
#12348 = CARTESIAN_POINT('',(-41.,7.5,-53.5));
#12349 = VECTOR('',#12350,1.);
#12350 = DIRECTION('',(0.,0.,1.));
#12351 = ORIENTED_EDGE('',*,*,#12352,.T.);
#12352 = EDGE_CURVE('',#12345,#12353,#12355,.T.);
#12353 = VERTEX_POINT('',#12354);
#12354 = CARTESIAN_POINT('',(-41.,137.9,-53.5));
#12355 = LINE('',#12356,#12357);
#12356 = CARTESIAN_POINT('',(-41.,-6.5,-53.5));
#12357 = VECTOR('',#12358,1.);
#12358 = DIRECTION('',(0.,1.,0.));
#12359 = ORIENTED_EDGE('',*,*,#12360,.T.);
#12360 = EDGE_CURVE('',#12353,#12337,#12361,.T.);
#12361 = LINE('',#12362,#12363);
#12362 = CARTESIAN_POINT('',(-41.,137.9,-53.5));
#12363 = VECTOR('',#12364,1.);
#12364 = DIRECTION('',(0.,0.,1.));
#12365 = PLANE('',#12366);
#12366 = AXIS2_PLACEMENT_3D('',#12367,#12368,#12369);
#12367 = CARTESIAN_POINT('',(-41.,-6.5,-53.5));
#12368 = DIRECTION('',(1.,0.,0.));
#12369 = DIRECTION('',(0.,0.,1.));
#12370 = ADVANCED_FACE('',(#12371,#12432,#12443,#12454,#12465,#12535,
    #12605,#12675,#12745,#12815,#12826,#12896,#12966,#13036,#13106,
    #13176,#13246,#13316,#13386,#13456),#13467,.T.);
#12371 = FACE_BOUND('',#12372,.T.);
#12372 = EDGE_LOOP('',(#12373,#12374,#12383,#12391,#12400,#12408,#12417,
    #12425));
#12373 = ORIENTED_EDGE('',*,*,#12334,.F.);
#12374 = ORIENTED_EDGE('',*,*,#12375,.T.);
#12375 = EDGE_CURVE('',#12335,#12376,#12378,.T.);
#12376 = VERTEX_POINT('',#12377);
#12377 = CARTESIAN_POINT('',(-27.,-6.5,-51.));
#12378 = CIRCLE('',#12379,14.);
#12379 = AXIS2_PLACEMENT_3D('',#12380,#12381,#12382);
#12380 = CARTESIAN_POINT('',(-27.,7.5,-51.));
#12381 = DIRECTION('',(-0.,0.,1.));
#12382 = DIRECTION('',(0.,-1.,0.));
#12383 = ORIENTED_EDGE('',*,*,#12384,.T.);
#12384 = EDGE_CURVE('',#12376,#12385,#12387,.T.);
#12385 = VERTEX_POINT('',#12386);
#12386 = CARTESIAN_POINT('',(27.,-6.5,-51.));
#12387 = LINE('',#12388,#12389);
#12388 = CARTESIAN_POINT('',(-41.,-6.5,-51.));
#12389 = VECTOR('',#12390,1.);
#12390 = DIRECTION('',(1.,0.,0.));
#12391 = ORIENTED_EDGE('',*,*,#12392,.F.);
#12392 = EDGE_CURVE('',#12393,#12385,#12395,.T.);
#12393 = VERTEX_POINT('',#12394);
#12394 = CARTESIAN_POINT('',(41.,7.5,-51.));
#12395 = CIRCLE('',#12396,14.);
#12396 = AXIS2_PLACEMENT_3D('',#12397,#12398,#12399);
#12397 = CARTESIAN_POINT('',(27.,7.5,-51.));
#12398 = DIRECTION('',(-0.,-0.,-1.));
#12399 = DIRECTION('',(0.,-1.,0.));
#12400 = ORIENTED_EDGE('',*,*,#12401,.T.);
#12401 = EDGE_CURVE('',#12393,#12402,#12404,.T.);
#12402 = VERTEX_POINT('',#12403);
#12403 = CARTESIAN_POINT('',(41.,137.9,-51.));
#12404 = LINE('',#12405,#12406);
#12405 = CARTESIAN_POINT('',(41.,-6.5,-51.));
#12406 = VECTOR('',#12407,1.);
#12407 = DIRECTION('',(0.,1.,0.));
#12408 = ORIENTED_EDGE('',*,*,#12409,.T.);
#12409 = EDGE_CURVE('',#12402,#12410,#12412,.T.);
#12410 = VERTEX_POINT('',#12411);
#12411 = CARTESIAN_POINT('',(27.,151.9,-51.));
#12412 = CIRCLE('',#12413,14.);
#12413 = AXIS2_PLACEMENT_3D('',#12414,#12415,#12416);
#12414 = CARTESIAN_POINT('',(27.,137.9,-51.));
#12415 = DIRECTION('',(-0.,0.,1.));
#12416 = DIRECTION('',(0.,-1.,0.));
#12417 = ORIENTED_EDGE('',*,*,#12418,.F.);
#12418 = EDGE_CURVE('',#12419,#12410,#12421,.T.);
#12419 = VERTEX_POINT('',#12420);
#12420 = CARTESIAN_POINT('',(-27.,151.9,-51.));
#12421 = LINE('',#12422,#12423);
#12422 = CARTESIAN_POINT('',(-41.,151.9,-51.));
#12423 = VECTOR('',#12424,1.);
#12424 = DIRECTION('',(1.,0.,0.));
#12425 = ORIENTED_EDGE('',*,*,#12426,.F.);
#12426 = EDGE_CURVE('',#12337,#12419,#12427,.T.);
#12427 = CIRCLE('',#12428,14.);
#12428 = AXIS2_PLACEMENT_3D('',#12429,#12430,#12431);
#12429 = CARTESIAN_POINT('',(-27.,137.9,-51.));
#12430 = DIRECTION('',(-0.,-0.,-1.));
#12431 = DIRECTION('',(0.,-1.,0.));
#12432 = FACE_BOUND('',#12433,.T.);
#12433 = EDGE_LOOP('',(#12434));
#12434 = ORIENTED_EDGE('',*,*,#12435,.F.);
#12435 = EDGE_CURVE('',#12436,#12436,#12438,.T.);
#12436 = VERTEX_POINT('',#12437);
#12437 = CARTESIAN_POINT('',(-30.8,1.5,-51.));
#12438 = CIRCLE('',#12439,1.7);
#12439 = AXIS2_PLACEMENT_3D('',#12440,#12441,#12442);
#12440 = CARTESIAN_POINT('',(-32.5,1.5,-51.));
#12441 = DIRECTION('',(0.,0.,1.));
#12442 = DIRECTION('',(1.,0.,0.));
#12443 = FACE_BOUND('',#12444,.T.);
#12444 = EDGE_LOOP('',(#12445));
#12445 = ORIENTED_EDGE('',*,*,#12446,.F.);
#12446 = EDGE_CURVE('',#12447,#12447,#12449,.T.);
#12447 = VERTEX_POINT('',#12448);
#12448 = CARTESIAN_POINT('',(-4.5,55.,-51.));
#12449 = CIRCLE('',#12450,7.5);
#12450 = AXIS2_PLACEMENT_3D('',#12451,#12452,#12453);
#12451 = CARTESIAN_POINT('',(-12.,55.,-51.));
#12452 = DIRECTION('',(0.,0.,1.));
#12453 = DIRECTION('',(1.,0.,0.));
#12454 = FACE_BOUND('',#12455,.T.);
#12455 = EDGE_LOOP('',(#12456));
#12456 = ORIENTED_EDGE('',*,*,#12457,.F.);
#12457 = EDGE_CURVE('',#12458,#12458,#12460,.T.);
#12458 = VERTEX_POINT('',#12459);
#12459 = CARTESIAN_POINT('',(34.2,1.5,-51.));
#12460 = CIRCLE('',#12461,1.7);
#12461 = AXIS2_PLACEMENT_3D('',#12462,#12463,#12464);
#12462 = CARTESIAN_POINT('',(32.5,1.5,-51.));
#12463 = DIRECTION('',(0.,0.,1.));
#12464 = DIRECTION('',(1.,0.,0.));
#12465 = FACE_BOUND('',#12466,.T.);
#12466 = EDGE_LOOP('',(#12467,#12478,#12486,#12495,#12503,#12512,#12520,
    #12529));
#12467 = ORIENTED_EDGE('',*,*,#12468,.F.);
#12468 = EDGE_CURVE('',#12469,#12471,#12473,.T.);
#12469 = VERTEX_POINT('',#12470);
#12470 = CARTESIAN_POINT('',(8.5,46.2,-51.));
#12471 = VERTEX_POINT('',#12472);
#12472 = CARTESIAN_POINT('',(9.7,45.,-51.));
#12473 = CIRCLE('',#12474,1.2);
#12474 = AXIS2_PLACEMENT_3D('',#12475,#12476,#12477);
#12475 = CARTESIAN_POINT('',(9.7,46.2,-51.));
#12476 = DIRECTION('',(0.,0.,1.));
#12477 = DIRECTION('',(-1.,0.,0.));
#12478 = ORIENTED_EDGE('',*,*,#12479,.T.);
#12479 = EDGE_CURVE('',#12469,#12480,#12482,.T.);
#12480 = VERTEX_POINT('',#12481);
#12481 = CARTESIAN_POINT('',(8.5,46.6,-51.));
#12482 = LINE('',#12483,#12484);
#12483 = CARTESIAN_POINT('',(8.5,19.25,-51.));
#12484 = VECTOR('',#12485,1.);
#12485 = DIRECTION('',(0.,1.,0.));
#12486 = ORIENTED_EDGE('',*,*,#12487,.F.);
#12487 = EDGE_CURVE('',#12488,#12480,#12490,.T.);
#12488 = VERTEX_POINT('',#12489);
#12489 = CARTESIAN_POINT('',(9.7,47.8,-51.));
#12490 = CIRCLE('',#12491,1.2);
#12491 = AXIS2_PLACEMENT_3D('',#12492,#12493,#12494);
#12492 = CARTESIAN_POINT('',(9.7,46.6,-51.));
#12493 = DIRECTION('',(0.,0.,1.));
#12494 = DIRECTION('',(-1.,0.,0.));
#12495 = ORIENTED_EDGE('',*,*,#12496,.F.);
#12496 = EDGE_CURVE('',#12497,#12488,#12499,.T.);
#12497 = VERTEX_POINT('',#12498);
#12498 = CARTESIAN_POINT('',(27.3,47.8,-51.));
#12499 = LINE('',#12500,#12501);
#12500 = CARTESIAN_POINT('',(-16.25,47.8,-51.));
#12501 = VECTOR('',#12502,1.);
#12502 = DIRECTION('',(-1.,0.,0.));
#12503 = ORIENTED_EDGE('',*,*,#12504,.F.);
#12504 = EDGE_CURVE('',#12505,#12497,#12507,.T.);
#12505 = VERTEX_POINT('',#12506);
#12506 = CARTESIAN_POINT('',(28.5,46.6,-51.));
#12507 = CIRCLE('',#12508,1.2);
#12508 = AXIS2_PLACEMENT_3D('',#12509,#12510,#12511);
#12509 = CARTESIAN_POINT('',(27.3,46.6,-51.));
#12510 = DIRECTION('',(0.,0.,1.));
#12511 = DIRECTION('',(1.,0.,0.));
#12512 = ORIENTED_EDGE('',*,*,#12513,.F.);
#12513 = EDGE_CURVE('',#12514,#12505,#12516,.T.);
#12514 = VERTEX_POINT('',#12515);
#12515 = CARTESIAN_POINT('',(28.5,46.2,-51.));
#12516 = LINE('',#12517,#12518);
#12517 = CARTESIAN_POINT('',(28.5,19.25,-51.));
#12518 = VECTOR('',#12519,1.);
#12519 = DIRECTION('',(0.,1.,0.));
#12520 = ORIENTED_EDGE('',*,*,#12521,.F.);
#12521 = EDGE_CURVE('',#12522,#12514,#12524,.T.);
#12522 = VERTEX_POINT('',#12523);
#12523 = CARTESIAN_POINT('',(27.3,45.,-51.));
#12524 = CIRCLE('',#12525,1.2);
#12525 = AXIS2_PLACEMENT_3D('',#12526,#12527,#12528);
#12526 = CARTESIAN_POINT('',(27.3,46.2,-51.));
#12527 = DIRECTION('',(0.,0.,1.));
#12528 = DIRECTION('',(1.,0.,0.));
#12529 = ORIENTED_EDGE('',*,*,#12530,.T.);
#12530 = EDGE_CURVE('',#12522,#12471,#12531,.T.);
#12531 = LINE('',#12532,#12533);
#12532 = CARTESIAN_POINT('',(-16.25,45.,-51.));
#12533 = VECTOR('',#12534,1.);
#12534 = DIRECTION('',(-1.,0.,0.));
#12535 = FACE_BOUND('',#12536,.T.);
#12536 = EDGE_LOOP('',(#12537,#12548,#12556,#12565,#12573,#12582,#12590,
    #12599));
#12537 = ORIENTED_EDGE('',*,*,#12538,.F.);
#12538 = EDGE_CURVE('',#12539,#12541,#12543,.T.);
#12539 = VERTEX_POINT('',#12540);
#12540 = CARTESIAN_POINT('',(8.5,52.2,-51.));
#12541 = VERTEX_POINT('',#12542);
#12542 = CARTESIAN_POINT('',(9.7,51.,-51.));
#12543 = CIRCLE('',#12544,1.2);
#12544 = AXIS2_PLACEMENT_3D('',#12545,#12546,#12547);
#12545 = CARTESIAN_POINT('',(9.7,52.2,-51.));
#12546 = DIRECTION('',(0.,0.,1.));
#12547 = DIRECTION('',(-1.,0.,0.));
#12548 = ORIENTED_EDGE('',*,*,#12549,.T.);
#12549 = EDGE_CURVE('',#12539,#12550,#12552,.T.);
#12550 = VERTEX_POINT('',#12551);
#12551 = CARTESIAN_POINT('',(8.5,52.6,-51.));
#12552 = LINE('',#12553,#12554);
#12553 = CARTESIAN_POINT('',(8.5,22.25,-51.));
#12554 = VECTOR('',#12555,1.);
#12555 = DIRECTION('',(0.,1.,0.));
#12556 = ORIENTED_EDGE('',*,*,#12557,.F.);
#12557 = EDGE_CURVE('',#12558,#12550,#12560,.T.);
#12558 = VERTEX_POINT('',#12559);
#12559 = CARTESIAN_POINT('',(9.7,53.8,-51.));
#12560 = CIRCLE('',#12561,1.2);
#12561 = AXIS2_PLACEMENT_3D('',#12562,#12563,#12564);
#12562 = CARTESIAN_POINT('',(9.7,52.6,-51.));
#12563 = DIRECTION('',(0.,0.,1.));
#12564 = DIRECTION('',(-1.,0.,0.));
#12565 = ORIENTED_EDGE('',*,*,#12566,.F.);
#12566 = EDGE_CURVE('',#12567,#12558,#12569,.T.);
#12567 = VERTEX_POINT('',#12568);
#12568 = CARTESIAN_POINT('',(27.3,53.8,-51.));
#12569 = LINE('',#12570,#12571);
#12570 = CARTESIAN_POINT('',(-16.25,53.8,-51.));
#12571 = VECTOR('',#12572,1.);
#12572 = DIRECTION('',(-1.,0.,0.));
#12573 = ORIENTED_EDGE('',*,*,#12574,.F.);
#12574 = EDGE_CURVE('',#12575,#12567,#12577,.T.);
#12575 = VERTEX_POINT('',#12576);
#12576 = CARTESIAN_POINT('',(28.5,52.6,-51.));
#12577 = CIRCLE('',#12578,1.2);
#12578 = AXIS2_PLACEMENT_3D('',#12579,#12580,#12581);
#12579 = CARTESIAN_POINT('',(27.3,52.6,-51.));
#12580 = DIRECTION('',(0.,0.,1.));
#12581 = DIRECTION('',(1.,0.,0.));
#12582 = ORIENTED_EDGE('',*,*,#12583,.F.);
#12583 = EDGE_CURVE('',#12584,#12575,#12586,.T.);
#12584 = VERTEX_POINT('',#12585);
#12585 = CARTESIAN_POINT('',(28.5,52.2,-51.));
#12586 = LINE('',#12587,#12588);
#12587 = CARTESIAN_POINT('',(28.5,22.25,-51.));
#12588 = VECTOR('',#12589,1.);
#12589 = DIRECTION('',(0.,1.,0.));
#12590 = ORIENTED_EDGE('',*,*,#12591,.F.);
#12591 = EDGE_CURVE('',#12592,#12584,#12594,.T.);
#12592 = VERTEX_POINT('',#12593);
#12593 = CARTESIAN_POINT('',(27.3,51.,-51.));
#12594 = CIRCLE('',#12595,1.2);
#12595 = AXIS2_PLACEMENT_3D('',#12596,#12597,#12598);
#12596 = CARTESIAN_POINT('',(27.3,52.2,-51.));
#12597 = DIRECTION('',(0.,0.,1.));
#12598 = DIRECTION('',(1.,0.,0.));
#12599 = ORIENTED_EDGE('',*,*,#12600,.T.);
#12600 = EDGE_CURVE('',#12592,#12541,#12601,.T.);
#12601 = LINE('',#12602,#12603);
#12602 = CARTESIAN_POINT('',(-16.25,51.,-51.));
#12603 = VECTOR('',#12604,1.);
#12604 = DIRECTION('',(-1.,0.,0.));
#12605 = FACE_BOUND('',#12606,.T.);
#12606 = EDGE_LOOP('',(#12607,#12618,#12626,#12635,#12643,#12652,#12660,
    #12669));
#12607 = ORIENTED_EDGE('',*,*,#12608,.F.);
#12608 = EDGE_CURVE('',#12609,#12611,#12613,.T.);
#12609 = VERTEX_POINT('',#12610);
#12610 = CARTESIAN_POINT('',(8.5,58.2,-51.));
#12611 = VERTEX_POINT('',#12612);
#12612 = CARTESIAN_POINT('',(9.7,57.,-51.));
#12613 = CIRCLE('',#12614,1.2);
#12614 = AXIS2_PLACEMENT_3D('',#12615,#12616,#12617);
#12615 = CARTESIAN_POINT('',(9.7,58.2,-51.));
#12616 = DIRECTION('',(0.,0.,1.));
#12617 = DIRECTION('',(-1.,0.,0.));
#12618 = ORIENTED_EDGE('',*,*,#12619,.T.);
#12619 = EDGE_CURVE('',#12609,#12620,#12622,.T.);
#12620 = VERTEX_POINT('',#12621);
#12621 = CARTESIAN_POINT('',(8.5,58.6,-51.));
#12622 = LINE('',#12623,#12624);
#12623 = CARTESIAN_POINT('',(8.5,25.25,-51.));
#12624 = VECTOR('',#12625,1.);
#12625 = DIRECTION('',(0.,1.,0.));
#12626 = ORIENTED_EDGE('',*,*,#12627,.F.);
#12627 = EDGE_CURVE('',#12628,#12620,#12630,.T.);
#12628 = VERTEX_POINT('',#12629);
#12629 = CARTESIAN_POINT('',(9.7,59.8,-51.));
#12630 = CIRCLE('',#12631,1.2);
#12631 = AXIS2_PLACEMENT_3D('',#12632,#12633,#12634);
#12632 = CARTESIAN_POINT('',(9.7,58.6,-51.));
#12633 = DIRECTION('',(0.,0.,1.));
#12634 = DIRECTION('',(-1.,0.,0.));
#12635 = ORIENTED_EDGE('',*,*,#12636,.F.);
#12636 = EDGE_CURVE('',#12637,#12628,#12639,.T.);
#12637 = VERTEX_POINT('',#12638);
#12638 = CARTESIAN_POINT('',(27.3,59.8,-51.));
#12639 = LINE('',#12640,#12641);
#12640 = CARTESIAN_POINT('',(-16.25,59.8,-51.));
#12641 = VECTOR('',#12642,1.);
#12642 = DIRECTION('',(-1.,0.,0.));
#12643 = ORIENTED_EDGE('',*,*,#12644,.F.);
#12644 = EDGE_CURVE('',#12645,#12637,#12647,.T.);
#12645 = VERTEX_POINT('',#12646);
#12646 = CARTESIAN_POINT('',(28.5,58.6,-51.));
#12647 = CIRCLE('',#12648,1.2);
#12648 = AXIS2_PLACEMENT_3D('',#12649,#12650,#12651);
#12649 = CARTESIAN_POINT('',(27.3,58.6,-51.));
#12650 = DIRECTION('',(0.,0.,1.));
#12651 = DIRECTION('',(1.,0.,0.));
#12652 = ORIENTED_EDGE('',*,*,#12653,.F.);
#12653 = EDGE_CURVE('',#12654,#12645,#12656,.T.);
#12654 = VERTEX_POINT('',#12655);
#12655 = CARTESIAN_POINT('',(28.5,58.2,-51.));
#12656 = LINE('',#12657,#12658);
#12657 = CARTESIAN_POINT('',(28.5,25.25,-51.));
#12658 = VECTOR('',#12659,1.);
#12659 = DIRECTION('',(0.,1.,0.));
#12660 = ORIENTED_EDGE('',*,*,#12661,.F.);
#12661 = EDGE_CURVE('',#12662,#12654,#12664,.T.);
#12662 = VERTEX_POINT('',#12663);
#12663 = CARTESIAN_POINT('',(27.3,57.,-51.));
#12664 = CIRCLE('',#12665,1.2);
#12665 = AXIS2_PLACEMENT_3D('',#12666,#12667,#12668);
#12666 = CARTESIAN_POINT('',(27.3,58.2,-51.));
#12667 = DIRECTION('',(0.,0.,1.));
#12668 = DIRECTION('',(1.,0.,0.));
#12669 = ORIENTED_EDGE('',*,*,#12670,.T.);
#12670 = EDGE_CURVE('',#12662,#12611,#12671,.T.);
#12671 = LINE('',#12672,#12673);
#12672 = CARTESIAN_POINT('',(-16.25,57.,-51.));
#12673 = VECTOR('',#12674,1.);
#12674 = DIRECTION('',(-1.,0.,0.));
#12675 = FACE_BOUND('',#12676,.T.);
#12676 = EDGE_LOOP('',(#12677,#12688,#12696,#12705,#12713,#12722,#12730,
    #12739));
#12677 = ORIENTED_EDGE('',*,*,#12678,.F.);
#12678 = EDGE_CURVE('',#12679,#12681,#12683,.T.);
#12679 = VERTEX_POINT('',#12680);
#12680 = CARTESIAN_POINT('',(8.5,64.2,-51.));
#12681 = VERTEX_POINT('',#12682);
#12682 = CARTESIAN_POINT('',(9.7,63.,-51.));
#12683 = CIRCLE('',#12684,1.2);
#12684 = AXIS2_PLACEMENT_3D('',#12685,#12686,#12687);
#12685 = CARTESIAN_POINT('',(9.7,64.2,-51.));
#12686 = DIRECTION('',(0.,0.,1.));
#12687 = DIRECTION('',(-1.,0.,0.));
#12688 = ORIENTED_EDGE('',*,*,#12689,.T.);
#12689 = EDGE_CURVE('',#12679,#12690,#12692,.T.);
#12690 = VERTEX_POINT('',#12691);
#12691 = CARTESIAN_POINT('',(8.5,64.6,-51.));
#12692 = LINE('',#12693,#12694);
#12693 = CARTESIAN_POINT('',(8.5,28.25,-51.));
#12694 = VECTOR('',#12695,1.);
#12695 = DIRECTION('',(0.,1.,0.));
#12696 = ORIENTED_EDGE('',*,*,#12697,.F.);
#12697 = EDGE_CURVE('',#12698,#12690,#12700,.T.);
#12698 = VERTEX_POINT('',#12699);
#12699 = CARTESIAN_POINT('',(9.7,65.8,-51.));
#12700 = CIRCLE('',#12701,1.2);
#12701 = AXIS2_PLACEMENT_3D('',#12702,#12703,#12704);
#12702 = CARTESIAN_POINT('',(9.7,64.6,-51.));
#12703 = DIRECTION('',(0.,0.,1.));
#12704 = DIRECTION('',(-1.,0.,0.));
#12705 = ORIENTED_EDGE('',*,*,#12706,.F.);
#12706 = EDGE_CURVE('',#12707,#12698,#12709,.T.);
#12707 = VERTEX_POINT('',#12708);
#12708 = CARTESIAN_POINT('',(27.3,65.8,-51.));
#12709 = LINE('',#12710,#12711);
#12710 = CARTESIAN_POINT('',(-16.25,65.8,-51.));
#12711 = VECTOR('',#12712,1.);
#12712 = DIRECTION('',(-1.,0.,0.));
#12713 = ORIENTED_EDGE('',*,*,#12714,.F.);
#12714 = EDGE_CURVE('',#12715,#12707,#12717,.T.);
#12715 = VERTEX_POINT('',#12716);
#12716 = CARTESIAN_POINT('',(28.5,64.6,-51.));
#12717 = CIRCLE('',#12718,1.2);
#12718 = AXIS2_PLACEMENT_3D('',#12719,#12720,#12721);
#12719 = CARTESIAN_POINT('',(27.3,64.6,-51.));
#12720 = DIRECTION('',(0.,0.,1.));
#12721 = DIRECTION('',(1.,0.,0.));
#12722 = ORIENTED_EDGE('',*,*,#12723,.F.);
#12723 = EDGE_CURVE('',#12724,#12715,#12726,.T.);
#12724 = VERTEX_POINT('',#12725);
#12725 = CARTESIAN_POINT('',(28.5,64.2,-51.));
#12726 = LINE('',#12727,#12728);
#12727 = CARTESIAN_POINT('',(28.5,28.25,-51.));
#12728 = VECTOR('',#12729,1.);
#12729 = DIRECTION('',(0.,1.,0.));
#12730 = ORIENTED_EDGE('',*,*,#12731,.F.);
#12731 = EDGE_CURVE('',#12732,#12724,#12734,.T.);
#12732 = VERTEX_POINT('',#12733);
#12733 = CARTESIAN_POINT('',(27.3,63.,-51.));
#12734 = CIRCLE('',#12735,1.2);
#12735 = AXIS2_PLACEMENT_3D('',#12736,#12737,#12738);
#12736 = CARTESIAN_POINT('',(27.3,64.2,-51.));
#12737 = DIRECTION('',(0.,0.,1.));
#12738 = DIRECTION('',(1.,0.,0.));
#12739 = ORIENTED_EDGE('',*,*,#12740,.T.);
#12740 = EDGE_CURVE('',#12732,#12681,#12741,.T.);
#12741 = LINE('',#12742,#12743);
#12742 = CARTESIAN_POINT('',(-16.25,63.,-51.));
#12743 = VECTOR('',#12744,1.);
#12744 = DIRECTION('',(-1.,0.,0.));
#12745 = FACE_BOUND('',#12746,.T.);
#12746 = EDGE_LOOP('',(#12747,#12758,#12766,#12775,#12783,#12792,#12800,
    #12809));
#12747 = ORIENTED_EDGE('',*,*,#12748,.F.);
#12748 = EDGE_CURVE('',#12749,#12751,#12753,.T.);
#12749 = VERTEX_POINT('',#12750);
#12750 = CARTESIAN_POINT('',(8.5,70.2,-51.));
#12751 = VERTEX_POINT('',#12752);
#12752 = CARTESIAN_POINT('',(9.7,69.,-51.));
#12753 = CIRCLE('',#12754,1.2);
#12754 = AXIS2_PLACEMENT_3D('',#12755,#12756,#12757);
#12755 = CARTESIAN_POINT('',(9.7,70.2,-51.));
#12756 = DIRECTION('',(0.,0.,1.));
#12757 = DIRECTION('',(-1.,0.,0.));
#12758 = ORIENTED_EDGE('',*,*,#12759,.T.);
#12759 = EDGE_CURVE('',#12749,#12760,#12762,.T.);
#12760 = VERTEX_POINT('',#12761);
#12761 = CARTESIAN_POINT('',(8.5,70.6,-51.));
#12762 = LINE('',#12763,#12764);
#12763 = CARTESIAN_POINT('',(8.5,31.25,-51.));
#12764 = VECTOR('',#12765,1.);
#12765 = DIRECTION('',(0.,1.,0.));
#12766 = ORIENTED_EDGE('',*,*,#12767,.F.);
#12767 = EDGE_CURVE('',#12768,#12760,#12770,.T.);
#12768 = VERTEX_POINT('',#12769);
#12769 = CARTESIAN_POINT('',(9.7,71.8,-51.));
#12770 = CIRCLE('',#12771,1.2);
#12771 = AXIS2_PLACEMENT_3D('',#12772,#12773,#12774);
#12772 = CARTESIAN_POINT('',(9.7,70.6,-51.));
#12773 = DIRECTION('',(0.,0.,1.));
#12774 = DIRECTION('',(-1.,0.,0.));
#12775 = ORIENTED_EDGE('',*,*,#12776,.F.);
#12776 = EDGE_CURVE('',#12777,#12768,#12779,.T.);
#12777 = VERTEX_POINT('',#12778);
#12778 = CARTESIAN_POINT('',(27.3,71.8,-51.));
#12779 = LINE('',#12780,#12781);
#12780 = CARTESIAN_POINT('',(-16.25,71.8,-51.));
#12781 = VECTOR('',#12782,1.);
#12782 = DIRECTION('',(-1.,0.,0.));
#12783 = ORIENTED_EDGE('',*,*,#12784,.F.);
#12784 = EDGE_CURVE('',#12785,#12777,#12787,.T.);
#12785 = VERTEX_POINT('',#12786);
#12786 = CARTESIAN_POINT('',(28.5,70.6,-51.));
#12787 = CIRCLE('',#12788,1.2);
#12788 = AXIS2_PLACEMENT_3D('',#12789,#12790,#12791);
#12789 = CARTESIAN_POINT('',(27.3,70.6,-51.));
#12790 = DIRECTION('',(0.,0.,1.));
#12791 = DIRECTION('',(1.,0.,0.));
#12792 = ORIENTED_EDGE('',*,*,#12793,.F.);
#12793 = EDGE_CURVE('',#12794,#12785,#12796,.T.);
#12794 = VERTEX_POINT('',#12795);
#12795 = CARTESIAN_POINT('',(28.5,70.2,-51.));
#12796 = LINE('',#12797,#12798);
#12797 = CARTESIAN_POINT('',(28.5,31.25,-51.));
#12798 = VECTOR('',#12799,1.);
#12799 = DIRECTION('',(0.,1.,0.));
#12800 = ORIENTED_EDGE('',*,*,#12801,.F.);
#12801 = EDGE_CURVE('',#12802,#12794,#12804,.T.);
#12802 = VERTEX_POINT('',#12803);
#12803 = CARTESIAN_POINT('',(27.3,69.,-51.));
#12804 = CIRCLE('',#12805,1.2);
#12805 = AXIS2_PLACEMENT_3D('',#12806,#12807,#12808);
#12806 = CARTESIAN_POINT('',(27.3,70.2,-51.));
#12807 = DIRECTION('',(0.,0.,1.));
#12808 = DIRECTION('',(1.,0.,0.));
#12809 = ORIENTED_EDGE('',*,*,#12810,.T.);
#12810 = EDGE_CURVE('',#12802,#12751,#12811,.T.);
#12811 = LINE('',#12812,#12813);
#12812 = CARTESIAN_POINT('',(-16.25,69.,-51.));
#12813 = VECTOR('',#12814,1.);
#12814 = DIRECTION('',(-1.,0.,0.));
#12815 = FACE_BOUND('',#12816,.T.);
#12816 = EDGE_LOOP('',(#12817));
#12817 = ORIENTED_EDGE('',*,*,#12818,.F.);
#12818 = EDGE_CURVE('',#12819,#12819,#12821,.T.);
#12819 = VERTEX_POINT('',#12820);
#12820 = CARTESIAN_POINT('',(-30.8,143.9,-51.));
#12821 = CIRCLE('',#12822,1.7);
#12822 = AXIS2_PLACEMENT_3D('',#12823,#12824,#12825);
#12823 = CARTESIAN_POINT('',(-32.5,143.9,-51.));
#12824 = DIRECTION('',(0.,0.,1.));
#12825 = DIRECTION('',(1.,0.,0.));
#12826 = FACE_BOUND('',#12827,.T.);
#12827 = EDGE_LOOP('',(#12828,#12839,#12847,#12856,#12864,#12873,#12881,
    #12890));
#12828 = ORIENTED_EDGE('',*,*,#12829,.F.);
#12829 = EDGE_CURVE('',#12830,#12832,#12834,.T.);
#12830 = VERTEX_POINT('',#12831);
#12831 = CARTESIAN_POINT('',(-32.55,115.35,-51.));
#12832 = VERTEX_POINT('',#12833);
#12833 = CARTESIAN_POINT('',(-28.55,111.35,-51.));
#12834 = CIRCLE('',#12835,4.);
#12835 = AXIS2_PLACEMENT_3D('',#12836,#12837,#12838);
#12836 = CARTESIAN_POINT('',(-28.55,115.35,-51.));
#12837 = DIRECTION('',(0.,0.,1.));
#12838 = DIRECTION('',(-1.,0.,0.));
#12839 = ORIENTED_EDGE('',*,*,#12840,.T.);
#12840 = EDGE_CURVE('',#12830,#12841,#12843,.T.);
#12841 = VERTEX_POINT('',#12842);
#12842 = CARTESIAN_POINT('',(-32.55,138.45,-51.));
#12843 = LINE('',#12844,#12845);
#12844 = CARTESIAN_POINT('',(-32.55,52.425,-51.));
#12845 = VECTOR('',#12846,1.);
#12846 = DIRECTION('',(0.,1.,0.));
#12847 = ORIENTED_EDGE('',*,*,#12848,.F.);
#12848 = EDGE_CURVE('',#12849,#12841,#12851,.T.);
#12849 = VERTEX_POINT('',#12850);
#12850 = CARTESIAN_POINT('',(-28.55,142.45,-51.));
#12851 = CIRCLE('',#12852,4.);
#12852 = AXIS2_PLACEMENT_3D('',#12853,#12854,#12855);
#12853 = CARTESIAN_POINT('',(-28.55,138.45,-51.));
#12854 = DIRECTION('',(0.,0.,1.));
#12855 = DIRECTION('',(-1.,0.,0.));
#12856 = ORIENTED_EDGE('',*,*,#12857,.F.);
#12857 = EDGE_CURVE('',#12858,#12849,#12860,.T.);
#12858 = VERTEX_POINT('',#12859);
#12859 = CARTESIAN_POINT('',(-5.45,142.45,-51.));
#12860 = LINE('',#12861,#12862);
#12861 = CARTESIAN_POINT('',(-36.775,142.45,-51.));
#12862 = VECTOR('',#12863,1.);
#12863 = DIRECTION('',(-1.,0.,0.));
#12864 = ORIENTED_EDGE('',*,*,#12865,.F.);
#12865 = EDGE_CURVE('',#12866,#12858,#12868,.T.);
#12866 = VERTEX_POINT('',#12867);
#12867 = CARTESIAN_POINT('',(-1.45,138.45,-51.));
#12868 = CIRCLE('',#12869,4.);
#12869 = AXIS2_PLACEMENT_3D('',#12870,#12871,#12872);
#12870 = CARTESIAN_POINT('',(-5.45,138.45,-51.));
#12871 = DIRECTION('',(0.,0.,1.));
#12872 = DIRECTION('',(1.,0.,0.));
#12873 = ORIENTED_EDGE('',*,*,#12874,.F.);
#12874 = EDGE_CURVE('',#12875,#12866,#12877,.T.);
#12875 = VERTEX_POINT('',#12876);
#12876 = CARTESIAN_POINT('',(-1.45,115.35,-51.));
#12877 = LINE('',#12878,#12879);
#12878 = CARTESIAN_POINT('',(-1.45,52.425,-51.));
#12879 = VECTOR('',#12880,1.);
#12880 = DIRECTION('',(0.,1.,0.));
#12881 = ORIENTED_EDGE('',*,*,#12882,.F.);
#12882 = EDGE_CURVE('',#12883,#12875,#12885,.T.);
#12883 = VERTEX_POINT('',#12884);
#12884 = CARTESIAN_POINT('',(-5.45,111.35,-51.));
#12885 = CIRCLE('',#12886,4.);
#12886 = AXIS2_PLACEMENT_3D('',#12887,#12888,#12889);
#12887 = CARTESIAN_POINT('',(-5.45,115.35,-51.));
#12888 = DIRECTION('',(0.,0.,1.));
#12889 = DIRECTION('',(1.,0.,0.));
#12890 = ORIENTED_EDGE('',*,*,#12891,.T.);
#12891 = EDGE_CURVE('',#12883,#12832,#12892,.T.);
#12892 = LINE('',#12893,#12894);
#12893 = CARTESIAN_POINT('',(-36.775,111.35,-51.));
#12894 = VECTOR('',#12895,1.);
#12895 = DIRECTION('',(-1.,0.,0.));
#12896 = FACE_BOUND('',#12897,.T.);
#12897 = EDGE_LOOP('',(#12898,#12909,#12917,#12926,#12934,#12943,#12951,
    #12960));
#12898 = ORIENTED_EDGE('',*,*,#12899,.F.);
#12899 = EDGE_CURVE('',#12900,#12902,#12904,.T.);
#12900 = VERTEX_POINT('',#12901);
#12901 = CARTESIAN_POINT('',(8.5,76.2,-51.));
#12902 = VERTEX_POINT('',#12903);
#12903 = CARTESIAN_POINT('',(9.7,75.,-51.));
#12904 = CIRCLE('',#12905,1.2);
#12905 = AXIS2_PLACEMENT_3D('',#12906,#12907,#12908);
#12906 = CARTESIAN_POINT('',(9.7,76.2,-51.));
#12907 = DIRECTION('',(0.,0.,1.));
#12908 = DIRECTION('',(-1.,0.,0.));
#12909 = ORIENTED_EDGE('',*,*,#12910,.T.);
#12910 = EDGE_CURVE('',#12900,#12911,#12913,.T.);
#12911 = VERTEX_POINT('',#12912);
#12912 = CARTESIAN_POINT('',(8.5,76.6,-51.));
#12913 = LINE('',#12914,#12915);
#12914 = CARTESIAN_POINT('',(8.5,34.25,-51.));
#12915 = VECTOR('',#12916,1.);
#12916 = DIRECTION('',(0.,1.,0.));
#12917 = ORIENTED_EDGE('',*,*,#12918,.F.);
#12918 = EDGE_CURVE('',#12919,#12911,#12921,.T.);
#12919 = VERTEX_POINT('',#12920);
#12920 = CARTESIAN_POINT('',(9.7,77.8,-51.));
#12921 = CIRCLE('',#12922,1.2);
#12922 = AXIS2_PLACEMENT_3D('',#12923,#12924,#12925);
#12923 = CARTESIAN_POINT('',(9.7,76.6,-51.));
#12924 = DIRECTION('',(0.,0.,1.));
#12925 = DIRECTION('',(-1.,0.,0.));
#12926 = ORIENTED_EDGE('',*,*,#12927,.F.);
#12927 = EDGE_CURVE('',#12928,#12919,#12930,.T.);
#12928 = VERTEX_POINT('',#12929);
#12929 = CARTESIAN_POINT('',(27.3,77.8,-51.));
#12930 = LINE('',#12931,#12932);
#12931 = CARTESIAN_POINT('',(-16.25,77.8,-51.));
#12932 = VECTOR('',#12933,1.);
#12933 = DIRECTION('',(-1.,0.,0.));
#12934 = ORIENTED_EDGE('',*,*,#12935,.F.);
#12935 = EDGE_CURVE('',#12936,#12928,#12938,.T.);
#12936 = VERTEX_POINT('',#12937);
#12937 = CARTESIAN_POINT('',(28.5,76.6,-51.));
#12938 = CIRCLE('',#12939,1.2);
#12939 = AXIS2_PLACEMENT_3D('',#12940,#12941,#12942);
#12940 = CARTESIAN_POINT('',(27.3,76.6,-51.));
#12941 = DIRECTION('',(0.,0.,1.));
#12942 = DIRECTION('',(1.,0.,0.));
#12943 = ORIENTED_EDGE('',*,*,#12944,.F.);
#12944 = EDGE_CURVE('',#12945,#12936,#12947,.T.);
#12945 = VERTEX_POINT('',#12946);
#12946 = CARTESIAN_POINT('',(28.5,76.2,-51.));
#12947 = LINE('',#12948,#12949);
#12948 = CARTESIAN_POINT('',(28.5,34.25,-51.));
#12949 = VECTOR('',#12950,1.);
#12950 = DIRECTION('',(0.,1.,0.));
#12951 = ORIENTED_EDGE('',*,*,#12952,.F.);
#12952 = EDGE_CURVE('',#12953,#12945,#12955,.T.);
#12953 = VERTEX_POINT('',#12954);
#12954 = CARTESIAN_POINT('',(27.3,75.,-51.));
#12955 = CIRCLE('',#12956,1.2);
#12956 = AXIS2_PLACEMENT_3D('',#12957,#12958,#12959);
#12957 = CARTESIAN_POINT('',(27.3,76.2,-51.));
#12958 = DIRECTION('',(0.,0.,1.));
#12959 = DIRECTION('',(1.,0.,0.));
#12960 = ORIENTED_EDGE('',*,*,#12961,.T.);
#12961 = EDGE_CURVE('',#12953,#12902,#12962,.T.);
#12962 = LINE('',#12963,#12964);
#12963 = CARTESIAN_POINT('',(-16.25,75.,-51.));
#12964 = VECTOR('',#12965,1.);
#12965 = DIRECTION('',(-1.,0.,0.));
#12966 = FACE_BOUND('',#12967,.T.);
#12967 = EDGE_LOOP('',(#12968,#12979,#12987,#12996,#13004,#13013,#13021,
    #13030));
#12968 = ORIENTED_EDGE('',*,*,#12969,.F.);
#12969 = EDGE_CURVE('',#12970,#12972,#12974,.T.);
#12970 = VERTEX_POINT('',#12971);
#12971 = CARTESIAN_POINT('',(8.5,82.2,-51.));
#12972 = VERTEX_POINT('',#12973);
#12973 = CARTESIAN_POINT('',(9.7,81.,-51.));
#12974 = CIRCLE('',#12975,1.2);
#12975 = AXIS2_PLACEMENT_3D('',#12976,#12977,#12978);
#12976 = CARTESIAN_POINT('',(9.7,82.2,-51.));
#12977 = DIRECTION('',(0.,0.,1.));
#12978 = DIRECTION('',(-1.,0.,0.));
#12979 = ORIENTED_EDGE('',*,*,#12980,.T.);
#12980 = EDGE_CURVE('',#12970,#12981,#12983,.T.);
#12981 = VERTEX_POINT('',#12982);
#12982 = CARTESIAN_POINT('',(8.5,82.6,-51.));
#12983 = LINE('',#12984,#12985);
#12984 = CARTESIAN_POINT('',(8.5,37.25,-51.));
#12985 = VECTOR('',#12986,1.);
#12986 = DIRECTION('',(0.,1.,0.));
#12987 = ORIENTED_EDGE('',*,*,#12988,.F.);
#12988 = EDGE_CURVE('',#12989,#12981,#12991,.T.);
#12989 = VERTEX_POINT('',#12990);
#12990 = CARTESIAN_POINT('',(9.7,83.8,-51.));
#12991 = CIRCLE('',#12992,1.2);
#12992 = AXIS2_PLACEMENT_3D('',#12993,#12994,#12995);
#12993 = CARTESIAN_POINT('',(9.7,82.6,-51.));
#12994 = DIRECTION('',(0.,0.,1.));
#12995 = DIRECTION('',(-1.,0.,0.));
#12996 = ORIENTED_EDGE('',*,*,#12997,.F.);
#12997 = EDGE_CURVE('',#12998,#12989,#13000,.T.);
#12998 = VERTEX_POINT('',#12999);
#12999 = CARTESIAN_POINT('',(27.3,83.8,-51.));
#13000 = LINE('',#13001,#13002);
#13001 = CARTESIAN_POINT('',(-16.25,83.8,-51.));
#13002 = VECTOR('',#13003,1.);
#13003 = DIRECTION('',(-1.,0.,0.));
#13004 = ORIENTED_EDGE('',*,*,#13005,.F.);
#13005 = EDGE_CURVE('',#13006,#12998,#13008,.T.);
#13006 = VERTEX_POINT('',#13007);
#13007 = CARTESIAN_POINT('',(28.5,82.6,-51.));
#13008 = CIRCLE('',#13009,1.2);
#13009 = AXIS2_PLACEMENT_3D('',#13010,#13011,#13012);
#13010 = CARTESIAN_POINT('',(27.3,82.6,-51.));
#13011 = DIRECTION('',(0.,0.,1.));
#13012 = DIRECTION('',(1.,0.,0.));
#13013 = ORIENTED_EDGE('',*,*,#13014,.F.);
#13014 = EDGE_CURVE('',#13015,#13006,#13017,.T.);
#13015 = VERTEX_POINT('',#13016);
#13016 = CARTESIAN_POINT('',(28.5,82.2,-51.));
#13017 = LINE('',#13018,#13019);
#13018 = CARTESIAN_POINT('',(28.5,37.25,-51.));
#13019 = VECTOR('',#13020,1.);
#13020 = DIRECTION('',(0.,1.,0.));
#13021 = ORIENTED_EDGE('',*,*,#13022,.F.);
#13022 = EDGE_CURVE('',#13023,#13015,#13025,.T.);
#13023 = VERTEX_POINT('',#13024);
#13024 = CARTESIAN_POINT('',(27.3,81.,-51.));
#13025 = CIRCLE('',#13026,1.2);
#13026 = AXIS2_PLACEMENT_3D('',#13027,#13028,#13029);
#13027 = CARTESIAN_POINT('',(27.3,82.2,-51.));
#13028 = DIRECTION('',(0.,0.,1.));
#13029 = DIRECTION('',(1.,0.,0.));
#13030 = ORIENTED_EDGE('',*,*,#13031,.T.);
#13031 = EDGE_CURVE('',#13023,#12972,#13032,.T.);
#13032 = LINE('',#13033,#13034);
#13033 = CARTESIAN_POINT('',(-16.25,81.,-51.));
#13034 = VECTOR('',#13035,1.);
#13035 = DIRECTION('',(-1.,0.,0.));
#13036 = FACE_BOUND('',#13037,.T.);
#13037 = EDGE_LOOP('',(#13038,#13049,#13057,#13066,#13074,#13083,#13091,
    #13100));
#13038 = ORIENTED_EDGE('',*,*,#13039,.F.);
#13039 = EDGE_CURVE('',#13040,#13042,#13044,.T.);
#13040 = VERTEX_POINT('',#13041);
#13041 = CARTESIAN_POINT('',(8.5,106.2,-51.));
#13042 = VERTEX_POINT('',#13043);
#13043 = CARTESIAN_POINT('',(9.7,105.,-51.));
#13044 = CIRCLE('',#13045,1.2);
#13045 = AXIS2_PLACEMENT_3D('',#13046,#13047,#13048);
#13046 = CARTESIAN_POINT('',(9.7,106.2,-51.));
#13047 = DIRECTION('',(0.,0.,1.));
#13048 = DIRECTION('',(-1.,0.,0.));
#13049 = ORIENTED_EDGE('',*,*,#13050,.T.);
#13050 = EDGE_CURVE('',#13040,#13051,#13053,.T.);
#13051 = VERTEX_POINT('',#13052);
#13052 = CARTESIAN_POINT('',(8.5,106.6,-51.));
#13053 = LINE('',#13054,#13055);
#13054 = CARTESIAN_POINT('',(8.5,49.25,-51.));
#13055 = VECTOR('',#13056,1.);
#13056 = DIRECTION('',(0.,1.,0.));
#13057 = ORIENTED_EDGE('',*,*,#13058,.F.);
#13058 = EDGE_CURVE('',#13059,#13051,#13061,.T.);
#13059 = VERTEX_POINT('',#13060);
#13060 = CARTESIAN_POINT('',(9.7,107.8,-51.));
#13061 = CIRCLE('',#13062,1.2);
#13062 = AXIS2_PLACEMENT_3D('',#13063,#13064,#13065);
#13063 = CARTESIAN_POINT('',(9.7,106.6,-51.));
#13064 = DIRECTION('',(0.,0.,1.));
#13065 = DIRECTION('',(-1.,0.,0.));
#13066 = ORIENTED_EDGE('',*,*,#13067,.F.);
#13067 = EDGE_CURVE('',#13068,#13059,#13070,.T.);
#13068 = VERTEX_POINT('',#13069);
#13069 = CARTESIAN_POINT('',(27.3,107.8,-51.));
#13070 = LINE('',#13071,#13072);
#13071 = CARTESIAN_POINT('',(-16.25,107.8,-51.));
#13072 = VECTOR('',#13073,1.);
#13073 = DIRECTION('',(-1.,0.,0.));
#13074 = ORIENTED_EDGE('',*,*,#13075,.F.);
#13075 = EDGE_CURVE('',#13076,#13068,#13078,.T.);
#13076 = VERTEX_POINT('',#13077);
#13077 = CARTESIAN_POINT('',(28.5,106.6,-51.));
#13078 = CIRCLE('',#13079,1.2);
#13079 = AXIS2_PLACEMENT_3D('',#13080,#13081,#13082);
#13080 = CARTESIAN_POINT('',(27.3,106.6,-51.));
#13081 = DIRECTION('',(0.,0.,1.));
#13082 = DIRECTION('',(1.,0.,0.));
#13083 = ORIENTED_EDGE('',*,*,#13084,.F.);
#13084 = EDGE_CURVE('',#13085,#13076,#13087,.T.);
#13085 = VERTEX_POINT('',#13086);
#13086 = CARTESIAN_POINT('',(28.5,106.2,-51.));
#13087 = LINE('',#13088,#13089);
#13088 = CARTESIAN_POINT('',(28.5,49.25,-51.));
#13089 = VECTOR('',#13090,1.);
#13090 = DIRECTION('',(0.,1.,0.));
#13091 = ORIENTED_EDGE('',*,*,#13092,.F.);
#13092 = EDGE_CURVE('',#13093,#13085,#13095,.T.);
#13093 = VERTEX_POINT('',#13094);
#13094 = CARTESIAN_POINT('',(27.3,105.,-51.));
#13095 = CIRCLE('',#13096,1.2);
#13096 = AXIS2_PLACEMENT_3D('',#13097,#13098,#13099);
#13097 = CARTESIAN_POINT('',(27.3,106.2,-51.));
#13098 = DIRECTION('',(0.,0.,1.));
#13099 = DIRECTION('',(1.,0.,0.));
#13100 = ORIENTED_EDGE('',*,*,#13101,.T.);
#13101 = EDGE_CURVE('',#13093,#13042,#13102,.T.);
#13102 = LINE('',#13103,#13104);
#13103 = CARTESIAN_POINT('',(-16.25,105.,-51.));
#13104 = VECTOR('',#13105,1.);
#13105 = DIRECTION('',(-1.,0.,0.));
#13106 = FACE_BOUND('',#13107,.T.);
#13107 = EDGE_LOOP('',(#13108,#13119,#13127,#13136,#13144,#13153,#13161,
    #13170));
#13108 = ORIENTED_EDGE('',*,*,#13109,.F.);
#13109 = EDGE_CURVE('',#13110,#13112,#13114,.T.);
#13110 = VERTEX_POINT('',#13111);
#13111 = CARTESIAN_POINT('',(8.5,112.2,-51.));
#13112 = VERTEX_POINT('',#13113);
#13113 = CARTESIAN_POINT('',(9.7,111.,-51.));
#13114 = CIRCLE('',#13115,1.2);
#13115 = AXIS2_PLACEMENT_3D('',#13116,#13117,#13118);
#13116 = CARTESIAN_POINT('',(9.7,112.2,-51.));
#13117 = DIRECTION('',(0.,0.,1.));
#13118 = DIRECTION('',(-1.,0.,0.));
#13119 = ORIENTED_EDGE('',*,*,#13120,.T.);
#13120 = EDGE_CURVE('',#13110,#13121,#13123,.T.);
#13121 = VERTEX_POINT('',#13122);
#13122 = CARTESIAN_POINT('',(8.5,112.6,-51.));
#13123 = LINE('',#13124,#13125);
#13124 = CARTESIAN_POINT('',(8.5,52.25,-51.));
#13125 = VECTOR('',#13126,1.);
#13126 = DIRECTION('',(0.,1.,0.));
#13127 = ORIENTED_EDGE('',*,*,#13128,.F.);
#13128 = EDGE_CURVE('',#13129,#13121,#13131,.T.);
#13129 = VERTEX_POINT('',#13130);
#13130 = CARTESIAN_POINT('',(9.7,113.8,-51.));
#13131 = CIRCLE('',#13132,1.2);
#13132 = AXIS2_PLACEMENT_3D('',#13133,#13134,#13135);
#13133 = CARTESIAN_POINT('',(9.7,112.6,-51.));
#13134 = DIRECTION('',(0.,0.,1.));
#13135 = DIRECTION('',(-1.,0.,0.));
#13136 = ORIENTED_EDGE('',*,*,#13137,.F.);
#13137 = EDGE_CURVE('',#13138,#13129,#13140,.T.);
#13138 = VERTEX_POINT('',#13139);
#13139 = CARTESIAN_POINT('',(27.3,113.8,-51.));
#13140 = LINE('',#13141,#13142);
#13141 = CARTESIAN_POINT('',(-16.25,113.8,-51.));
#13142 = VECTOR('',#13143,1.);
#13143 = DIRECTION('',(-1.,0.,0.));
#13144 = ORIENTED_EDGE('',*,*,#13145,.F.);
#13145 = EDGE_CURVE('',#13146,#13138,#13148,.T.);
#13146 = VERTEX_POINT('',#13147);
#13147 = CARTESIAN_POINT('',(28.5,112.6,-51.));
#13148 = CIRCLE('',#13149,1.2);
#13149 = AXIS2_PLACEMENT_3D('',#13150,#13151,#13152);
#13150 = CARTESIAN_POINT('',(27.3,112.6,-51.));
#13151 = DIRECTION('',(0.,0.,1.));
#13152 = DIRECTION('',(1.,0.,0.));
#13153 = ORIENTED_EDGE('',*,*,#13154,.F.);
#13154 = EDGE_CURVE('',#13155,#13146,#13157,.T.);
#13155 = VERTEX_POINT('',#13156);
#13156 = CARTESIAN_POINT('',(28.5,112.2,-51.));
#13157 = LINE('',#13158,#13159);
#13158 = CARTESIAN_POINT('',(28.5,52.25,-51.));
#13159 = VECTOR('',#13160,1.);
#13160 = DIRECTION('',(0.,1.,0.));
#13161 = ORIENTED_EDGE('',*,*,#13162,.F.);
#13162 = EDGE_CURVE('',#13163,#13155,#13165,.T.);
#13163 = VERTEX_POINT('',#13164);
#13164 = CARTESIAN_POINT('',(27.3,111.,-51.));
#13165 = CIRCLE('',#13166,1.2);
#13166 = AXIS2_PLACEMENT_3D('',#13167,#13168,#13169);
#13167 = CARTESIAN_POINT('',(27.3,112.2,-51.));
#13168 = DIRECTION('',(0.,0.,1.));
#13169 = DIRECTION('',(1.,0.,0.));
#13170 = ORIENTED_EDGE('',*,*,#13171,.T.);
#13171 = EDGE_CURVE('',#13163,#13112,#13172,.T.);
#13172 = LINE('',#13173,#13174);
#13173 = CARTESIAN_POINT('',(-16.25,111.,-51.));
#13174 = VECTOR('',#13175,1.);
#13175 = DIRECTION('',(-1.,0.,0.));
#13176 = FACE_BOUND('',#13177,.T.);
#13177 = EDGE_LOOP('',(#13178,#13189,#13197,#13206,#13214,#13223,#13231,
    #13240));
#13178 = ORIENTED_EDGE('',*,*,#13179,.F.);
#13179 = EDGE_CURVE('',#13180,#13182,#13184,.T.);
#13180 = VERTEX_POINT('',#13181);
#13181 = CARTESIAN_POINT('',(8.5,118.2,-51.));
#13182 = VERTEX_POINT('',#13183);
#13183 = CARTESIAN_POINT('',(9.7,117.,-51.));
#13184 = CIRCLE('',#13185,1.2);
#13185 = AXIS2_PLACEMENT_3D('',#13186,#13187,#13188);
#13186 = CARTESIAN_POINT('',(9.7,118.2,-51.));
#13187 = DIRECTION('',(0.,0.,1.));
#13188 = DIRECTION('',(-1.,0.,0.));
#13189 = ORIENTED_EDGE('',*,*,#13190,.T.);
#13190 = EDGE_CURVE('',#13180,#13191,#13193,.T.);
#13191 = VERTEX_POINT('',#13192);
#13192 = CARTESIAN_POINT('',(8.5,118.6,-51.));
#13193 = LINE('',#13194,#13195);
#13194 = CARTESIAN_POINT('',(8.5,55.25,-51.));
#13195 = VECTOR('',#13196,1.);
#13196 = DIRECTION('',(0.,1.,0.));
#13197 = ORIENTED_EDGE('',*,*,#13198,.F.);
#13198 = EDGE_CURVE('',#13199,#13191,#13201,.T.);
#13199 = VERTEX_POINT('',#13200);
#13200 = CARTESIAN_POINT('',(9.7,119.8,-51.));
#13201 = CIRCLE('',#13202,1.2);
#13202 = AXIS2_PLACEMENT_3D('',#13203,#13204,#13205);
#13203 = CARTESIAN_POINT('',(9.7,118.6,-51.));
#13204 = DIRECTION('',(0.,0.,1.));
#13205 = DIRECTION('',(-1.,0.,0.));
#13206 = ORIENTED_EDGE('',*,*,#13207,.F.);
#13207 = EDGE_CURVE('',#13208,#13199,#13210,.T.);
#13208 = VERTEX_POINT('',#13209);
#13209 = CARTESIAN_POINT('',(27.3,119.8,-51.));
#13210 = LINE('',#13211,#13212);
#13211 = CARTESIAN_POINT('',(-16.25,119.8,-51.));
#13212 = VECTOR('',#13213,1.);
#13213 = DIRECTION('',(-1.,0.,0.));
#13214 = ORIENTED_EDGE('',*,*,#13215,.F.);
#13215 = EDGE_CURVE('',#13216,#13208,#13218,.T.);
#13216 = VERTEX_POINT('',#13217);
#13217 = CARTESIAN_POINT('',(28.5,118.6,-51.));
#13218 = CIRCLE('',#13219,1.2);
#13219 = AXIS2_PLACEMENT_3D('',#13220,#13221,#13222);
#13220 = CARTESIAN_POINT('',(27.3,118.6,-51.));
#13221 = DIRECTION('',(0.,0.,1.));
#13222 = DIRECTION('',(1.,0.,0.));
#13223 = ORIENTED_EDGE('',*,*,#13224,.F.);
#13224 = EDGE_CURVE('',#13225,#13216,#13227,.T.);
#13225 = VERTEX_POINT('',#13226);
#13226 = CARTESIAN_POINT('',(28.5,118.2,-51.));
#13227 = LINE('',#13228,#13229);
#13228 = CARTESIAN_POINT('',(28.5,55.25,-51.));
#13229 = VECTOR('',#13230,1.);
#13230 = DIRECTION('',(0.,1.,0.));
#13231 = ORIENTED_EDGE('',*,*,#13232,.F.);
#13232 = EDGE_CURVE('',#13233,#13225,#13235,.T.);
#13233 = VERTEX_POINT('',#13234);
#13234 = CARTESIAN_POINT('',(27.3,117.,-51.));
#13235 = CIRCLE('',#13236,1.2);
#13236 = AXIS2_PLACEMENT_3D('',#13237,#13238,#13239);
#13237 = CARTESIAN_POINT('',(27.3,118.2,-51.));
#13238 = DIRECTION('',(0.,0.,1.));
#13239 = DIRECTION('',(1.,0.,0.));
#13240 = ORIENTED_EDGE('',*,*,#13241,.T.);
#13241 = EDGE_CURVE('',#13233,#13182,#13242,.T.);
#13242 = LINE('',#13243,#13244);
#13243 = CARTESIAN_POINT('',(-16.25,117.,-51.));
#13244 = VECTOR('',#13245,1.);
#13245 = DIRECTION('',(-1.,0.,0.));
#13246 = FACE_BOUND('',#13247,.T.);
#13247 = EDGE_LOOP('',(#13248,#13259,#13267,#13276,#13284,#13293,#13301,
    #13310));
#13248 = ORIENTED_EDGE('',*,*,#13249,.F.);
#13249 = EDGE_CURVE('',#13250,#13252,#13254,.T.);
#13250 = VERTEX_POINT('',#13251);
#13251 = CARTESIAN_POINT('',(8.5,124.2,-51.));
#13252 = VERTEX_POINT('',#13253);
#13253 = CARTESIAN_POINT('',(9.7,123.,-51.));
#13254 = CIRCLE('',#13255,1.2);
#13255 = AXIS2_PLACEMENT_3D('',#13256,#13257,#13258);
#13256 = CARTESIAN_POINT('',(9.7,124.2,-51.));
#13257 = DIRECTION('',(0.,0.,1.));
#13258 = DIRECTION('',(-1.,0.,0.));
#13259 = ORIENTED_EDGE('',*,*,#13260,.T.);
#13260 = EDGE_CURVE('',#13250,#13261,#13263,.T.);
#13261 = VERTEX_POINT('',#13262);
#13262 = CARTESIAN_POINT('',(8.5,124.6,-51.));
#13263 = LINE('',#13264,#13265);
#13264 = CARTESIAN_POINT('',(8.5,58.25,-51.));
#13265 = VECTOR('',#13266,1.);
#13266 = DIRECTION('',(0.,1.,0.));
#13267 = ORIENTED_EDGE('',*,*,#13268,.F.);
#13268 = EDGE_CURVE('',#13269,#13261,#13271,.T.);
#13269 = VERTEX_POINT('',#13270);
#13270 = CARTESIAN_POINT('',(9.7,125.8,-51.));
#13271 = CIRCLE('',#13272,1.2);
#13272 = AXIS2_PLACEMENT_3D('',#13273,#13274,#13275);
#13273 = CARTESIAN_POINT('',(9.7,124.6,-51.));
#13274 = DIRECTION('',(0.,0.,1.));
#13275 = DIRECTION('',(-1.,0.,0.));
#13276 = ORIENTED_EDGE('',*,*,#13277,.F.);
#13277 = EDGE_CURVE('',#13278,#13269,#13280,.T.);
#13278 = VERTEX_POINT('',#13279);
#13279 = CARTESIAN_POINT('',(27.3,125.8,-51.));
#13280 = LINE('',#13281,#13282);
#13281 = CARTESIAN_POINT('',(-16.25,125.8,-51.));
#13282 = VECTOR('',#13283,1.);
#13283 = DIRECTION('',(-1.,0.,0.));
#13284 = ORIENTED_EDGE('',*,*,#13285,.F.);
#13285 = EDGE_CURVE('',#13286,#13278,#13288,.T.);
#13286 = VERTEX_POINT('',#13287);
#13287 = CARTESIAN_POINT('',(28.5,124.6,-51.));
#13288 = CIRCLE('',#13289,1.2);
#13289 = AXIS2_PLACEMENT_3D('',#13290,#13291,#13292);
#13290 = CARTESIAN_POINT('',(27.3,124.6,-51.));
#13291 = DIRECTION('',(0.,0.,1.));
#13292 = DIRECTION('',(1.,0.,0.));
#13293 = ORIENTED_EDGE('',*,*,#13294,.F.);
#13294 = EDGE_CURVE('',#13295,#13286,#13297,.T.);
#13295 = VERTEX_POINT('',#13296);
#13296 = CARTESIAN_POINT('',(28.5,124.2,-51.));
#13297 = LINE('',#13298,#13299);
#13298 = CARTESIAN_POINT('',(28.5,58.25,-51.));
#13299 = VECTOR('',#13300,1.);
#13300 = DIRECTION('',(0.,1.,0.));
#13301 = ORIENTED_EDGE('',*,*,#13302,.F.);
#13302 = EDGE_CURVE('',#13303,#13295,#13305,.T.);
#13303 = VERTEX_POINT('',#13304);
#13304 = CARTESIAN_POINT('',(27.3,123.,-51.));
#13305 = CIRCLE('',#13306,1.2);
#13306 = AXIS2_PLACEMENT_3D('',#13307,#13308,#13309);
#13307 = CARTESIAN_POINT('',(27.3,124.2,-51.));
#13308 = DIRECTION('',(0.,0.,1.));
#13309 = DIRECTION('',(1.,0.,0.));
#13310 = ORIENTED_EDGE('',*,*,#13311,.T.);
#13311 = EDGE_CURVE('',#13303,#13252,#13312,.T.);
#13312 = LINE('',#13313,#13314);
#13313 = CARTESIAN_POINT('',(-16.25,123.,-51.));
#13314 = VECTOR('',#13315,1.);
#13315 = DIRECTION('',(-1.,0.,0.));
#13316 = FACE_BOUND('',#13317,.T.);
#13317 = EDGE_LOOP('',(#13318,#13329,#13337,#13346,#13354,#13363,#13371,
    #13380));
#13318 = ORIENTED_EDGE('',*,*,#13319,.F.);
#13319 = EDGE_CURVE('',#13320,#13322,#13324,.T.);
#13320 = VERTEX_POINT('',#13321);
#13321 = CARTESIAN_POINT('',(8.5,130.2,-51.));
#13322 = VERTEX_POINT('',#13323);
#13323 = CARTESIAN_POINT('',(9.7,129.,-51.));
#13324 = CIRCLE('',#13325,1.2);
#13325 = AXIS2_PLACEMENT_3D('',#13326,#13327,#13328);
#13326 = CARTESIAN_POINT('',(9.7,130.2,-51.));
#13327 = DIRECTION('',(0.,0.,1.));
#13328 = DIRECTION('',(-1.,0.,0.));
#13329 = ORIENTED_EDGE('',*,*,#13330,.T.);
#13330 = EDGE_CURVE('',#13320,#13331,#13333,.T.);
#13331 = VERTEX_POINT('',#13332);
#13332 = CARTESIAN_POINT('',(8.5,130.6,-51.));
#13333 = LINE('',#13334,#13335);
#13334 = CARTESIAN_POINT('',(8.5,61.25,-51.));
#13335 = VECTOR('',#13336,1.);
#13336 = DIRECTION('',(0.,1.,0.));
#13337 = ORIENTED_EDGE('',*,*,#13338,.F.);
#13338 = EDGE_CURVE('',#13339,#13331,#13341,.T.);
#13339 = VERTEX_POINT('',#13340);
#13340 = CARTESIAN_POINT('',(9.7,131.8,-51.));
#13341 = CIRCLE('',#13342,1.2);
#13342 = AXIS2_PLACEMENT_3D('',#13343,#13344,#13345);
#13343 = CARTESIAN_POINT('',(9.7,130.6,-51.));
#13344 = DIRECTION('',(0.,0.,1.));
#13345 = DIRECTION('',(-1.,0.,0.));
#13346 = ORIENTED_EDGE('',*,*,#13347,.F.);
#13347 = EDGE_CURVE('',#13348,#13339,#13350,.T.);
#13348 = VERTEX_POINT('',#13349);
#13349 = CARTESIAN_POINT('',(27.3,131.8,-51.));
#13350 = LINE('',#13351,#13352);
#13351 = CARTESIAN_POINT('',(-16.25,131.8,-51.));
#13352 = VECTOR('',#13353,1.);
#13353 = DIRECTION('',(-1.,0.,0.));
#13354 = ORIENTED_EDGE('',*,*,#13355,.F.);
#13355 = EDGE_CURVE('',#13356,#13348,#13358,.T.);
#13356 = VERTEX_POINT('',#13357);
#13357 = CARTESIAN_POINT('',(28.5,130.6,-51.));
#13358 = CIRCLE('',#13359,1.2);
#13359 = AXIS2_PLACEMENT_3D('',#13360,#13361,#13362);
#13360 = CARTESIAN_POINT('',(27.3,130.6,-51.));
#13361 = DIRECTION('',(0.,0.,1.));
#13362 = DIRECTION('',(1.,0.,0.));
#13363 = ORIENTED_EDGE('',*,*,#13364,.F.);
#13364 = EDGE_CURVE('',#13365,#13356,#13367,.T.);
#13365 = VERTEX_POINT('',#13366);
#13366 = CARTESIAN_POINT('',(28.5,130.2,-51.));
#13367 = LINE('',#13368,#13369);
#13368 = CARTESIAN_POINT('',(28.5,61.25,-51.));
#13369 = VECTOR('',#13370,1.);
#13370 = DIRECTION('',(0.,1.,0.));
#13371 = ORIENTED_EDGE('',*,*,#13372,.F.);
#13372 = EDGE_CURVE('',#13373,#13365,#13375,.T.);
#13373 = VERTEX_POINT('',#13374);
#13374 = CARTESIAN_POINT('',(27.3,129.,-51.));
#13375 = CIRCLE('',#13376,1.2);
#13376 = AXIS2_PLACEMENT_3D('',#13377,#13378,#13379);
#13377 = CARTESIAN_POINT('',(27.3,130.2,-51.));
#13378 = DIRECTION('',(0.,0.,1.));
#13379 = DIRECTION('',(1.,0.,0.));
#13380 = ORIENTED_EDGE('',*,*,#13381,.T.);
#13381 = EDGE_CURVE('',#13373,#13322,#13382,.T.);
#13382 = LINE('',#13383,#13384);
#13383 = CARTESIAN_POINT('',(-16.25,129.,-51.));
#13384 = VECTOR('',#13385,1.);
#13385 = DIRECTION('',(-1.,0.,0.));
#13386 = FACE_BOUND('',#13387,.T.);
#13387 = EDGE_LOOP('',(#13388,#13399,#13407,#13416,#13424,#13433,#13441,
    #13450));
#13388 = ORIENTED_EDGE('',*,*,#13389,.F.);
#13389 = EDGE_CURVE('',#13390,#13392,#13394,.T.);
#13390 = VERTEX_POINT('',#13391);
#13391 = CARTESIAN_POINT('',(8.5,136.2,-51.));
#13392 = VERTEX_POINT('',#13393);
#13393 = CARTESIAN_POINT('',(9.7,135.,-51.));
#13394 = CIRCLE('',#13395,1.2);
#13395 = AXIS2_PLACEMENT_3D('',#13396,#13397,#13398);
#13396 = CARTESIAN_POINT('',(9.7,136.2,-51.));
#13397 = DIRECTION('',(0.,0.,1.));
#13398 = DIRECTION('',(-1.,0.,0.));
#13399 = ORIENTED_EDGE('',*,*,#13400,.T.);
#13400 = EDGE_CURVE('',#13390,#13401,#13403,.T.);
#13401 = VERTEX_POINT('',#13402);
#13402 = CARTESIAN_POINT('',(8.5,136.6,-51.));
#13403 = LINE('',#13404,#13405);
#13404 = CARTESIAN_POINT('',(8.5,64.25,-51.));
#13405 = VECTOR('',#13406,1.);
#13406 = DIRECTION('',(0.,1.,0.));
#13407 = ORIENTED_EDGE('',*,*,#13408,.F.);
#13408 = EDGE_CURVE('',#13409,#13401,#13411,.T.);
#13409 = VERTEX_POINT('',#13410);
#13410 = CARTESIAN_POINT('',(9.7,137.8,-51.));
#13411 = CIRCLE('',#13412,1.2);
#13412 = AXIS2_PLACEMENT_3D('',#13413,#13414,#13415);
#13413 = CARTESIAN_POINT('',(9.7,136.6,-51.));
#13414 = DIRECTION('',(0.,0.,1.));
#13415 = DIRECTION('',(-1.,0.,0.));
#13416 = ORIENTED_EDGE('',*,*,#13417,.F.);
#13417 = EDGE_CURVE('',#13418,#13409,#13420,.T.);
#13418 = VERTEX_POINT('',#13419);
#13419 = CARTESIAN_POINT('',(27.3,137.8,-51.));
#13420 = LINE('',#13421,#13422);
#13421 = CARTESIAN_POINT('',(-16.25,137.8,-51.));
#13422 = VECTOR('',#13423,1.);
#13423 = DIRECTION('',(-1.,0.,0.));
#13424 = ORIENTED_EDGE('',*,*,#13425,.F.);
#13425 = EDGE_CURVE('',#13426,#13418,#13428,.T.);
#13426 = VERTEX_POINT('',#13427);
#13427 = CARTESIAN_POINT('',(28.5,136.6,-51.));
#13428 = CIRCLE('',#13429,1.2);
#13429 = AXIS2_PLACEMENT_3D('',#13430,#13431,#13432);
#13430 = CARTESIAN_POINT('',(27.3,136.6,-51.));
#13431 = DIRECTION('',(0.,0.,1.));
#13432 = DIRECTION('',(1.,0.,0.));
#13433 = ORIENTED_EDGE('',*,*,#13434,.F.);
#13434 = EDGE_CURVE('',#13435,#13426,#13437,.T.);
#13435 = VERTEX_POINT('',#13436);
#13436 = CARTESIAN_POINT('',(28.5,136.2,-51.));
#13437 = LINE('',#13438,#13439);
#13438 = CARTESIAN_POINT('',(28.5,64.25,-51.));
#13439 = VECTOR('',#13440,1.);
#13440 = DIRECTION('',(0.,1.,0.));
#13441 = ORIENTED_EDGE('',*,*,#13442,.F.);
#13442 = EDGE_CURVE('',#13443,#13435,#13445,.T.);
#13443 = VERTEX_POINT('',#13444);
#13444 = CARTESIAN_POINT('',(27.3,135.,-51.));
#13445 = CIRCLE('',#13446,1.2);
#13446 = AXIS2_PLACEMENT_3D('',#13447,#13448,#13449);
#13447 = CARTESIAN_POINT('',(27.3,136.2,-51.));
#13448 = DIRECTION('',(0.,0.,1.));
#13449 = DIRECTION('',(1.,0.,0.));
#13450 = ORIENTED_EDGE('',*,*,#13451,.T.);
#13451 = EDGE_CURVE('',#13443,#13392,#13452,.T.);
#13452 = LINE('',#13453,#13454);
#13453 = CARTESIAN_POINT('',(-16.25,135.,-51.));
#13454 = VECTOR('',#13455,1.);
#13455 = DIRECTION('',(-1.,0.,0.));
#13456 = FACE_BOUND('',#13457,.T.);
#13457 = EDGE_LOOP('',(#13458));
#13458 = ORIENTED_EDGE('',*,*,#13459,.F.);
#13459 = EDGE_CURVE('',#13460,#13460,#13462,.T.);
#13460 = VERTEX_POINT('',#13461);
#13461 = CARTESIAN_POINT('',(34.2,143.9,-51.));
#13462 = CIRCLE('',#13463,1.7);
#13463 = AXIS2_PLACEMENT_3D('',#13464,#13465,#13466);
#13464 = CARTESIAN_POINT('',(32.5,143.9,-51.));
#13465 = DIRECTION('',(0.,0.,1.));
#13466 = DIRECTION('',(1.,0.,0.));
#13467 = PLANE('',#13468);
#13468 = AXIS2_PLACEMENT_3D('',#13469,#13470,#13471);
#13469 = CARTESIAN_POINT('',(-41.,-6.5,-51.));
#13470 = DIRECTION('',(0.,0.,1.));
#13471 = DIRECTION('',(1.,0.,0.));
#13472 = ADVANCED_FACE('',(#13473),#13510,.T.);
#13473 = FACE_BOUND('',#13474,.T.);
#13474 = EDGE_LOOP('',(#13475,#13484,#13493,#13502,#13508,#13509));
#13475 = ORIENTED_EDGE('',*,*,#13476,.T.);
#13476 = EDGE_CURVE('',#12345,#13477,#13479,.T.);
#13477 = VERTEX_POINT('',#13478);
#13478 = CARTESIAN_POINT('',(-37.63241081628,-1.607790085071,-53.5));
#13479 = CIRCLE('',#13480,14.);
#13480 = AXIS2_PLACEMENT_3D('',#13481,#13482,#13483);
#13481 = CARTESIAN_POINT('',(-27.,7.5,-53.5));
#13482 = DIRECTION('',(-0.,0.,1.));
#13483 = DIRECTION('',(0.,-1.,0.));
#13484 = ORIENTED_EDGE('',*,*,#13485,.T.);
#13485 = EDGE_CURVE('',#13477,#13486,#13488,.T.);
#13486 = VERTEX_POINT('',#13487);
#13487 = CARTESIAN_POINT('',(-35.15060805163,-3.882775952666,-53.5));
#13488 = CIRCLE('',#13489,14.);
#13489 = AXIS2_PLACEMENT_3D('',#13490,#13491,#13492);
#13490 = CARTESIAN_POINT('',(-27.,7.5,-53.5));
#13491 = DIRECTION('',(-0.,0.,1.));
#13492 = DIRECTION('',(0.,-1.,0.));
#13493 = ORIENTED_EDGE('',*,*,#13494,.T.);
#13494 = EDGE_CURVE('',#13486,#13495,#13497,.T.);
#13495 = VERTEX_POINT('',#13496);
#13496 = CARTESIAN_POINT('',(-27.,-6.5,-53.5));
#13497 = CIRCLE('',#13498,14.);
#13498 = AXIS2_PLACEMENT_3D('',#13499,#13500,#13501);
#13499 = CARTESIAN_POINT('',(-27.,7.5,-53.5));
#13500 = DIRECTION('',(-0.,0.,1.));
#13501 = DIRECTION('',(0.,-1.,0.));
#13502 = ORIENTED_EDGE('',*,*,#13503,.T.);
#13503 = EDGE_CURVE('',#13495,#12376,#13504,.T.);
#13504 = LINE('',#13505,#13506);
#13505 = CARTESIAN_POINT('',(-27.,-6.5,-53.5));
#13506 = VECTOR('',#13507,1.);
#13507 = DIRECTION('',(0.,0.,1.));
#13508 = ORIENTED_EDGE('',*,*,#12375,.F.);
#13509 = ORIENTED_EDGE('',*,*,#12344,.F.);
#13510 = CYLINDRICAL_SURFACE('',#13511,14.);
#13511 = AXIS2_PLACEMENT_3D('',#13512,#13513,#13514);
#13512 = CARTESIAN_POINT('',(-27.,7.5,-53.5));
#13513 = DIRECTION('',(0.,0.,1.));
#13514 = DIRECTION('',(-1.,0.,0.));
#13515 = ADVANCED_FACE('',(#13516),#13553,.T.);
#13516 = FACE_BOUND('',#13517,.F.);
#13517 = EDGE_LOOP('',(#13518,#13527,#13536,#13545,#13551,#13552));
#13518 = ORIENTED_EDGE('',*,*,#13519,.T.);
#13519 = EDGE_CURVE('',#12353,#13520,#13522,.T.);
#13520 = VERTEX_POINT('',#13521);
#13521 = CARTESIAN_POINT('',(-37.63241081628,147.00779008507,-53.5));
#13522 = CIRCLE('',#13523,14.);
#13523 = AXIS2_PLACEMENT_3D('',#13524,#13525,#13526);
#13524 = CARTESIAN_POINT('',(-27.,137.9,-53.5));
#13525 = DIRECTION('',(-0.,-0.,-1.));
#13526 = DIRECTION('',(0.,-1.,0.));
#13527 = ORIENTED_EDGE('',*,*,#13528,.T.);
#13528 = EDGE_CURVE('',#13520,#13529,#13531,.T.);
#13529 = VERTEX_POINT('',#13530);
#13530 = CARTESIAN_POINT('',(-35.15060805163,149.28277595266,-53.5));
#13531 = CIRCLE('',#13532,14.);
#13532 = AXIS2_PLACEMENT_3D('',#13533,#13534,#13535);
#13533 = CARTESIAN_POINT('',(-27.,137.9,-53.5));
#13534 = DIRECTION('',(-0.,-0.,-1.));
#13535 = DIRECTION('',(0.,-1.,0.));
#13536 = ORIENTED_EDGE('',*,*,#13537,.T.);
#13537 = EDGE_CURVE('',#13529,#13538,#13540,.T.);
#13538 = VERTEX_POINT('',#13539);
#13539 = CARTESIAN_POINT('',(-27.,151.9,-53.5));
#13540 = CIRCLE('',#13541,14.);
#13541 = AXIS2_PLACEMENT_3D('',#13542,#13543,#13544);
#13542 = CARTESIAN_POINT('',(-27.,137.9,-53.5));
#13543 = DIRECTION('',(-0.,-0.,-1.));
#13544 = DIRECTION('',(0.,-1.,0.));
#13545 = ORIENTED_EDGE('',*,*,#13546,.T.);
#13546 = EDGE_CURVE('',#13538,#12419,#13547,.T.);
#13547 = LINE('',#13548,#13549);
#13548 = CARTESIAN_POINT('',(-27.,151.9,-53.5));
#13549 = VECTOR('',#13550,1.);
#13550 = DIRECTION('',(0.,0.,1.));
#13551 = ORIENTED_EDGE('',*,*,#12426,.F.);
#13552 = ORIENTED_EDGE('',*,*,#12360,.F.);
#13553 = CYLINDRICAL_SURFACE('',#13554,14.);
#13554 = AXIS2_PLACEMENT_3D('',#13555,#13556,#13557);
#13555 = CARTESIAN_POINT('',(-27.,137.9,-53.5));
#13556 = DIRECTION('',(0.,0.,1.));
#13557 = DIRECTION('',(-1.,0.,0.));
#13558 = ADVANCED_FACE('',(#13559,#13760,#13771,#13841,#13911,#13981,
    #14051,#14121,#14191,#14261,#14331,#14401,#14471,#14541,#14611),
  #14681,.F.);
#13559 = FACE_BOUND('',#13560,.F.);
#13560 = EDGE_LOOP('',(#13561,#13562,#13563,#13572,#13579,#13580,#13588,
    #13597,#13606,#13615,#13624,#13632,#13641,#13650,#13659,#13668,
    #13674,#13675,#13684,#13693,#13701,#13710,#13718,#13727,#13735,
    #13744,#13752,#13759));
#13561 = ORIENTED_EDGE('',*,*,#12352,.F.);
#13562 = ORIENTED_EDGE('',*,*,#13476,.T.);
#13563 = ORIENTED_EDGE('',*,*,#13564,.F.);
#13564 = EDGE_CURVE('',#13565,#13477,#13567,.T.);
#13565 = VERTEX_POINT('',#13566);
#13566 = CARTESIAN_POINT('',(-26.5,1.5,-53.5));
#13567 = CIRCLE('',#13568,6.);
#13568 = AXIS2_PLACEMENT_3D('',#13569,#13570,#13571);
#13569 = CARTESIAN_POINT('',(-32.5,1.5,-53.5));
#13570 = DIRECTION('',(0.,0.,1.));
#13571 = DIRECTION('',(1.,0.,0.));
#13572 = ORIENTED_EDGE('',*,*,#13573,.F.);
#13573 = EDGE_CURVE('',#13486,#13565,#13574,.T.);
#13574 = CIRCLE('',#13575,6.);
#13575 = AXIS2_PLACEMENT_3D('',#13576,#13577,#13578);
#13576 = CARTESIAN_POINT('',(-32.5,1.5,-53.5));
#13577 = DIRECTION('',(0.,0.,1.));
#13578 = DIRECTION('',(1.,0.,0.));
#13579 = ORIENTED_EDGE('',*,*,#13494,.T.);
#13580 = ORIENTED_EDGE('',*,*,#13581,.T.);
#13581 = EDGE_CURVE('',#13495,#13582,#13584,.T.);
#13582 = VERTEX_POINT('',#13583);
#13583 = CARTESIAN_POINT('',(27.,-6.5,-53.5));
#13584 = LINE('',#13585,#13586);
#13585 = CARTESIAN_POINT('',(-41.,-6.5,-53.5));
#13586 = VECTOR('',#13587,1.);
#13587 = DIRECTION('',(1.,0.,0.));
#13588 = ORIENTED_EDGE('',*,*,#13589,.F.);
#13589 = EDGE_CURVE('',#13590,#13582,#13592,.T.);
#13590 = VERTEX_POINT('',#13591);
#13591 = CARTESIAN_POINT('',(35.150608051638,-3.882775952666,-53.5));
#13592 = CIRCLE('',#13593,14.);
#13593 = AXIS2_PLACEMENT_3D('',#13594,#13595,#13596);
#13594 = CARTESIAN_POINT('',(27.,7.5,-53.5));
#13595 = DIRECTION('',(-0.,-0.,-1.));
#13596 = DIRECTION('',(0.,-1.,0.));
#13597 = ORIENTED_EDGE('',*,*,#13598,.F.);
#13598 = EDGE_CURVE('',#13599,#13590,#13601,.T.);
#13599 = VERTEX_POINT('',#13600);
#13600 = CARTESIAN_POINT('',(38.5,1.5,-53.5));
#13601 = CIRCLE('',#13602,6.);
#13602 = AXIS2_PLACEMENT_3D('',#13603,#13604,#13605);
#13603 = CARTESIAN_POINT('',(32.5,1.5,-53.5));
#13604 = DIRECTION('',(0.,0.,1.));
#13605 = DIRECTION('',(1.,0.,0.));
#13606 = ORIENTED_EDGE('',*,*,#13607,.F.);
#13607 = EDGE_CURVE('',#13608,#13599,#13610,.T.);
#13608 = VERTEX_POINT('',#13609);
#13609 = CARTESIAN_POINT('',(37.632410816287,-1.607790085071,-53.5));
#13610 = CIRCLE('',#13611,6.);
#13611 = AXIS2_PLACEMENT_3D('',#13612,#13613,#13614);
#13612 = CARTESIAN_POINT('',(32.5,1.5,-53.5));
#13613 = DIRECTION('',(0.,0.,1.));
#13614 = DIRECTION('',(1.,0.,0.));
#13615 = ORIENTED_EDGE('',*,*,#13616,.F.);
#13616 = EDGE_CURVE('',#13617,#13608,#13619,.T.);
#13617 = VERTEX_POINT('',#13618);
#13618 = CARTESIAN_POINT('',(41.,7.5,-53.5));
#13619 = CIRCLE('',#13620,14.);
#13620 = AXIS2_PLACEMENT_3D('',#13621,#13622,#13623);
#13621 = CARTESIAN_POINT('',(27.,7.5,-53.5));
#13622 = DIRECTION('',(-0.,-0.,-1.));
#13623 = DIRECTION('',(0.,-1.,0.));
#13624 = ORIENTED_EDGE('',*,*,#13625,.T.);
#13625 = EDGE_CURVE('',#13617,#13626,#13628,.T.);
#13626 = VERTEX_POINT('',#13627);
#13627 = CARTESIAN_POINT('',(41.,137.9,-53.5));
#13628 = LINE('',#13629,#13630);
#13629 = CARTESIAN_POINT('',(41.,-6.5,-53.5));
#13630 = VECTOR('',#13631,1.);
#13631 = DIRECTION('',(0.,1.,0.));
#13632 = ORIENTED_EDGE('',*,*,#13633,.T.);
#13633 = EDGE_CURVE('',#13626,#13634,#13636,.T.);
#13634 = VERTEX_POINT('',#13635);
#13635 = CARTESIAN_POINT('',(37.632410816287,147.00779008507,-53.5));
#13636 = CIRCLE('',#13637,14.);
#13637 = AXIS2_PLACEMENT_3D('',#13638,#13639,#13640);
#13638 = CARTESIAN_POINT('',(27.,137.9,-53.5));
#13639 = DIRECTION('',(-0.,0.,1.));
#13640 = DIRECTION('',(0.,-1.,0.));
#13641 = ORIENTED_EDGE('',*,*,#13642,.F.);
#13642 = EDGE_CURVE('',#13643,#13634,#13645,.T.);
#13643 = VERTEX_POINT('',#13644);
#13644 = CARTESIAN_POINT('',(38.5,143.9,-53.5));
#13645 = CIRCLE('',#13646,6.);
#13646 = AXIS2_PLACEMENT_3D('',#13647,#13648,#13649);
#13647 = CARTESIAN_POINT('',(32.5,143.9,-53.5));
#13648 = DIRECTION('',(0.,0.,1.));
#13649 = DIRECTION('',(1.,0.,0.));
#13650 = ORIENTED_EDGE('',*,*,#13651,.F.);
#13651 = EDGE_CURVE('',#13652,#13643,#13654,.T.);
#13652 = VERTEX_POINT('',#13653);
#13653 = CARTESIAN_POINT('',(35.150608051638,149.28277595266,-53.5));
#13654 = CIRCLE('',#13655,6.);
#13655 = AXIS2_PLACEMENT_3D('',#13656,#13657,#13658);
#13656 = CARTESIAN_POINT('',(32.5,143.9,-53.5));
#13657 = DIRECTION('',(0.,0.,1.));
#13658 = DIRECTION('',(1.,0.,0.));
#13659 = ORIENTED_EDGE('',*,*,#13660,.T.);
#13660 = EDGE_CURVE('',#13652,#13661,#13663,.T.);
#13661 = VERTEX_POINT('',#13662);
#13662 = CARTESIAN_POINT('',(27.,151.9,-53.5));
#13663 = CIRCLE('',#13664,14.);
#13664 = AXIS2_PLACEMENT_3D('',#13665,#13666,#13667);
#13665 = CARTESIAN_POINT('',(27.,137.9,-53.5));
#13666 = DIRECTION('',(-0.,0.,1.));
#13667 = DIRECTION('',(0.,-1.,0.));
#13668 = ORIENTED_EDGE('',*,*,#13669,.F.);
#13669 = EDGE_CURVE('',#13538,#13661,#13670,.T.);
#13670 = LINE('',#13671,#13672);
#13671 = CARTESIAN_POINT('',(-41.,151.9,-53.5));
#13672 = VECTOR('',#13673,1.);
#13673 = DIRECTION('',(1.,0.,0.));
#13674 = ORIENTED_EDGE('',*,*,#13537,.F.);
#13675 = ORIENTED_EDGE('',*,*,#13676,.F.);
#13676 = EDGE_CURVE('',#13677,#13529,#13679,.T.);
#13677 = VERTEX_POINT('',#13678);
#13678 = CARTESIAN_POINT('',(-26.5,143.9,-53.5));
#13679 = CIRCLE('',#13680,6.);
#13680 = AXIS2_PLACEMENT_3D('',#13681,#13682,#13683);
#13681 = CARTESIAN_POINT('',(-32.5,143.9,-53.5));
#13682 = DIRECTION('',(0.,0.,1.));
#13683 = DIRECTION('',(1.,0.,0.));
#13684 = ORIENTED_EDGE('',*,*,#13685,.F.);
#13685 = EDGE_CURVE('',#13686,#13677,#13688,.T.);
#13686 = VERTEX_POINT('',#13687);
#13687 = CARTESIAN_POINT('',(-26.67784404193,142.45,-53.5));
#13688 = CIRCLE('',#13689,6.);
#13689 = AXIS2_PLACEMENT_3D('',#13690,#13691,#13692);
#13690 = CARTESIAN_POINT('',(-32.5,143.9,-53.5));
#13691 = DIRECTION('',(0.,0.,1.));
#13692 = DIRECTION('',(1.,0.,0.));
#13693 = ORIENTED_EDGE('',*,*,#13694,.F.);
#13694 = EDGE_CURVE('',#13695,#13686,#13697,.T.);
#13695 = VERTEX_POINT('',#13696);
#13696 = CARTESIAN_POINT('',(-5.45,142.45,-53.5));
#13697 = LINE('',#13698,#13699);
#13698 = CARTESIAN_POINT('',(-36.775,142.45,-53.5));
#13699 = VECTOR('',#13700,1.);
#13700 = DIRECTION('',(-1.,0.,0.));
#13701 = ORIENTED_EDGE('',*,*,#13702,.F.);
#13702 = EDGE_CURVE('',#13703,#13695,#13705,.T.);
#13703 = VERTEX_POINT('',#13704);
#13704 = CARTESIAN_POINT('',(-1.45,138.45,-53.5));
#13705 = CIRCLE('',#13706,4.);
#13706 = AXIS2_PLACEMENT_3D('',#13707,#13708,#13709);
#13707 = CARTESIAN_POINT('',(-5.45,138.45,-53.5));
#13708 = DIRECTION('',(0.,0.,1.));
#13709 = DIRECTION('',(1.,0.,0.));
#13710 = ORIENTED_EDGE('',*,*,#13711,.F.);
#13711 = EDGE_CURVE('',#13712,#13703,#13714,.T.);
#13712 = VERTEX_POINT('',#13713);
#13713 = CARTESIAN_POINT('',(-1.45,115.35,-53.5));
#13714 = LINE('',#13715,#13716);
#13715 = CARTESIAN_POINT('',(-1.45,52.425,-53.5));
#13716 = VECTOR('',#13717,1.);
#13717 = DIRECTION('',(0.,1.,0.));
#13718 = ORIENTED_EDGE('',*,*,#13719,.F.);
#13719 = EDGE_CURVE('',#13720,#13712,#13722,.T.);
#13720 = VERTEX_POINT('',#13721);
#13721 = CARTESIAN_POINT('',(-5.45,111.35,-53.5));
#13722 = CIRCLE('',#13723,4.);
#13723 = AXIS2_PLACEMENT_3D('',#13724,#13725,#13726);
#13724 = CARTESIAN_POINT('',(-5.45,115.35,-53.5));
#13725 = DIRECTION('',(0.,0.,1.));
#13726 = DIRECTION('',(1.,0.,0.));
#13727 = ORIENTED_EDGE('',*,*,#13728,.T.);
#13728 = EDGE_CURVE('',#13720,#13729,#13731,.T.);
#13729 = VERTEX_POINT('',#13730);
#13730 = CARTESIAN_POINT('',(-28.55,111.35,-53.5));
#13731 = LINE('',#13732,#13733);
#13732 = CARTESIAN_POINT('',(-36.775,111.35,-53.5));
#13733 = VECTOR('',#13734,1.);
#13734 = DIRECTION('',(-1.,0.,0.));
#13735 = ORIENTED_EDGE('',*,*,#13736,.F.);
#13736 = EDGE_CURVE('',#13737,#13729,#13739,.T.);
#13737 = VERTEX_POINT('',#13738);
#13738 = CARTESIAN_POINT('',(-32.55,115.35,-53.5));
#13739 = CIRCLE('',#13740,4.);
#13740 = AXIS2_PLACEMENT_3D('',#13741,#13742,#13743);
#13741 = CARTESIAN_POINT('',(-28.55,115.35,-53.5));
#13742 = DIRECTION('',(0.,0.,1.));
#13743 = DIRECTION('',(-1.,0.,0.));
#13744 = ORIENTED_EDGE('',*,*,#13745,.T.);
#13745 = EDGE_CURVE('',#13737,#13746,#13748,.T.);
#13746 = VERTEX_POINT('',#13747);
#13747 = CARTESIAN_POINT('',(-32.55,137.90020833695,-53.5));
#13748 = LINE('',#13749,#13750);
#13749 = CARTESIAN_POINT('',(-32.55,52.425,-53.5));
#13750 = VECTOR('',#13751,1.);
#13751 = DIRECTION('',(0.,1.,0.));
#13752 = ORIENTED_EDGE('',*,*,#13753,.F.);
#13753 = EDGE_CURVE('',#13520,#13746,#13754,.T.);
#13754 = CIRCLE('',#13755,6.);
#13755 = AXIS2_PLACEMENT_3D('',#13756,#13757,#13758);
#13756 = CARTESIAN_POINT('',(-32.5,143.9,-53.5));
#13757 = DIRECTION('',(0.,0.,1.));
#13758 = DIRECTION('',(1.,0.,0.));
#13759 = ORIENTED_EDGE('',*,*,#13519,.F.);
#13760 = FACE_BOUND('',#13761,.F.);
#13761 = EDGE_LOOP('',(#13762));
#13762 = ORIENTED_EDGE('',*,*,#13763,.F.);
#13763 = EDGE_CURVE('',#13764,#13764,#13766,.T.);
#13764 = VERTEX_POINT('',#13765);
#13765 = CARTESIAN_POINT('',(-7.75,55.,-53.5));
#13766 = CIRCLE('',#13767,4.25);
#13767 = AXIS2_PLACEMENT_3D('',#13768,#13769,#13770);
#13768 = CARTESIAN_POINT('',(-12.,55.,-53.5));
#13769 = DIRECTION('',(0.,0.,1.));
#13770 = DIRECTION('',(1.,0.,0.));
#13771 = FACE_BOUND('',#13772,.F.);
#13772 = EDGE_LOOP('',(#13773,#13784,#13792,#13801,#13809,#13818,#13826,
    #13835));
#13773 = ORIENTED_EDGE('',*,*,#13774,.F.);
#13774 = EDGE_CURVE('',#13775,#13777,#13779,.T.);
#13775 = VERTEX_POINT('',#13776);
#13776 = CARTESIAN_POINT('',(8.5,46.2,-53.5));
#13777 = VERTEX_POINT('',#13778);
#13778 = CARTESIAN_POINT('',(9.7,45.,-53.5));
#13779 = CIRCLE('',#13780,1.2);
#13780 = AXIS2_PLACEMENT_3D('',#13781,#13782,#13783);
#13781 = CARTESIAN_POINT('',(9.7,46.2,-53.5));
#13782 = DIRECTION('',(0.,0.,1.));
#13783 = DIRECTION('',(-1.,0.,0.));
#13784 = ORIENTED_EDGE('',*,*,#13785,.T.);
#13785 = EDGE_CURVE('',#13775,#13786,#13788,.T.);
#13786 = VERTEX_POINT('',#13787);
#13787 = CARTESIAN_POINT('',(8.5,46.6,-53.5));
#13788 = LINE('',#13789,#13790);
#13789 = CARTESIAN_POINT('',(8.5,19.25,-53.5));
#13790 = VECTOR('',#13791,1.);
#13791 = DIRECTION('',(0.,1.,0.));
#13792 = ORIENTED_EDGE('',*,*,#13793,.F.);
#13793 = EDGE_CURVE('',#13794,#13786,#13796,.T.);
#13794 = VERTEX_POINT('',#13795);
#13795 = CARTESIAN_POINT('',(9.7,47.8,-53.5));
#13796 = CIRCLE('',#13797,1.2);
#13797 = AXIS2_PLACEMENT_3D('',#13798,#13799,#13800);
#13798 = CARTESIAN_POINT('',(9.7,46.6,-53.5));
#13799 = DIRECTION('',(0.,0.,1.));
#13800 = DIRECTION('',(-1.,0.,0.));
#13801 = ORIENTED_EDGE('',*,*,#13802,.F.);
#13802 = EDGE_CURVE('',#13803,#13794,#13805,.T.);
#13803 = VERTEX_POINT('',#13804);
#13804 = CARTESIAN_POINT('',(27.3,47.8,-53.5));
#13805 = LINE('',#13806,#13807);
#13806 = CARTESIAN_POINT('',(-16.25,47.8,-53.5));
#13807 = VECTOR('',#13808,1.);
#13808 = DIRECTION('',(-1.,0.,0.));
#13809 = ORIENTED_EDGE('',*,*,#13810,.F.);
#13810 = EDGE_CURVE('',#13811,#13803,#13813,.T.);
#13811 = VERTEX_POINT('',#13812);
#13812 = CARTESIAN_POINT('',(28.5,46.6,-53.5));
#13813 = CIRCLE('',#13814,1.2);
#13814 = AXIS2_PLACEMENT_3D('',#13815,#13816,#13817);
#13815 = CARTESIAN_POINT('',(27.3,46.6,-53.5));
#13816 = DIRECTION('',(0.,0.,1.));
#13817 = DIRECTION('',(1.,0.,0.));
#13818 = ORIENTED_EDGE('',*,*,#13819,.F.);
#13819 = EDGE_CURVE('',#13820,#13811,#13822,.T.);
#13820 = VERTEX_POINT('',#13821);
#13821 = CARTESIAN_POINT('',(28.5,46.2,-53.5));
#13822 = LINE('',#13823,#13824);
#13823 = CARTESIAN_POINT('',(28.5,19.25,-53.5));
#13824 = VECTOR('',#13825,1.);
#13825 = DIRECTION('',(0.,1.,0.));
#13826 = ORIENTED_EDGE('',*,*,#13827,.F.);
#13827 = EDGE_CURVE('',#13828,#13820,#13830,.T.);
#13828 = VERTEX_POINT('',#13829);
#13829 = CARTESIAN_POINT('',(27.3,45.,-53.5));
#13830 = CIRCLE('',#13831,1.2);
#13831 = AXIS2_PLACEMENT_3D('',#13832,#13833,#13834);
#13832 = CARTESIAN_POINT('',(27.3,46.2,-53.5));
#13833 = DIRECTION('',(0.,0.,1.));
#13834 = DIRECTION('',(1.,0.,0.));
#13835 = ORIENTED_EDGE('',*,*,#13836,.T.);
#13836 = EDGE_CURVE('',#13828,#13777,#13837,.T.);
#13837 = LINE('',#13838,#13839);
#13838 = CARTESIAN_POINT('',(-16.25,45.,-53.5));
#13839 = VECTOR('',#13840,1.);
#13840 = DIRECTION('',(-1.,0.,0.));
#13841 = FACE_BOUND('',#13842,.F.);
#13842 = EDGE_LOOP('',(#13843,#13854,#13862,#13871,#13879,#13888,#13896,
    #13905));
#13843 = ORIENTED_EDGE('',*,*,#13844,.F.);
#13844 = EDGE_CURVE('',#13845,#13847,#13849,.T.);
#13845 = VERTEX_POINT('',#13846);
#13846 = CARTESIAN_POINT('',(8.5,52.2,-53.5));
#13847 = VERTEX_POINT('',#13848);
#13848 = CARTESIAN_POINT('',(9.7,51.,-53.5));
#13849 = CIRCLE('',#13850,1.2);
#13850 = AXIS2_PLACEMENT_3D('',#13851,#13852,#13853);
#13851 = CARTESIAN_POINT('',(9.7,52.2,-53.5));
#13852 = DIRECTION('',(0.,0.,1.));
#13853 = DIRECTION('',(-1.,0.,0.));
#13854 = ORIENTED_EDGE('',*,*,#13855,.T.);
#13855 = EDGE_CURVE('',#13845,#13856,#13858,.T.);
#13856 = VERTEX_POINT('',#13857);
#13857 = CARTESIAN_POINT('',(8.5,52.6,-53.5));
#13858 = LINE('',#13859,#13860);
#13859 = CARTESIAN_POINT('',(8.5,22.25,-53.5));
#13860 = VECTOR('',#13861,1.);
#13861 = DIRECTION('',(0.,1.,0.));
#13862 = ORIENTED_EDGE('',*,*,#13863,.F.);
#13863 = EDGE_CURVE('',#13864,#13856,#13866,.T.);
#13864 = VERTEX_POINT('',#13865);
#13865 = CARTESIAN_POINT('',(9.7,53.8,-53.5));
#13866 = CIRCLE('',#13867,1.2);
#13867 = AXIS2_PLACEMENT_3D('',#13868,#13869,#13870);
#13868 = CARTESIAN_POINT('',(9.7,52.6,-53.5));
#13869 = DIRECTION('',(0.,0.,1.));
#13870 = DIRECTION('',(-1.,0.,0.));
#13871 = ORIENTED_EDGE('',*,*,#13872,.F.);
#13872 = EDGE_CURVE('',#13873,#13864,#13875,.T.);
#13873 = VERTEX_POINT('',#13874);
#13874 = CARTESIAN_POINT('',(27.3,53.8,-53.5));
#13875 = LINE('',#13876,#13877);
#13876 = CARTESIAN_POINT('',(-16.25,53.8,-53.5));
#13877 = VECTOR('',#13878,1.);
#13878 = DIRECTION('',(-1.,0.,0.));
#13879 = ORIENTED_EDGE('',*,*,#13880,.F.);
#13880 = EDGE_CURVE('',#13881,#13873,#13883,.T.);
#13881 = VERTEX_POINT('',#13882);
#13882 = CARTESIAN_POINT('',(28.5,52.6,-53.5));
#13883 = CIRCLE('',#13884,1.2);
#13884 = AXIS2_PLACEMENT_3D('',#13885,#13886,#13887);
#13885 = CARTESIAN_POINT('',(27.3,52.6,-53.5));
#13886 = DIRECTION('',(0.,0.,1.));
#13887 = DIRECTION('',(1.,0.,0.));
#13888 = ORIENTED_EDGE('',*,*,#13889,.F.);
#13889 = EDGE_CURVE('',#13890,#13881,#13892,.T.);
#13890 = VERTEX_POINT('',#13891);
#13891 = CARTESIAN_POINT('',(28.5,52.2,-53.5));
#13892 = LINE('',#13893,#13894);
#13893 = CARTESIAN_POINT('',(28.5,22.25,-53.5));
#13894 = VECTOR('',#13895,1.);
#13895 = DIRECTION('',(0.,1.,0.));
#13896 = ORIENTED_EDGE('',*,*,#13897,.F.);
#13897 = EDGE_CURVE('',#13898,#13890,#13900,.T.);
#13898 = VERTEX_POINT('',#13899);
#13899 = CARTESIAN_POINT('',(27.3,51.,-53.5));
#13900 = CIRCLE('',#13901,1.2);
#13901 = AXIS2_PLACEMENT_3D('',#13902,#13903,#13904);
#13902 = CARTESIAN_POINT('',(27.3,52.2,-53.5));
#13903 = DIRECTION('',(0.,0.,1.));
#13904 = DIRECTION('',(1.,0.,0.));
#13905 = ORIENTED_EDGE('',*,*,#13906,.T.);
#13906 = EDGE_CURVE('',#13898,#13847,#13907,.T.);
#13907 = LINE('',#13908,#13909);
#13908 = CARTESIAN_POINT('',(-16.25,51.,-53.5));
#13909 = VECTOR('',#13910,1.);
#13910 = DIRECTION('',(-1.,0.,0.));
#13911 = FACE_BOUND('',#13912,.F.);
#13912 = EDGE_LOOP('',(#13913,#13924,#13932,#13941,#13949,#13958,#13966,
    #13975));
#13913 = ORIENTED_EDGE('',*,*,#13914,.F.);
#13914 = EDGE_CURVE('',#13915,#13917,#13919,.T.);
#13915 = VERTEX_POINT('',#13916);
#13916 = CARTESIAN_POINT('',(8.5,58.2,-53.5));
#13917 = VERTEX_POINT('',#13918);
#13918 = CARTESIAN_POINT('',(9.7,57.,-53.5));
#13919 = CIRCLE('',#13920,1.2);
#13920 = AXIS2_PLACEMENT_3D('',#13921,#13922,#13923);
#13921 = CARTESIAN_POINT('',(9.7,58.2,-53.5));
#13922 = DIRECTION('',(0.,0.,1.));
#13923 = DIRECTION('',(-1.,0.,0.));
#13924 = ORIENTED_EDGE('',*,*,#13925,.T.);
#13925 = EDGE_CURVE('',#13915,#13926,#13928,.T.);
#13926 = VERTEX_POINT('',#13927);
#13927 = CARTESIAN_POINT('',(8.5,58.6,-53.5));
#13928 = LINE('',#13929,#13930);
#13929 = CARTESIAN_POINT('',(8.5,25.25,-53.5));
#13930 = VECTOR('',#13931,1.);
#13931 = DIRECTION('',(0.,1.,0.));
#13932 = ORIENTED_EDGE('',*,*,#13933,.F.);
#13933 = EDGE_CURVE('',#13934,#13926,#13936,.T.);
#13934 = VERTEX_POINT('',#13935);
#13935 = CARTESIAN_POINT('',(9.7,59.8,-53.5));
#13936 = CIRCLE('',#13937,1.2);
#13937 = AXIS2_PLACEMENT_3D('',#13938,#13939,#13940);
#13938 = CARTESIAN_POINT('',(9.7,58.6,-53.5));
#13939 = DIRECTION('',(0.,0.,1.));
#13940 = DIRECTION('',(-1.,0.,0.));
#13941 = ORIENTED_EDGE('',*,*,#13942,.F.);
#13942 = EDGE_CURVE('',#13943,#13934,#13945,.T.);
#13943 = VERTEX_POINT('',#13944);
#13944 = CARTESIAN_POINT('',(27.3,59.8,-53.5));
#13945 = LINE('',#13946,#13947);
#13946 = CARTESIAN_POINT('',(-16.25,59.8,-53.5));
#13947 = VECTOR('',#13948,1.);
#13948 = DIRECTION('',(-1.,0.,0.));
#13949 = ORIENTED_EDGE('',*,*,#13950,.F.);
#13950 = EDGE_CURVE('',#13951,#13943,#13953,.T.);
#13951 = VERTEX_POINT('',#13952);
#13952 = CARTESIAN_POINT('',(28.5,58.6,-53.5));
#13953 = CIRCLE('',#13954,1.2);
#13954 = AXIS2_PLACEMENT_3D('',#13955,#13956,#13957);
#13955 = CARTESIAN_POINT('',(27.3,58.6,-53.5));
#13956 = DIRECTION('',(0.,0.,1.));
#13957 = DIRECTION('',(1.,0.,0.));
#13958 = ORIENTED_EDGE('',*,*,#13959,.F.);
#13959 = EDGE_CURVE('',#13960,#13951,#13962,.T.);
#13960 = VERTEX_POINT('',#13961);
#13961 = CARTESIAN_POINT('',(28.5,58.2,-53.5));
#13962 = LINE('',#13963,#13964);
#13963 = CARTESIAN_POINT('',(28.5,25.25,-53.5));
#13964 = VECTOR('',#13965,1.);
#13965 = DIRECTION('',(0.,1.,0.));
#13966 = ORIENTED_EDGE('',*,*,#13967,.F.);
#13967 = EDGE_CURVE('',#13968,#13960,#13970,.T.);
#13968 = VERTEX_POINT('',#13969);
#13969 = CARTESIAN_POINT('',(27.3,57.,-53.5));
#13970 = CIRCLE('',#13971,1.2);
#13971 = AXIS2_PLACEMENT_3D('',#13972,#13973,#13974);
#13972 = CARTESIAN_POINT('',(27.3,58.2,-53.5));
#13973 = DIRECTION('',(0.,0.,1.));
#13974 = DIRECTION('',(1.,0.,0.));
#13975 = ORIENTED_EDGE('',*,*,#13976,.T.);
#13976 = EDGE_CURVE('',#13968,#13917,#13977,.T.);
#13977 = LINE('',#13978,#13979);
#13978 = CARTESIAN_POINT('',(-16.25,57.,-53.5));
#13979 = VECTOR('',#13980,1.);
#13980 = DIRECTION('',(-1.,0.,0.));
#13981 = FACE_BOUND('',#13982,.F.);
#13982 = EDGE_LOOP('',(#13983,#13994,#14002,#14011,#14019,#14028,#14036,
    #14045));
#13983 = ORIENTED_EDGE('',*,*,#13984,.F.);
#13984 = EDGE_CURVE('',#13985,#13987,#13989,.T.);
#13985 = VERTEX_POINT('',#13986);
#13986 = CARTESIAN_POINT('',(8.5,64.2,-53.5));
#13987 = VERTEX_POINT('',#13988);
#13988 = CARTESIAN_POINT('',(9.7,63.,-53.5));
#13989 = CIRCLE('',#13990,1.2);
#13990 = AXIS2_PLACEMENT_3D('',#13991,#13992,#13993);
#13991 = CARTESIAN_POINT('',(9.7,64.2,-53.5));
#13992 = DIRECTION('',(0.,0.,1.));
#13993 = DIRECTION('',(-1.,0.,0.));
#13994 = ORIENTED_EDGE('',*,*,#13995,.T.);
#13995 = EDGE_CURVE('',#13985,#13996,#13998,.T.);
#13996 = VERTEX_POINT('',#13997);
#13997 = CARTESIAN_POINT('',(8.5,64.6,-53.5));
#13998 = LINE('',#13999,#14000);
#13999 = CARTESIAN_POINT('',(8.5,28.25,-53.5));
#14000 = VECTOR('',#14001,1.);
#14001 = DIRECTION('',(0.,1.,0.));
#14002 = ORIENTED_EDGE('',*,*,#14003,.F.);
#14003 = EDGE_CURVE('',#14004,#13996,#14006,.T.);
#14004 = VERTEX_POINT('',#14005);
#14005 = CARTESIAN_POINT('',(9.7,65.8,-53.5));
#14006 = CIRCLE('',#14007,1.2);
#14007 = AXIS2_PLACEMENT_3D('',#14008,#14009,#14010);
#14008 = CARTESIAN_POINT('',(9.7,64.6,-53.5));
#14009 = DIRECTION('',(0.,0.,1.));
#14010 = DIRECTION('',(-1.,0.,0.));
#14011 = ORIENTED_EDGE('',*,*,#14012,.F.);
#14012 = EDGE_CURVE('',#14013,#14004,#14015,.T.);
#14013 = VERTEX_POINT('',#14014);
#14014 = CARTESIAN_POINT('',(27.3,65.8,-53.5));
#14015 = LINE('',#14016,#14017);
#14016 = CARTESIAN_POINT('',(-16.25,65.8,-53.5));
#14017 = VECTOR('',#14018,1.);
#14018 = DIRECTION('',(-1.,0.,0.));
#14019 = ORIENTED_EDGE('',*,*,#14020,.F.);
#14020 = EDGE_CURVE('',#14021,#14013,#14023,.T.);
#14021 = VERTEX_POINT('',#14022);
#14022 = CARTESIAN_POINT('',(28.5,64.6,-53.5));
#14023 = CIRCLE('',#14024,1.2);
#14024 = AXIS2_PLACEMENT_3D('',#14025,#14026,#14027);
#14025 = CARTESIAN_POINT('',(27.3,64.6,-53.5));
#14026 = DIRECTION('',(0.,0.,1.));
#14027 = DIRECTION('',(1.,0.,0.));
#14028 = ORIENTED_EDGE('',*,*,#14029,.F.);
#14029 = EDGE_CURVE('',#14030,#14021,#14032,.T.);
#14030 = VERTEX_POINT('',#14031);
#14031 = CARTESIAN_POINT('',(28.5,64.2,-53.5));
#14032 = LINE('',#14033,#14034);
#14033 = CARTESIAN_POINT('',(28.5,28.25,-53.5));
#14034 = VECTOR('',#14035,1.);
#14035 = DIRECTION('',(0.,1.,0.));
#14036 = ORIENTED_EDGE('',*,*,#14037,.F.);
#14037 = EDGE_CURVE('',#14038,#14030,#14040,.T.);
#14038 = VERTEX_POINT('',#14039);
#14039 = CARTESIAN_POINT('',(27.3,63.,-53.5));
#14040 = CIRCLE('',#14041,1.2);
#14041 = AXIS2_PLACEMENT_3D('',#14042,#14043,#14044);
#14042 = CARTESIAN_POINT('',(27.3,64.2,-53.5));
#14043 = DIRECTION('',(0.,0.,1.));
#14044 = DIRECTION('',(1.,0.,0.));
#14045 = ORIENTED_EDGE('',*,*,#14046,.T.);
#14046 = EDGE_CURVE('',#14038,#13987,#14047,.T.);
#14047 = LINE('',#14048,#14049);
#14048 = CARTESIAN_POINT('',(-16.25,63.,-53.5));
#14049 = VECTOR('',#14050,1.);
#14050 = DIRECTION('',(-1.,0.,0.));
#14051 = FACE_BOUND('',#14052,.F.);
#14052 = EDGE_LOOP('',(#14053,#14064,#14072,#14081,#14089,#14098,#14106,
    #14115));
#14053 = ORIENTED_EDGE('',*,*,#14054,.F.);
#14054 = EDGE_CURVE('',#14055,#14057,#14059,.T.);
#14055 = VERTEX_POINT('',#14056);
#14056 = CARTESIAN_POINT('',(8.5,70.2,-53.5));
#14057 = VERTEX_POINT('',#14058);
#14058 = CARTESIAN_POINT('',(9.7,69.,-53.5));
#14059 = CIRCLE('',#14060,1.2);
#14060 = AXIS2_PLACEMENT_3D('',#14061,#14062,#14063);
#14061 = CARTESIAN_POINT('',(9.7,70.2,-53.5));
#14062 = DIRECTION('',(0.,0.,1.));
#14063 = DIRECTION('',(-1.,0.,0.));
#14064 = ORIENTED_EDGE('',*,*,#14065,.T.);
#14065 = EDGE_CURVE('',#14055,#14066,#14068,.T.);
#14066 = VERTEX_POINT('',#14067);
#14067 = CARTESIAN_POINT('',(8.5,70.6,-53.5));
#14068 = LINE('',#14069,#14070);
#14069 = CARTESIAN_POINT('',(8.5,31.25,-53.5));
#14070 = VECTOR('',#14071,1.);
#14071 = DIRECTION('',(0.,1.,0.));
#14072 = ORIENTED_EDGE('',*,*,#14073,.F.);
#14073 = EDGE_CURVE('',#14074,#14066,#14076,.T.);
#14074 = VERTEX_POINT('',#14075);
#14075 = CARTESIAN_POINT('',(9.7,71.8,-53.5));
#14076 = CIRCLE('',#14077,1.2);
#14077 = AXIS2_PLACEMENT_3D('',#14078,#14079,#14080);
#14078 = CARTESIAN_POINT('',(9.7,70.6,-53.5));
#14079 = DIRECTION('',(0.,0.,1.));
#14080 = DIRECTION('',(-1.,0.,0.));
#14081 = ORIENTED_EDGE('',*,*,#14082,.F.);
#14082 = EDGE_CURVE('',#14083,#14074,#14085,.T.);
#14083 = VERTEX_POINT('',#14084);
#14084 = CARTESIAN_POINT('',(27.3,71.8,-53.5));
#14085 = LINE('',#14086,#14087);
#14086 = CARTESIAN_POINT('',(-16.25,71.8,-53.5));
#14087 = VECTOR('',#14088,1.);
#14088 = DIRECTION('',(-1.,0.,0.));
#14089 = ORIENTED_EDGE('',*,*,#14090,.F.);
#14090 = EDGE_CURVE('',#14091,#14083,#14093,.T.);
#14091 = VERTEX_POINT('',#14092);
#14092 = CARTESIAN_POINT('',(28.5,70.6,-53.5));
#14093 = CIRCLE('',#14094,1.2);
#14094 = AXIS2_PLACEMENT_3D('',#14095,#14096,#14097);
#14095 = CARTESIAN_POINT('',(27.3,70.6,-53.5));
#14096 = DIRECTION('',(0.,0.,1.));
#14097 = DIRECTION('',(1.,0.,0.));
#14098 = ORIENTED_EDGE('',*,*,#14099,.F.);
#14099 = EDGE_CURVE('',#14100,#14091,#14102,.T.);
#14100 = VERTEX_POINT('',#14101);
#14101 = CARTESIAN_POINT('',(28.5,70.2,-53.5));
#14102 = LINE('',#14103,#14104);
#14103 = CARTESIAN_POINT('',(28.5,31.25,-53.5));
#14104 = VECTOR('',#14105,1.);
#14105 = DIRECTION('',(0.,1.,0.));
#14106 = ORIENTED_EDGE('',*,*,#14107,.F.);
#14107 = EDGE_CURVE('',#14108,#14100,#14110,.T.);
#14108 = VERTEX_POINT('',#14109);
#14109 = CARTESIAN_POINT('',(27.3,69.,-53.5));
#14110 = CIRCLE('',#14111,1.2);
#14111 = AXIS2_PLACEMENT_3D('',#14112,#14113,#14114);
#14112 = CARTESIAN_POINT('',(27.3,70.2,-53.5));
#14113 = DIRECTION('',(0.,0.,1.));
#14114 = DIRECTION('',(1.,0.,0.));
#14115 = ORIENTED_EDGE('',*,*,#14116,.T.);
#14116 = EDGE_CURVE('',#14108,#14057,#14117,.T.);
#14117 = LINE('',#14118,#14119);
#14118 = CARTESIAN_POINT('',(-16.25,69.,-53.5));
#14119 = VECTOR('',#14120,1.);
#14120 = DIRECTION('',(-1.,0.,0.));
#14121 = FACE_BOUND('',#14122,.F.);
#14122 = EDGE_LOOP('',(#14123,#14134,#14142,#14151,#14159,#14168,#14176,
    #14185));
#14123 = ORIENTED_EDGE('',*,*,#14124,.F.);
#14124 = EDGE_CURVE('',#14125,#14127,#14129,.T.);
#14125 = VERTEX_POINT('',#14126);
#14126 = CARTESIAN_POINT('',(8.5,76.2,-53.5));
#14127 = VERTEX_POINT('',#14128);
#14128 = CARTESIAN_POINT('',(9.7,75.,-53.5));
#14129 = CIRCLE('',#14130,1.2);
#14130 = AXIS2_PLACEMENT_3D('',#14131,#14132,#14133);
#14131 = CARTESIAN_POINT('',(9.7,76.2,-53.5));
#14132 = DIRECTION('',(0.,0.,1.));
#14133 = DIRECTION('',(-1.,0.,0.));
#14134 = ORIENTED_EDGE('',*,*,#14135,.T.);
#14135 = EDGE_CURVE('',#14125,#14136,#14138,.T.);
#14136 = VERTEX_POINT('',#14137);
#14137 = CARTESIAN_POINT('',(8.5,76.6,-53.5));
#14138 = LINE('',#14139,#14140);
#14139 = CARTESIAN_POINT('',(8.5,34.25,-53.5));
#14140 = VECTOR('',#14141,1.);
#14141 = DIRECTION('',(0.,1.,0.));
#14142 = ORIENTED_EDGE('',*,*,#14143,.F.);
#14143 = EDGE_CURVE('',#14144,#14136,#14146,.T.);
#14144 = VERTEX_POINT('',#14145);
#14145 = CARTESIAN_POINT('',(9.7,77.8,-53.5));
#14146 = CIRCLE('',#14147,1.2);
#14147 = AXIS2_PLACEMENT_3D('',#14148,#14149,#14150);
#14148 = CARTESIAN_POINT('',(9.7,76.6,-53.5));
#14149 = DIRECTION('',(0.,0.,1.));
#14150 = DIRECTION('',(-1.,0.,0.));
#14151 = ORIENTED_EDGE('',*,*,#14152,.F.);
#14152 = EDGE_CURVE('',#14153,#14144,#14155,.T.);
#14153 = VERTEX_POINT('',#14154);
#14154 = CARTESIAN_POINT('',(27.3,77.8,-53.5));
#14155 = LINE('',#14156,#14157);
#14156 = CARTESIAN_POINT('',(-16.25,77.8,-53.5));
#14157 = VECTOR('',#14158,1.);
#14158 = DIRECTION('',(-1.,0.,0.));
#14159 = ORIENTED_EDGE('',*,*,#14160,.F.);
#14160 = EDGE_CURVE('',#14161,#14153,#14163,.T.);
#14161 = VERTEX_POINT('',#14162);
#14162 = CARTESIAN_POINT('',(28.5,76.6,-53.5));
#14163 = CIRCLE('',#14164,1.2);
#14164 = AXIS2_PLACEMENT_3D('',#14165,#14166,#14167);
#14165 = CARTESIAN_POINT('',(27.3,76.6,-53.5));
#14166 = DIRECTION('',(0.,0.,1.));
#14167 = DIRECTION('',(1.,0.,0.));
#14168 = ORIENTED_EDGE('',*,*,#14169,.F.);
#14169 = EDGE_CURVE('',#14170,#14161,#14172,.T.);
#14170 = VERTEX_POINT('',#14171);
#14171 = CARTESIAN_POINT('',(28.5,76.2,-53.5));
#14172 = LINE('',#14173,#14174);
#14173 = CARTESIAN_POINT('',(28.5,34.25,-53.5));
#14174 = VECTOR('',#14175,1.);
#14175 = DIRECTION('',(0.,1.,0.));
#14176 = ORIENTED_EDGE('',*,*,#14177,.F.);
#14177 = EDGE_CURVE('',#14178,#14170,#14180,.T.);
#14178 = VERTEX_POINT('',#14179);
#14179 = CARTESIAN_POINT('',(27.3,75.,-53.5));
#14180 = CIRCLE('',#14181,1.2);
#14181 = AXIS2_PLACEMENT_3D('',#14182,#14183,#14184);
#14182 = CARTESIAN_POINT('',(27.3,76.2,-53.5));
#14183 = DIRECTION('',(0.,0.,1.));
#14184 = DIRECTION('',(1.,0.,0.));
#14185 = ORIENTED_EDGE('',*,*,#14186,.T.);
#14186 = EDGE_CURVE('',#14178,#14127,#14187,.T.);
#14187 = LINE('',#14188,#14189);
#14188 = CARTESIAN_POINT('',(-16.25,75.,-53.5));
#14189 = VECTOR('',#14190,1.);
#14190 = DIRECTION('',(-1.,0.,0.));
#14191 = FACE_BOUND('',#14192,.F.);
#14192 = EDGE_LOOP('',(#14193,#14204,#14212,#14221,#14229,#14238,#14246,
    #14255));
#14193 = ORIENTED_EDGE('',*,*,#14194,.F.);
#14194 = EDGE_CURVE('',#14195,#14197,#14199,.T.);
#14195 = VERTEX_POINT('',#14196);
#14196 = CARTESIAN_POINT('',(8.5,82.2,-53.5));
#14197 = VERTEX_POINT('',#14198);
#14198 = CARTESIAN_POINT('',(9.7,81.,-53.5));
#14199 = CIRCLE('',#14200,1.2);
#14200 = AXIS2_PLACEMENT_3D('',#14201,#14202,#14203);
#14201 = CARTESIAN_POINT('',(9.7,82.2,-53.5));
#14202 = DIRECTION('',(0.,0.,1.));
#14203 = DIRECTION('',(-1.,0.,0.));
#14204 = ORIENTED_EDGE('',*,*,#14205,.T.);
#14205 = EDGE_CURVE('',#14195,#14206,#14208,.T.);
#14206 = VERTEX_POINT('',#14207);
#14207 = CARTESIAN_POINT('',(8.5,82.6,-53.5));
#14208 = LINE('',#14209,#14210);
#14209 = CARTESIAN_POINT('',(8.5,37.25,-53.5));
#14210 = VECTOR('',#14211,1.);
#14211 = DIRECTION('',(0.,1.,0.));
#14212 = ORIENTED_EDGE('',*,*,#14213,.F.);
#14213 = EDGE_CURVE('',#14214,#14206,#14216,.T.);
#14214 = VERTEX_POINT('',#14215);
#14215 = CARTESIAN_POINT('',(9.7,83.8,-53.5));
#14216 = CIRCLE('',#14217,1.2);
#14217 = AXIS2_PLACEMENT_3D('',#14218,#14219,#14220);
#14218 = CARTESIAN_POINT('',(9.7,82.6,-53.5));
#14219 = DIRECTION('',(0.,0.,1.));
#14220 = DIRECTION('',(-1.,0.,0.));
#14221 = ORIENTED_EDGE('',*,*,#14222,.F.);
#14222 = EDGE_CURVE('',#14223,#14214,#14225,.T.);
#14223 = VERTEX_POINT('',#14224);
#14224 = CARTESIAN_POINT('',(27.3,83.8,-53.5));
#14225 = LINE('',#14226,#14227);
#14226 = CARTESIAN_POINT('',(-16.25,83.8,-53.5));
#14227 = VECTOR('',#14228,1.);
#14228 = DIRECTION('',(-1.,0.,0.));
#14229 = ORIENTED_EDGE('',*,*,#14230,.F.);
#14230 = EDGE_CURVE('',#14231,#14223,#14233,.T.);
#14231 = VERTEX_POINT('',#14232);
#14232 = CARTESIAN_POINT('',(28.5,82.6,-53.5));
#14233 = CIRCLE('',#14234,1.2);
#14234 = AXIS2_PLACEMENT_3D('',#14235,#14236,#14237);
#14235 = CARTESIAN_POINT('',(27.3,82.6,-53.5));
#14236 = DIRECTION('',(0.,0.,1.));
#14237 = DIRECTION('',(1.,0.,0.));
#14238 = ORIENTED_EDGE('',*,*,#14239,.F.);
#14239 = EDGE_CURVE('',#14240,#14231,#14242,.T.);
#14240 = VERTEX_POINT('',#14241);
#14241 = CARTESIAN_POINT('',(28.5,82.2,-53.5));
#14242 = LINE('',#14243,#14244);
#14243 = CARTESIAN_POINT('',(28.5,37.25,-53.5));
#14244 = VECTOR('',#14245,1.);
#14245 = DIRECTION('',(0.,1.,0.));
#14246 = ORIENTED_EDGE('',*,*,#14247,.F.);
#14247 = EDGE_CURVE('',#14248,#14240,#14250,.T.);
#14248 = VERTEX_POINT('',#14249);
#14249 = CARTESIAN_POINT('',(27.3,81.,-53.5));
#14250 = CIRCLE('',#14251,1.2);
#14251 = AXIS2_PLACEMENT_3D('',#14252,#14253,#14254);
#14252 = CARTESIAN_POINT('',(27.3,82.2,-53.5));
#14253 = DIRECTION('',(0.,0.,1.));
#14254 = DIRECTION('',(1.,0.,0.));
#14255 = ORIENTED_EDGE('',*,*,#14256,.T.);
#14256 = EDGE_CURVE('',#14248,#14197,#14257,.T.);
#14257 = LINE('',#14258,#14259);
#14258 = CARTESIAN_POINT('',(-16.25,81.,-53.5));
#14259 = VECTOR('',#14260,1.);
#14260 = DIRECTION('',(-1.,0.,0.));
#14261 = FACE_BOUND('',#14262,.F.);
#14262 = EDGE_LOOP('',(#14263,#14274,#14282,#14291,#14299,#14308,#14316,
    #14325));
#14263 = ORIENTED_EDGE('',*,*,#14264,.F.);
#14264 = EDGE_CURVE('',#14265,#14267,#14269,.T.);
#14265 = VERTEX_POINT('',#14266);
#14266 = CARTESIAN_POINT('',(8.5,106.2,-53.5));
#14267 = VERTEX_POINT('',#14268);
#14268 = CARTESIAN_POINT('',(9.7,105.,-53.5));
#14269 = CIRCLE('',#14270,1.2);
#14270 = AXIS2_PLACEMENT_3D('',#14271,#14272,#14273);
#14271 = CARTESIAN_POINT('',(9.7,106.2,-53.5));
#14272 = DIRECTION('',(0.,0.,1.));
#14273 = DIRECTION('',(-1.,0.,0.));
#14274 = ORIENTED_EDGE('',*,*,#14275,.T.);
#14275 = EDGE_CURVE('',#14265,#14276,#14278,.T.);
#14276 = VERTEX_POINT('',#14277);
#14277 = CARTESIAN_POINT('',(8.5,106.6,-53.5));
#14278 = LINE('',#14279,#14280);
#14279 = CARTESIAN_POINT('',(8.5,49.25,-53.5));
#14280 = VECTOR('',#14281,1.);
#14281 = DIRECTION('',(0.,1.,0.));
#14282 = ORIENTED_EDGE('',*,*,#14283,.F.);
#14283 = EDGE_CURVE('',#14284,#14276,#14286,.T.);
#14284 = VERTEX_POINT('',#14285);
#14285 = CARTESIAN_POINT('',(9.7,107.8,-53.5));
#14286 = CIRCLE('',#14287,1.2);
#14287 = AXIS2_PLACEMENT_3D('',#14288,#14289,#14290);
#14288 = CARTESIAN_POINT('',(9.7,106.6,-53.5));
#14289 = DIRECTION('',(0.,0.,1.));
#14290 = DIRECTION('',(-1.,0.,0.));
#14291 = ORIENTED_EDGE('',*,*,#14292,.F.);
#14292 = EDGE_CURVE('',#14293,#14284,#14295,.T.);
#14293 = VERTEX_POINT('',#14294);
#14294 = CARTESIAN_POINT('',(27.3,107.8,-53.5));
#14295 = LINE('',#14296,#14297);
#14296 = CARTESIAN_POINT('',(-16.25,107.8,-53.5));
#14297 = VECTOR('',#14298,1.);
#14298 = DIRECTION('',(-1.,0.,0.));
#14299 = ORIENTED_EDGE('',*,*,#14300,.F.);
#14300 = EDGE_CURVE('',#14301,#14293,#14303,.T.);
#14301 = VERTEX_POINT('',#14302);
#14302 = CARTESIAN_POINT('',(28.5,106.6,-53.5));
#14303 = CIRCLE('',#14304,1.2);
#14304 = AXIS2_PLACEMENT_3D('',#14305,#14306,#14307);
#14305 = CARTESIAN_POINT('',(27.3,106.6,-53.5));
#14306 = DIRECTION('',(0.,0.,1.));
#14307 = DIRECTION('',(1.,0.,0.));
#14308 = ORIENTED_EDGE('',*,*,#14309,.F.);
#14309 = EDGE_CURVE('',#14310,#14301,#14312,.T.);
#14310 = VERTEX_POINT('',#14311);
#14311 = CARTESIAN_POINT('',(28.5,106.2,-53.5));
#14312 = LINE('',#14313,#14314);
#14313 = CARTESIAN_POINT('',(28.5,49.25,-53.5));
#14314 = VECTOR('',#14315,1.);
#14315 = DIRECTION('',(0.,1.,0.));
#14316 = ORIENTED_EDGE('',*,*,#14317,.F.);
#14317 = EDGE_CURVE('',#14318,#14310,#14320,.T.);
#14318 = VERTEX_POINT('',#14319);
#14319 = CARTESIAN_POINT('',(27.3,105.,-53.5));
#14320 = CIRCLE('',#14321,1.2);
#14321 = AXIS2_PLACEMENT_3D('',#14322,#14323,#14324);
#14322 = CARTESIAN_POINT('',(27.3,106.2,-53.5));
#14323 = DIRECTION('',(0.,0.,1.));
#14324 = DIRECTION('',(1.,0.,0.));
#14325 = ORIENTED_EDGE('',*,*,#14326,.T.);
#14326 = EDGE_CURVE('',#14318,#14267,#14327,.T.);
#14327 = LINE('',#14328,#14329);
#14328 = CARTESIAN_POINT('',(-16.25,105.,-53.5));
#14329 = VECTOR('',#14330,1.);
#14330 = DIRECTION('',(-1.,0.,0.));
#14331 = FACE_BOUND('',#14332,.F.);
#14332 = EDGE_LOOP('',(#14333,#14344,#14352,#14361,#14369,#14378,#14386,
    #14395));
#14333 = ORIENTED_EDGE('',*,*,#14334,.F.);
#14334 = EDGE_CURVE('',#14335,#14337,#14339,.T.);
#14335 = VERTEX_POINT('',#14336);
#14336 = CARTESIAN_POINT('',(8.5,112.2,-53.5));
#14337 = VERTEX_POINT('',#14338);
#14338 = CARTESIAN_POINT('',(9.7,111.,-53.5));
#14339 = CIRCLE('',#14340,1.2);
#14340 = AXIS2_PLACEMENT_3D('',#14341,#14342,#14343);
#14341 = CARTESIAN_POINT('',(9.7,112.2,-53.5));
#14342 = DIRECTION('',(0.,0.,1.));
#14343 = DIRECTION('',(-1.,0.,0.));
#14344 = ORIENTED_EDGE('',*,*,#14345,.T.);
#14345 = EDGE_CURVE('',#14335,#14346,#14348,.T.);
#14346 = VERTEX_POINT('',#14347);
#14347 = CARTESIAN_POINT('',(8.5,112.6,-53.5));
#14348 = LINE('',#14349,#14350);
#14349 = CARTESIAN_POINT('',(8.5,52.25,-53.5));
#14350 = VECTOR('',#14351,1.);
#14351 = DIRECTION('',(0.,1.,0.));
#14352 = ORIENTED_EDGE('',*,*,#14353,.F.);
#14353 = EDGE_CURVE('',#14354,#14346,#14356,.T.);
#14354 = VERTEX_POINT('',#14355);
#14355 = CARTESIAN_POINT('',(9.7,113.8,-53.5));
#14356 = CIRCLE('',#14357,1.2);
#14357 = AXIS2_PLACEMENT_3D('',#14358,#14359,#14360);
#14358 = CARTESIAN_POINT('',(9.7,112.6,-53.5));
#14359 = DIRECTION('',(0.,0.,1.));
#14360 = DIRECTION('',(-1.,0.,0.));
#14361 = ORIENTED_EDGE('',*,*,#14362,.F.);
#14362 = EDGE_CURVE('',#14363,#14354,#14365,.T.);
#14363 = VERTEX_POINT('',#14364);
#14364 = CARTESIAN_POINT('',(27.3,113.8,-53.5));
#14365 = LINE('',#14366,#14367);
#14366 = CARTESIAN_POINT('',(-16.25,113.8,-53.5));
#14367 = VECTOR('',#14368,1.);
#14368 = DIRECTION('',(-1.,0.,0.));
#14369 = ORIENTED_EDGE('',*,*,#14370,.F.);
#14370 = EDGE_CURVE('',#14371,#14363,#14373,.T.);
#14371 = VERTEX_POINT('',#14372);
#14372 = CARTESIAN_POINT('',(28.5,112.6,-53.5));
#14373 = CIRCLE('',#14374,1.2);
#14374 = AXIS2_PLACEMENT_3D('',#14375,#14376,#14377);
#14375 = CARTESIAN_POINT('',(27.3,112.6,-53.5));
#14376 = DIRECTION('',(0.,0.,1.));
#14377 = DIRECTION('',(1.,0.,0.));
#14378 = ORIENTED_EDGE('',*,*,#14379,.F.);
#14379 = EDGE_CURVE('',#14380,#14371,#14382,.T.);
#14380 = VERTEX_POINT('',#14381);
#14381 = CARTESIAN_POINT('',(28.5,112.2,-53.5));
#14382 = LINE('',#14383,#14384);
#14383 = CARTESIAN_POINT('',(28.5,52.25,-53.5));
#14384 = VECTOR('',#14385,1.);
#14385 = DIRECTION('',(0.,1.,0.));
#14386 = ORIENTED_EDGE('',*,*,#14387,.F.);
#14387 = EDGE_CURVE('',#14388,#14380,#14390,.T.);
#14388 = VERTEX_POINT('',#14389);
#14389 = CARTESIAN_POINT('',(27.3,111.,-53.5));
#14390 = CIRCLE('',#14391,1.2);
#14391 = AXIS2_PLACEMENT_3D('',#14392,#14393,#14394);
#14392 = CARTESIAN_POINT('',(27.3,112.2,-53.5));
#14393 = DIRECTION('',(0.,0.,1.));
#14394 = DIRECTION('',(1.,0.,0.));
#14395 = ORIENTED_EDGE('',*,*,#14396,.T.);
#14396 = EDGE_CURVE('',#14388,#14337,#14397,.T.);
#14397 = LINE('',#14398,#14399);
#14398 = CARTESIAN_POINT('',(-16.25,111.,-53.5));
#14399 = VECTOR('',#14400,1.);
#14400 = DIRECTION('',(-1.,0.,0.));
#14401 = FACE_BOUND('',#14402,.F.);
#14402 = EDGE_LOOP('',(#14403,#14414,#14422,#14431,#14439,#14448,#14456,
    #14465));
#14403 = ORIENTED_EDGE('',*,*,#14404,.F.);
#14404 = EDGE_CURVE('',#14405,#14407,#14409,.T.);
#14405 = VERTEX_POINT('',#14406);
#14406 = CARTESIAN_POINT('',(8.5,118.2,-53.5));
#14407 = VERTEX_POINT('',#14408);
#14408 = CARTESIAN_POINT('',(9.7,117.,-53.5));
#14409 = CIRCLE('',#14410,1.2);
#14410 = AXIS2_PLACEMENT_3D('',#14411,#14412,#14413);
#14411 = CARTESIAN_POINT('',(9.7,118.2,-53.5));
#14412 = DIRECTION('',(0.,0.,1.));
#14413 = DIRECTION('',(-1.,0.,0.));
#14414 = ORIENTED_EDGE('',*,*,#14415,.T.);
#14415 = EDGE_CURVE('',#14405,#14416,#14418,.T.);
#14416 = VERTEX_POINT('',#14417);
#14417 = CARTESIAN_POINT('',(8.5,118.6,-53.5));
#14418 = LINE('',#14419,#14420);
#14419 = CARTESIAN_POINT('',(8.5,55.25,-53.5));
#14420 = VECTOR('',#14421,1.);
#14421 = DIRECTION('',(0.,1.,0.));
#14422 = ORIENTED_EDGE('',*,*,#14423,.F.);
#14423 = EDGE_CURVE('',#14424,#14416,#14426,.T.);
#14424 = VERTEX_POINT('',#14425);
#14425 = CARTESIAN_POINT('',(9.7,119.8,-53.5));
#14426 = CIRCLE('',#14427,1.2);
#14427 = AXIS2_PLACEMENT_3D('',#14428,#14429,#14430);
#14428 = CARTESIAN_POINT('',(9.7,118.6,-53.5));
#14429 = DIRECTION('',(0.,0.,1.));
#14430 = DIRECTION('',(-1.,0.,0.));
#14431 = ORIENTED_EDGE('',*,*,#14432,.F.);
#14432 = EDGE_CURVE('',#14433,#14424,#14435,.T.);
#14433 = VERTEX_POINT('',#14434);
#14434 = CARTESIAN_POINT('',(27.3,119.8,-53.5));
#14435 = LINE('',#14436,#14437);
#14436 = CARTESIAN_POINT('',(-16.25,119.8,-53.5));
#14437 = VECTOR('',#14438,1.);
#14438 = DIRECTION('',(-1.,0.,0.));
#14439 = ORIENTED_EDGE('',*,*,#14440,.F.);
#14440 = EDGE_CURVE('',#14441,#14433,#14443,.T.);
#14441 = VERTEX_POINT('',#14442);
#14442 = CARTESIAN_POINT('',(28.5,118.6,-53.5));
#14443 = CIRCLE('',#14444,1.2);
#14444 = AXIS2_PLACEMENT_3D('',#14445,#14446,#14447);
#14445 = CARTESIAN_POINT('',(27.3,118.6,-53.5));
#14446 = DIRECTION('',(0.,0.,1.));
#14447 = DIRECTION('',(1.,0.,0.));
#14448 = ORIENTED_EDGE('',*,*,#14449,.F.);
#14449 = EDGE_CURVE('',#14450,#14441,#14452,.T.);
#14450 = VERTEX_POINT('',#14451);
#14451 = CARTESIAN_POINT('',(28.5,118.2,-53.5));
#14452 = LINE('',#14453,#14454);
#14453 = CARTESIAN_POINT('',(28.5,55.25,-53.5));
#14454 = VECTOR('',#14455,1.);
#14455 = DIRECTION('',(0.,1.,0.));
#14456 = ORIENTED_EDGE('',*,*,#14457,.F.);
#14457 = EDGE_CURVE('',#14458,#14450,#14460,.T.);
#14458 = VERTEX_POINT('',#14459);
#14459 = CARTESIAN_POINT('',(27.3,117.,-53.5));
#14460 = CIRCLE('',#14461,1.2);
#14461 = AXIS2_PLACEMENT_3D('',#14462,#14463,#14464);
#14462 = CARTESIAN_POINT('',(27.3,118.2,-53.5));
#14463 = DIRECTION('',(0.,0.,1.));
#14464 = DIRECTION('',(1.,0.,0.));
#14465 = ORIENTED_EDGE('',*,*,#14466,.T.);
#14466 = EDGE_CURVE('',#14458,#14407,#14467,.T.);
#14467 = LINE('',#14468,#14469);
#14468 = CARTESIAN_POINT('',(-16.25,117.,-53.5));
#14469 = VECTOR('',#14470,1.);
#14470 = DIRECTION('',(-1.,0.,0.));
#14471 = FACE_BOUND('',#14472,.F.);
#14472 = EDGE_LOOP('',(#14473,#14484,#14492,#14501,#14509,#14518,#14526,
    #14535));
#14473 = ORIENTED_EDGE('',*,*,#14474,.F.);
#14474 = EDGE_CURVE('',#14475,#14477,#14479,.T.);
#14475 = VERTEX_POINT('',#14476);
#14476 = CARTESIAN_POINT('',(8.5,124.2,-53.5));
#14477 = VERTEX_POINT('',#14478);
#14478 = CARTESIAN_POINT('',(9.7,123.,-53.5));
#14479 = CIRCLE('',#14480,1.2);
#14480 = AXIS2_PLACEMENT_3D('',#14481,#14482,#14483);
#14481 = CARTESIAN_POINT('',(9.7,124.2,-53.5));
#14482 = DIRECTION('',(0.,0.,1.));
#14483 = DIRECTION('',(-1.,0.,0.));
#14484 = ORIENTED_EDGE('',*,*,#14485,.T.);
#14485 = EDGE_CURVE('',#14475,#14486,#14488,.T.);
#14486 = VERTEX_POINT('',#14487);
#14487 = CARTESIAN_POINT('',(8.5,124.6,-53.5));
#14488 = LINE('',#14489,#14490);
#14489 = CARTESIAN_POINT('',(8.5,58.25,-53.5));
#14490 = VECTOR('',#14491,1.);
#14491 = DIRECTION('',(0.,1.,0.));
#14492 = ORIENTED_EDGE('',*,*,#14493,.F.);
#14493 = EDGE_CURVE('',#14494,#14486,#14496,.T.);
#14494 = VERTEX_POINT('',#14495);
#14495 = CARTESIAN_POINT('',(9.7,125.8,-53.5));
#14496 = CIRCLE('',#14497,1.2);
#14497 = AXIS2_PLACEMENT_3D('',#14498,#14499,#14500);
#14498 = CARTESIAN_POINT('',(9.7,124.6,-53.5));
#14499 = DIRECTION('',(0.,0.,1.));
#14500 = DIRECTION('',(-1.,0.,0.));
#14501 = ORIENTED_EDGE('',*,*,#14502,.F.);
#14502 = EDGE_CURVE('',#14503,#14494,#14505,.T.);
#14503 = VERTEX_POINT('',#14504);
#14504 = CARTESIAN_POINT('',(27.3,125.8,-53.5));
#14505 = LINE('',#14506,#14507);
#14506 = CARTESIAN_POINT('',(-16.25,125.8,-53.5));
#14507 = VECTOR('',#14508,1.);
#14508 = DIRECTION('',(-1.,0.,0.));
#14509 = ORIENTED_EDGE('',*,*,#14510,.F.);
#14510 = EDGE_CURVE('',#14511,#14503,#14513,.T.);
#14511 = VERTEX_POINT('',#14512);
#14512 = CARTESIAN_POINT('',(28.5,124.6,-53.5));
#14513 = CIRCLE('',#14514,1.2);
#14514 = AXIS2_PLACEMENT_3D('',#14515,#14516,#14517);
#14515 = CARTESIAN_POINT('',(27.3,124.6,-53.5));
#14516 = DIRECTION('',(0.,0.,1.));
#14517 = DIRECTION('',(1.,0.,0.));
#14518 = ORIENTED_EDGE('',*,*,#14519,.F.);
#14519 = EDGE_CURVE('',#14520,#14511,#14522,.T.);
#14520 = VERTEX_POINT('',#14521);
#14521 = CARTESIAN_POINT('',(28.5,124.2,-53.5));
#14522 = LINE('',#14523,#14524);
#14523 = CARTESIAN_POINT('',(28.5,58.25,-53.5));
#14524 = VECTOR('',#14525,1.);
#14525 = DIRECTION('',(0.,1.,0.));
#14526 = ORIENTED_EDGE('',*,*,#14527,.F.);
#14527 = EDGE_CURVE('',#14528,#14520,#14530,.T.);
#14528 = VERTEX_POINT('',#14529);
#14529 = CARTESIAN_POINT('',(27.3,123.,-53.5));
#14530 = CIRCLE('',#14531,1.2);
#14531 = AXIS2_PLACEMENT_3D('',#14532,#14533,#14534);
#14532 = CARTESIAN_POINT('',(27.3,124.2,-53.5));
#14533 = DIRECTION('',(0.,0.,1.));
#14534 = DIRECTION('',(1.,0.,0.));
#14535 = ORIENTED_EDGE('',*,*,#14536,.T.);
#14536 = EDGE_CURVE('',#14528,#14477,#14537,.T.);
#14537 = LINE('',#14538,#14539);
#14538 = CARTESIAN_POINT('',(-16.25,123.,-53.5));
#14539 = VECTOR('',#14540,1.);
#14540 = DIRECTION('',(-1.,0.,0.));
#14541 = FACE_BOUND('',#14542,.F.);
#14542 = EDGE_LOOP('',(#14543,#14554,#14562,#14571,#14579,#14588,#14596,
    #14605));
#14543 = ORIENTED_EDGE('',*,*,#14544,.F.);
#14544 = EDGE_CURVE('',#14545,#14547,#14549,.T.);
#14545 = VERTEX_POINT('',#14546);
#14546 = CARTESIAN_POINT('',(8.5,130.2,-53.5));
#14547 = VERTEX_POINT('',#14548);
#14548 = CARTESIAN_POINT('',(9.7,129.,-53.5));
#14549 = CIRCLE('',#14550,1.2);
#14550 = AXIS2_PLACEMENT_3D('',#14551,#14552,#14553);
#14551 = CARTESIAN_POINT('',(9.7,130.2,-53.5));
#14552 = DIRECTION('',(0.,0.,1.));
#14553 = DIRECTION('',(-1.,0.,0.));
#14554 = ORIENTED_EDGE('',*,*,#14555,.T.);
#14555 = EDGE_CURVE('',#14545,#14556,#14558,.T.);
#14556 = VERTEX_POINT('',#14557);
#14557 = CARTESIAN_POINT('',(8.5,130.6,-53.5));
#14558 = LINE('',#14559,#14560);
#14559 = CARTESIAN_POINT('',(8.5,61.25,-53.5));
#14560 = VECTOR('',#14561,1.);
#14561 = DIRECTION('',(0.,1.,0.));
#14562 = ORIENTED_EDGE('',*,*,#14563,.F.);
#14563 = EDGE_CURVE('',#14564,#14556,#14566,.T.);
#14564 = VERTEX_POINT('',#14565);
#14565 = CARTESIAN_POINT('',(9.7,131.8,-53.5));
#14566 = CIRCLE('',#14567,1.2);
#14567 = AXIS2_PLACEMENT_3D('',#14568,#14569,#14570);
#14568 = CARTESIAN_POINT('',(9.7,130.6,-53.5));
#14569 = DIRECTION('',(0.,0.,1.));
#14570 = DIRECTION('',(-1.,0.,0.));
#14571 = ORIENTED_EDGE('',*,*,#14572,.F.);
#14572 = EDGE_CURVE('',#14573,#14564,#14575,.T.);
#14573 = VERTEX_POINT('',#14574);
#14574 = CARTESIAN_POINT('',(27.3,131.8,-53.5));
#14575 = LINE('',#14576,#14577);
#14576 = CARTESIAN_POINT('',(-16.25,131.8,-53.5));
#14577 = VECTOR('',#14578,1.);
#14578 = DIRECTION('',(-1.,0.,0.));
#14579 = ORIENTED_EDGE('',*,*,#14580,.F.);
#14580 = EDGE_CURVE('',#14581,#14573,#14583,.T.);
#14581 = VERTEX_POINT('',#14582);
#14582 = CARTESIAN_POINT('',(28.5,130.6,-53.5));
#14583 = CIRCLE('',#14584,1.2);
#14584 = AXIS2_PLACEMENT_3D('',#14585,#14586,#14587);
#14585 = CARTESIAN_POINT('',(27.3,130.6,-53.5));
#14586 = DIRECTION('',(0.,0.,1.));
#14587 = DIRECTION('',(1.,0.,0.));
#14588 = ORIENTED_EDGE('',*,*,#14589,.F.);
#14589 = EDGE_CURVE('',#14590,#14581,#14592,.T.);
#14590 = VERTEX_POINT('',#14591);
#14591 = CARTESIAN_POINT('',(28.5,130.2,-53.5));
#14592 = LINE('',#14593,#14594);
#14593 = CARTESIAN_POINT('',(28.5,61.25,-53.5));
#14594 = VECTOR('',#14595,1.);
#14595 = DIRECTION('',(0.,1.,0.));
#14596 = ORIENTED_EDGE('',*,*,#14597,.F.);
#14597 = EDGE_CURVE('',#14598,#14590,#14600,.T.);
#14598 = VERTEX_POINT('',#14599);
#14599 = CARTESIAN_POINT('',(27.3,129.,-53.5));
#14600 = CIRCLE('',#14601,1.2);
#14601 = AXIS2_PLACEMENT_3D('',#14602,#14603,#14604);
#14602 = CARTESIAN_POINT('',(27.3,130.2,-53.5));
#14603 = DIRECTION('',(0.,0.,1.));
#14604 = DIRECTION('',(1.,0.,0.));
#14605 = ORIENTED_EDGE('',*,*,#14606,.T.);
#14606 = EDGE_CURVE('',#14598,#14547,#14607,.T.);
#14607 = LINE('',#14608,#14609);
#14608 = CARTESIAN_POINT('',(-16.25,129.,-53.5));
#14609 = VECTOR('',#14610,1.);
#14610 = DIRECTION('',(-1.,0.,0.));
#14611 = FACE_BOUND('',#14612,.F.);
#14612 = EDGE_LOOP('',(#14613,#14624,#14632,#14641,#14649,#14658,#14666,
    #14675));
#14613 = ORIENTED_EDGE('',*,*,#14614,.F.);
#14614 = EDGE_CURVE('',#14615,#14617,#14619,.T.);
#14615 = VERTEX_POINT('',#14616);
#14616 = CARTESIAN_POINT('',(8.5,136.2,-53.5));
#14617 = VERTEX_POINT('',#14618);
#14618 = CARTESIAN_POINT('',(9.7,135.,-53.5));
#14619 = CIRCLE('',#14620,1.2);
#14620 = AXIS2_PLACEMENT_3D('',#14621,#14622,#14623);
#14621 = CARTESIAN_POINT('',(9.7,136.2,-53.5));
#14622 = DIRECTION('',(0.,0.,1.));
#14623 = DIRECTION('',(-1.,0.,0.));
#14624 = ORIENTED_EDGE('',*,*,#14625,.T.);
#14625 = EDGE_CURVE('',#14615,#14626,#14628,.T.);
#14626 = VERTEX_POINT('',#14627);
#14627 = CARTESIAN_POINT('',(8.5,136.6,-53.5));
#14628 = LINE('',#14629,#14630);
#14629 = CARTESIAN_POINT('',(8.5,64.25,-53.5));
#14630 = VECTOR('',#14631,1.);
#14631 = DIRECTION('',(0.,1.,0.));
#14632 = ORIENTED_EDGE('',*,*,#14633,.F.);
#14633 = EDGE_CURVE('',#14634,#14626,#14636,.T.);
#14634 = VERTEX_POINT('',#14635);
#14635 = CARTESIAN_POINT('',(9.7,137.8,-53.5));
#14636 = CIRCLE('',#14637,1.2);
#14637 = AXIS2_PLACEMENT_3D('',#14638,#14639,#14640);
#14638 = CARTESIAN_POINT('',(9.7,136.6,-53.5));
#14639 = DIRECTION('',(0.,0.,1.));
#14640 = DIRECTION('',(-1.,0.,0.));
#14641 = ORIENTED_EDGE('',*,*,#14642,.F.);
#14642 = EDGE_CURVE('',#14643,#14634,#14645,.T.);
#14643 = VERTEX_POINT('',#14644);
#14644 = CARTESIAN_POINT('',(27.3,137.8,-53.5));
#14645 = LINE('',#14646,#14647);
#14646 = CARTESIAN_POINT('',(-16.25,137.8,-53.5));
#14647 = VECTOR('',#14648,1.);
#14648 = DIRECTION('',(-1.,0.,0.));
#14649 = ORIENTED_EDGE('',*,*,#14650,.F.);
#14650 = EDGE_CURVE('',#14651,#14643,#14653,.T.);
#14651 = VERTEX_POINT('',#14652);
#14652 = CARTESIAN_POINT('',(28.5,136.6,-53.5));
#14653 = CIRCLE('',#14654,1.2);
#14654 = AXIS2_PLACEMENT_3D('',#14655,#14656,#14657);
#14655 = CARTESIAN_POINT('',(27.3,136.6,-53.5));
#14656 = DIRECTION('',(0.,0.,1.));
#14657 = DIRECTION('',(1.,0.,0.));
#14658 = ORIENTED_EDGE('',*,*,#14659,.F.);
#14659 = EDGE_CURVE('',#14660,#14651,#14662,.T.);
#14660 = VERTEX_POINT('',#14661);
#14661 = CARTESIAN_POINT('',(28.5,136.2,-53.5));
#14662 = LINE('',#14663,#14664);
#14663 = CARTESIAN_POINT('',(28.5,64.25,-53.5));
#14664 = VECTOR('',#14665,1.);
#14665 = DIRECTION('',(0.,1.,0.));
#14666 = ORIENTED_EDGE('',*,*,#14667,.F.);
#14667 = EDGE_CURVE('',#14668,#14660,#14670,.T.);
#14668 = VERTEX_POINT('',#14669);
#14669 = CARTESIAN_POINT('',(27.3,135.,-53.5));
#14670 = CIRCLE('',#14671,1.2);
#14671 = AXIS2_PLACEMENT_3D('',#14672,#14673,#14674);
#14672 = CARTESIAN_POINT('',(27.3,136.2,-53.5));
#14673 = DIRECTION('',(0.,0.,1.));
#14674 = DIRECTION('',(1.,0.,0.));
#14675 = ORIENTED_EDGE('',*,*,#14676,.T.);
#14676 = EDGE_CURVE('',#14668,#14617,#14677,.T.);
#14677 = LINE('',#14678,#14679);
#14678 = CARTESIAN_POINT('',(-16.25,135.,-53.5));
#14679 = VECTOR('',#14680,1.);
#14680 = DIRECTION('',(-1.,0.,0.));
#14681 = PLANE('',#14682);
#14682 = AXIS2_PLACEMENT_3D('',#14683,#14684,#14685);
#14683 = CARTESIAN_POINT('',(-41.,-6.5,-53.5));
#14684 = DIRECTION('',(0.,0.,1.));
#14685 = DIRECTION('',(1.,0.,0.));
#14686 = ADVANCED_FACE('',(#14687),#14698,.F.);
#14687 = FACE_BOUND('',#14688,.F.);
#14688 = EDGE_LOOP('',(#14689,#14690,#14691,#14692));
#14689 = ORIENTED_EDGE('',*,*,#13581,.F.);
#14690 = ORIENTED_EDGE('',*,*,#13503,.T.);
#14691 = ORIENTED_EDGE('',*,*,#12384,.T.);
#14692 = ORIENTED_EDGE('',*,*,#14693,.F.);
#14693 = EDGE_CURVE('',#13582,#12385,#14694,.T.);
#14694 = LINE('',#14695,#14696);
#14695 = CARTESIAN_POINT('',(27.,-6.5,-53.5));
#14696 = VECTOR('',#14697,1.);
#14697 = DIRECTION('',(0.,0.,1.));
#14698 = PLANE('',#14699);
#14699 = AXIS2_PLACEMENT_3D('',#14700,#14701,#14702);
#14700 = CARTESIAN_POINT('',(-41.,-6.5,-53.5));
#14701 = DIRECTION('',(0.,1.,0.));
#14702 = DIRECTION('',(0.,0.,1.));
#14703 = ADVANCED_FACE('',(#14704),#14715,.T.);
#14704 = FACE_BOUND('',#14705,.T.);
#14705 = EDGE_LOOP('',(#14706,#14707,#14708,#14709));
#14706 = ORIENTED_EDGE('',*,*,#13669,.F.);
#14707 = ORIENTED_EDGE('',*,*,#13546,.T.);
#14708 = ORIENTED_EDGE('',*,*,#12418,.T.);
#14709 = ORIENTED_EDGE('',*,*,#14710,.F.);
#14710 = EDGE_CURVE('',#13661,#12410,#14711,.T.);
#14711 = LINE('',#14712,#14713);
#14712 = CARTESIAN_POINT('',(27.,151.9,-53.5));
#14713 = VECTOR('',#14714,1.);
#14714 = DIRECTION('',(0.,0.,1.));
#14715 = PLANE('',#14716);
#14716 = AXIS2_PLACEMENT_3D('',#14717,#14718,#14719);
#14717 = CARTESIAN_POINT('',(-41.,151.9,-53.5));
#14718 = DIRECTION('',(0.,1.,0.));
#14719 = DIRECTION('',(0.,0.,1.));
#14720 = ADVANCED_FACE('',(#14721),#14740,.T.);
#14721 = FACE_BOUND('',#14722,.F.);
#14722 = EDGE_LOOP('',(#14723,#14724,#14731,#14732,#14733,#14734));
#14723 = ORIENTED_EDGE('',*,*,#13616,.T.);
#14724 = ORIENTED_EDGE('',*,*,#14725,.T.);
#14725 = EDGE_CURVE('',#13608,#13590,#14726,.T.);
#14726 = CIRCLE('',#14727,14.);
#14727 = AXIS2_PLACEMENT_3D('',#14728,#14729,#14730);
#14728 = CARTESIAN_POINT('',(27.,7.5,-53.5));
#14729 = DIRECTION('',(-0.,-0.,-1.));
#14730 = DIRECTION('',(0.,-1.,0.));
#14731 = ORIENTED_EDGE('',*,*,#13589,.T.);
#14732 = ORIENTED_EDGE('',*,*,#14693,.T.);
#14733 = ORIENTED_EDGE('',*,*,#12392,.F.);
#14734 = ORIENTED_EDGE('',*,*,#14735,.F.);
#14735 = EDGE_CURVE('',#13617,#12393,#14736,.T.);
#14736 = LINE('',#14737,#14738);
#14737 = CARTESIAN_POINT('',(41.,7.5,-53.5));
#14738 = VECTOR('',#14739,1.);
#14739 = DIRECTION('',(0.,0.,1.));
#14740 = CYLINDRICAL_SURFACE('',#14741,14.);
#14741 = AXIS2_PLACEMENT_3D('',#14742,#14743,#14744);
#14742 = CARTESIAN_POINT('',(27.,7.5,-53.5));
#14743 = DIRECTION('',(0.,0.,1.));
#14744 = DIRECTION('',(1.,0.,0.));
#14745 = ADVANCED_FACE('',(#14746),#14765,.T.);
#14746 = FACE_BOUND('',#14747,.T.);
#14747 = EDGE_LOOP('',(#14748,#14749,#14756,#14757,#14758,#14759));
#14748 = ORIENTED_EDGE('',*,*,#13633,.T.);
#14749 = ORIENTED_EDGE('',*,*,#14750,.T.);
#14750 = EDGE_CURVE('',#13634,#13652,#14751,.T.);
#14751 = CIRCLE('',#14752,14.);
#14752 = AXIS2_PLACEMENT_3D('',#14753,#14754,#14755);
#14753 = CARTESIAN_POINT('',(27.,137.9,-53.5));
#14754 = DIRECTION('',(-0.,0.,1.));
#14755 = DIRECTION('',(0.,-1.,0.));
#14756 = ORIENTED_EDGE('',*,*,#13660,.T.);
#14757 = ORIENTED_EDGE('',*,*,#14710,.T.);
#14758 = ORIENTED_EDGE('',*,*,#12409,.F.);
#14759 = ORIENTED_EDGE('',*,*,#14760,.F.);
#14760 = EDGE_CURVE('',#13626,#12402,#14761,.T.);
#14761 = LINE('',#14762,#14763);
#14762 = CARTESIAN_POINT('',(41.,137.9,-53.5));
#14763 = VECTOR('',#14764,1.);
#14764 = DIRECTION('',(0.,0.,1.));
#14765 = CYLINDRICAL_SURFACE('',#14766,14.);
#14766 = AXIS2_PLACEMENT_3D('',#14767,#14768,#14769);
#14767 = CARTESIAN_POINT('',(27.,137.9,-53.5));
#14768 = DIRECTION('',(0.,0.,1.));
#14769 = DIRECTION('',(1.,0.,0.));
#14770 = ADVANCED_FACE('',(#14771),#14777,.T.);
#14771 = FACE_BOUND('',#14772,.T.);
#14772 = EDGE_LOOP('',(#14773,#14774,#14775,#14776));
#14773 = ORIENTED_EDGE('',*,*,#12401,.F.);
#14774 = ORIENTED_EDGE('',*,*,#14735,.F.);
#14775 = ORIENTED_EDGE('',*,*,#13625,.T.);
#14776 = ORIENTED_EDGE('',*,*,#14760,.T.);
#14777 = PLANE('',#14778);
#14778 = AXIS2_PLACEMENT_3D('',#14779,#14780,#14781);
#14779 = CARTESIAN_POINT('',(41.,-6.5,-53.5));
#14780 = DIRECTION('',(1.,0.,0.));
#14781 = DIRECTION('',(0.,0.,1.));
#14782 = ADVANCED_FACE('',(#14783),#14802,.F.);
#14783 = FACE_BOUND('',#14784,.F.);
#14784 = EDGE_LOOP('',(#14785,#14786,#14794,#14801));
#14785 = ORIENTED_EDGE('',*,*,#12435,.F.);
#14786 = ORIENTED_EDGE('',*,*,#14787,.F.);
#14787 = EDGE_CURVE('',#14788,#12436,#14790,.T.);
#14788 = VERTEX_POINT('',#14789);
#14789 = CARTESIAN_POINT('',(-30.8,1.5,-57.1));
#14790 = LINE('',#14791,#14792);
#14791 = CARTESIAN_POINT('',(-30.8,1.5,-61.));
#14792 = VECTOR('',#14793,1.);
#14793 = DIRECTION('',(0.,0.,1.));
#14794 = ORIENTED_EDGE('',*,*,#14795,.T.);
#14795 = EDGE_CURVE('',#14788,#14788,#14796,.T.);
#14796 = CIRCLE('',#14797,1.7);
#14797 = AXIS2_PLACEMENT_3D('',#14798,#14799,#14800);
#14798 = CARTESIAN_POINT('',(-32.5,1.5,-57.1));
#14799 = DIRECTION('',(0.,0.,1.));
#14800 = DIRECTION('',(1.,0.,0.));
#14801 = ORIENTED_EDGE('',*,*,#14787,.T.);
#14802 = CYLINDRICAL_SURFACE('',#14803,1.7);
#14803 = AXIS2_PLACEMENT_3D('',#14804,#14805,#14806);
#14804 = CARTESIAN_POINT('',(-32.5,1.5,-61.));
#14805 = DIRECTION('',(0.,0.,1.));
#14806 = DIRECTION('',(1.,0.,0.));
#14807 = ADVANCED_FACE('',(#14808),#14827,.T.);
#14808 = FACE_BOUND('',#14809,.T.);
#14809 = EDGE_LOOP('',(#14810,#14819,#14825,#14826));
#14810 = ORIENTED_EDGE('',*,*,#14811,.F.);
#14811 = EDGE_CURVE('',#14812,#14812,#14814,.T.);
#14812 = VERTEX_POINT('',#14813);
#14813 = CARTESIAN_POINT('',(-4.5,55.,-45.));
#14814 = CIRCLE('',#14815,7.5);
#14815 = AXIS2_PLACEMENT_3D('',#14816,#14817,#14818);
#14816 = CARTESIAN_POINT('',(-12.,55.,-45.));
#14817 = DIRECTION('',(0.,0.,1.));
#14818 = DIRECTION('',(1.,0.,0.));
#14819 = ORIENTED_EDGE('',*,*,#14820,.F.);
#14820 = EDGE_CURVE('',#12447,#14812,#14821,.T.);
#14821 = LINE('',#14822,#14823);
#14822 = CARTESIAN_POINT('',(-4.5,55.,-51.));
#14823 = VECTOR('',#14824,1.);
#14824 = DIRECTION('',(0.,0.,1.));
#14825 = ORIENTED_EDGE('',*,*,#12446,.T.);
#14826 = ORIENTED_EDGE('',*,*,#14820,.T.);
#14827 = CYLINDRICAL_SURFACE('',#14828,7.5);
#14828 = AXIS2_PLACEMENT_3D('',#14829,#14830,#14831);
#14829 = CARTESIAN_POINT('',(-12.,55.,-51.));
#14830 = DIRECTION('',(0.,0.,1.));
#14831 = DIRECTION('',(1.,0.,0.));
#14832 = ADVANCED_FACE('',(#14833),#14852,.F.);
#14833 = FACE_BOUND('',#14834,.F.);
#14834 = EDGE_LOOP('',(#14835,#14836,#14844,#14851));
#14835 = ORIENTED_EDGE('',*,*,#12457,.F.);
#14836 = ORIENTED_EDGE('',*,*,#14837,.F.);
#14837 = EDGE_CURVE('',#14838,#12458,#14840,.T.);
#14838 = VERTEX_POINT('',#14839);
#14839 = CARTESIAN_POINT('',(34.2,1.5,-57.1));
#14840 = LINE('',#14841,#14842);
#14841 = CARTESIAN_POINT('',(34.2,1.5,-61.));
#14842 = VECTOR('',#14843,1.);
#14843 = DIRECTION('',(0.,0.,1.));
#14844 = ORIENTED_EDGE('',*,*,#14845,.T.);
#14845 = EDGE_CURVE('',#14838,#14838,#14846,.T.);
#14846 = CIRCLE('',#14847,1.7);
#14847 = AXIS2_PLACEMENT_3D('',#14848,#14849,#14850);
#14848 = CARTESIAN_POINT('',(32.5,1.5,-57.1));
#14849 = DIRECTION('',(0.,0.,1.));
#14850 = DIRECTION('',(1.,0.,0.));
#14851 = ORIENTED_EDGE('',*,*,#14837,.T.);
#14852 = CYLINDRICAL_SURFACE('',#14853,1.7);
#14853 = AXIS2_PLACEMENT_3D('',#14854,#14855,#14856);
#14854 = CARTESIAN_POINT('',(32.5,1.5,-61.));
#14855 = DIRECTION('',(0.,0.,1.));
#14856 = DIRECTION('',(1.,0.,0.));
#14857 = ADVANCED_FACE('',(#14858),#14874,.F.);
#14858 = FACE_BOUND('',#14859,.F.);
#14859 = EDGE_LOOP('',(#14860,#14866,#14867,#14873));
#14860 = ORIENTED_EDGE('',*,*,#14861,.F.);
#14861 = EDGE_CURVE('',#13775,#12469,#14862,.T.);
#14862 = LINE('',#14863,#14864);
#14863 = CARTESIAN_POINT('',(8.5,46.2,-55.));
#14864 = VECTOR('',#14865,1.);
#14865 = DIRECTION('',(0.,0.,1.));
#14866 = ORIENTED_EDGE('',*,*,#13774,.T.);
#14867 = ORIENTED_EDGE('',*,*,#14868,.T.);
#14868 = EDGE_CURVE('',#13777,#12471,#14869,.T.);
#14869 = LINE('',#14870,#14871);
#14870 = CARTESIAN_POINT('',(9.7,45.,-55.));
#14871 = VECTOR('',#14872,1.);
#14872 = DIRECTION('',(0.,0.,1.));
#14873 = ORIENTED_EDGE('',*,*,#12468,.F.);
#14874 = CYLINDRICAL_SURFACE('',#14875,1.2);
#14875 = AXIS2_PLACEMENT_3D('',#14876,#14877,#14878);
#14876 = CARTESIAN_POINT('',(9.7,46.2,-55.));
#14877 = DIRECTION('',(0.,0.,1.));
#14878 = DIRECTION('',(-1.,0.,0.));
#14879 = ADVANCED_FACE('',(#14880),#14891,.T.);
#14880 = FACE_BOUND('',#14881,.T.);
#14881 = EDGE_LOOP('',(#14882,#14883,#14884,#14885));
#14882 = ORIENTED_EDGE('',*,*,#13836,.T.);
#14883 = ORIENTED_EDGE('',*,*,#14868,.T.);
#14884 = ORIENTED_EDGE('',*,*,#12530,.F.);
#14885 = ORIENTED_EDGE('',*,*,#14886,.F.);
#14886 = EDGE_CURVE('',#13828,#12522,#14887,.T.);
#14887 = LINE('',#14888,#14889);
#14888 = CARTESIAN_POINT('',(27.3,45.,-55.));
#14889 = VECTOR('',#14890,1.);
#14890 = DIRECTION('',(0.,0.,1.));
#14891 = PLANE('',#14892);
#14892 = AXIS2_PLACEMENT_3D('',#14893,#14894,#14895);
#14893 = CARTESIAN_POINT('',(8.5,45.,-55.));
#14894 = DIRECTION('',(0.,1.,0.));
#14895 = DIRECTION('',(0.,0.,1.));
#14896 = ADVANCED_FACE('',(#14897),#14908,.F.);
#14897 = FACE_BOUND('',#14898,.T.);
#14898 = EDGE_LOOP('',(#14899,#14905,#14906,#14907));
#14899 = ORIENTED_EDGE('',*,*,#14900,.F.);
#14900 = EDGE_CURVE('',#13820,#12514,#14901,.T.);
#14901 = LINE('',#14902,#14903);
#14902 = CARTESIAN_POINT('',(28.5,46.2,-55.));
#14903 = VECTOR('',#14904,1.);
#14904 = DIRECTION('',(0.,0.,1.));
#14905 = ORIENTED_EDGE('',*,*,#13827,.F.);
#14906 = ORIENTED_EDGE('',*,*,#14886,.T.);
#14907 = ORIENTED_EDGE('',*,*,#12521,.T.);
#14908 = CYLINDRICAL_SURFACE('',#14909,1.2);
#14909 = AXIS2_PLACEMENT_3D('',#14910,#14911,#14912);
#14910 = CARTESIAN_POINT('',(27.3,46.2,-55.));
#14911 = DIRECTION('',(0.,0.,1.));
#14912 = DIRECTION('',(1.,0.,0.));
#14913 = ADVANCED_FACE('',(#14914),#14925,.F.);
#14914 = FACE_BOUND('',#14915,.F.);
#14915 = EDGE_LOOP('',(#14916,#14917,#14918,#14919));
#14916 = ORIENTED_EDGE('',*,*,#12513,.F.);
#14917 = ORIENTED_EDGE('',*,*,#14900,.F.);
#14918 = ORIENTED_EDGE('',*,*,#13819,.T.);
#14919 = ORIENTED_EDGE('',*,*,#14920,.T.);
#14920 = EDGE_CURVE('',#13811,#12505,#14921,.T.);
#14921 = LINE('',#14922,#14923);
#14922 = CARTESIAN_POINT('',(28.5,46.6,-55.));
#14923 = VECTOR('',#14924,1.);
#14924 = DIRECTION('',(0.,0.,1.));
#14925 = PLANE('',#14926);
#14926 = AXIS2_PLACEMENT_3D('',#14927,#14928,#14929);
#14927 = CARTESIAN_POINT('',(28.5,45.,-55.));
#14928 = DIRECTION('',(1.,0.,0.));
#14929 = DIRECTION('',(0.,0.,1.));
#14930 = ADVANCED_FACE('',(#14931),#14942,.F.);
#14931 = FACE_BOUND('',#14932,.F.);
#14932 = EDGE_LOOP('',(#14933,#14934,#14935,#14941));
#14933 = ORIENTED_EDGE('',*,*,#14920,.F.);
#14934 = ORIENTED_EDGE('',*,*,#13810,.T.);
#14935 = ORIENTED_EDGE('',*,*,#14936,.T.);
#14936 = EDGE_CURVE('',#13803,#12497,#14937,.T.);
#14937 = LINE('',#14938,#14939);
#14938 = CARTESIAN_POINT('',(27.3,47.8,-55.));
#14939 = VECTOR('',#14940,1.);
#14940 = DIRECTION('',(0.,0.,1.));
#14941 = ORIENTED_EDGE('',*,*,#12504,.F.);
#14942 = CYLINDRICAL_SURFACE('',#14943,1.2);
#14943 = AXIS2_PLACEMENT_3D('',#14944,#14945,#14946);
#14944 = CARTESIAN_POINT('',(27.3,46.6,-55.));
#14945 = DIRECTION('',(0.,0.,1.));
#14946 = DIRECTION('',(1.,0.,0.));
#14947 = ADVANCED_FACE('',(#14948),#14959,.F.);
#14948 = FACE_BOUND('',#14949,.F.);
#14949 = EDGE_LOOP('',(#14950,#14951,#14957,#14958));
#14950 = ORIENTED_EDGE('',*,*,#13802,.T.);
#14951 = ORIENTED_EDGE('',*,*,#14952,.T.);
#14952 = EDGE_CURVE('',#13794,#12488,#14953,.T.);
#14953 = LINE('',#14954,#14955);
#14954 = CARTESIAN_POINT('',(9.7,47.8,-55.));
#14955 = VECTOR('',#14956,1.);
#14956 = DIRECTION('',(0.,0.,1.));
#14957 = ORIENTED_EDGE('',*,*,#12496,.F.);
#14958 = ORIENTED_EDGE('',*,*,#14936,.F.);
#14959 = PLANE('',#14960);
#14960 = AXIS2_PLACEMENT_3D('',#14961,#14962,#14963);
#14961 = CARTESIAN_POINT('',(8.5,47.8,-55.));
#14962 = DIRECTION('',(0.,1.,0.));
#14963 = DIRECTION('',(0.,0.,1.));
#14964 = ADVANCED_FACE('',(#14965),#14976,.F.);
#14965 = FACE_BOUND('',#14966,.T.);
#14966 = EDGE_LOOP('',(#14967,#14973,#14974,#14975));
#14967 = ORIENTED_EDGE('',*,*,#14968,.F.);
#14968 = EDGE_CURVE('',#13786,#12480,#14969,.T.);
#14969 = LINE('',#14970,#14971);
#14970 = CARTESIAN_POINT('',(8.5,46.6,-55.));
#14971 = VECTOR('',#14972,1.);
#14972 = DIRECTION('',(0.,0.,1.));
#14973 = ORIENTED_EDGE('',*,*,#13793,.F.);
#14974 = ORIENTED_EDGE('',*,*,#14952,.T.);
#14975 = ORIENTED_EDGE('',*,*,#12487,.T.);
#14976 = CYLINDRICAL_SURFACE('',#14977,1.2);
#14977 = AXIS2_PLACEMENT_3D('',#14978,#14979,#14980);
#14978 = CARTESIAN_POINT('',(9.7,46.6,-55.));
#14979 = DIRECTION('',(0.,0.,1.));
#14980 = DIRECTION('',(-1.,0.,0.));
#14981 = ADVANCED_FACE('',(#14982),#14988,.T.);
#14982 = FACE_BOUND('',#14983,.T.);
#14983 = EDGE_LOOP('',(#14984,#14985,#14986,#14987));
#14984 = ORIENTED_EDGE('',*,*,#12479,.F.);
#14985 = ORIENTED_EDGE('',*,*,#14861,.F.);
#14986 = ORIENTED_EDGE('',*,*,#13785,.T.);
#14987 = ORIENTED_EDGE('',*,*,#14968,.T.);
#14988 = PLANE('',#14989);
#14989 = AXIS2_PLACEMENT_3D('',#14990,#14991,#14992);
#14990 = CARTESIAN_POINT('',(8.5,45.,-55.));
#14991 = DIRECTION('',(1.,0.,0.));
#14992 = DIRECTION('',(0.,0.,1.));
#14993 = ADVANCED_FACE('',(#14994),#15010,.F.);
#14994 = FACE_BOUND('',#14995,.F.);
#14995 = EDGE_LOOP('',(#14996,#15002,#15003,#15009));
#14996 = ORIENTED_EDGE('',*,*,#14997,.F.);
#14997 = EDGE_CURVE('',#13845,#12539,#14998,.T.);
#14998 = LINE('',#14999,#15000);
#14999 = CARTESIAN_POINT('',(8.5,52.2,-55.));
#15000 = VECTOR('',#15001,1.);
#15001 = DIRECTION('',(0.,0.,1.));
#15002 = ORIENTED_EDGE('',*,*,#13844,.T.);
#15003 = ORIENTED_EDGE('',*,*,#15004,.T.);
#15004 = EDGE_CURVE('',#13847,#12541,#15005,.T.);
#15005 = LINE('',#15006,#15007);
#15006 = CARTESIAN_POINT('',(9.7,51.,-55.));
#15007 = VECTOR('',#15008,1.);
#15008 = DIRECTION('',(0.,0.,1.));
#15009 = ORIENTED_EDGE('',*,*,#12538,.F.);
#15010 = CYLINDRICAL_SURFACE('',#15011,1.2);
#15011 = AXIS2_PLACEMENT_3D('',#15012,#15013,#15014);
#15012 = CARTESIAN_POINT('',(9.7,52.2,-55.));
#15013 = DIRECTION('',(0.,0.,1.));
#15014 = DIRECTION('',(-1.,0.,0.));
#15015 = ADVANCED_FACE('',(#15016),#15027,.T.);
#15016 = FACE_BOUND('',#15017,.T.);
#15017 = EDGE_LOOP('',(#15018,#15019,#15020,#15021));
#15018 = ORIENTED_EDGE('',*,*,#13906,.T.);
#15019 = ORIENTED_EDGE('',*,*,#15004,.T.);
#15020 = ORIENTED_EDGE('',*,*,#12600,.F.);
#15021 = ORIENTED_EDGE('',*,*,#15022,.F.);
#15022 = EDGE_CURVE('',#13898,#12592,#15023,.T.);
#15023 = LINE('',#15024,#15025);
#15024 = CARTESIAN_POINT('',(27.3,51.,-55.));
#15025 = VECTOR('',#15026,1.);
#15026 = DIRECTION('',(0.,0.,1.));
#15027 = PLANE('',#15028);
#15028 = AXIS2_PLACEMENT_3D('',#15029,#15030,#15031);
#15029 = CARTESIAN_POINT('',(8.5,51.,-55.));
#15030 = DIRECTION('',(0.,1.,0.));
#15031 = DIRECTION('',(0.,0.,1.));
#15032 = ADVANCED_FACE('',(#15033),#15044,.F.);
#15033 = FACE_BOUND('',#15034,.T.);
#15034 = EDGE_LOOP('',(#15035,#15041,#15042,#15043));
#15035 = ORIENTED_EDGE('',*,*,#15036,.F.);
#15036 = EDGE_CURVE('',#13890,#12584,#15037,.T.);
#15037 = LINE('',#15038,#15039);
#15038 = CARTESIAN_POINT('',(28.5,52.2,-55.));
#15039 = VECTOR('',#15040,1.);
#15040 = DIRECTION('',(0.,0.,1.));
#15041 = ORIENTED_EDGE('',*,*,#13897,.F.);
#15042 = ORIENTED_EDGE('',*,*,#15022,.T.);
#15043 = ORIENTED_EDGE('',*,*,#12591,.T.);
#15044 = CYLINDRICAL_SURFACE('',#15045,1.2);
#15045 = AXIS2_PLACEMENT_3D('',#15046,#15047,#15048);
#15046 = CARTESIAN_POINT('',(27.3,52.2,-55.));
#15047 = DIRECTION('',(0.,0.,1.));
#15048 = DIRECTION('',(1.,0.,0.));
#15049 = ADVANCED_FACE('',(#15050),#15061,.F.);
#15050 = FACE_BOUND('',#15051,.F.);
#15051 = EDGE_LOOP('',(#15052,#15053,#15054,#15055));
#15052 = ORIENTED_EDGE('',*,*,#12583,.F.);
#15053 = ORIENTED_EDGE('',*,*,#15036,.F.);
#15054 = ORIENTED_EDGE('',*,*,#13889,.T.);
#15055 = ORIENTED_EDGE('',*,*,#15056,.T.);
#15056 = EDGE_CURVE('',#13881,#12575,#15057,.T.);
#15057 = LINE('',#15058,#15059);
#15058 = CARTESIAN_POINT('',(28.5,52.6,-55.));
#15059 = VECTOR('',#15060,1.);
#15060 = DIRECTION('',(0.,0.,1.));
#15061 = PLANE('',#15062);
#15062 = AXIS2_PLACEMENT_3D('',#15063,#15064,#15065);
#15063 = CARTESIAN_POINT('',(28.5,51.,-55.));
#15064 = DIRECTION('',(1.,0.,0.));
#15065 = DIRECTION('',(0.,0.,1.));
#15066 = ADVANCED_FACE('',(#15067),#15078,.F.);
#15067 = FACE_BOUND('',#15068,.F.);
#15068 = EDGE_LOOP('',(#15069,#15070,#15071,#15077));
#15069 = ORIENTED_EDGE('',*,*,#15056,.F.);
#15070 = ORIENTED_EDGE('',*,*,#13880,.T.);
#15071 = ORIENTED_EDGE('',*,*,#15072,.T.);
#15072 = EDGE_CURVE('',#13873,#12567,#15073,.T.);
#15073 = LINE('',#15074,#15075);
#15074 = CARTESIAN_POINT('',(27.3,53.8,-55.));
#15075 = VECTOR('',#15076,1.);
#15076 = DIRECTION('',(0.,0.,1.));
#15077 = ORIENTED_EDGE('',*,*,#12574,.F.);
#15078 = CYLINDRICAL_SURFACE('',#15079,1.2);
#15079 = AXIS2_PLACEMENT_3D('',#15080,#15081,#15082);
#15080 = CARTESIAN_POINT('',(27.3,52.6,-55.));
#15081 = DIRECTION('',(0.,0.,1.));
#15082 = DIRECTION('',(1.,0.,0.));
#15083 = ADVANCED_FACE('',(#15084),#15095,.F.);
#15084 = FACE_BOUND('',#15085,.F.);
#15085 = EDGE_LOOP('',(#15086,#15087,#15093,#15094));
#15086 = ORIENTED_EDGE('',*,*,#13872,.T.);
#15087 = ORIENTED_EDGE('',*,*,#15088,.T.);
#15088 = EDGE_CURVE('',#13864,#12558,#15089,.T.);
#15089 = LINE('',#15090,#15091);
#15090 = CARTESIAN_POINT('',(9.7,53.8,-55.));
#15091 = VECTOR('',#15092,1.);
#15092 = DIRECTION('',(0.,0.,1.));
#15093 = ORIENTED_EDGE('',*,*,#12566,.F.);
#15094 = ORIENTED_EDGE('',*,*,#15072,.F.);
#15095 = PLANE('',#15096);
#15096 = AXIS2_PLACEMENT_3D('',#15097,#15098,#15099);
#15097 = CARTESIAN_POINT('',(8.5,53.8,-55.));
#15098 = DIRECTION('',(0.,1.,0.));
#15099 = DIRECTION('',(0.,0.,1.));
#15100 = ADVANCED_FACE('',(#15101),#15112,.F.);
#15101 = FACE_BOUND('',#15102,.T.);
#15102 = EDGE_LOOP('',(#15103,#15109,#15110,#15111));
#15103 = ORIENTED_EDGE('',*,*,#15104,.F.);
#15104 = EDGE_CURVE('',#13856,#12550,#15105,.T.);
#15105 = LINE('',#15106,#15107);
#15106 = CARTESIAN_POINT('',(8.5,52.6,-55.));
#15107 = VECTOR('',#15108,1.);
#15108 = DIRECTION('',(0.,0.,1.));
#15109 = ORIENTED_EDGE('',*,*,#13863,.F.);
#15110 = ORIENTED_EDGE('',*,*,#15088,.T.);
#15111 = ORIENTED_EDGE('',*,*,#12557,.T.);
#15112 = CYLINDRICAL_SURFACE('',#15113,1.2);
#15113 = AXIS2_PLACEMENT_3D('',#15114,#15115,#15116);
#15114 = CARTESIAN_POINT('',(9.7,52.6,-55.));
#15115 = DIRECTION('',(0.,0.,1.));
#15116 = DIRECTION('',(-1.,0.,0.));
#15117 = ADVANCED_FACE('',(#15118),#15124,.T.);
#15118 = FACE_BOUND('',#15119,.T.);
#15119 = EDGE_LOOP('',(#15120,#15121,#15122,#15123));
#15120 = ORIENTED_EDGE('',*,*,#12549,.F.);
#15121 = ORIENTED_EDGE('',*,*,#14997,.F.);
#15122 = ORIENTED_EDGE('',*,*,#13855,.T.);
#15123 = ORIENTED_EDGE('',*,*,#15104,.T.);
#15124 = PLANE('',#15125);
#15125 = AXIS2_PLACEMENT_3D('',#15126,#15127,#15128);
#15126 = CARTESIAN_POINT('',(8.5,51.,-55.));
#15127 = DIRECTION('',(1.,0.,0.));
#15128 = DIRECTION('',(0.,0.,1.));
#15129 = ADVANCED_FACE('',(#15130),#15146,.F.);
#15130 = FACE_BOUND('',#15131,.F.);
#15131 = EDGE_LOOP('',(#15132,#15138,#15139,#15145));
#15132 = ORIENTED_EDGE('',*,*,#15133,.F.);
#15133 = EDGE_CURVE('',#13915,#12609,#15134,.T.);
#15134 = LINE('',#15135,#15136);
#15135 = CARTESIAN_POINT('',(8.5,58.2,-55.));
#15136 = VECTOR('',#15137,1.);
#15137 = DIRECTION('',(0.,0.,1.));
#15138 = ORIENTED_EDGE('',*,*,#13914,.T.);
#15139 = ORIENTED_EDGE('',*,*,#15140,.T.);
#15140 = EDGE_CURVE('',#13917,#12611,#15141,.T.);
#15141 = LINE('',#15142,#15143);
#15142 = CARTESIAN_POINT('',(9.7,57.,-55.));
#15143 = VECTOR('',#15144,1.);
#15144 = DIRECTION('',(0.,0.,1.));
#15145 = ORIENTED_EDGE('',*,*,#12608,.F.);
#15146 = CYLINDRICAL_SURFACE('',#15147,1.2);
#15147 = AXIS2_PLACEMENT_3D('',#15148,#15149,#15150);
#15148 = CARTESIAN_POINT('',(9.7,58.2,-55.));
#15149 = DIRECTION('',(0.,0.,1.));
#15150 = DIRECTION('',(-1.,0.,0.));
#15151 = ADVANCED_FACE('',(#15152),#15163,.T.);
#15152 = FACE_BOUND('',#15153,.T.);
#15153 = EDGE_LOOP('',(#15154,#15155,#15156,#15157));
#15154 = ORIENTED_EDGE('',*,*,#13976,.T.);
#15155 = ORIENTED_EDGE('',*,*,#15140,.T.);
#15156 = ORIENTED_EDGE('',*,*,#12670,.F.);
#15157 = ORIENTED_EDGE('',*,*,#15158,.F.);
#15158 = EDGE_CURVE('',#13968,#12662,#15159,.T.);
#15159 = LINE('',#15160,#15161);
#15160 = CARTESIAN_POINT('',(27.3,57.,-55.));
#15161 = VECTOR('',#15162,1.);
#15162 = DIRECTION('',(0.,0.,1.));
#15163 = PLANE('',#15164);
#15164 = AXIS2_PLACEMENT_3D('',#15165,#15166,#15167);
#15165 = CARTESIAN_POINT('',(8.5,57.,-55.));
#15166 = DIRECTION('',(0.,1.,0.));
#15167 = DIRECTION('',(0.,0.,1.));
#15168 = ADVANCED_FACE('',(#15169),#15180,.F.);
#15169 = FACE_BOUND('',#15170,.T.);
#15170 = EDGE_LOOP('',(#15171,#15177,#15178,#15179));
#15171 = ORIENTED_EDGE('',*,*,#15172,.F.);
#15172 = EDGE_CURVE('',#13960,#12654,#15173,.T.);
#15173 = LINE('',#15174,#15175);
#15174 = CARTESIAN_POINT('',(28.5,58.2,-55.));
#15175 = VECTOR('',#15176,1.);
#15176 = DIRECTION('',(0.,0.,1.));
#15177 = ORIENTED_EDGE('',*,*,#13967,.F.);
#15178 = ORIENTED_EDGE('',*,*,#15158,.T.);
#15179 = ORIENTED_EDGE('',*,*,#12661,.T.);
#15180 = CYLINDRICAL_SURFACE('',#15181,1.2);
#15181 = AXIS2_PLACEMENT_3D('',#15182,#15183,#15184);
#15182 = CARTESIAN_POINT('',(27.3,58.2,-55.));
#15183 = DIRECTION('',(0.,0.,1.));
#15184 = DIRECTION('',(1.,0.,0.));
#15185 = ADVANCED_FACE('',(#15186),#15197,.F.);
#15186 = FACE_BOUND('',#15187,.F.);
#15187 = EDGE_LOOP('',(#15188,#15189,#15190,#15191));
#15188 = ORIENTED_EDGE('',*,*,#12653,.F.);
#15189 = ORIENTED_EDGE('',*,*,#15172,.F.);
#15190 = ORIENTED_EDGE('',*,*,#13959,.T.);
#15191 = ORIENTED_EDGE('',*,*,#15192,.T.);
#15192 = EDGE_CURVE('',#13951,#12645,#15193,.T.);
#15193 = LINE('',#15194,#15195);
#15194 = CARTESIAN_POINT('',(28.5,58.6,-55.));
#15195 = VECTOR('',#15196,1.);
#15196 = DIRECTION('',(0.,0.,1.));
#15197 = PLANE('',#15198);
#15198 = AXIS2_PLACEMENT_3D('',#15199,#15200,#15201);
#15199 = CARTESIAN_POINT('',(28.5,57.,-55.));
#15200 = DIRECTION('',(1.,0.,0.));
#15201 = DIRECTION('',(0.,0.,1.));
#15202 = ADVANCED_FACE('',(#15203),#15214,.F.);
#15203 = FACE_BOUND('',#15204,.F.);
#15204 = EDGE_LOOP('',(#15205,#15206,#15207,#15213));
#15205 = ORIENTED_EDGE('',*,*,#15192,.F.);
#15206 = ORIENTED_EDGE('',*,*,#13950,.T.);
#15207 = ORIENTED_EDGE('',*,*,#15208,.T.);
#15208 = EDGE_CURVE('',#13943,#12637,#15209,.T.);
#15209 = LINE('',#15210,#15211);
#15210 = CARTESIAN_POINT('',(27.3,59.8,-55.));
#15211 = VECTOR('',#15212,1.);
#15212 = DIRECTION('',(0.,0.,1.));
#15213 = ORIENTED_EDGE('',*,*,#12644,.F.);
#15214 = CYLINDRICAL_SURFACE('',#15215,1.2);
#15215 = AXIS2_PLACEMENT_3D('',#15216,#15217,#15218);
#15216 = CARTESIAN_POINT('',(27.3,58.6,-55.));
#15217 = DIRECTION('',(0.,0.,1.));
#15218 = DIRECTION('',(1.,0.,0.));
#15219 = ADVANCED_FACE('',(#15220),#15231,.F.);
#15220 = FACE_BOUND('',#15221,.F.);
#15221 = EDGE_LOOP('',(#15222,#15223,#15229,#15230));
#15222 = ORIENTED_EDGE('',*,*,#13942,.T.);
#15223 = ORIENTED_EDGE('',*,*,#15224,.T.);
#15224 = EDGE_CURVE('',#13934,#12628,#15225,.T.);
#15225 = LINE('',#15226,#15227);
#15226 = CARTESIAN_POINT('',(9.7,59.8,-55.));
#15227 = VECTOR('',#15228,1.);
#15228 = DIRECTION('',(0.,0.,1.));
#15229 = ORIENTED_EDGE('',*,*,#12636,.F.);
#15230 = ORIENTED_EDGE('',*,*,#15208,.F.);
#15231 = PLANE('',#15232);
#15232 = AXIS2_PLACEMENT_3D('',#15233,#15234,#15235);
#15233 = CARTESIAN_POINT('',(8.5,59.8,-55.));
#15234 = DIRECTION('',(0.,1.,0.));
#15235 = DIRECTION('',(0.,0.,1.));
#15236 = ADVANCED_FACE('',(#15237),#15248,.F.);
#15237 = FACE_BOUND('',#15238,.T.);
#15238 = EDGE_LOOP('',(#15239,#15245,#15246,#15247));
#15239 = ORIENTED_EDGE('',*,*,#15240,.F.);
#15240 = EDGE_CURVE('',#13926,#12620,#15241,.T.);
#15241 = LINE('',#15242,#15243);
#15242 = CARTESIAN_POINT('',(8.5,58.6,-55.));
#15243 = VECTOR('',#15244,1.);
#15244 = DIRECTION('',(0.,0.,1.));
#15245 = ORIENTED_EDGE('',*,*,#13933,.F.);
#15246 = ORIENTED_EDGE('',*,*,#15224,.T.);
#15247 = ORIENTED_EDGE('',*,*,#12627,.T.);
#15248 = CYLINDRICAL_SURFACE('',#15249,1.2);
#15249 = AXIS2_PLACEMENT_3D('',#15250,#15251,#15252);
#15250 = CARTESIAN_POINT('',(9.7,58.6,-55.));
#15251 = DIRECTION('',(0.,0.,1.));
#15252 = DIRECTION('',(-1.,0.,0.));
#15253 = ADVANCED_FACE('',(#15254),#15260,.T.);
#15254 = FACE_BOUND('',#15255,.T.);
#15255 = EDGE_LOOP('',(#15256,#15257,#15258,#15259));
#15256 = ORIENTED_EDGE('',*,*,#12619,.F.);
#15257 = ORIENTED_EDGE('',*,*,#15133,.F.);
#15258 = ORIENTED_EDGE('',*,*,#13925,.T.);
#15259 = ORIENTED_EDGE('',*,*,#15240,.T.);
#15260 = PLANE('',#15261);
#15261 = AXIS2_PLACEMENT_3D('',#15262,#15263,#15264);
#15262 = CARTESIAN_POINT('',(8.5,57.,-55.));
#15263 = DIRECTION('',(1.,0.,0.));
#15264 = DIRECTION('',(0.,0.,1.));
#15265 = ADVANCED_FACE('',(#15266),#15282,.F.);
#15266 = FACE_BOUND('',#15267,.F.);
#15267 = EDGE_LOOP('',(#15268,#15274,#15275,#15281));
#15268 = ORIENTED_EDGE('',*,*,#15269,.F.);
#15269 = EDGE_CURVE('',#13985,#12679,#15270,.T.);
#15270 = LINE('',#15271,#15272);
#15271 = CARTESIAN_POINT('',(8.5,64.2,-55.));
#15272 = VECTOR('',#15273,1.);
#15273 = DIRECTION('',(0.,0.,1.));
#15274 = ORIENTED_EDGE('',*,*,#13984,.T.);
#15275 = ORIENTED_EDGE('',*,*,#15276,.T.);
#15276 = EDGE_CURVE('',#13987,#12681,#15277,.T.);
#15277 = LINE('',#15278,#15279);
#15278 = CARTESIAN_POINT('',(9.7,63.,-55.));
#15279 = VECTOR('',#15280,1.);
#15280 = DIRECTION('',(0.,0.,1.));
#15281 = ORIENTED_EDGE('',*,*,#12678,.F.);
#15282 = CYLINDRICAL_SURFACE('',#15283,1.2);
#15283 = AXIS2_PLACEMENT_3D('',#15284,#15285,#15286);
#15284 = CARTESIAN_POINT('',(9.7,64.2,-55.));
#15285 = DIRECTION('',(0.,0.,1.));
#15286 = DIRECTION('',(-1.,0.,0.));
#15287 = ADVANCED_FACE('',(#15288),#15299,.T.);
#15288 = FACE_BOUND('',#15289,.T.);
#15289 = EDGE_LOOP('',(#15290,#15291,#15292,#15293));
#15290 = ORIENTED_EDGE('',*,*,#14046,.T.);
#15291 = ORIENTED_EDGE('',*,*,#15276,.T.);
#15292 = ORIENTED_EDGE('',*,*,#12740,.F.);
#15293 = ORIENTED_EDGE('',*,*,#15294,.F.);
#15294 = EDGE_CURVE('',#14038,#12732,#15295,.T.);
#15295 = LINE('',#15296,#15297);
#15296 = CARTESIAN_POINT('',(27.3,63.,-55.));
#15297 = VECTOR('',#15298,1.);
#15298 = DIRECTION('',(0.,0.,1.));
#15299 = PLANE('',#15300);
#15300 = AXIS2_PLACEMENT_3D('',#15301,#15302,#15303);
#15301 = CARTESIAN_POINT('',(8.5,63.,-55.));
#15302 = DIRECTION('',(0.,1.,0.));
#15303 = DIRECTION('',(0.,0.,1.));
#15304 = ADVANCED_FACE('',(#15305),#15316,.F.);
#15305 = FACE_BOUND('',#15306,.T.);
#15306 = EDGE_LOOP('',(#15307,#15313,#15314,#15315));
#15307 = ORIENTED_EDGE('',*,*,#15308,.F.);
#15308 = EDGE_CURVE('',#14030,#12724,#15309,.T.);
#15309 = LINE('',#15310,#15311);
#15310 = CARTESIAN_POINT('',(28.5,64.2,-55.));
#15311 = VECTOR('',#15312,1.);
#15312 = DIRECTION('',(0.,0.,1.));
#15313 = ORIENTED_EDGE('',*,*,#14037,.F.);
#15314 = ORIENTED_EDGE('',*,*,#15294,.T.);
#15315 = ORIENTED_EDGE('',*,*,#12731,.T.);
#15316 = CYLINDRICAL_SURFACE('',#15317,1.2);
#15317 = AXIS2_PLACEMENT_3D('',#15318,#15319,#15320);
#15318 = CARTESIAN_POINT('',(27.3,64.2,-55.));
#15319 = DIRECTION('',(0.,0.,1.));
#15320 = DIRECTION('',(1.,0.,0.));
#15321 = ADVANCED_FACE('',(#15322),#15333,.F.);
#15322 = FACE_BOUND('',#15323,.F.);
#15323 = EDGE_LOOP('',(#15324,#15325,#15326,#15327));
#15324 = ORIENTED_EDGE('',*,*,#12723,.F.);
#15325 = ORIENTED_EDGE('',*,*,#15308,.F.);
#15326 = ORIENTED_EDGE('',*,*,#14029,.T.);
#15327 = ORIENTED_EDGE('',*,*,#15328,.T.);
#15328 = EDGE_CURVE('',#14021,#12715,#15329,.T.);
#15329 = LINE('',#15330,#15331);
#15330 = CARTESIAN_POINT('',(28.5,64.6,-55.));
#15331 = VECTOR('',#15332,1.);
#15332 = DIRECTION('',(0.,0.,1.));
#15333 = PLANE('',#15334);
#15334 = AXIS2_PLACEMENT_3D('',#15335,#15336,#15337);
#15335 = CARTESIAN_POINT('',(28.5,63.,-55.));
#15336 = DIRECTION('',(1.,0.,0.));
#15337 = DIRECTION('',(0.,0.,1.));
#15338 = ADVANCED_FACE('',(#15339),#15350,.F.);
#15339 = FACE_BOUND('',#15340,.F.);
#15340 = EDGE_LOOP('',(#15341,#15342,#15343,#15349));
#15341 = ORIENTED_EDGE('',*,*,#15328,.F.);
#15342 = ORIENTED_EDGE('',*,*,#14020,.T.);
#15343 = ORIENTED_EDGE('',*,*,#15344,.T.);
#15344 = EDGE_CURVE('',#14013,#12707,#15345,.T.);
#15345 = LINE('',#15346,#15347);
#15346 = CARTESIAN_POINT('',(27.3,65.8,-55.));
#15347 = VECTOR('',#15348,1.);
#15348 = DIRECTION('',(0.,0.,1.));
#15349 = ORIENTED_EDGE('',*,*,#12714,.F.);
#15350 = CYLINDRICAL_SURFACE('',#15351,1.2);
#15351 = AXIS2_PLACEMENT_3D('',#15352,#15353,#15354);
#15352 = CARTESIAN_POINT('',(27.3,64.6,-55.));
#15353 = DIRECTION('',(0.,0.,1.));
#15354 = DIRECTION('',(1.,0.,0.));
#15355 = ADVANCED_FACE('',(#15356),#15367,.F.);
#15356 = FACE_BOUND('',#15357,.F.);
#15357 = EDGE_LOOP('',(#15358,#15359,#15365,#15366));
#15358 = ORIENTED_EDGE('',*,*,#14012,.T.);
#15359 = ORIENTED_EDGE('',*,*,#15360,.T.);
#15360 = EDGE_CURVE('',#14004,#12698,#15361,.T.);
#15361 = LINE('',#15362,#15363);
#15362 = CARTESIAN_POINT('',(9.7,65.8,-55.));
#15363 = VECTOR('',#15364,1.);
#15364 = DIRECTION('',(0.,0.,1.));
#15365 = ORIENTED_EDGE('',*,*,#12706,.F.);
#15366 = ORIENTED_EDGE('',*,*,#15344,.F.);
#15367 = PLANE('',#15368);
#15368 = AXIS2_PLACEMENT_3D('',#15369,#15370,#15371);
#15369 = CARTESIAN_POINT('',(8.5,65.8,-55.));
#15370 = DIRECTION('',(0.,1.,0.));
#15371 = DIRECTION('',(0.,0.,1.));
#15372 = ADVANCED_FACE('',(#15373),#15384,.F.);
#15373 = FACE_BOUND('',#15374,.T.);
#15374 = EDGE_LOOP('',(#15375,#15381,#15382,#15383));
#15375 = ORIENTED_EDGE('',*,*,#15376,.F.);
#15376 = EDGE_CURVE('',#13996,#12690,#15377,.T.);
#15377 = LINE('',#15378,#15379);
#15378 = CARTESIAN_POINT('',(8.5,64.6,-55.));
#15379 = VECTOR('',#15380,1.);
#15380 = DIRECTION('',(0.,0.,1.));
#15381 = ORIENTED_EDGE('',*,*,#14003,.F.);
#15382 = ORIENTED_EDGE('',*,*,#15360,.T.);
#15383 = ORIENTED_EDGE('',*,*,#12697,.T.);
#15384 = CYLINDRICAL_SURFACE('',#15385,1.2);
#15385 = AXIS2_PLACEMENT_3D('',#15386,#15387,#15388);
#15386 = CARTESIAN_POINT('',(9.7,64.6,-55.));
#15387 = DIRECTION('',(0.,0.,1.));
#15388 = DIRECTION('',(-1.,0.,0.));
#15389 = ADVANCED_FACE('',(#15390),#15396,.T.);
#15390 = FACE_BOUND('',#15391,.T.);
#15391 = EDGE_LOOP('',(#15392,#15393,#15394,#15395));
#15392 = ORIENTED_EDGE('',*,*,#12689,.F.);
#15393 = ORIENTED_EDGE('',*,*,#15269,.F.);
#15394 = ORIENTED_EDGE('',*,*,#13995,.T.);
#15395 = ORIENTED_EDGE('',*,*,#15376,.T.);
#15396 = PLANE('',#15397);
#15397 = AXIS2_PLACEMENT_3D('',#15398,#15399,#15400);
#15398 = CARTESIAN_POINT('',(8.5,63.,-55.));
#15399 = DIRECTION('',(1.,0.,0.));
#15400 = DIRECTION('',(0.,0.,1.));
#15401 = ADVANCED_FACE('',(#15402),#15418,.F.);
#15402 = FACE_BOUND('',#15403,.F.);
#15403 = EDGE_LOOP('',(#15404,#15410,#15411,#15417));
#15404 = ORIENTED_EDGE('',*,*,#15405,.F.);
#15405 = EDGE_CURVE('',#14055,#12749,#15406,.T.);
#15406 = LINE('',#15407,#15408);
#15407 = CARTESIAN_POINT('',(8.5,70.2,-55.));
#15408 = VECTOR('',#15409,1.);
#15409 = DIRECTION('',(0.,0.,1.));
#15410 = ORIENTED_EDGE('',*,*,#14054,.T.);
#15411 = ORIENTED_EDGE('',*,*,#15412,.T.);
#15412 = EDGE_CURVE('',#14057,#12751,#15413,.T.);
#15413 = LINE('',#15414,#15415);
#15414 = CARTESIAN_POINT('',(9.7,69.,-55.));
#15415 = VECTOR('',#15416,1.);
#15416 = DIRECTION('',(0.,0.,1.));
#15417 = ORIENTED_EDGE('',*,*,#12748,.F.);
#15418 = CYLINDRICAL_SURFACE('',#15419,1.2);
#15419 = AXIS2_PLACEMENT_3D('',#15420,#15421,#15422);
#15420 = CARTESIAN_POINT('',(9.7,70.2,-55.));
#15421 = DIRECTION('',(0.,0.,1.));
#15422 = DIRECTION('',(-1.,0.,0.));
#15423 = ADVANCED_FACE('',(#15424),#15435,.T.);
#15424 = FACE_BOUND('',#15425,.T.);
#15425 = EDGE_LOOP('',(#15426,#15427,#15428,#15429));
#15426 = ORIENTED_EDGE('',*,*,#14116,.T.);
#15427 = ORIENTED_EDGE('',*,*,#15412,.T.);
#15428 = ORIENTED_EDGE('',*,*,#12810,.F.);
#15429 = ORIENTED_EDGE('',*,*,#15430,.F.);
#15430 = EDGE_CURVE('',#14108,#12802,#15431,.T.);
#15431 = LINE('',#15432,#15433);
#15432 = CARTESIAN_POINT('',(27.3,69.,-55.));
#15433 = VECTOR('',#15434,1.);
#15434 = DIRECTION('',(0.,0.,1.));
#15435 = PLANE('',#15436);
#15436 = AXIS2_PLACEMENT_3D('',#15437,#15438,#15439);
#15437 = CARTESIAN_POINT('',(8.5,69.,-55.));
#15438 = DIRECTION('',(0.,1.,0.));
#15439 = DIRECTION('',(0.,0.,1.));
#15440 = ADVANCED_FACE('',(#15441),#15452,.F.);
#15441 = FACE_BOUND('',#15442,.T.);
#15442 = EDGE_LOOP('',(#15443,#15449,#15450,#15451));
#15443 = ORIENTED_EDGE('',*,*,#15444,.F.);
#15444 = EDGE_CURVE('',#14100,#12794,#15445,.T.);
#15445 = LINE('',#15446,#15447);
#15446 = CARTESIAN_POINT('',(28.5,70.2,-55.));
#15447 = VECTOR('',#15448,1.);
#15448 = DIRECTION('',(0.,0.,1.));
#15449 = ORIENTED_EDGE('',*,*,#14107,.F.);
#15450 = ORIENTED_EDGE('',*,*,#15430,.T.);
#15451 = ORIENTED_EDGE('',*,*,#12801,.T.);
#15452 = CYLINDRICAL_SURFACE('',#15453,1.2);
#15453 = AXIS2_PLACEMENT_3D('',#15454,#15455,#15456);
#15454 = CARTESIAN_POINT('',(27.3,70.2,-55.));
#15455 = DIRECTION('',(0.,0.,1.));
#15456 = DIRECTION('',(1.,0.,0.));
#15457 = ADVANCED_FACE('',(#15458),#15469,.F.);
#15458 = FACE_BOUND('',#15459,.F.);
#15459 = EDGE_LOOP('',(#15460,#15461,#15462,#15463));
#15460 = ORIENTED_EDGE('',*,*,#12793,.F.);
#15461 = ORIENTED_EDGE('',*,*,#15444,.F.);
#15462 = ORIENTED_EDGE('',*,*,#14099,.T.);
#15463 = ORIENTED_EDGE('',*,*,#15464,.T.);
#15464 = EDGE_CURVE('',#14091,#12785,#15465,.T.);
#15465 = LINE('',#15466,#15467);
#15466 = CARTESIAN_POINT('',(28.5,70.6,-55.));
#15467 = VECTOR('',#15468,1.);
#15468 = DIRECTION('',(0.,0.,1.));
#15469 = PLANE('',#15470);
#15470 = AXIS2_PLACEMENT_3D('',#15471,#15472,#15473);
#15471 = CARTESIAN_POINT('',(28.5,69.,-55.));
#15472 = DIRECTION('',(1.,0.,0.));
#15473 = DIRECTION('',(0.,0.,1.));
#15474 = ADVANCED_FACE('',(#15475),#15486,.F.);
#15475 = FACE_BOUND('',#15476,.F.);
#15476 = EDGE_LOOP('',(#15477,#15478,#15479,#15485));
#15477 = ORIENTED_EDGE('',*,*,#15464,.F.);
#15478 = ORIENTED_EDGE('',*,*,#14090,.T.);
#15479 = ORIENTED_EDGE('',*,*,#15480,.T.);
#15480 = EDGE_CURVE('',#14083,#12777,#15481,.T.);
#15481 = LINE('',#15482,#15483);
#15482 = CARTESIAN_POINT('',(27.3,71.8,-55.));
#15483 = VECTOR('',#15484,1.);
#15484 = DIRECTION('',(0.,0.,1.));
#15485 = ORIENTED_EDGE('',*,*,#12784,.F.);
#15486 = CYLINDRICAL_SURFACE('',#15487,1.2);
#15487 = AXIS2_PLACEMENT_3D('',#15488,#15489,#15490);
#15488 = CARTESIAN_POINT('',(27.3,70.6,-55.));
#15489 = DIRECTION('',(0.,0.,1.));
#15490 = DIRECTION('',(1.,0.,0.));
#15491 = ADVANCED_FACE('',(#15492),#15503,.F.);
#15492 = FACE_BOUND('',#15493,.F.);
#15493 = EDGE_LOOP('',(#15494,#15495,#15501,#15502));
#15494 = ORIENTED_EDGE('',*,*,#14082,.T.);
#15495 = ORIENTED_EDGE('',*,*,#15496,.T.);
#15496 = EDGE_CURVE('',#14074,#12768,#15497,.T.);
#15497 = LINE('',#15498,#15499);
#15498 = CARTESIAN_POINT('',(9.7,71.8,-55.));
#15499 = VECTOR('',#15500,1.);
#15500 = DIRECTION('',(0.,0.,1.));
#15501 = ORIENTED_EDGE('',*,*,#12776,.F.);
#15502 = ORIENTED_EDGE('',*,*,#15480,.F.);
#15503 = PLANE('',#15504);
#15504 = AXIS2_PLACEMENT_3D('',#15505,#15506,#15507);
#15505 = CARTESIAN_POINT('',(8.5,71.8,-55.));
#15506 = DIRECTION('',(0.,1.,0.));
#15507 = DIRECTION('',(0.,0.,1.));
#15508 = ADVANCED_FACE('',(#15509),#15520,.F.);
#15509 = FACE_BOUND('',#15510,.T.);
#15510 = EDGE_LOOP('',(#15511,#15517,#15518,#15519));
#15511 = ORIENTED_EDGE('',*,*,#15512,.F.);
#15512 = EDGE_CURVE('',#14066,#12760,#15513,.T.);
#15513 = LINE('',#15514,#15515);
#15514 = CARTESIAN_POINT('',(8.5,70.6,-55.));
#15515 = VECTOR('',#15516,1.);
#15516 = DIRECTION('',(0.,0.,1.));
#15517 = ORIENTED_EDGE('',*,*,#14073,.F.);
#15518 = ORIENTED_EDGE('',*,*,#15496,.T.);
#15519 = ORIENTED_EDGE('',*,*,#12767,.T.);
#15520 = CYLINDRICAL_SURFACE('',#15521,1.2);
#15521 = AXIS2_PLACEMENT_3D('',#15522,#15523,#15524);
#15522 = CARTESIAN_POINT('',(9.7,70.6,-55.));
#15523 = DIRECTION('',(0.,0.,1.));
#15524 = DIRECTION('',(-1.,0.,0.));
#15525 = ADVANCED_FACE('',(#15526),#15532,.T.);
#15526 = FACE_BOUND('',#15527,.T.);
#15527 = EDGE_LOOP('',(#15528,#15529,#15530,#15531));
#15528 = ORIENTED_EDGE('',*,*,#12759,.F.);
#15529 = ORIENTED_EDGE('',*,*,#15405,.F.);
#15530 = ORIENTED_EDGE('',*,*,#14065,.T.);
#15531 = ORIENTED_EDGE('',*,*,#15512,.T.);
#15532 = PLANE('',#15533);
#15533 = AXIS2_PLACEMENT_3D('',#15534,#15535,#15536);
#15534 = CARTESIAN_POINT('',(8.5,69.,-55.));
#15535 = DIRECTION('',(1.,0.,0.));
#15536 = DIRECTION('',(0.,0.,1.));
#15537 = ADVANCED_FACE('',(#15538),#15557,.F.);
#15538 = FACE_BOUND('',#15539,.F.);
#15539 = EDGE_LOOP('',(#15540,#15541,#15549,#15556));
#15540 = ORIENTED_EDGE('',*,*,#12818,.F.);
#15541 = ORIENTED_EDGE('',*,*,#15542,.F.);
#15542 = EDGE_CURVE('',#15543,#12819,#15545,.T.);
#15543 = VERTEX_POINT('',#15544);
#15544 = CARTESIAN_POINT('',(-30.8,143.9,-57.1));
#15545 = LINE('',#15546,#15547);
#15546 = CARTESIAN_POINT('',(-30.8,143.9,-61.));
#15547 = VECTOR('',#15548,1.);
#15548 = DIRECTION('',(0.,0.,1.));
#15549 = ORIENTED_EDGE('',*,*,#15550,.T.);
#15550 = EDGE_CURVE('',#15543,#15543,#15551,.T.);
#15551 = CIRCLE('',#15552,1.7);
#15552 = AXIS2_PLACEMENT_3D('',#15553,#15554,#15555);
#15553 = CARTESIAN_POINT('',(-32.5,143.9,-57.1));
#15554 = DIRECTION('',(0.,0.,1.));
#15555 = DIRECTION('',(1.,0.,0.));
#15556 = ORIENTED_EDGE('',*,*,#15542,.T.);
#15557 = CYLINDRICAL_SURFACE('',#15558,1.7);
#15558 = AXIS2_PLACEMENT_3D('',#15559,#15560,#15561);
#15559 = CARTESIAN_POINT('',(-32.5,143.9,-61.));
#15560 = DIRECTION('',(0.,0.,1.));
#15561 = DIRECTION('',(1.,0.,0.));
#15562 = ADVANCED_FACE('',(#15563),#15579,.F.);
#15563 = FACE_BOUND('',#15564,.F.);
#15564 = EDGE_LOOP('',(#15565,#15571,#15572,#15578));
#15565 = ORIENTED_EDGE('',*,*,#15566,.F.);
#15566 = EDGE_CURVE('',#13737,#12830,#15567,.T.);
#15567 = LINE('',#15568,#15569);
#15568 = CARTESIAN_POINT('',(-32.55,115.35,-55.));
#15569 = VECTOR('',#15570,1.);
#15570 = DIRECTION('',(0.,0.,1.));
#15571 = ORIENTED_EDGE('',*,*,#13736,.T.);
#15572 = ORIENTED_EDGE('',*,*,#15573,.T.);
#15573 = EDGE_CURVE('',#13729,#12832,#15574,.T.);
#15574 = LINE('',#15575,#15576);
#15575 = CARTESIAN_POINT('',(-28.55,111.35,-55.));
#15576 = VECTOR('',#15577,1.);
#15577 = DIRECTION('',(0.,0.,1.));
#15578 = ORIENTED_EDGE('',*,*,#12829,.F.);
#15579 = CYLINDRICAL_SURFACE('',#15580,4.);
#15580 = AXIS2_PLACEMENT_3D('',#15581,#15582,#15583);
#15581 = CARTESIAN_POINT('',(-28.55,115.35,-55.));
#15582 = DIRECTION('',(0.,0.,1.));
#15583 = DIRECTION('',(-1.,0.,0.));
#15584 = ADVANCED_FACE('',(#15585),#15596,.T.);
#15585 = FACE_BOUND('',#15586,.T.);
#15586 = EDGE_LOOP('',(#15587,#15588,#15589,#15590));
#15587 = ORIENTED_EDGE('',*,*,#13728,.T.);
#15588 = ORIENTED_EDGE('',*,*,#15573,.T.);
#15589 = ORIENTED_EDGE('',*,*,#12891,.F.);
#15590 = ORIENTED_EDGE('',*,*,#15591,.F.);
#15591 = EDGE_CURVE('',#13720,#12883,#15592,.T.);
#15592 = LINE('',#15593,#15594);
#15593 = CARTESIAN_POINT('',(-5.45,111.35,-55.));
#15594 = VECTOR('',#15595,1.);
#15595 = DIRECTION('',(0.,0.,1.));
#15596 = PLANE('',#15597);
#15597 = AXIS2_PLACEMENT_3D('',#15598,#15599,#15600);
#15598 = CARTESIAN_POINT('',(-32.55,111.35,-55.));
#15599 = DIRECTION('',(0.,1.,0.));
#15600 = DIRECTION('',(0.,0.,1.));
#15601 = ADVANCED_FACE('',(#15602),#15613,.F.);
#15602 = FACE_BOUND('',#15603,.T.);
#15603 = EDGE_LOOP('',(#15604,#15610,#15611,#15612));
#15604 = ORIENTED_EDGE('',*,*,#15605,.F.);
#15605 = EDGE_CURVE('',#13712,#12875,#15606,.T.);
#15606 = LINE('',#15607,#15608);
#15607 = CARTESIAN_POINT('',(-1.45,115.35,-55.));
#15608 = VECTOR('',#15609,1.);
#15609 = DIRECTION('',(0.,0.,1.));
#15610 = ORIENTED_EDGE('',*,*,#13719,.F.);
#15611 = ORIENTED_EDGE('',*,*,#15591,.T.);
#15612 = ORIENTED_EDGE('',*,*,#12882,.T.);
#15613 = CYLINDRICAL_SURFACE('',#15614,4.);
#15614 = AXIS2_PLACEMENT_3D('',#15615,#15616,#15617);
#15615 = CARTESIAN_POINT('',(-5.45,115.35,-55.));
#15616 = DIRECTION('',(0.,0.,1.));
#15617 = DIRECTION('',(1.,0.,0.));
#15618 = ADVANCED_FACE('',(#15619),#15630,.F.);
#15619 = FACE_BOUND('',#15620,.F.);
#15620 = EDGE_LOOP('',(#15621,#15622,#15623,#15624));
#15621 = ORIENTED_EDGE('',*,*,#12874,.F.);
#15622 = ORIENTED_EDGE('',*,*,#15605,.F.);
#15623 = ORIENTED_EDGE('',*,*,#13711,.T.);
#15624 = ORIENTED_EDGE('',*,*,#15625,.T.);
#15625 = EDGE_CURVE('',#13703,#12866,#15626,.T.);
#15626 = LINE('',#15627,#15628);
#15627 = CARTESIAN_POINT('',(-1.45,138.45,-55.));
#15628 = VECTOR('',#15629,1.);
#15629 = DIRECTION('',(0.,0.,1.));
#15630 = PLANE('',#15631);
#15631 = AXIS2_PLACEMENT_3D('',#15632,#15633,#15634);
#15632 = CARTESIAN_POINT('',(-1.45,111.35,-55.));
#15633 = DIRECTION('',(1.,0.,0.));
#15634 = DIRECTION('',(0.,0.,1.));
#15635 = ADVANCED_FACE('',(#15636),#15647,.F.);
#15636 = FACE_BOUND('',#15637,.F.);
#15637 = EDGE_LOOP('',(#15638,#15639,#15640,#15646));
#15638 = ORIENTED_EDGE('',*,*,#15625,.F.);
#15639 = ORIENTED_EDGE('',*,*,#13702,.T.);
#15640 = ORIENTED_EDGE('',*,*,#15641,.T.);
#15641 = EDGE_CURVE('',#13695,#12858,#15642,.T.);
#15642 = LINE('',#15643,#15644);
#15643 = CARTESIAN_POINT('',(-5.45,142.45,-55.));
#15644 = VECTOR('',#15645,1.);
#15645 = DIRECTION('',(0.,0.,1.));
#15646 = ORIENTED_EDGE('',*,*,#12865,.F.);
#15647 = CYLINDRICAL_SURFACE('',#15648,4.);
#15648 = AXIS2_PLACEMENT_3D('',#15649,#15650,#15651);
#15649 = CARTESIAN_POINT('',(-5.45,138.45,-55.));
#15650 = DIRECTION('',(0.,0.,1.));
#15651 = DIRECTION('',(1.,0.,0.));
#15652 = ADVANCED_FACE('',(#15653),#15680,.F.);
#15653 = FACE_BOUND('',#15654,.F.);
#15654 = EDGE_LOOP('',(#15655,#15665,#15671,#15672,#15673,#15674));
#15655 = ORIENTED_EDGE('',*,*,#15656,.F.);
#15656 = EDGE_CURVE('',#15657,#15659,#15661,.T.);
#15657 = VERTEX_POINT('',#15658);
#15658 = CARTESIAN_POINT('',(-28.55,142.45,-55.));
#15659 = VERTEX_POINT('',#15660);
#15660 = CARTESIAN_POINT('',(-26.67784404193,142.45,-55.));
#15661 = LINE('',#15662,#15663);
#15662 = CARTESIAN_POINT('',(-32.55,142.45,-55.));
#15663 = VECTOR('',#15664,1.);
#15664 = DIRECTION('',(1.,0.,0.));
#15665 = ORIENTED_EDGE('',*,*,#15666,.T.);
#15666 = EDGE_CURVE('',#15657,#12849,#15667,.T.);
#15667 = LINE('',#15668,#15669);
#15668 = CARTESIAN_POINT('',(-28.55,142.45,-55.));
#15669 = VECTOR('',#15670,1.);
#15670 = DIRECTION('',(0.,0.,1.));
#15671 = ORIENTED_EDGE('',*,*,#12857,.F.);
#15672 = ORIENTED_EDGE('',*,*,#15641,.F.);
#15673 = ORIENTED_EDGE('',*,*,#13694,.T.);
#15674 = ORIENTED_EDGE('',*,*,#15675,.F.);
#15675 = EDGE_CURVE('',#15659,#13686,#15676,.T.);
#15676 = LINE('',#15677,#15678);
#15677 = CARTESIAN_POINT('',(-26.67784404193,142.45,-59.5));
#15678 = VECTOR('',#15679,1.);
#15679 = DIRECTION('',(0.,0.,1.));
#15680 = PLANE('',#15681);
#15681 = AXIS2_PLACEMENT_3D('',#15682,#15683,#15684);
#15682 = CARTESIAN_POINT('',(-32.55,142.45,-55.));
#15683 = DIRECTION('',(0.,1.,0.));
#15684 = DIRECTION('',(0.,0.,1.));
#15685 = ADVANCED_FACE('',(#15686),#15705,.F.);
#15686 = FACE_BOUND('',#15687,.T.);
#15687 = EDGE_LOOP('',(#15688,#15696,#15703,#15704));
#15688 = ORIENTED_EDGE('',*,*,#15689,.F.);
#15689 = EDGE_CURVE('',#15690,#12841,#15692,.T.);
#15690 = VERTEX_POINT('',#15691);
#15691 = CARTESIAN_POINT('',(-32.55,138.45,-55.));
#15692 = LINE('',#15693,#15694);
#15693 = CARTESIAN_POINT('',(-32.55,138.45,-55.));
#15694 = VECTOR('',#15695,1.);
#15695 = DIRECTION('',(0.,0.,1.));
#15696 = ORIENTED_EDGE('',*,*,#15697,.T.);
#15697 = EDGE_CURVE('',#15690,#15657,#15698,.T.);
#15698 = CIRCLE('',#15699,4.);
#15699 = AXIS2_PLACEMENT_3D('',#15700,#15701,#15702);
#15700 = CARTESIAN_POINT('',(-28.55,138.45,-55.));
#15701 = DIRECTION('',(-0.,-0.,-1.));
#15702 = DIRECTION('',(0.,-1.,0.));
#15703 = ORIENTED_EDGE('',*,*,#15666,.T.);
#15704 = ORIENTED_EDGE('',*,*,#12848,.T.);
#15705 = CYLINDRICAL_SURFACE('',#15706,4.);
#15706 = AXIS2_PLACEMENT_3D('',#15707,#15708,#15709);
#15707 = CARTESIAN_POINT('',(-28.55,138.45,-55.));
#15708 = DIRECTION('',(0.,0.,1.));
#15709 = DIRECTION('',(-1.,0.,0.));
#15710 = ADVANCED_FACE('',(#15711),#15731,.T.);
#15711 = FACE_BOUND('',#15712,.T.);
#15712 = EDGE_LOOP('',(#15713,#15714,#15715,#15716,#15724,#15730));
#15713 = ORIENTED_EDGE('',*,*,#12840,.F.);
#15714 = ORIENTED_EDGE('',*,*,#15566,.F.);
#15715 = ORIENTED_EDGE('',*,*,#13745,.T.);
#15716 = ORIENTED_EDGE('',*,*,#15717,.F.);
#15717 = EDGE_CURVE('',#15718,#13746,#15720,.T.);
#15718 = VERTEX_POINT('',#15719);
#15719 = CARTESIAN_POINT('',(-32.55,137.90020833695,-55.));
#15720 = LINE('',#15721,#15722);
#15721 = CARTESIAN_POINT('',(-32.55,137.90020833695,-59.5));
#15722 = VECTOR('',#15723,1.);
#15723 = DIRECTION('',(0.,0.,1.));
#15724 = ORIENTED_EDGE('',*,*,#15725,.T.);
#15725 = EDGE_CURVE('',#15718,#15690,#15726,.T.);
#15726 = LINE('',#15727,#15728);
#15727 = CARTESIAN_POINT('',(-32.55,111.35,-55.));
#15728 = VECTOR('',#15729,1.);
#15729 = DIRECTION('',(0.,1.,0.));
#15730 = ORIENTED_EDGE('',*,*,#15689,.T.);
#15731 = PLANE('',#15732);
#15732 = AXIS2_PLACEMENT_3D('',#15733,#15734,#15735);
#15733 = CARTESIAN_POINT('',(-32.55,111.35,-55.));
#15734 = DIRECTION('',(1.,0.,0.));
#15735 = DIRECTION('',(0.,0.,1.));
#15736 = ADVANCED_FACE('',(#15737),#15753,.F.);
#15737 = FACE_BOUND('',#15738,.F.);
#15738 = EDGE_LOOP('',(#15739,#15745,#15746,#15752));
#15739 = ORIENTED_EDGE('',*,*,#15740,.F.);
#15740 = EDGE_CURVE('',#14125,#12900,#15741,.T.);
#15741 = LINE('',#15742,#15743);
#15742 = CARTESIAN_POINT('',(8.5,76.2,-55.));
#15743 = VECTOR('',#15744,1.);
#15744 = DIRECTION('',(0.,0.,1.));
#15745 = ORIENTED_EDGE('',*,*,#14124,.T.);
#15746 = ORIENTED_EDGE('',*,*,#15747,.T.);
#15747 = EDGE_CURVE('',#14127,#12902,#15748,.T.);
#15748 = LINE('',#15749,#15750);
#15749 = CARTESIAN_POINT('',(9.7,75.,-55.));
#15750 = VECTOR('',#15751,1.);
#15751 = DIRECTION('',(0.,0.,1.));
#15752 = ORIENTED_EDGE('',*,*,#12899,.F.);
#15753 = CYLINDRICAL_SURFACE('',#15754,1.2);
#15754 = AXIS2_PLACEMENT_3D('',#15755,#15756,#15757);
#15755 = CARTESIAN_POINT('',(9.7,76.2,-55.));
#15756 = DIRECTION('',(0.,0.,1.));
#15757 = DIRECTION('',(-1.,0.,0.));
#15758 = ADVANCED_FACE('',(#15759),#15770,.T.);
#15759 = FACE_BOUND('',#15760,.T.);
#15760 = EDGE_LOOP('',(#15761,#15762,#15763,#15764));
#15761 = ORIENTED_EDGE('',*,*,#14186,.T.);
#15762 = ORIENTED_EDGE('',*,*,#15747,.T.);
#15763 = ORIENTED_EDGE('',*,*,#12961,.F.);
#15764 = ORIENTED_EDGE('',*,*,#15765,.F.);
#15765 = EDGE_CURVE('',#14178,#12953,#15766,.T.);
#15766 = LINE('',#15767,#15768);
#15767 = CARTESIAN_POINT('',(27.3,75.,-55.));
#15768 = VECTOR('',#15769,1.);
#15769 = DIRECTION('',(0.,0.,1.));
#15770 = PLANE('',#15771);
#15771 = AXIS2_PLACEMENT_3D('',#15772,#15773,#15774);
#15772 = CARTESIAN_POINT('',(8.5,75.,-55.));
#15773 = DIRECTION('',(0.,1.,0.));
#15774 = DIRECTION('',(0.,0.,1.));
#15775 = ADVANCED_FACE('',(#15776),#15787,.F.);
#15776 = FACE_BOUND('',#15777,.T.);
#15777 = EDGE_LOOP('',(#15778,#15784,#15785,#15786));
#15778 = ORIENTED_EDGE('',*,*,#15779,.F.);
#15779 = EDGE_CURVE('',#14170,#12945,#15780,.T.);
#15780 = LINE('',#15781,#15782);
#15781 = CARTESIAN_POINT('',(28.5,76.2,-55.));
#15782 = VECTOR('',#15783,1.);
#15783 = DIRECTION('',(0.,0.,1.));
#15784 = ORIENTED_EDGE('',*,*,#14177,.F.);
#15785 = ORIENTED_EDGE('',*,*,#15765,.T.);
#15786 = ORIENTED_EDGE('',*,*,#12952,.T.);
#15787 = CYLINDRICAL_SURFACE('',#15788,1.2);
#15788 = AXIS2_PLACEMENT_3D('',#15789,#15790,#15791);
#15789 = CARTESIAN_POINT('',(27.3,76.2,-55.));
#15790 = DIRECTION('',(0.,0.,1.));
#15791 = DIRECTION('',(1.,0.,0.));
#15792 = ADVANCED_FACE('',(#15793),#15804,.F.);
#15793 = FACE_BOUND('',#15794,.F.);
#15794 = EDGE_LOOP('',(#15795,#15796,#15797,#15798));
#15795 = ORIENTED_EDGE('',*,*,#12944,.F.);
#15796 = ORIENTED_EDGE('',*,*,#15779,.F.);
#15797 = ORIENTED_EDGE('',*,*,#14169,.T.);
#15798 = ORIENTED_EDGE('',*,*,#15799,.T.);
#15799 = EDGE_CURVE('',#14161,#12936,#15800,.T.);
#15800 = LINE('',#15801,#15802);
#15801 = CARTESIAN_POINT('',(28.5,76.6,-55.));
#15802 = VECTOR('',#15803,1.);
#15803 = DIRECTION('',(0.,0.,1.));
#15804 = PLANE('',#15805);
#15805 = AXIS2_PLACEMENT_3D('',#15806,#15807,#15808);
#15806 = CARTESIAN_POINT('',(28.5,75.,-55.));
#15807 = DIRECTION('',(1.,0.,0.));
#15808 = DIRECTION('',(0.,0.,1.));
#15809 = ADVANCED_FACE('',(#15810),#15821,.F.);
#15810 = FACE_BOUND('',#15811,.F.);
#15811 = EDGE_LOOP('',(#15812,#15813,#15814,#15820));
#15812 = ORIENTED_EDGE('',*,*,#15799,.F.);
#15813 = ORIENTED_EDGE('',*,*,#14160,.T.);
#15814 = ORIENTED_EDGE('',*,*,#15815,.T.);
#15815 = EDGE_CURVE('',#14153,#12928,#15816,.T.);
#15816 = LINE('',#15817,#15818);
#15817 = CARTESIAN_POINT('',(27.3,77.8,-55.));
#15818 = VECTOR('',#15819,1.);
#15819 = DIRECTION('',(0.,0.,1.));
#15820 = ORIENTED_EDGE('',*,*,#12935,.F.);
#15821 = CYLINDRICAL_SURFACE('',#15822,1.2);
#15822 = AXIS2_PLACEMENT_3D('',#15823,#15824,#15825);
#15823 = CARTESIAN_POINT('',(27.3,76.6,-55.));
#15824 = DIRECTION('',(0.,0.,1.));
#15825 = DIRECTION('',(1.,0.,0.));
#15826 = ADVANCED_FACE('',(#15827),#15838,.F.);
#15827 = FACE_BOUND('',#15828,.F.);
#15828 = EDGE_LOOP('',(#15829,#15830,#15836,#15837));
#15829 = ORIENTED_EDGE('',*,*,#14152,.T.);
#15830 = ORIENTED_EDGE('',*,*,#15831,.T.);
#15831 = EDGE_CURVE('',#14144,#12919,#15832,.T.);
#15832 = LINE('',#15833,#15834);
#15833 = CARTESIAN_POINT('',(9.7,77.8,-55.));
#15834 = VECTOR('',#15835,1.);
#15835 = DIRECTION('',(0.,0.,1.));
#15836 = ORIENTED_EDGE('',*,*,#12927,.F.);
#15837 = ORIENTED_EDGE('',*,*,#15815,.F.);
#15838 = PLANE('',#15839);
#15839 = AXIS2_PLACEMENT_3D('',#15840,#15841,#15842);
#15840 = CARTESIAN_POINT('',(8.5,77.8,-55.));
#15841 = DIRECTION('',(0.,1.,0.));
#15842 = DIRECTION('',(0.,0.,1.));
#15843 = ADVANCED_FACE('',(#15844),#15855,.F.);
#15844 = FACE_BOUND('',#15845,.T.);
#15845 = EDGE_LOOP('',(#15846,#15852,#15853,#15854));
#15846 = ORIENTED_EDGE('',*,*,#15847,.F.);
#15847 = EDGE_CURVE('',#14136,#12911,#15848,.T.);
#15848 = LINE('',#15849,#15850);
#15849 = CARTESIAN_POINT('',(8.5,76.6,-55.));
#15850 = VECTOR('',#15851,1.);
#15851 = DIRECTION('',(0.,0.,1.));
#15852 = ORIENTED_EDGE('',*,*,#14143,.F.);
#15853 = ORIENTED_EDGE('',*,*,#15831,.T.);
#15854 = ORIENTED_EDGE('',*,*,#12918,.T.);
#15855 = CYLINDRICAL_SURFACE('',#15856,1.2);
#15856 = AXIS2_PLACEMENT_3D('',#15857,#15858,#15859);
#15857 = CARTESIAN_POINT('',(9.7,76.6,-55.));
#15858 = DIRECTION('',(0.,0.,1.));
#15859 = DIRECTION('',(-1.,0.,0.));
#15860 = ADVANCED_FACE('',(#15861),#15867,.T.);
#15861 = FACE_BOUND('',#15862,.T.);
#15862 = EDGE_LOOP('',(#15863,#15864,#15865,#15866));
#15863 = ORIENTED_EDGE('',*,*,#12910,.F.);
#15864 = ORIENTED_EDGE('',*,*,#15740,.F.);
#15865 = ORIENTED_EDGE('',*,*,#14135,.T.);
#15866 = ORIENTED_EDGE('',*,*,#15847,.T.);
#15867 = PLANE('',#15868);
#15868 = AXIS2_PLACEMENT_3D('',#15869,#15870,#15871);
#15869 = CARTESIAN_POINT('',(8.5,75.,-55.));
#15870 = DIRECTION('',(1.,0.,0.));
#15871 = DIRECTION('',(0.,0.,1.));
#15872 = ADVANCED_FACE('',(#15873),#15889,.F.);
#15873 = FACE_BOUND('',#15874,.F.);
#15874 = EDGE_LOOP('',(#15875,#15881,#15882,#15888));
#15875 = ORIENTED_EDGE('',*,*,#15876,.F.);
#15876 = EDGE_CURVE('',#14195,#12970,#15877,.T.);
#15877 = LINE('',#15878,#15879);
#15878 = CARTESIAN_POINT('',(8.5,82.2,-55.));
#15879 = VECTOR('',#15880,1.);
#15880 = DIRECTION('',(0.,0.,1.));
#15881 = ORIENTED_EDGE('',*,*,#14194,.T.);
#15882 = ORIENTED_EDGE('',*,*,#15883,.T.);
#15883 = EDGE_CURVE('',#14197,#12972,#15884,.T.);
#15884 = LINE('',#15885,#15886);
#15885 = CARTESIAN_POINT('',(9.7,81.,-55.));
#15886 = VECTOR('',#15887,1.);
#15887 = DIRECTION('',(0.,0.,1.));
#15888 = ORIENTED_EDGE('',*,*,#12969,.F.);
#15889 = CYLINDRICAL_SURFACE('',#15890,1.2);
#15890 = AXIS2_PLACEMENT_3D('',#15891,#15892,#15893);
#15891 = CARTESIAN_POINT('',(9.7,82.2,-55.));
#15892 = DIRECTION('',(0.,0.,1.));
#15893 = DIRECTION('',(-1.,0.,0.));
#15894 = ADVANCED_FACE('',(#15895),#15906,.T.);
#15895 = FACE_BOUND('',#15896,.T.);
#15896 = EDGE_LOOP('',(#15897,#15898,#15899,#15900));
#15897 = ORIENTED_EDGE('',*,*,#14256,.T.);
#15898 = ORIENTED_EDGE('',*,*,#15883,.T.);
#15899 = ORIENTED_EDGE('',*,*,#13031,.F.);
#15900 = ORIENTED_EDGE('',*,*,#15901,.F.);
#15901 = EDGE_CURVE('',#14248,#13023,#15902,.T.);
#15902 = LINE('',#15903,#15904);
#15903 = CARTESIAN_POINT('',(27.3,81.,-55.));
#15904 = VECTOR('',#15905,1.);
#15905 = DIRECTION('',(0.,0.,1.));
#15906 = PLANE('',#15907);
#15907 = AXIS2_PLACEMENT_3D('',#15908,#15909,#15910);
#15908 = CARTESIAN_POINT('',(8.5,81.,-55.));
#15909 = DIRECTION('',(0.,1.,0.));
#15910 = DIRECTION('',(0.,0.,1.));
#15911 = ADVANCED_FACE('',(#15912),#15923,.F.);
#15912 = FACE_BOUND('',#15913,.T.);
#15913 = EDGE_LOOP('',(#15914,#15920,#15921,#15922));
#15914 = ORIENTED_EDGE('',*,*,#15915,.F.);
#15915 = EDGE_CURVE('',#14240,#13015,#15916,.T.);
#15916 = LINE('',#15917,#15918);
#15917 = CARTESIAN_POINT('',(28.5,82.2,-55.));
#15918 = VECTOR('',#15919,1.);
#15919 = DIRECTION('',(0.,0.,1.));
#15920 = ORIENTED_EDGE('',*,*,#14247,.F.);
#15921 = ORIENTED_EDGE('',*,*,#15901,.T.);
#15922 = ORIENTED_EDGE('',*,*,#13022,.T.);
#15923 = CYLINDRICAL_SURFACE('',#15924,1.2);
#15924 = AXIS2_PLACEMENT_3D('',#15925,#15926,#15927);
#15925 = CARTESIAN_POINT('',(27.3,82.2,-55.));
#15926 = DIRECTION('',(0.,0.,1.));
#15927 = DIRECTION('',(1.,0.,0.));
#15928 = ADVANCED_FACE('',(#15929),#15940,.F.);
#15929 = FACE_BOUND('',#15930,.F.);
#15930 = EDGE_LOOP('',(#15931,#15932,#15933,#15934));
#15931 = ORIENTED_EDGE('',*,*,#13014,.F.);
#15932 = ORIENTED_EDGE('',*,*,#15915,.F.);
#15933 = ORIENTED_EDGE('',*,*,#14239,.T.);
#15934 = ORIENTED_EDGE('',*,*,#15935,.T.);
#15935 = EDGE_CURVE('',#14231,#13006,#15936,.T.);
#15936 = LINE('',#15937,#15938);
#15937 = CARTESIAN_POINT('',(28.5,82.6,-55.));
#15938 = VECTOR('',#15939,1.);
#15939 = DIRECTION('',(0.,0.,1.));
#15940 = PLANE('',#15941);
#15941 = AXIS2_PLACEMENT_3D('',#15942,#15943,#15944);
#15942 = CARTESIAN_POINT('',(28.5,81.,-55.));
#15943 = DIRECTION('',(1.,0.,0.));
#15944 = DIRECTION('',(0.,0.,1.));
#15945 = ADVANCED_FACE('',(#15946),#15957,.F.);
#15946 = FACE_BOUND('',#15947,.F.);
#15947 = EDGE_LOOP('',(#15948,#15949,#15950,#15956));
#15948 = ORIENTED_EDGE('',*,*,#15935,.F.);
#15949 = ORIENTED_EDGE('',*,*,#14230,.T.);
#15950 = ORIENTED_EDGE('',*,*,#15951,.T.);
#15951 = EDGE_CURVE('',#14223,#12998,#15952,.T.);
#15952 = LINE('',#15953,#15954);
#15953 = CARTESIAN_POINT('',(27.3,83.8,-55.));
#15954 = VECTOR('',#15955,1.);
#15955 = DIRECTION('',(0.,0.,1.));
#15956 = ORIENTED_EDGE('',*,*,#13005,.F.);
#15957 = CYLINDRICAL_SURFACE('',#15958,1.2);
#15958 = AXIS2_PLACEMENT_3D('',#15959,#15960,#15961);
#15959 = CARTESIAN_POINT('',(27.3,82.6,-55.));
#15960 = DIRECTION('',(0.,0.,1.));
#15961 = DIRECTION('',(1.,0.,0.));
#15962 = ADVANCED_FACE('',(#15963),#15974,.F.);
#15963 = FACE_BOUND('',#15964,.F.);
#15964 = EDGE_LOOP('',(#15965,#15966,#15972,#15973));
#15965 = ORIENTED_EDGE('',*,*,#14222,.T.);
#15966 = ORIENTED_EDGE('',*,*,#15967,.T.);
#15967 = EDGE_CURVE('',#14214,#12989,#15968,.T.);
#15968 = LINE('',#15969,#15970);
#15969 = CARTESIAN_POINT('',(9.7,83.8,-55.));
#15970 = VECTOR('',#15971,1.);
#15971 = DIRECTION('',(0.,0.,1.));
#15972 = ORIENTED_EDGE('',*,*,#12997,.F.);
#15973 = ORIENTED_EDGE('',*,*,#15951,.F.);
#15974 = PLANE('',#15975);
#15975 = AXIS2_PLACEMENT_3D('',#15976,#15977,#15978);
#15976 = CARTESIAN_POINT('',(8.5,83.8,-55.));
#15977 = DIRECTION('',(0.,1.,0.));
#15978 = DIRECTION('',(0.,0.,1.));
#15979 = ADVANCED_FACE('',(#15980),#15991,.F.);
#15980 = FACE_BOUND('',#15981,.T.);
#15981 = EDGE_LOOP('',(#15982,#15988,#15989,#15990));
#15982 = ORIENTED_EDGE('',*,*,#15983,.F.);
#15983 = EDGE_CURVE('',#14206,#12981,#15984,.T.);
#15984 = LINE('',#15985,#15986);
#15985 = CARTESIAN_POINT('',(8.5,82.6,-55.));
#15986 = VECTOR('',#15987,1.);
#15987 = DIRECTION('',(0.,0.,1.));
#15988 = ORIENTED_EDGE('',*,*,#14213,.F.);
#15989 = ORIENTED_EDGE('',*,*,#15967,.T.);
#15990 = ORIENTED_EDGE('',*,*,#12988,.T.);
#15991 = CYLINDRICAL_SURFACE('',#15992,1.2);
#15992 = AXIS2_PLACEMENT_3D('',#15993,#15994,#15995);
#15993 = CARTESIAN_POINT('',(9.7,82.6,-55.));
#15994 = DIRECTION('',(0.,0.,1.));
#15995 = DIRECTION('',(-1.,0.,0.));
#15996 = ADVANCED_FACE('',(#15997),#16003,.T.);
#15997 = FACE_BOUND('',#15998,.T.);
#15998 = EDGE_LOOP('',(#15999,#16000,#16001,#16002));
#15999 = ORIENTED_EDGE('',*,*,#12980,.F.);
#16000 = ORIENTED_EDGE('',*,*,#15876,.F.);
#16001 = ORIENTED_EDGE('',*,*,#14205,.T.);
#16002 = ORIENTED_EDGE('',*,*,#15983,.T.);
#16003 = PLANE('',#16004);
#16004 = AXIS2_PLACEMENT_3D('',#16005,#16006,#16007);
#16005 = CARTESIAN_POINT('',(8.5,81.,-55.));
#16006 = DIRECTION('',(1.,0.,0.));
#16007 = DIRECTION('',(0.,0.,1.));
#16008 = ADVANCED_FACE('',(#16009),#16025,.F.);
#16009 = FACE_BOUND('',#16010,.F.);
#16010 = EDGE_LOOP('',(#16011,#16017,#16018,#16024));
#16011 = ORIENTED_EDGE('',*,*,#16012,.F.);
#16012 = EDGE_CURVE('',#14265,#13040,#16013,.T.);
#16013 = LINE('',#16014,#16015);
#16014 = CARTESIAN_POINT('',(8.5,106.2,-55.));
#16015 = VECTOR('',#16016,1.);
#16016 = DIRECTION('',(0.,0.,1.));
#16017 = ORIENTED_EDGE('',*,*,#14264,.T.);
#16018 = ORIENTED_EDGE('',*,*,#16019,.T.);
#16019 = EDGE_CURVE('',#14267,#13042,#16020,.T.);
#16020 = LINE('',#16021,#16022);
#16021 = CARTESIAN_POINT('',(9.7,105.,-55.));
#16022 = VECTOR('',#16023,1.);
#16023 = DIRECTION('',(0.,0.,1.));
#16024 = ORIENTED_EDGE('',*,*,#13039,.F.);
#16025 = CYLINDRICAL_SURFACE('',#16026,1.2);
#16026 = AXIS2_PLACEMENT_3D('',#16027,#16028,#16029);
#16027 = CARTESIAN_POINT('',(9.7,106.2,-55.));
#16028 = DIRECTION('',(0.,0.,1.));
#16029 = DIRECTION('',(-1.,0.,0.));
#16030 = ADVANCED_FACE('',(#16031),#16042,.T.);
#16031 = FACE_BOUND('',#16032,.T.);
#16032 = EDGE_LOOP('',(#16033,#16034,#16035,#16036));
#16033 = ORIENTED_EDGE('',*,*,#14326,.T.);
#16034 = ORIENTED_EDGE('',*,*,#16019,.T.);
#16035 = ORIENTED_EDGE('',*,*,#13101,.F.);
#16036 = ORIENTED_EDGE('',*,*,#16037,.F.);
#16037 = EDGE_CURVE('',#14318,#13093,#16038,.T.);
#16038 = LINE('',#16039,#16040);
#16039 = CARTESIAN_POINT('',(27.3,105.,-55.));
#16040 = VECTOR('',#16041,1.);
#16041 = DIRECTION('',(0.,0.,1.));
#16042 = PLANE('',#16043);
#16043 = AXIS2_PLACEMENT_3D('',#16044,#16045,#16046);
#16044 = CARTESIAN_POINT('',(8.5,105.,-55.));
#16045 = DIRECTION('',(0.,1.,0.));
#16046 = DIRECTION('',(0.,0.,1.));
#16047 = ADVANCED_FACE('',(#16048),#16059,.F.);
#16048 = FACE_BOUND('',#16049,.T.);
#16049 = EDGE_LOOP('',(#16050,#16056,#16057,#16058));
#16050 = ORIENTED_EDGE('',*,*,#16051,.F.);
#16051 = EDGE_CURVE('',#14310,#13085,#16052,.T.);
#16052 = LINE('',#16053,#16054);
#16053 = CARTESIAN_POINT('',(28.5,106.2,-55.));
#16054 = VECTOR('',#16055,1.);
#16055 = DIRECTION('',(0.,0.,1.));
#16056 = ORIENTED_EDGE('',*,*,#14317,.F.);
#16057 = ORIENTED_EDGE('',*,*,#16037,.T.);
#16058 = ORIENTED_EDGE('',*,*,#13092,.T.);
#16059 = CYLINDRICAL_SURFACE('',#16060,1.2);
#16060 = AXIS2_PLACEMENT_3D('',#16061,#16062,#16063);
#16061 = CARTESIAN_POINT('',(27.3,106.2,-55.));
#16062 = DIRECTION('',(0.,0.,1.));
#16063 = DIRECTION('',(1.,0.,0.));
#16064 = ADVANCED_FACE('',(#16065),#16076,.F.);
#16065 = FACE_BOUND('',#16066,.F.);
#16066 = EDGE_LOOP('',(#16067,#16068,#16069,#16070));
#16067 = ORIENTED_EDGE('',*,*,#13084,.F.);
#16068 = ORIENTED_EDGE('',*,*,#16051,.F.);
#16069 = ORIENTED_EDGE('',*,*,#14309,.T.);
#16070 = ORIENTED_EDGE('',*,*,#16071,.T.);
#16071 = EDGE_CURVE('',#14301,#13076,#16072,.T.);
#16072 = LINE('',#16073,#16074);
#16073 = CARTESIAN_POINT('',(28.5,106.6,-55.));
#16074 = VECTOR('',#16075,1.);
#16075 = DIRECTION('',(0.,0.,1.));
#16076 = PLANE('',#16077);
#16077 = AXIS2_PLACEMENT_3D('',#16078,#16079,#16080);
#16078 = CARTESIAN_POINT('',(28.5,105.,-55.));
#16079 = DIRECTION('',(1.,0.,0.));
#16080 = DIRECTION('',(0.,0.,1.));
#16081 = ADVANCED_FACE('',(#16082),#16093,.F.);
#16082 = FACE_BOUND('',#16083,.F.);
#16083 = EDGE_LOOP('',(#16084,#16085,#16086,#16092));
#16084 = ORIENTED_EDGE('',*,*,#16071,.F.);
#16085 = ORIENTED_EDGE('',*,*,#14300,.T.);
#16086 = ORIENTED_EDGE('',*,*,#16087,.T.);
#16087 = EDGE_CURVE('',#14293,#13068,#16088,.T.);
#16088 = LINE('',#16089,#16090);
#16089 = CARTESIAN_POINT('',(27.3,107.8,-55.));
#16090 = VECTOR('',#16091,1.);
#16091 = DIRECTION('',(0.,0.,1.));
#16092 = ORIENTED_EDGE('',*,*,#13075,.F.);
#16093 = CYLINDRICAL_SURFACE('',#16094,1.2);
#16094 = AXIS2_PLACEMENT_3D('',#16095,#16096,#16097);
#16095 = CARTESIAN_POINT('',(27.3,106.6,-55.));
#16096 = DIRECTION('',(0.,0.,1.));
#16097 = DIRECTION('',(1.,0.,0.));
#16098 = ADVANCED_FACE('',(#16099),#16110,.F.);
#16099 = FACE_BOUND('',#16100,.F.);
#16100 = EDGE_LOOP('',(#16101,#16102,#16108,#16109));
#16101 = ORIENTED_EDGE('',*,*,#14292,.T.);
#16102 = ORIENTED_EDGE('',*,*,#16103,.T.);
#16103 = EDGE_CURVE('',#14284,#13059,#16104,.T.);
#16104 = LINE('',#16105,#16106);
#16105 = CARTESIAN_POINT('',(9.7,107.8,-55.));
#16106 = VECTOR('',#16107,1.);
#16107 = DIRECTION('',(0.,0.,1.));
#16108 = ORIENTED_EDGE('',*,*,#13067,.F.);
#16109 = ORIENTED_EDGE('',*,*,#16087,.F.);
#16110 = PLANE('',#16111);
#16111 = AXIS2_PLACEMENT_3D('',#16112,#16113,#16114);
#16112 = CARTESIAN_POINT('',(8.5,107.8,-55.));
#16113 = DIRECTION('',(0.,1.,0.));
#16114 = DIRECTION('',(0.,0.,1.));
#16115 = ADVANCED_FACE('',(#16116),#16127,.F.);
#16116 = FACE_BOUND('',#16117,.T.);
#16117 = EDGE_LOOP('',(#16118,#16124,#16125,#16126));
#16118 = ORIENTED_EDGE('',*,*,#16119,.F.);
#16119 = EDGE_CURVE('',#14276,#13051,#16120,.T.);
#16120 = LINE('',#16121,#16122);
#16121 = CARTESIAN_POINT('',(8.5,106.6,-55.));
#16122 = VECTOR('',#16123,1.);
#16123 = DIRECTION('',(0.,0.,1.));
#16124 = ORIENTED_EDGE('',*,*,#14283,.F.);
#16125 = ORIENTED_EDGE('',*,*,#16103,.T.);
#16126 = ORIENTED_EDGE('',*,*,#13058,.T.);
#16127 = CYLINDRICAL_SURFACE('',#16128,1.2);
#16128 = AXIS2_PLACEMENT_3D('',#16129,#16130,#16131);
#16129 = CARTESIAN_POINT('',(9.7,106.6,-55.));
#16130 = DIRECTION('',(0.,0.,1.));
#16131 = DIRECTION('',(-1.,0.,0.));
#16132 = ADVANCED_FACE('',(#16133),#16139,.T.);
#16133 = FACE_BOUND('',#16134,.T.);
#16134 = EDGE_LOOP('',(#16135,#16136,#16137,#16138));
#16135 = ORIENTED_EDGE('',*,*,#13050,.F.);
#16136 = ORIENTED_EDGE('',*,*,#16012,.F.);
#16137 = ORIENTED_EDGE('',*,*,#14275,.T.);
#16138 = ORIENTED_EDGE('',*,*,#16119,.T.);
#16139 = PLANE('',#16140);
#16140 = AXIS2_PLACEMENT_3D('',#16141,#16142,#16143);
#16141 = CARTESIAN_POINT('',(8.5,105.,-55.));
#16142 = DIRECTION('',(1.,0.,0.));
#16143 = DIRECTION('',(0.,0.,1.));
#16144 = ADVANCED_FACE('',(#16145),#16161,.F.);
#16145 = FACE_BOUND('',#16146,.F.);
#16146 = EDGE_LOOP('',(#16147,#16153,#16154,#16160));
#16147 = ORIENTED_EDGE('',*,*,#16148,.F.);
#16148 = EDGE_CURVE('',#14335,#13110,#16149,.T.);
#16149 = LINE('',#16150,#16151);
#16150 = CARTESIAN_POINT('',(8.5,112.2,-55.));
#16151 = VECTOR('',#16152,1.);
#16152 = DIRECTION('',(0.,0.,1.));
#16153 = ORIENTED_EDGE('',*,*,#14334,.T.);
#16154 = ORIENTED_EDGE('',*,*,#16155,.T.);
#16155 = EDGE_CURVE('',#14337,#13112,#16156,.T.);
#16156 = LINE('',#16157,#16158);
#16157 = CARTESIAN_POINT('',(9.7,111.,-55.));
#16158 = VECTOR('',#16159,1.);
#16159 = DIRECTION('',(0.,0.,1.));
#16160 = ORIENTED_EDGE('',*,*,#13109,.F.);
#16161 = CYLINDRICAL_SURFACE('',#16162,1.2);
#16162 = AXIS2_PLACEMENT_3D('',#16163,#16164,#16165);
#16163 = CARTESIAN_POINT('',(9.7,112.2,-55.));
#16164 = DIRECTION('',(0.,0.,1.));
#16165 = DIRECTION('',(-1.,0.,0.));
#16166 = ADVANCED_FACE('',(#16167),#16178,.T.);
#16167 = FACE_BOUND('',#16168,.T.);
#16168 = EDGE_LOOP('',(#16169,#16170,#16171,#16172));
#16169 = ORIENTED_EDGE('',*,*,#14396,.T.);
#16170 = ORIENTED_EDGE('',*,*,#16155,.T.);
#16171 = ORIENTED_EDGE('',*,*,#13171,.F.);
#16172 = ORIENTED_EDGE('',*,*,#16173,.F.);
#16173 = EDGE_CURVE('',#14388,#13163,#16174,.T.);
#16174 = LINE('',#16175,#16176);
#16175 = CARTESIAN_POINT('',(27.3,111.,-55.));
#16176 = VECTOR('',#16177,1.);
#16177 = DIRECTION('',(0.,0.,1.));
#16178 = PLANE('',#16179);
#16179 = AXIS2_PLACEMENT_3D('',#16180,#16181,#16182);
#16180 = CARTESIAN_POINT('',(8.5,111.,-55.));
#16181 = DIRECTION('',(0.,1.,0.));
#16182 = DIRECTION('',(0.,0.,1.));
#16183 = ADVANCED_FACE('',(#16184),#16195,.F.);
#16184 = FACE_BOUND('',#16185,.T.);
#16185 = EDGE_LOOP('',(#16186,#16192,#16193,#16194));
#16186 = ORIENTED_EDGE('',*,*,#16187,.F.);
#16187 = EDGE_CURVE('',#14380,#13155,#16188,.T.);
#16188 = LINE('',#16189,#16190);
#16189 = CARTESIAN_POINT('',(28.5,112.2,-55.));
#16190 = VECTOR('',#16191,1.);
#16191 = DIRECTION('',(0.,0.,1.));
#16192 = ORIENTED_EDGE('',*,*,#14387,.F.);
#16193 = ORIENTED_EDGE('',*,*,#16173,.T.);
#16194 = ORIENTED_EDGE('',*,*,#13162,.T.);
#16195 = CYLINDRICAL_SURFACE('',#16196,1.2);
#16196 = AXIS2_PLACEMENT_3D('',#16197,#16198,#16199);
#16197 = CARTESIAN_POINT('',(27.3,112.2,-55.));
#16198 = DIRECTION('',(0.,0.,1.));
#16199 = DIRECTION('',(1.,0.,0.));
#16200 = ADVANCED_FACE('',(#16201),#16212,.F.);
#16201 = FACE_BOUND('',#16202,.F.);
#16202 = EDGE_LOOP('',(#16203,#16204,#16205,#16206));
#16203 = ORIENTED_EDGE('',*,*,#13154,.F.);
#16204 = ORIENTED_EDGE('',*,*,#16187,.F.);
#16205 = ORIENTED_EDGE('',*,*,#14379,.T.);
#16206 = ORIENTED_EDGE('',*,*,#16207,.T.);
#16207 = EDGE_CURVE('',#14371,#13146,#16208,.T.);
#16208 = LINE('',#16209,#16210);
#16209 = CARTESIAN_POINT('',(28.5,112.6,-55.));
#16210 = VECTOR('',#16211,1.);
#16211 = DIRECTION('',(0.,0.,1.));
#16212 = PLANE('',#16213);
#16213 = AXIS2_PLACEMENT_3D('',#16214,#16215,#16216);
#16214 = CARTESIAN_POINT('',(28.5,111.,-55.));
#16215 = DIRECTION('',(1.,0.,0.));
#16216 = DIRECTION('',(0.,0.,1.));
#16217 = ADVANCED_FACE('',(#16218),#16229,.F.);
#16218 = FACE_BOUND('',#16219,.F.);
#16219 = EDGE_LOOP('',(#16220,#16221,#16222,#16228));
#16220 = ORIENTED_EDGE('',*,*,#16207,.F.);
#16221 = ORIENTED_EDGE('',*,*,#14370,.T.);
#16222 = ORIENTED_EDGE('',*,*,#16223,.T.);
#16223 = EDGE_CURVE('',#14363,#13138,#16224,.T.);
#16224 = LINE('',#16225,#16226);
#16225 = CARTESIAN_POINT('',(27.3,113.8,-55.));
#16226 = VECTOR('',#16227,1.);
#16227 = DIRECTION('',(0.,0.,1.));
#16228 = ORIENTED_EDGE('',*,*,#13145,.F.);
#16229 = CYLINDRICAL_SURFACE('',#16230,1.2);
#16230 = AXIS2_PLACEMENT_3D('',#16231,#16232,#16233);
#16231 = CARTESIAN_POINT('',(27.3,112.6,-55.));
#16232 = DIRECTION('',(0.,0.,1.));
#16233 = DIRECTION('',(1.,0.,0.));
#16234 = ADVANCED_FACE('',(#16235),#16246,.F.);
#16235 = FACE_BOUND('',#16236,.F.);
#16236 = EDGE_LOOP('',(#16237,#16238,#16244,#16245));
#16237 = ORIENTED_EDGE('',*,*,#14362,.T.);
#16238 = ORIENTED_EDGE('',*,*,#16239,.T.);
#16239 = EDGE_CURVE('',#14354,#13129,#16240,.T.);
#16240 = LINE('',#16241,#16242);
#16241 = CARTESIAN_POINT('',(9.7,113.8,-55.));
#16242 = VECTOR('',#16243,1.);
#16243 = DIRECTION('',(0.,0.,1.));
#16244 = ORIENTED_EDGE('',*,*,#13137,.F.);
#16245 = ORIENTED_EDGE('',*,*,#16223,.F.);
#16246 = PLANE('',#16247);
#16247 = AXIS2_PLACEMENT_3D('',#16248,#16249,#16250);
#16248 = CARTESIAN_POINT('',(8.5,113.8,-55.));
#16249 = DIRECTION('',(0.,1.,0.));
#16250 = DIRECTION('',(0.,0.,1.));
#16251 = ADVANCED_FACE('',(#16252),#16263,.F.);
#16252 = FACE_BOUND('',#16253,.T.);
#16253 = EDGE_LOOP('',(#16254,#16260,#16261,#16262));
#16254 = ORIENTED_EDGE('',*,*,#16255,.F.);
#16255 = EDGE_CURVE('',#14346,#13121,#16256,.T.);
#16256 = LINE('',#16257,#16258);
#16257 = CARTESIAN_POINT('',(8.5,112.6,-55.));
#16258 = VECTOR('',#16259,1.);
#16259 = DIRECTION('',(0.,0.,1.));
#16260 = ORIENTED_EDGE('',*,*,#14353,.F.);
#16261 = ORIENTED_EDGE('',*,*,#16239,.T.);
#16262 = ORIENTED_EDGE('',*,*,#13128,.T.);
#16263 = CYLINDRICAL_SURFACE('',#16264,1.2);
#16264 = AXIS2_PLACEMENT_3D('',#16265,#16266,#16267);
#16265 = CARTESIAN_POINT('',(9.7,112.6,-55.));
#16266 = DIRECTION('',(0.,0.,1.));
#16267 = DIRECTION('',(-1.,0.,0.));
#16268 = ADVANCED_FACE('',(#16269),#16275,.T.);
#16269 = FACE_BOUND('',#16270,.T.);
#16270 = EDGE_LOOP('',(#16271,#16272,#16273,#16274));
#16271 = ORIENTED_EDGE('',*,*,#13120,.F.);
#16272 = ORIENTED_EDGE('',*,*,#16148,.F.);
#16273 = ORIENTED_EDGE('',*,*,#14345,.T.);
#16274 = ORIENTED_EDGE('',*,*,#16255,.T.);
#16275 = PLANE('',#16276);
#16276 = AXIS2_PLACEMENT_3D('',#16277,#16278,#16279);
#16277 = CARTESIAN_POINT('',(8.5,111.,-55.));
#16278 = DIRECTION('',(1.,0.,0.));
#16279 = DIRECTION('',(0.,0.,1.));
#16280 = ADVANCED_FACE('',(#16281),#16297,.F.);
#16281 = FACE_BOUND('',#16282,.F.);
#16282 = EDGE_LOOP('',(#16283,#16289,#16290,#16296));
#16283 = ORIENTED_EDGE('',*,*,#16284,.F.);
#16284 = EDGE_CURVE('',#14405,#13180,#16285,.T.);
#16285 = LINE('',#16286,#16287);
#16286 = CARTESIAN_POINT('',(8.5,118.2,-55.));
#16287 = VECTOR('',#16288,1.);
#16288 = DIRECTION('',(0.,0.,1.));
#16289 = ORIENTED_EDGE('',*,*,#14404,.T.);
#16290 = ORIENTED_EDGE('',*,*,#16291,.T.);
#16291 = EDGE_CURVE('',#14407,#13182,#16292,.T.);
#16292 = LINE('',#16293,#16294);
#16293 = CARTESIAN_POINT('',(9.7,117.,-55.));
#16294 = VECTOR('',#16295,1.);
#16295 = DIRECTION('',(0.,0.,1.));
#16296 = ORIENTED_EDGE('',*,*,#13179,.F.);
#16297 = CYLINDRICAL_SURFACE('',#16298,1.2);
#16298 = AXIS2_PLACEMENT_3D('',#16299,#16300,#16301);
#16299 = CARTESIAN_POINT('',(9.7,118.2,-55.));
#16300 = DIRECTION('',(0.,0.,1.));
#16301 = DIRECTION('',(-1.,0.,0.));
#16302 = ADVANCED_FACE('',(#16303),#16314,.T.);
#16303 = FACE_BOUND('',#16304,.T.);
#16304 = EDGE_LOOP('',(#16305,#16306,#16307,#16308));
#16305 = ORIENTED_EDGE('',*,*,#14466,.T.);
#16306 = ORIENTED_EDGE('',*,*,#16291,.T.);
#16307 = ORIENTED_EDGE('',*,*,#13241,.F.);
#16308 = ORIENTED_EDGE('',*,*,#16309,.F.);
#16309 = EDGE_CURVE('',#14458,#13233,#16310,.T.);
#16310 = LINE('',#16311,#16312);
#16311 = CARTESIAN_POINT('',(27.3,117.,-55.));
#16312 = VECTOR('',#16313,1.);
#16313 = DIRECTION('',(0.,0.,1.));
#16314 = PLANE('',#16315);
#16315 = AXIS2_PLACEMENT_3D('',#16316,#16317,#16318);
#16316 = CARTESIAN_POINT('',(8.5,117.,-55.));
#16317 = DIRECTION('',(0.,1.,0.));
#16318 = DIRECTION('',(0.,0.,1.));
#16319 = ADVANCED_FACE('',(#16320),#16331,.F.);
#16320 = FACE_BOUND('',#16321,.T.);
#16321 = EDGE_LOOP('',(#16322,#16328,#16329,#16330));
#16322 = ORIENTED_EDGE('',*,*,#16323,.F.);
#16323 = EDGE_CURVE('',#14450,#13225,#16324,.T.);
#16324 = LINE('',#16325,#16326);
#16325 = CARTESIAN_POINT('',(28.5,118.2,-55.));
#16326 = VECTOR('',#16327,1.);
#16327 = DIRECTION('',(0.,0.,1.));
#16328 = ORIENTED_EDGE('',*,*,#14457,.F.);
#16329 = ORIENTED_EDGE('',*,*,#16309,.T.);
#16330 = ORIENTED_EDGE('',*,*,#13232,.T.);
#16331 = CYLINDRICAL_SURFACE('',#16332,1.2);
#16332 = AXIS2_PLACEMENT_3D('',#16333,#16334,#16335);
#16333 = CARTESIAN_POINT('',(27.3,118.2,-55.));
#16334 = DIRECTION('',(0.,0.,1.));
#16335 = DIRECTION('',(1.,0.,0.));
#16336 = ADVANCED_FACE('',(#16337),#16348,.F.);
#16337 = FACE_BOUND('',#16338,.F.);
#16338 = EDGE_LOOP('',(#16339,#16340,#16341,#16342));
#16339 = ORIENTED_EDGE('',*,*,#13224,.F.);
#16340 = ORIENTED_EDGE('',*,*,#16323,.F.);
#16341 = ORIENTED_EDGE('',*,*,#14449,.T.);
#16342 = ORIENTED_EDGE('',*,*,#16343,.T.);
#16343 = EDGE_CURVE('',#14441,#13216,#16344,.T.);
#16344 = LINE('',#16345,#16346);
#16345 = CARTESIAN_POINT('',(28.5,118.6,-55.));
#16346 = VECTOR('',#16347,1.);
#16347 = DIRECTION('',(0.,0.,1.));
#16348 = PLANE('',#16349);
#16349 = AXIS2_PLACEMENT_3D('',#16350,#16351,#16352);
#16350 = CARTESIAN_POINT('',(28.5,117.,-55.));
#16351 = DIRECTION('',(1.,0.,0.));
#16352 = DIRECTION('',(0.,0.,1.));
#16353 = ADVANCED_FACE('',(#16354),#16365,.F.);
#16354 = FACE_BOUND('',#16355,.F.);
#16355 = EDGE_LOOP('',(#16356,#16357,#16358,#16364));
#16356 = ORIENTED_EDGE('',*,*,#16343,.F.);
#16357 = ORIENTED_EDGE('',*,*,#14440,.T.);
#16358 = ORIENTED_EDGE('',*,*,#16359,.T.);
#16359 = EDGE_CURVE('',#14433,#13208,#16360,.T.);
#16360 = LINE('',#16361,#16362);
#16361 = CARTESIAN_POINT('',(27.3,119.8,-55.));
#16362 = VECTOR('',#16363,1.);
#16363 = DIRECTION('',(0.,0.,1.));
#16364 = ORIENTED_EDGE('',*,*,#13215,.F.);
#16365 = CYLINDRICAL_SURFACE('',#16366,1.2);
#16366 = AXIS2_PLACEMENT_3D('',#16367,#16368,#16369);
#16367 = CARTESIAN_POINT('',(27.3,118.6,-55.));
#16368 = DIRECTION('',(0.,0.,1.));
#16369 = DIRECTION('',(1.,0.,0.));
#16370 = ADVANCED_FACE('',(#16371),#16382,.F.);
#16371 = FACE_BOUND('',#16372,.F.);
#16372 = EDGE_LOOP('',(#16373,#16374,#16380,#16381));
#16373 = ORIENTED_EDGE('',*,*,#14432,.T.);
#16374 = ORIENTED_EDGE('',*,*,#16375,.T.);
#16375 = EDGE_CURVE('',#14424,#13199,#16376,.T.);
#16376 = LINE('',#16377,#16378);
#16377 = CARTESIAN_POINT('',(9.7,119.8,-55.));
#16378 = VECTOR('',#16379,1.);
#16379 = DIRECTION('',(0.,0.,1.));
#16380 = ORIENTED_EDGE('',*,*,#13207,.F.);
#16381 = ORIENTED_EDGE('',*,*,#16359,.F.);
#16382 = PLANE('',#16383);
#16383 = AXIS2_PLACEMENT_3D('',#16384,#16385,#16386);
#16384 = CARTESIAN_POINT('',(8.5,119.8,-55.));
#16385 = DIRECTION('',(0.,1.,0.));
#16386 = DIRECTION('',(0.,0.,1.));
#16387 = ADVANCED_FACE('',(#16388),#16399,.F.);
#16388 = FACE_BOUND('',#16389,.T.);
#16389 = EDGE_LOOP('',(#16390,#16396,#16397,#16398));
#16390 = ORIENTED_EDGE('',*,*,#16391,.F.);
#16391 = EDGE_CURVE('',#14416,#13191,#16392,.T.);
#16392 = LINE('',#16393,#16394);
#16393 = CARTESIAN_POINT('',(8.5,118.6,-55.));
#16394 = VECTOR('',#16395,1.);
#16395 = DIRECTION('',(0.,0.,1.));
#16396 = ORIENTED_EDGE('',*,*,#14423,.F.);
#16397 = ORIENTED_EDGE('',*,*,#16375,.T.);
#16398 = ORIENTED_EDGE('',*,*,#13198,.T.);
#16399 = CYLINDRICAL_SURFACE('',#16400,1.2);
#16400 = AXIS2_PLACEMENT_3D('',#16401,#16402,#16403);
#16401 = CARTESIAN_POINT('',(9.7,118.6,-55.));
#16402 = DIRECTION('',(0.,0.,1.));
#16403 = DIRECTION('',(-1.,0.,0.));
#16404 = ADVANCED_FACE('',(#16405),#16411,.T.);
#16405 = FACE_BOUND('',#16406,.T.);
#16406 = EDGE_LOOP('',(#16407,#16408,#16409,#16410));
#16407 = ORIENTED_EDGE('',*,*,#13190,.F.);
#16408 = ORIENTED_EDGE('',*,*,#16284,.F.);
#16409 = ORIENTED_EDGE('',*,*,#14415,.T.);
#16410 = ORIENTED_EDGE('',*,*,#16391,.T.);
#16411 = PLANE('',#16412);
#16412 = AXIS2_PLACEMENT_3D('',#16413,#16414,#16415);
#16413 = CARTESIAN_POINT('',(8.5,117.,-55.));
#16414 = DIRECTION('',(1.,0.,0.));
#16415 = DIRECTION('',(0.,0.,1.));
#16416 = ADVANCED_FACE('',(#16417),#16433,.F.);
#16417 = FACE_BOUND('',#16418,.F.);
#16418 = EDGE_LOOP('',(#16419,#16425,#16426,#16432));
#16419 = ORIENTED_EDGE('',*,*,#16420,.F.);
#16420 = EDGE_CURVE('',#14475,#13250,#16421,.T.);
#16421 = LINE('',#16422,#16423);
#16422 = CARTESIAN_POINT('',(8.5,124.2,-55.));
#16423 = VECTOR('',#16424,1.);
#16424 = DIRECTION('',(0.,0.,1.));
#16425 = ORIENTED_EDGE('',*,*,#14474,.T.);
#16426 = ORIENTED_EDGE('',*,*,#16427,.T.);
#16427 = EDGE_CURVE('',#14477,#13252,#16428,.T.);
#16428 = LINE('',#16429,#16430);
#16429 = CARTESIAN_POINT('',(9.7,123.,-55.));
#16430 = VECTOR('',#16431,1.);
#16431 = DIRECTION('',(0.,0.,1.));
#16432 = ORIENTED_EDGE('',*,*,#13249,.F.);
#16433 = CYLINDRICAL_SURFACE('',#16434,1.2);
#16434 = AXIS2_PLACEMENT_3D('',#16435,#16436,#16437);
#16435 = CARTESIAN_POINT('',(9.7,124.2,-55.));
#16436 = DIRECTION('',(0.,0.,1.));
#16437 = DIRECTION('',(-1.,0.,0.));
#16438 = ADVANCED_FACE('',(#16439),#16450,.T.);
#16439 = FACE_BOUND('',#16440,.T.);
#16440 = EDGE_LOOP('',(#16441,#16442,#16443,#16444));
#16441 = ORIENTED_EDGE('',*,*,#14536,.T.);
#16442 = ORIENTED_EDGE('',*,*,#16427,.T.);
#16443 = ORIENTED_EDGE('',*,*,#13311,.F.);
#16444 = ORIENTED_EDGE('',*,*,#16445,.F.);
#16445 = EDGE_CURVE('',#14528,#13303,#16446,.T.);
#16446 = LINE('',#16447,#16448);
#16447 = CARTESIAN_POINT('',(27.3,123.,-55.));
#16448 = VECTOR('',#16449,1.);
#16449 = DIRECTION('',(0.,0.,1.));
#16450 = PLANE('',#16451);
#16451 = AXIS2_PLACEMENT_3D('',#16452,#16453,#16454);
#16452 = CARTESIAN_POINT('',(8.5,123.,-55.));
#16453 = DIRECTION('',(0.,1.,0.));
#16454 = DIRECTION('',(0.,0.,1.));
#16455 = ADVANCED_FACE('',(#16456),#16467,.F.);
#16456 = FACE_BOUND('',#16457,.T.);
#16457 = EDGE_LOOP('',(#16458,#16464,#16465,#16466));
#16458 = ORIENTED_EDGE('',*,*,#16459,.F.);
#16459 = EDGE_CURVE('',#14520,#13295,#16460,.T.);
#16460 = LINE('',#16461,#16462);
#16461 = CARTESIAN_POINT('',(28.5,124.2,-55.));
#16462 = VECTOR('',#16463,1.);
#16463 = DIRECTION('',(0.,0.,1.));
#16464 = ORIENTED_EDGE('',*,*,#14527,.F.);
#16465 = ORIENTED_EDGE('',*,*,#16445,.T.);
#16466 = ORIENTED_EDGE('',*,*,#13302,.T.);
#16467 = CYLINDRICAL_SURFACE('',#16468,1.2);
#16468 = AXIS2_PLACEMENT_3D('',#16469,#16470,#16471);
#16469 = CARTESIAN_POINT('',(27.3,124.2,-55.));
#16470 = DIRECTION('',(0.,0.,1.));
#16471 = DIRECTION('',(1.,0.,0.));
#16472 = ADVANCED_FACE('',(#16473),#16484,.F.);
#16473 = FACE_BOUND('',#16474,.F.);
#16474 = EDGE_LOOP('',(#16475,#16476,#16477,#16478));
#16475 = ORIENTED_EDGE('',*,*,#13294,.F.);
#16476 = ORIENTED_EDGE('',*,*,#16459,.F.);
#16477 = ORIENTED_EDGE('',*,*,#14519,.T.);
#16478 = ORIENTED_EDGE('',*,*,#16479,.T.);
#16479 = EDGE_CURVE('',#14511,#13286,#16480,.T.);
#16480 = LINE('',#16481,#16482);
#16481 = CARTESIAN_POINT('',(28.5,124.6,-55.));
#16482 = VECTOR('',#16483,1.);
#16483 = DIRECTION('',(0.,0.,1.));
#16484 = PLANE('',#16485);
#16485 = AXIS2_PLACEMENT_3D('',#16486,#16487,#16488);
#16486 = CARTESIAN_POINT('',(28.5,123.,-55.));
#16487 = DIRECTION('',(1.,0.,0.));
#16488 = DIRECTION('',(0.,0.,1.));
#16489 = ADVANCED_FACE('',(#16490),#16501,.F.);
#16490 = FACE_BOUND('',#16491,.F.);
#16491 = EDGE_LOOP('',(#16492,#16493,#16494,#16500));
#16492 = ORIENTED_EDGE('',*,*,#16479,.F.);
#16493 = ORIENTED_EDGE('',*,*,#14510,.T.);
#16494 = ORIENTED_EDGE('',*,*,#16495,.T.);
#16495 = EDGE_CURVE('',#14503,#13278,#16496,.T.);
#16496 = LINE('',#16497,#16498);
#16497 = CARTESIAN_POINT('',(27.3,125.8,-55.));
#16498 = VECTOR('',#16499,1.);
#16499 = DIRECTION('',(0.,0.,1.));
#16500 = ORIENTED_EDGE('',*,*,#13285,.F.);
#16501 = CYLINDRICAL_SURFACE('',#16502,1.2);
#16502 = AXIS2_PLACEMENT_3D('',#16503,#16504,#16505);
#16503 = CARTESIAN_POINT('',(27.3,124.6,-55.));
#16504 = DIRECTION('',(0.,0.,1.));
#16505 = DIRECTION('',(1.,0.,0.));
#16506 = ADVANCED_FACE('',(#16507),#16518,.F.);
#16507 = FACE_BOUND('',#16508,.F.);
#16508 = EDGE_LOOP('',(#16509,#16510,#16516,#16517));
#16509 = ORIENTED_EDGE('',*,*,#14502,.T.);
#16510 = ORIENTED_EDGE('',*,*,#16511,.T.);
#16511 = EDGE_CURVE('',#14494,#13269,#16512,.T.);
#16512 = LINE('',#16513,#16514);
#16513 = CARTESIAN_POINT('',(9.7,125.8,-55.));
#16514 = VECTOR('',#16515,1.);
#16515 = DIRECTION('',(0.,0.,1.));
#16516 = ORIENTED_EDGE('',*,*,#13277,.F.);
#16517 = ORIENTED_EDGE('',*,*,#16495,.F.);
#16518 = PLANE('',#16519);
#16519 = AXIS2_PLACEMENT_3D('',#16520,#16521,#16522);
#16520 = CARTESIAN_POINT('',(8.5,125.8,-55.));
#16521 = DIRECTION('',(0.,1.,0.));
#16522 = DIRECTION('',(0.,0.,1.));
#16523 = ADVANCED_FACE('',(#16524),#16535,.F.);
#16524 = FACE_BOUND('',#16525,.T.);
#16525 = EDGE_LOOP('',(#16526,#16532,#16533,#16534));
#16526 = ORIENTED_EDGE('',*,*,#16527,.F.);
#16527 = EDGE_CURVE('',#14486,#13261,#16528,.T.);
#16528 = LINE('',#16529,#16530);
#16529 = CARTESIAN_POINT('',(8.5,124.6,-55.));
#16530 = VECTOR('',#16531,1.);
#16531 = DIRECTION('',(0.,0.,1.));
#16532 = ORIENTED_EDGE('',*,*,#14493,.F.);
#16533 = ORIENTED_EDGE('',*,*,#16511,.T.);
#16534 = ORIENTED_EDGE('',*,*,#13268,.T.);
#16535 = CYLINDRICAL_SURFACE('',#16536,1.2);
#16536 = AXIS2_PLACEMENT_3D('',#16537,#16538,#16539);
#16537 = CARTESIAN_POINT('',(9.7,124.6,-55.));
#16538 = DIRECTION('',(0.,0.,1.));
#16539 = DIRECTION('',(-1.,0.,0.));
#16540 = ADVANCED_FACE('',(#16541),#16547,.T.);
#16541 = FACE_BOUND('',#16542,.T.);
#16542 = EDGE_LOOP('',(#16543,#16544,#16545,#16546));
#16543 = ORIENTED_EDGE('',*,*,#13260,.F.);
#16544 = ORIENTED_EDGE('',*,*,#16420,.F.);
#16545 = ORIENTED_EDGE('',*,*,#14485,.T.);
#16546 = ORIENTED_EDGE('',*,*,#16527,.T.);
#16547 = PLANE('',#16548);
#16548 = AXIS2_PLACEMENT_3D('',#16549,#16550,#16551);
#16549 = CARTESIAN_POINT('',(8.5,123.,-55.));
#16550 = DIRECTION('',(1.,0.,0.));
#16551 = DIRECTION('',(0.,0.,1.));
#16552 = ADVANCED_FACE('',(#16553),#16569,.F.);
#16553 = FACE_BOUND('',#16554,.F.);
#16554 = EDGE_LOOP('',(#16555,#16561,#16562,#16568));
#16555 = ORIENTED_EDGE('',*,*,#16556,.F.);
#16556 = EDGE_CURVE('',#14545,#13320,#16557,.T.);
#16557 = LINE('',#16558,#16559);
#16558 = CARTESIAN_POINT('',(8.5,130.2,-55.));
#16559 = VECTOR('',#16560,1.);
#16560 = DIRECTION('',(0.,0.,1.));
#16561 = ORIENTED_EDGE('',*,*,#14544,.T.);
#16562 = ORIENTED_EDGE('',*,*,#16563,.T.);
#16563 = EDGE_CURVE('',#14547,#13322,#16564,.T.);
#16564 = LINE('',#16565,#16566);
#16565 = CARTESIAN_POINT('',(9.7,129.,-55.));
#16566 = VECTOR('',#16567,1.);
#16567 = DIRECTION('',(0.,0.,1.));
#16568 = ORIENTED_EDGE('',*,*,#13319,.F.);
#16569 = CYLINDRICAL_SURFACE('',#16570,1.2);
#16570 = AXIS2_PLACEMENT_3D('',#16571,#16572,#16573);
#16571 = CARTESIAN_POINT('',(9.7,130.2,-55.));
#16572 = DIRECTION('',(0.,0.,1.));
#16573 = DIRECTION('',(-1.,0.,0.));
#16574 = ADVANCED_FACE('',(#16575),#16586,.T.);
#16575 = FACE_BOUND('',#16576,.T.);
#16576 = EDGE_LOOP('',(#16577,#16578,#16579,#16580));
#16577 = ORIENTED_EDGE('',*,*,#14606,.T.);
#16578 = ORIENTED_EDGE('',*,*,#16563,.T.);
#16579 = ORIENTED_EDGE('',*,*,#13381,.F.);
#16580 = ORIENTED_EDGE('',*,*,#16581,.F.);
#16581 = EDGE_CURVE('',#14598,#13373,#16582,.T.);
#16582 = LINE('',#16583,#16584);
#16583 = CARTESIAN_POINT('',(27.3,129.,-55.));
#16584 = VECTOR('',#16585,1.);
#16585 = DIRECTION('',(0.,0.,1.));
#16586 = PLANE('',#16587);
#16587 = AXIS2_PLACEMENT_3D('',#16588,#16589,#16590);
#16588 = CARTESIAN_POINT('',(8.5,129.,-55.));
#16589 = DIRECTION('',(0.,1.,0.));
#16590 = DIRECTION('',(0.,0.,1.));
#16591 = ADVANCED_FACE('',(#16592),#16603,.F.);
#16592 = FACE_BOUND('',#16593,.T.);
#16593 = EDGE_LOOP('',(#16594,#16600,#16601,#16602));
#16594 = ORIENTED_EDGE('',*,*,#16595,.F.);
#16595 = EDGE_CURVE('',#14590,#13365,#16596,.T.);
#16596 = LINE('',#16597,#16598);
#16597 = CARTESIAN_POINT('',(28.5,130.2,-55.));
#16598 = VECTOR('',#16599,1.);
#16599 = DIRECTION('',(0.,0.,1.));
#16600 = ORIENTED_EDGE('',*,*,#14597,.F.);
#16601 = ORIENTED_EDGE('',*,*,#16581,.T.);
#16602 = ORIENTED_EDGE('',*,*,#13372,.T.);
#16603 = CYLINDRICAL_SURFACE('',#16604,1.2);
#16604 = AXIS2_PLACEMENT_3D('',#16605,#16606,#16607);
#16605 = CARTESIAN_POINT('',(27.3,130.2,-55.));
#16606 = DIRECTION('',(0.,0.,1.));
#16607 = DIRECTION('',(1.,0.,0.));
#16608 = ADVANCED_FACE('',(#16609),#16620,.F.);
#16609 = FACE_BOUND('',#16610,.F.);
#16610 = EDGE_LOOP('',(#16611,#16612,#16613,#16614));
#16611 = ORIENTED_EDGE('',*,*,#13364,.F.);
#16612 = ORIENTED_EDGE('',*,*,#16595,.F.);
#16613 = ORIENTED_EDGE('',*,*,#14589,.T.);
#16614 = ORIENTED_EDGE('',*,*,#16615,.T.);
#16615 = EDGE_CURVE('',#14581,#13356,#16616,.T.);
#16616 = LINE('',#16617,#16618);
#16617 = CARTESIAN_POINT('',(28.5,130.6,-55.));
#16618 = VECTOR('',#16619,1.);
#16619 = DIRECTION('',(0.,0.,1.));
#16620 = PLANE('',#16621);
#16621 = AXIS2_PLACEMENT_3D('',#16622,#16623,#16624);
#16622 = CARTESIAN_POINT('',(28.5,129.,-55.));
#16623 = DIRECTION('',(1.,0.,0.));
#16624 = DIRECTION('',(0.,0.,1.));
#16625 = ADVANCED_FACE('',(#16626),#16637,.F.);
#16626 = FACE_BOUND('',#16627,.F.);
#16627 = EDGE_LOOP('',(#16628,#16629,#16630,#16636));
#16628 = ORIENTED_EDGE('',*,*,#16615,.F.);
#16629 = ORIENTED_EDGE('',*,*,#14580,.T.);
#16630 = ORIENTED_EDGE('',*,*,#16631,.T.);
#16631 = EDGE_CURVE('',#14573,#13348,#16632,.T.);
#16632 = LINE('',#16633,#16634);
#16633 = CARTESIAN_POINT('',(27.3,131.8,-55.));
#16634 = VECTOR('',#16635,1.);
#16635 = DIRECTION('',(0.,0.,1.));
#16636 = ORIENTED_EDGE('',*,*,#13355,.F.);
#16637 = CYLINDRICAL_SURFACE('',#16638,1.2);
#16638 = AXIS2_PLACEMENT_3D('',#16639,#16640,#16641);
#16639 = CARTESIAN_POINT('',(27.3,130.6,-55.));
#16640 = DIRECTION('',(0.,0.,1.));
#16641 = DIRECTION('',(1.,0.,0.));
#16642 = ADVANCED_FACE('',(#16643),#16654,.F.);
#16643 = FACE_BOUND('',#16644,.F.);
#16644 = EDGE_LOOP('',(#16645,#16646,#16652,#16653));
#16645 = ORIENTED_EDGE('',*,*,#14572,.T.);
#16646 = ORIENTED_EDGE('',*,*,#16647,.T.);
#16647 = EDGE_CURVE('',#14564,#13339,#16648,.T.);
#16648 = LINE('',#16649,#16650);
#16649 = CARTESIAN_POINT('',(9.7,131.8,-55.));
#16650 = VECTOR('',#16651,1.);
#16651 = DIRECTION('',(0.,0.,1.));
#16652 = ORIENTED_EDGE('',*,*,#13347,.F.);
#16653 = ORIENTED_EDGE('',*,*,#16631,.F.);
#16654 = PLANE('',#16655);
#16655 = AXIS2_PLACEMENT_3D('',#16656,#16657,#16658);
#16656 = CARTESIAN_POINT('',(8.5,131.8,-55.));
#16657 = DIRECTION('',(0.,1.,0.));
#16658 = DIRECTION('',(0.,0.,1.));
#16659 = ADVANCED_FACE('',(#16660),#16671,.F.);
#16660 = FACE_BOUND('',#16661,.T.);
#16661 = EDGE_LOOP('',(#16662,#16668,#16669,#16670));
#16662 = ORIENTED_EDGE('',*,*,#16663,.F.);
#16663 = EDGE_CURVE('',#14556,#13331,#16664,.T.);
#16664 = LINE('',#16665,#16666);
#16665 = CARTESIAN_POINT('',(8.5,130.6,-55.));
#16666 = VECTOR('',#16667,1.);
#16667 = DIRECTION('',(0.,0.,1.));
#16668 = ORIENTED_EDGE('',*,*,#14563,.F.);
#16669 = ORIENTED_EDGE('',*,*,#16647,.T.);
#16670 = ORIENTED_EDGE('',*,*,#13338,.T.);
#16671 = CYLINDRICAL_SURFACE('',#16672,1.2);
#16672 = AXIS2_PLACEMENT_3D('',#16673,#16674,#16675);
#16673 = CARTESIAN_POINT('',(9.7,130.6,-55.));
#16674 = DIRECTION('',(0.,0.,1.));
#16675 = DIRECTION('',(-1.,0.,0.));
#16676 = ADVANCED_FACE('',(#16677),#16683,.T.);
#16677 = FACE_BOUND('',#16678,.T.);
#16678 = EDGE_LOOP('',(#16679,#16680,#16681,#16682));
#16679 = ORIENTED_EDGE('',*,*,#13330,.F.);
#16680 = ORIENTED_EDGE('',*,*,#16556,.F.);
#16681 = ORIENTED_EDGE('',*,*,#14555,.T.);
#16682 = ORIENTED_EDGE('',*,*,#16663,.T.);
#16683 = PLANE('',#16684);
#16684 = AXIS2_PLACEMENT_3D('',#16685,#16686,#16687);
#16685 = CARTESIAN_POINT('',(8.5,129.,-55.));
#16686 = DIRECTION('',(1.,0.,0.));
#16687 = DIRECTION('',(0.,0.,1.));
#16688 = ADVANCED_FACE('',(#16689),#16705,.F.);
#16689 = FACE_BOUND('',#16690,.F.);
#16690 = EDGE_LOOP('',(#16691,#16697,#16698,#16704));
#16691 = ORIENTED_EDGE('',*,*,#16692,.F.);
#16692 = EDGE_CURVE('',#14615,#13390,#16693,.T.);
#16693 = LINE('',#16694,#16695);
#16694 = CARTESIAN_POINT('',(8.5,136.2,-55.));
#16695 = VECTOR('',#16696,1.);
#16696 = DIRECTION('',(0.,0.,1.));
#16697 = ORIENTED_EDGE('',*,*,#14614,.T.);
#16698 = ORIENTED_EDGE('',*,*,#16699,.T.);
#16699 = EDGE_CURVE('',#14617,#13392,#16700,.T.);
#16700 = LINE('',#16701,#16702);
#16701 = CARTESIAN_POINT('',(9.7,135.,-55.));
#16702 = VECTOR('',#16703,1.);
#16703 = DIRECTION('',(0.,0.,1.));
#16704 = ORIENTED_EDGE('',*,*,#13389,.F.);
#16705 = CYLINDRICAL_SURFACE('',#16706,1.2);
#16706 = AXIS2_PLACEMENT_3D('',#16707,#16708,#16709);
#16707 = CARTESIAN_POINT('',(9.7,136.2,-55.));
#16708 = DIRECTION('',(0.,0.,1.));
#16709 = DIRECTION('',(-1.,0.,0.));
#16710 = ADVANCED_FACE('',(#16711),#16722,.T.);
#16711 = FACE_BOUND('',#16712,.T.);
#16712 = EDGE_LOOP('',(#16713,#16714,#16715,#16716));
#16713 = ORIENTED_EDGE('',*,*,#14676,.T.);
#16714 = ORIENTED_EDGE('',*,*,#16699,.T.);
#16715 = ORIENTED_EDGE('',*,*,#13451,.F.);
#16716 = ORIENTED_EDGE('',*,*,#16717,.F.);
#16717 = EDGE_CURVE('',#14668,#13443,#16718,.T.);
#16718 = LINE('',#16719,#16720);
#16719 = CARTESIAN_POINT('',(27.3,135.,-55.));
#16720 = VECTOR('',#16721,1.);
#16721 = DIRECTION('',(0.,0.,1.));
#16722 = PLANE('',#16723);
#16723 = AXIS2_PLACEMENT_3D('',#16724,#16725,#16726);
#16724 = CARTESIAN_POINT('',(8.5,135.,-55.));
#16725 = DIRECTION('',(0.,1.,0.));
#16726 = DIRECTION('',(0.,0.,1.));
#16727 = ADVANCED_FACE('',(#16728),#16739,.F.);
#16728 = FACE_BOUND('',#16729,.T.);
#16729 = EDGE_LOOP('',(#16730,#16736,#16737,#16738));
#16730 = ORIENTED_EDGE('',*,*,#16731,.F.);
#16731 = EDGE_CURVE('',#14660,#13435,#16732,.T.);
#16732 = LINE('',#16733,#16734);
#16733 = CARTESIAN_POINT('',(28.5,136.2,-55.));
#16734 = VECTOR('',#16735,1.);
#16735 = DIRECTION('',(0.,0.,1.));
#16736 = ORIENTED_EDGE('',*,*,#14667,.F.);
#16737 = ORIENTED_EDGE('',*,*,#16717,.T.);
#16738 = ORIENTED_EDGE('',*,*,#13442,.T.);
#16739 = CYLINDRICAL_SURFACE('',#16740,1.2);
#16740 = AXIS2_PLACEMENT_3D('',#16741,#16742,#16743);
#16741 = CARTESIAN_POINT('',(27.3,136.2,-55.));
#16742 = DIRECTION('',(0.,0.,1.));
#16743 = DIRECTION('',(1.,0.,0.));
#16744 = ADVANCED_FACE('',(#16745),#16756,.F.);
#16745 = FACE_BOUND('',#16746,.F.);
#16746 = EDGE_LOOP('',(#16747,#16748,#16749,#16750));
#16747 = ORIENTED_EDGE('',*,*,#13434,.F.);
#16748 = ORIENTED_EDGE('',*,*,#16731,.F.);
#16749 = ORIENTED_EDGE('',*,*,#14659,.T.);
#16750 = ORIENTED_EDGE('',*,*,#16751,.T.);
#16751 = EDGE_CURVE('',#14651,#13426,#16752,.T.);
#16752 = LINE('',#16753,#16754);
#16753 = CARTESIAN_POINT('',(28.5,136.6,-55.));
#16754 = VECTOR('',#16755,1.);
#16755 = DIRECTION('',(0.,0.,1.));
#16756 = PLANE('',#16757);
#16757 = AXIS2_PLACEMENT_3D('',#16758,#16759,#16760);
#16758 = CARTESIAN_POINT('',(28.5,135.,-55.));
#16759 = DIRECTION('',(1.,0.,0.));
#16760 = DIRECTION('',(0.,0.,1.));
#16761 = ADVANCED_FACE('',(#16762),#16773,.F.);
#16762 = FACE_BOUND('',#16763,.F.);
#16763 = EDGE_LOOP('',(#16764,#16765,#16766,#16772));
#16764 = ORIENTED_EDGE('',*,*,#16751,.F.);
#16765 = ORIENTED_EDGE('',*,*,#14650,.T.);
#16766 = ORIENTED_EDGE('',*,*,#16767,.T.);
#16767 = EDGE_CURVE('',#14643,#13418,#16768,.T.);
#16768 = LINE('',#16769,#16770);
#16769 = CARTESIAN_POINT('',(27.3,137.8,-55.));
#16770 = VECTOR('',#16771,1.);
#16771 = DIRECTION('',(0.,0.,1.));
#16772 = ORIENTED_EDGE('',*,*,#13425,.F.);
#16773 = CYLINDRICAL_SURFACE('',#16774,1.2);
#16774 = AXIS2_PLACEMENT_3D('',#16775,#16776,#16777);
#16775 = CARTESIAN_POINT('',(27.3,136.6,-55.));
#16776 = DIRECTION('',(0.,0.,1.));
#16777 = DIRECTION('',(1.,0.,0.));
#16778 = ADVANCED_FACE('',(#16779),#16790,.F.);
#16779 = FACE_BOUND('',#16780,.F.);
#16780 = EDGE_LOOP('',(#16781,#16782,#16788,#16789));
#16781 = ORIENTED_EDGE('',*,*,#14642,.T.);
#16782 = ORIENTED_EDGE('',*,*,#16783,.T.);
#16783 = EDGE_CURVE('',#14634,#13409,#16784,.T.);
#16784 = LINE('',#16785,#16786);
#16785 = CARTESIAN_POINT('',(9.7,137.8,-55.));
#16786 = VECTOR('',#16787,1.);
#16787 = DIRECTION('',(0.,0.,1.));
#16788 = ORIENTED_EDGE('',*,*,#13417,.F.);
#16789 = ORIENTED_EDGE('',*,*,#16767,.F.);
#16790 = PLANE('',#16791);
#16791 = AXIS2_PLACEMENT_3D('',#16792,#16793,#16794);
#16792 = CARTESIAN_POINT('',(8.5,137.8,-55.));
#16793 = DIRECTION('',(0.,1.,0.));
#16794 = DIRECTION('',(0.,0.,1.));
#16795 = ADVANCED_FACE('',(#16796),#16807,.F.);
#16796 = FACE_BOUND('',#16797,.T.);
#16797 = EDGE_LOOP('',(#16798,#16804,#16805,#16806));
#16798 = ORIENTED_EDGE('',*,*,#16799,.F.);
#16799 = EDGE_CURVE('',#14626,#13401,#16800,.T.);
#16800 = LINE('',#16801,#16802);
#16801 = CARTESIAN_POINT('',(8.5,136.6,-55.));
#16802 = VECTOR('',#16803,1.);
#16803 = DIRECTION('',(0.,0.,1.));
#16804 = ORIENTED_EDGE('',*,*,#14633,.F.);
#16805 = ORIENTED_EDGE('',*,*,#16783,.T.);
#16806 = ORIENTED_EDGE('',*,*,#13408,.T.);
#16807 = CYLINDRICAL_SURFACE('',#16808,1.2);
#16808 = AXIS2_PLACEMENT_3D('',#16809,#16810,#16811);
#16809 = CARTESIAN_POINT('',(9.7,136.6,-55.));
#16810 = DIRECTION('',(0.,0.,1.));
#16811 = DIRECTION('',(-1.,0.,0.));
#16812 = ADVANCED_FACE('',(#16813),#16819,.T.);
#16813 = FACE_BOUND('',#16814,.T.);
#16814 = EDGE_LOOP('',(#16815,#16816,#16817,#16818));
#16815 = ORIENTED_EDGE('',*,*,#13400,.F.);
#16816 = ORIENTED_EDGE('',*,*,#16692,.F.);
#16817 = ORIENTED_EDGE('',*,*,#14625,.T.);
#16818 = ORIENTED_EDGE('',*,*,#16799,.T.);
#16819 = PLANE('',#16820);
#16820 = AXIS2_PLACEMENT_3D('',#16821,#16822,#16823);
#16821 = CARTESIAN_POINT('',(8.5,135.,-55.));
#16822 = DIRECTION('',(1.,0.,0.));
#16823 = DIRECTION('',(0.,0.,1.));
#16824 = ADVANCED_FACE('',(#16825),#16844,.F.);
#16825 = FACE_BOUND('',#16826,.F.);
#16826 = EDGE_LOOP('',(#16827,#16828,#16836,#16843));
#16827 = ORIENTED_EDGE('',*,*,#13459,.F.);
#16828 = ORIENTED_EDGE('',*,*,#16829,.F.);
#16829 = EDGE_CURVE('',#16830,#13460,#16832,.T.);
#16830 = VERTEX_POINT('',#16831);
#16831 = CARTESIAN_POINT('',(34.2,143.9,-57.1));
#16832 = LINE('',#16833,#16834);
#16833 = CARTESIAN_POINT('',(34.2,143.9,-61.));
#16834 = VECTOR('',#16835,1.);
#16835 = DIRECTION('',(0.,0.,1.));
#16836 = ORIENTED_EDGE('',*,*,#16837,.T.);
#16837 = EDGE_CURVE('',#16830,#16830,#16838,.T.);
#16838 = CIRCLE('',#16839,1.7);
#16839 = AXIS2_PLACEMENT_3D('',#16840,#16841,#16842);
#16840 = CARTESIAN_POINT('',(32.5,143.9,-57.1));
#16841 = DIRECTION('',(0.,0.,1.));
#16842 = DIRECTION('',(1.,0.,0.));
#16843 = ORIENTED_EDGE('',*,*,#16829,.T.);
#16844 = CYLINDRICAL_SURFACE('',#16845,1.7);
#16845 = AXIS2_PLACEMENT_3D('',#16846,#16847,#16848);
#16846 = CARTESIAN_POINT('',(32.5,143.9,-61.));
#16847 = DIRECTION('',(0.,0.,1.));
#16848 = DIRECTION('',(1.,0.,0.));
#16849 = ADVANCED_FACE('',(#16850),#16860,.T.);
#16850 = FACE_BOUND('',#16851,.T.);
#16851 = EDGE_LOOP('',(#16852,#16853));
#16852 = ORIENTED_EDGE('',*,*,#13485,.F.);
#16853 = ORIENTED_EDGE('',*,*,#16854,.T.);
#16854 = EDGE_CURVE('',#13477,#13486,#16855,.T.);
#16855 = CIRCLE('',#16856,6.);
#16856 = AXIS2_PLACEMENT_3D('',#16857,#16858,#16859);
#16857 = CARTESIAN_POINT('',(-32.5,1.5,-53.5));
#16858 = DIRECTION('',(0.,0.,1.));
#16859 = DIRECTION('',(1.,0.,0.));
#16860 = PLANE('',#16861);
#16861 = AXIS2_PLACEMENT_3D('',#16862,#16863,#16864);
#16862 = CARTESIAN_POINT('',(-32.5,1.5,-53.5));
#16863 = DIRECTION('',(0.,0.,1.));
#16864 = DIRECTION('',(1.,0.,0.));
#16865 = ADVANCED_FACE('',(#16866),#16876,.T.);
#16866 = FACE_BOUND('',#16867,.T.);
#16867 = EDGE_LOOP('',(#16868,#16869));
#16868 = ORIENTED_EDGE('',*,*,#13528,.T.);
#16869 = ORIENTED_EDGE('',*,*,#16870,.T.);
#16870 = EDGE_CURVE('',#13529,#13520,#16871,.T.);
#16871 = CIRCLE('',#16872,6.);
#16872 = AXIS2_PLACEMENT_3D('',#16873,#16874,#16875);
#16873 = CARTESIAN_POINT('',(-32.5,143.9,-53.5));
#16874 = DIRECTION('',(0.,0.,1.));
#16875 = DIRECTION('',(1.,0.,0.));
#16876 = PLANE('',#16877);
#16877 = AXIS2_PLACEMENT_3D('',#16878,#16879,#16880);
#16878 = CARTESIAN_POINT('',(-32.5,143.9,-53.5));
#16879 = DIRECTION('',(0.,0.,1.));
#16880 = DIRECTION('',(1.,0.,0.));
#16881 = ADVANCED_FACE('',(#16882),#16913,.T.);
#16882 = FACE_BOUND('',#16883,.T.);
#16883 = EDGE_LOOP('',(#16884,#16893,#16899,#16900,#16901,#16908,#16909,
    #16910,#16911,#16912));
#16884 = ORIENTED_EDGE('',*,*,#16885,.T.);
#16885 = EDGE_CURVE('',#16886,#16886,#16888,.T.);
#16886 = VERTEX_POINT('',#16887);
#16887 = CARTESIAN_POINT('',(-26.5,143.9,-59.5));
#16888 = CIRCLE('',#16889,6.);
#16889 = AXIS2_PLACEMENT_3D('',#16890,#16891,#16892);
#16890 = CARTESIAN_POINT('',(-32.5,143.9,-59.5));
#16891 = DIRECTION('',(0.,0.,1.));
#16892 = DIRECTION('',(1.,0.,0.));
#16893 = ORIENTED_EDGE('',*,*,#16894,.T.);
#16894 = EDGE_CURVE('',#16886,#13677,#16895,.T.);
#16895 = LINE('',#16896,#16897);
#16896 = CARTESIAN_POINT('',(-26.5,143.9,-59.5));
#16897 = VECTOR('',#16898,1.);
#16898 = DIRECTION('',(0.,0.,1.));
#16899 = ORIENTED_EDGE('',*,*,#13685,.F.);
#16900 = ORIENTED_EDGE('',*,*,#15675,.F.);
#16901 = ORIENTED_EDGE('',*,*,#16902,.F.);
#16902 = EDGE_CURVE('',#15718,#15659,#16903,.T.);
#16903 = CIRCLE('',#16904,6.);
#16904 = AXIS2_PLACEMENT_3D('',#16905,#16906,#16907);
#16905 = CARTESIAN_POINT('',(-32.5,143.9,-55.));
#16906 = DIRECTION('',(0.,0.,1.));
#16907 = DIRECTION('',(1.,0.,0.));
#16908 = ORIENTED_EDGE('',*,*,#15717,.T.);
#16909 = ORIENTED_EDGE('',*,*,#13753,.F.);
#16910 = ORIENTED_EDGE('',*,*,#16870,.F.);
#16911 = ORIENTED_EDGE('',*,*,#13676,.F.);
#16912 = ORIENTED_EDGE('',*,*,#16894,.F.);
#16913 = CYLINDRICAL_SURFACE('',#16914,6.);
#16914 = AXIS2_PLACEMENT_3D('',#16915,#16916,#16917);
#16915 = CARTESIAN_POINT('',(-32.5,143.9,-59.5));
#16916 = DIRECTION('',(0.,0.,1.));
#16917 = DIRECTION('',(1.,0.,0.));
#16918 = ADVANCED_FACE('',(#16919),#16946,.T.);
#16919 = FACE_BOUND('',#16920,.T.);
#16920 = EDGE_LOOP('',(#16921,#16929,#16930,#16937,#16938,#16939));
#16921 = ORIENTED_EDGE('',*,*,#16922,.T.);
#16922 = EDGE_CURVE('',#16923,#13643,#16925,.T.);
#16923 = VERTEX_POINT('',#16924);
#16924 = CARTESIAN_POINT('',(38.5,143.9,-59.5));
#16925 = LINE('',#16926,#16927);
#16926 = CARTESIAN_POINT('',(38.5,143.9,-59.5));
#16927 = VECTOR('',#16928,1.);
#16928 = DIRECTION('',(0.,0.,1.));
#16929 = ORIENTED_EDGE('',*,*,#13651,.F.);
#16930 = ORIENTED_EDGE('',*,*,#16931,.F.);
#16931 = EDGE_CURVE('',#13634,#13652,#16932,.T.);
#16932 = CIRCLE('',#16933,6.);
#16933 = AXIS2_PLACEMENT_3D('',#16934,#16935,#16936);
#16934 = CARTESIAN_POINT('',(32.5,143.9,-53.5));
#16935 = DIRECTION('',(0.,0.,1.));
#16936 = DIRECTION('',(1.,0.,0.));
#16937 = ORIENTED_EDGE('',*,*,#13642,.F.);
#16938 = ORIENTED_EDGE('',*,*,#16922,.F.);
#16939 = ORIENTED_EDGE('',*,*,#16940,.T.);
#16940 = EDGE_CURVE('',#16923,#16923,#16941,.T.);
#16941 = CIRCLE('',#16942,6.);
#16942 = AXIS2_PLACEMENT_3D('',#16943,#16944,#16945);
#16943 = CARTESIAN_POINT('',(32.5,143.9,-59.5));
#16944 = DIRECTION('',(0.,0.,1.));
#16945 = DIRECTION('',(1.,0.,0.));
#16946 = CYLINDRICAL_SURFACE('',#16947,6.);
#16947 = AXIS2_PLACEMENT_3D('',#16948,#16949,#16950);
#16948 = CARTESIAN_POINT('',(32.5,143.9,-59.5));
#16949 = DIRECTION('',(0.,0.,1.));
#16950 = DIRECTION('',(1.,0.,0.));
#16951 = ADVANCED_FACE('',(#16952),#16979,.T.);
#16952 = FACE_BOUND('',#16953,.T.);
#16953 = EDGE_LOOP('',(#16954,#16962,#16963,#16970,#16971,#16972));
#16954 = ORIENTED_EDGE('',*,*,#16955,.T.);
#16955 = EDGE_CURVE('',#16956,#13599,#16958,.T.);
#16956 = VERTEX_POINT('',#16957);
#16957 = CARTESIAN_POINT('',(38.5,1.5,-59.5));
#16958 = LINE('',#16959,#16960);
#16959 = CARTESIAN_POINT('',(38.5,1.5,-59.5));
#16960 = VECTOR('',#16961,1.);
#16961 = DIRECTION('',(0.,0.,1.));
#16962 = ORIENTED_EDGE('',*,*,#13607,.F.);
#16963 = ORIENTED_EDGE('',*,*,#16964,.F.);
#16964 = EDGE_CURVE('',#13590,#13608,#16965,.T.);
#16965 = CIRCLE('',#16966,6.);
#16966 = AXIS2_PLACEMENT_3D('',#16967,#16968,#16969);
#16967 = CARTESIAN_POINT('',(32.5,1.5,-53.5));
#16968 = DIRECTION('',(0.,0.,1.));
#16969 = DIRECTION('',(1.,0.,0.));
#16970 = ORIENTED_EDGE('',*,*,#13598,.F.);
#16971 = ORIENTED_EDGE('',*,*,#16955,.F.);
#16972 = ORIENTED_EDGE('',*,*,#16973,.T.);
#16973 = EDGE_CURVE('',#16956,#16956,#16974,.T.);
#16974 = CIRCLE('',#16975,6.);
#16975 = AXIS2_PLACEMENT_3D('',#16976,#16977,#16978);
#16976 = CARTESIAN_POINT('',(32.5,1.5,-59.5));
#16977 = DIRECTION('',(0.,0.,1.));
#16978 = DIRECTION('',(1.,0.,0.));
#16979 = CYLINDRICAL_SURFACE('',#16980,6.);
#16980 = AXIS2_PLACEMENT_3D('',#16981,#16982,#16983);
#16981 = CARTESIAN_POINT('',(32.5,1.5,-59.5));
#16982 = DIRECTION('',(0.,0.,1.));
#16983 = DIRECTION('',(1.,0.,0.));
#16984 = ADVANCED_FACE('',(#16985),#17006,.T.);
#16985 = FACE_BOUND('',#16986,.T.);
#16986 = EDGE_LOOP('',(#16987,#16995,#16996,#16997,#16998,#16999));
#16987 = ORIENTED_EDGE('',*,*,#16988,.T.);
#16988 = EDGE_CURVE('',#16989,#13565,#16991,.T.);
#16989 = VERTEX_POINT('',#16990);
#16990 = CARTESIAN_POINT('',(-26.5,1.5,-59.5));
#16991 = LINE('',#16992,#16993);
#16992 = CARTESIAN_POINT('',(-26.5,1.5,-59.5));
#16993 = VECTOR('',#16994,1.);
#16994 = DIRECTION('',(0.,0.,1.));
#16995 = ORIENTED_EDGE('',*,*,#13573,.F.);
#16996 = ORIENTED_EDGE('',*,*,#16854,.F.);
#16997 = ORIENTED_EDGE('',*,*,#13564,.F.);
#16998 = ORIENTED_EDGE('',*,*,#16988,.F.);
#16999 = ORIENTED_EDGE('',*,*,#17000,.T.);
#17000 = EDGE_CURVE('',#16989,#16989,#17001,.T.);
#17001 = CIRCLE('',#17002,6.);
#17002 = AXIS2_PLACEMENT_3D('',#17003,#17004,#17005);
#17003 = CARTESIAN_POINT('',(-32.5,1.5,-59.5));
#17004 = DIRECTION('',(0.,0.,1.));
#17005 = DIRECTION('',(1.,0.,0.));
#17006 = CYLINDRICAL_SURFACE('',#17007,6.);
#17007 = AXIS2_PLACEMENT_3D('',#17008,#17009,#17010);
#17008 = CARTESIAN_POINT('',(-32.5,1.5,-59.5));
#17009 = DIRECTION('',(0.,0.,1.));
#17010 = DIRECTION('',(1.,0.,0.));
#17011 = ADVANCED_FACE('',(#17012),#17031,.F.);
#17012 = FACE_BOUND('',#17013,.F.);
#17013 = EDGE_LOOP('',(#17014,#17022,#17029,#17030));
#17014 = ORIENTED_EDGE('',*,*,#17015,.T.);
#17015 = EDGE_CURVE('',#13764,#17016,#17018,.T.);
#17016 = VERTEX_POINT('',#17017);
#17017 = CARTESIAN_POINT('',(-7.75,55.,-45.5));
#17018 = LINE('',#17019,#17020);
#17019 = CARTESIAN_POINT('',(-7.75,55.,-54.));
#17020 = VECTOR('',#17021,1.);
#17021 = DIRECTION('',(0.,0.,1.));
#17022 = ORIENTED_EDGE('',*,*,#17023,.F.);
#17023 = EDGE_CURVE('',#17016,#17016,#17024,.T.);
#17024 = CIRCLE('',#17025,4.25);
#17025 = AXIS2_PLACEMENT_3D('',#17026,#17027,#17028);
#17026 = CARTESIAN_POINT('',(-12.,55.,-45.5));
#17027 = DIRECTION('',(0.,0.,1.));
#17028 = DIRECTION('',(1.,0.,0.));
#17029 = ORIENTED_EDGE('',*,*,#17015,.F.);
#17030 = ORIENTED_EDGE('',*,*,#13763,.T.);
#17031 = CYLINDRICAL_SURFACE('',#17032,4.25);
#17032 = AXIS2_PLACEMENT_3D('',#17033,#17034,#17035);
#17033 = CARTESIAN_POINT('',(-12.,55.,-54.));
#17034 = DIRECTION('',(0.,0.,1.));
#17035 = DIRECTION('',(1.,0.,0.));
#17036 = ADVANCED_FACE('',(#17037),#17041,.T.);
#17037 = FACE_BOUND('',#17038,.T.);
#17038 = EDGE_LOOP('',(#17039,#17040));
#17039 = ORIENTED_EDGE('',*,*,#14725,.T.);
#17040 = ORIENTED_EDGE('',*,*,#16964,.T.);
#17041 = PLANE('',#17042);
#17042 = AXIS2_PLACEMENT_3D('',#17043,#17044,#17045);
#17043 = CARTESIAN_POINT('',(32.5,1.5,-53.5));
#17044 = DIRECTION('',(0.,0.,1.));
#17045 = DIRECTION('',(1.,0.,0.));
#17046 = ADVANCED_FACE('',(#17047),#17051,.T.);
#17047 = FACE_BOUND('',#17048,.T.);
#17048 = EDGE_LOOP('',(#17049,#17050));
#17049 = ORIENTED_EDGE('',*,*,#14750,.F.);
#17050 = ORIENTED_EDGE('',*,*,#16931,.T.);
#17051 = PLANE('',#17052);
#17052 = AXIS2_PLACEMENT_3D('',#17053,#17054,#17055);
#17053 = CARTESIAN_POINT('',(32.5,143.9,-53.5));
#17054 = DIRECTION('',(0.,0.,1.));
#17055 = DIRECTION('',(1.,0.,0.));
#17056 = ADVANCED_FACE('',(#17057,#17068),#17071,.F.);
#17057 = FACE_BOUND('',#17058,.F.);
#17058 = EDGE_LOOP('',(#17059));
#17059 = ORIENTED_EDGE('',*,*,#17060,.T.);
#17060 = EDGE_CURVE('',#17061,#17061,#17063,.T.);
#17061 = VERTEX_POINT('',#17062);
#17062 = CARTESIAN_POINT('',(-28.75,1.5,-57.1));
#17063 = CIRCLE('',#17064,3.75);
#17064 = AXIS2_PLACEMENT_3D('',#17065,#17066,#17067);
#17065 = CARTESIAN_POINT('',(-32.5,1.5,-57.1));
#17066 = DIRECTION('',(0.,0.,1.));
#17067 = DIRECTION('',(1.,0.,0.));
#17068 = FACE_BOUND('',#17069,.F.);
#17069 = EDGE_LOOP('',(#17070));
#17070 = ORIENTED_EDGE('',*,*,#14795,.F.);
#17071 = PLANE('',#17072);
#17072 = AXIS2_PLACEMENT_3D('',#17073,#17074,#17075);
#17073 = CARTESIAN_POINT('',(-32.5,1.5,-57.1));
#17074 = DIRECTION('',(0.,0.,1.));
#17075 = DIRECTION('',(1.,0.,0.));
#17076 = ADVANCED_FACE('',(#17077),#17080,.T.);
#17077 = FACE_BOUND('',#17078,.T.);
#17078 = EDGE_LOOP('',(#17079));
#17079 = ORIENTED_EDGE('',*,*,#14811,.T.);
#17080 = PLANE('',#17081);
#17081 = AXIS2_PLACEMENT_3D('',#17082,#17083,#17084);
#17082 = CARTESIAN_POINT('',(-12.,55.,-45.));
#17083 = DIRECTION('',(0.,0.,1.));
#17084 = DIRECTION('',(1.,0.,0.));
#17085 = ADVANCED_FACE('',(#17086,#17097),#17100,.F.);
#17086 = FACE_BOUND('',#17087,.F.);
#17087 = EDGE_LOOP('',(#17088));
#17088 = ORIENTED_EDGE('',*,*,#17089,.T.);
#17089 = EDGE_CURVE('',#17090,#17090,#17092,.T.);
#17090 = VERTEX_POINT('',#17091);
#17091 = CARTESIAN_POINT('',(36.25,1.5,-57.1));
#17092 = CIRCLE('',#17093,3.75);
#17093 = AXIS2_PLACEMENT_3D('',#17094,#17095,#17096);
#17094 = CARTESIAN_POINT('',(32.5,1.5,-57.1));
#17095 = DIRECTION('',(0.,0.,1.));
#17096 = DIRECTION('',(1.,0.,0.));
#17097 = FACE_BOUND('',#17098,.F.);
#17098 = EDGE_LOOP('',(#17099));
#17099 = ORIENTED_EDGE('',*,*,#14845,.F.);
#17100 = PLANE('',#17101);
#17101 = AXIS2_PLACEMENT_3D('',#17102,#17103,#17104);
#17102 = CARTESIAN_POINT('',(32.5,1.5,-57.1));
#17103 = DIRECTION('',(0.,0.,1.));
#17104 = DIRECTION('',(1.,0.,0.));
#17105 = ADVANCED_FACE('',(#17106,#17117),#17120,.F.);
#17106 = FACE_BOUND('',#17107,.F.);
#17107 = EDGE_LOOP('',(#17108));
#17108 = ORIENTED_EDGE('',*,*,#17109,.T.);
#17109 = EDGE_CURVE('',#17110,#17110,#17112,.T.);
#17110 = VERTEX_POINT('',#17111);
#17111 = CARTESIAN_POINT('',(-28.75,143.9,-57.1));
#17112 = CIRCLE('',#17113,3.75);
#17113 = AXIS2_PLACEMENT_3D('',#17114,#17115,#17116);
#17114 = CARTESIAN_POINT('',(-32.5,143.9,-57.1));
#17115 = DIRECTION('',(0.,0.,1.));
#17116 = DIRECTION('',(1.,0.,0.));
#17117 = FACE_BOUND('',#17118,.F.);
#17118 = EDGE_LOOP('',(#17119));
#17119 = ORIENTED_EDGE('',*,*,#15550,.F.);
#17120 = PLANE('',#17121);
#17121 = AXIS2_PLACEMENT_3D('',#17122,#17123,#17124);
#17122 = CARTESIAN_POINT('',(-32.5,143.9,-57.1));
#17123 = DIRECTION('',(0.,0.,1.));
#17124 = DIRECTION('',(1.,0.,0.));
#17125 = ADVANCED_FACE('',(#17126),#17132,.T.);
#17126 = FACE_BOUND('',#17127,.T.);
#17127 = EDGE_LOOP('',(#17128,#17129,#17130,#17131));
#17128 = ORIENTED_EDGE('',*,*,#15725,.F.);
#17129 = ORIENTED_EDGE('',*,*,#16902,.T.);
#17130 = ORIENTED_EDGE('',*,*,#15656,.F.);
#17131 = ORIENTED_EDGE('',*,*,#15697,.F.);
#17132 = PLANE('',#17133);
#17133 = AXIS2_PLACEMENT_3D('',#17134,#17135,#17136);
#17134 = CARTESIAN_POINT('',(-32.55,111.35,-55.));
#17135 = DIRECTION('',(0.,0.,1.));
#17136 = DIRECTION('',(1.,0.,0.));
#17137 = ADVANCED_FACE('',(#17138,#17149),#17152,.F.);
#17138 = FACE_BOUND('',#17139,.F.);
#17139 = EDGE_LOOP('',(#17140));
#17140 = ORIENTED_EDGE('',*,*,#17141,.T.);
#17141 = EDGE_CURVE('',#17142,#17142,#17144,.T.);
#17142 = VERTEX_POINT('',#17143);
#17143 = CARTESIAN_POINT('',(36.25,143.9,-57.1));
#17144 = CIRCLE('',#17145,3.75);
#17145 = AXIS2_PLACEMENT_3D('',#17146,#17147,#17148);
#17146 = CARTESIAN_POINT('',(32.5,143.9,-57.1));
#17147 = DIRECTION('',(0.,0.,1.));
#17148 = DIRECTION('',(1.,0.,0.));
#17149 = FACE_BOUND('',#17150,.F.);
#17150 = EDGE_LOOP('',(#17151));
#17151 = ORIENTED_EDGE('',*,*,#16837,.F.);
#17152 = PLANE('',#17153);
#17153 = AXIS2_PLACEMENT_3D('',#17154,#17155,#17156);
#17154 = CARTESIAN_POINT('',(32.5,143.9,-57.1));
#17155 = DIRECTION('',(0.,0.,1.));
#17156 = DIRECTION('',(1.,0.,0.));
#17157 = ADVANCED_FACE('',(#17158,#17161),#17172,.F.);
#17158 = FACE_BOUND('',#17159,.F.);
#17159 = EDGE_LOOP('',(#17160));
#17160 = ORIENTED_EDGE('',*,*,#16885,.T.);
#17161 = FACE_BOUND('',#17162,.F.);
#17162 = EDGE_LOOP('',(#17163));
#17163 = ORIENTED_EDGE('',*,*,#17164,.F.);
#17164 = EDGE_CURVE('',#17165,#17165,#17167,.T.);
#17165 = VERTEX_POINT('',#17166);
#17166 = CARTESIAN_POINT('',(-28.75,143.9,-59.5));
#17167 = CIRCLE('',#17168,3.75);
#17168 = AXIS2_PLACEMENT_3D('',#17169,#17170,#17171);
#17169 = CARTESIAN_POINT('',(-32.5,143.9,-59.5));
#17170 = DIRECTION('',(0.,0.,1.));
#17171 = DIRECTION('',(1.,0.,0.));
#17172 = PLANE('',#17173);
#17173 = AXIS2_PLACEMENT_3D('',#17174,#17175,#17176);
#17174 = CARTESIAN_POINT('',(-32.5,143.9,-59.5));
#17175 = DIRECTION('',(0.,0.,1.));
#17176 = DIRECTION('',(1.,0.,0.));
#17177 = ADVANCED_FACE('',(#17178,#17181),#17192,.F.);
#17178 = FACE_BOUND('',#17179,.F.);
#17179 = EDGE_LOOP('',(#17180));
#17180 = ORIENTED_EDGE('',*,*,#16940,.T.);
#17181 = FACE_BOUND('',#17182,.F.);
#17182 = EDGE_LOOP('',(#17183));
#17183 = ORIENTED_EDGE('',*,*,#17184,.F.);
#17184 = EDGE_CURVE('',#17185,#17185,#17187,.T.);
#17185 = VERTEX_POINT('',#17186);
#17186 = CARTESIAN_POINT('',(36.25,143.9,-59.5));
#17187 = CIRCLE('',#17188,3.75);
#17188 = AXIS2_PLACEMENT_3D('',#17189,#17190,#17191);
#17189 = CARTESIAN_POINT('',(32.5,143.9,-59.5));
#17190 = DIRECTION('',(0.,0.,1.));
#17191 = DIRECTION('',(1.,0.,0.));
#17192 = PLANE('',#17193);
#17193 = AXIS2_PLACEMENT_3D('',#17194,#17195,#17196);
#17194 = CARTESIAN_POINT('',(32.5,143.9,-59.5));
#17195 = DIRECTION('',(0.,0.,1.));
#17196 = DIRECTION('',(1.,0.,0.));
#17197 = ADVANCED_FACE('',(#17198,#17201),#17212,.F.);
#17198 = FACE_BOUND('',#17199,.F.);
#17199 = EDGE_LOOP('',(#17200));
#17200 = ORIENTED_EDGE('',*,*,#16973,.T.);
#17201 = FACE_BOUND('',#17202,.F.);
#17202 = EDGE_LOOP('',(#17203));
#17203 = ORIENTED_EDGE('',*,*,#17204,.F.);
#17204 = EDGE_CURVE('',#17205,#17205,#17207,.T.);
#17205 = VERTEX_POINT('',#17206);
#17206 = CARTESIAN_POINT('',(36.25,1.5,-59.5));
#17207 = CIRCLE('',#17208,3.75);
#17208 = AXIS2_PLACEMENT_3D('',#17209,#17210,#17211);
#17209 = CARTESIAN_POINT('',(32.5,1.5,-59.5));
#17210 = DIRECTION('',(0.,0.,1.));
#17211 = DIRECTION('',(1.,0.,0.));
#17212 = PLANE('',#17213);
#17213 = AXIS2_PLACEMENT_3D('',#17214,#17215,#17216);
#17214 = CARTESIAN_POINT('',(32.5,1.5,-59.5));
#17215 = DIRECTION('',(0.,0.,1.));
#17216 = DIRECTION('',(1.,0.,0.));
#17217 = ADVANCED_FACE('',(#17218,#17221),#17232,.F.);
#17218 = FACE_BOUND('',#17219,.F.);
#17219 = EDGE_LOOP('',(#17220));
#17220 = ORIENTED_EDGE('',*,*,#17000,.T.);
#17221 = FACE_BOUND('',#17222,.F.);
#17222 = EDGE_LOOP('',(#17223));
#17223 = ORIENTED_EDGE('',*,*,#17224,.F.);
#17224 = EDGE_CURVE('',#17225,#17225,#17227,.T.);
#17225 = VERTEX_POINT('',#17226);
#17226 = CARTESIAN_POINT('',(-28.75,1.5,-59.5));
#17227 = CIRCLE('',#17228,3.75);
#17228 = AXIS2_PLACEMENT_3D('',#17229,#17230,#17231);
#17229 = CARTESIAN_POINT('',(-32.5,1.5,-59.5));
#17230 = DIRECTION('',(0.,0.,1.));
#17231 = DIRECTION('',(1.,0.,0.));
#17232 = PLANE('',#17233);
#17233 = AXIS2_PLACEMENT_3D('',#17234,#17235,#17236);
#17234 = CARTESIAN_POINT('',(-32.5,1.5,-59.5));
#17235 = DIRECTION('',(0.,0.,1.));
#17236 = DIRECTION('',(1.,0.,0.));
#17237 = ADVANCED_FACE('',(#17238),#17241,.F.);
#17238 = FACE_BOUND('',#17239,.F.);
#17239 = EDGE_LOOP('',(#17240));
#17240 = ORIENTED_EDGE('',*,*,#17023,.T.);
#17241 = PLANE('',#17242);
#17242 = AXIS2_PLACEMENT_3D('',#17243,#17244,#17245);
#17243 = CARTESIAN_POINT('',(-12.,55.,-45.5));
#17244 = DIRECTION('',(0.,0.,1.));
#17245 = DIRECTION('',(1.,0.,0.));
#17246 = ADVANCED_FACE('',(#17247),#17258,.F.);
#17247 = FACE_BOUND('',#17248,.F.);
#17248 = EDGE_LOOP('',(#17249,#17255,#17256,#17257));
#17249 = ORIENTED_EDGE('',*,*,#17250,.T.);
#17250 = EDGE_CURVE('',#17225,#17061,#17251,.T.);
#17251 = LINE('',#17252,#17253);
#17252 = CARTESIAN_POINT('',(-28.75,1.5,-59.6));
#17253 = VECTOR('',#17254,1.);
#17254 = DIRECTION('',(0.,0.,1.));
#17255 = ORIENTED_EDGE('',*,*,#17060,.F.);
#17256 = ORIENTED_EDGE('',*,*,#17250,.F.);
#17257 = ORIENTED_EDGE('',*,*,#17224,.T.);
#17258 = CYLINDRICAL_SURFACE('',#17259,3.75);
#17259 = AXIS2_PLACEMENT_3D('',#17260,#17261,#17262);
#17260 = CARTESIAN_POINT('',(-32.5,1.5,-59.6));
#17261 = DIRECTION('',(0.,0.,1.));
#17262 = DIRECTION('',(1.,0.,0.));
#17263 = ADVANCED_FACE('',(#17264),#17275,.F.);
#17264 = FACE_BOUND('',#17265,.F.);
#17265 = EDGE_LOOP('',(#17266,#17272,#17273,#17274));
#17266 = ORIENTED_EDGE('',*,*,#17267,.T.);
#17267 = EDGE_CURVE('',#17205,#17090,#17268,.T.);
#17268 = LINE('',#17269,#17270);
#17269 = CARTESIAN_POINT('',(36.25,1.5,-59.6));
#17270 = VECTOR('',#17271,1.);
#17271 = DIRECTION('',(0.,0.,1.));
#17272 = ORIENTED_EDGE('',*,*,#17089,.F.);
#17273 = ORIENTED_EDGE('',*,*,#17267,.F.);
#17274 = ORIENTED_EDGE('',*,*,#17204,.T.);
#17275 = CYLINDRICAL_SURFACE('',#17276,3.75);
#17276 = AXIS2_PLACEMENT_3D('',#17277,#17278,#17279);
#17277 = CARTESIAN_POINT('',(32.5,1.5,-59.6));
#17278 = DIRECTION('',(0.,0.,1.));
#17279 = DIRECTION('',(1.,0.,0.));
#17280 = ADVANCED_FACE('',(#17281),#17292,.F.);
#17281 = FACE_BOUND('',#17282,.F.);
#17282 = EDGE_LOOP('',(#17283,#17289,#17290,#17291));
#17283 = ORIENTED_EDGE('',*,*,#17284,.T.);
#17284 = EDGE_CURVE('',#17165,#17110,#17285,.T.);
#17285 = LINE('',#17286,#17287);
#17286 = CARTESIAN_POINT('',(-28.75,143.9,-59.6));
#17287 = VECTOR('',#17288,1.);
#17288 = DIRECTION('',(0.,0.,1.));
#17289 = ORIENTED_EDGE('',*,*,#17109,.F.);
#17290 = ORIENTED_EDGE('',*,*,#17284,.F.);
#17291 = ORIENTED_EDGE('',*,*,#17164,.T.);
#17292 = CYLINDRICAL_SURFACE('',#17293,3.75);
#17293 = AXIS2_PLACEMENT_3D('',#17294,#17295,#17296);
#17294 = CARTESIAN_POINT('',(-32.5,143.9,-59.6));
#17295 = DIRECTION('',(0.,0.,1.));
#17296 = DIRECTION('',(1.,0.,0.));
#17297 = ADVANCED_FACE('',(#17298),#17309,.F.);
#17298 = FACE_BOUND('',#17299,.F.);
#17299 = EDGE_LOOP('',(#17300,#17306,#17307,#17308));
#17300 = ORIENTED_EDGE('',*,*,#17301,.T.);
#17301 = EDGE_CURVE('',#17185,#17142,#17302,.T.);
#17302 = LINE('',#17303,#17304);
#17303 = CARTESIAN_POINT('',(36.25,143.9,-59.6));
#17304 = VECTOR('',#17305,1.);
#17305 = DIRECTION('',(0.,0.,1.));
#17306 = ORIENTED_EDGE('',*,*,#17141,.F.);
#17307 = ORIENTED_EDGE('',*,*,#17301,.F.);
#17308 = ORIENTED_EDGE('',*,*,#17184,.T.);
#17309 = CYLINDRICAL_SURFACE('',#17310,3.75);
#17310 = AXIS2_PLACEMENT_3D('',#17311,#17312,#17313);
#17311 = CARTESIAN_POINT('',(32.5,143.9,-59.6));
#17312 = DIRECTION('',(0.,0.,1.));
#17313 = DIRECTION('',(1.,0.,0.));
#17314 = MANIFOLD_SOLID_BREP('',#17315);
#17315 = CLOSED_SHELL('',(#17316,#17356,#17525,#17550,#17575,#17740,
    #17757,#17774,#17791,#17808,#17845,#17880,#17919,#17936,#17953,
    #17970,#17987,#18004,#18021,#18033,#18051,#18076,#18101,#18126,
    #18151,#18164,#18173,#18182,#18191));
#17316 = ADVANCED_FACE('',(#17317),#17351,.F.);
#17317 = FACE_BOUND('',#17318,.F.);
#17318 = EDGE_LOOP('',(#17319,#17329,#17337,#17345));
#17319 = ORIENTED_EDGE('',*,*,#17320,.F.);
#17320 = EDGE_CURVE('',#17321,#17323,#17325,.T.);
#17321 = VERTEX_POINT('',#17322);
#17322 = CARTESIAN_POINT('',(-41.,7.5,38.));
#17323 = VERTEX_POINT('',#17324);
#17324 = CARTESIAN_POINT('',(-41.,137.9,38.));
#17325 = LINE('',#17326,#17327);
#17326 = CARTESIAN_POINT('',(-41.,-6.5,38.));
#17327 = VECTOR('',#17328,1.);
#17328 = DIRECTION('',(0.,1.,0.));
#17329 = ORIENTED_EDGE('',*,*,#17330,.F.);
#17330 = EDGE_CURVE('',#17331,#17321,#17333,.T.);
#17331 = VERTEX_POINT('',#17332);
#17332 = CARTESIAN_POINT('',(-41.,7.5,35.));
#17333 = LINE('',#17334,#17335);
#17334 = CARTESIAN_POINT('',(-41.,7.5,35.));
#17335 = VECTOR('',#17336,1.);
#17336 = DIRECTION('',(0.,0.,1.));
#17337 = ORIENTED_EDGE('',*,*,#17338,.T.);
#17338 = EDGE_CURVE('',#17331,#17339,#17341,.T.);
#17339 = VERTEX_POINT('',#17340);
#17340 = CARTESIAN_POINT('',(-41.,137.9,35.));
#17341 = LINE('',#17342,#17343);
#17342 = CARTESIAN_POINT('',(-41.,-6.5,35.));
#17343 = VECTOR('',#17344,1.);
#17344 = DIRECTION('',(0.,1.,0.));
#17345 = ORIENTED_EDGE('',*,*,#17346,.T.);
#17346 = EDGE_CURVE('',#17339,#17323,#17347,.T.);
#17347 = LINE('',#17348,#17349);
#17348 = CARTESIAN_POINT('',(-41.,137.9,35.));
#17349 = VECTOR('',#17350,1.);
#17350 = DIRECTION('',(0.,0.,1.));
#17351 = PLANE('',#17352);
#17352 = AXIS2_PLACEMENT_3D('',#17353,#17354,#17355);
#17353 = CARTESIAN_POINT('',(-41.,-6.5,35.));
#17354 = DIRECTION('',(1.,0.,0.));
#17355 = DIRECTION('',(0.,0.,1.));
#17356 = ADVANCED_FACE('',(#17357),#17520,.T.);
#17357 = FACE_BOUND('',#17358,.T.);
#17358 = EDGE_LOOP('',(#17359,#17360,#17369,#17377,#17386,#17394,#17403,
    #17411,#17420,#17428,#17437,#17445,#17454,#17462,#17471,#17479,
    #17488,#17496,#17505,#17513));
#17359 = ORIENTED_EDGE('',*,*,#17320,.F.);
#17360 = ORIENTED_EDGE('',*,*,#17361,.T.);
#17361 = EDGE_CURVE('',#17321,#17362,#17364,.T.);
#17362 = VERTEX_POINT('',#17363);
#17363 = CARTESIAN_POINT('',(-27.,-6.5,38.));
#17364 = CIRCLE('',#17365,14.);
#17365 = AXIS2_PLACEMENT_3D('',#17366,#17367,#17368);
#17366 = CARTESIAN_POINT('',(-27.,7.5,38.));
#17367 = DIRECTION('',(-0.,0.,1.));
#17368 = DIRECTION('',(0.,-1.,0.));
#17369 = ORIENTED_EDGE('',*,*,#17370,.T.);
#17370 = EDGE_CURVE('',#17362,#17371,#17373,.T.);
#17371 = VERTEX_POINT('',#17372);
#17372 = CARTESIAN_POINT('',(-15.39162349087,-6.5,38.));
#17373 = LINE('',#17374,#17375);
#17374 = CARTESIAN_POINT('',(-41.,-6.5,38.));
#17375 = VECTOR('',#17376,1.);
#17376 = DIRECTION('',(1.,0.,0.));
#17377 = ORIENTED_EDGE('',*,*,#17378,.F.);
#17378 = EDGE_CURVE('',#17379,#17371,#17381,.T.);
#17379 = VERTEX_POINT('',#17380);
#17380 = CARTESIAN_POINT('',(-18.59961000138,1.2,38.));
#17381 = ELLIPSE('',#17382,6.033049677381,6.);
#17382 = AXIS2_PLACEMENT_3D('',#17383,#17384,#17385);
#17383 = CARTESIAN_POINT('',(-13.,-0.966950322619,38.));
#17384 = DIRECTION('',(0.,-0.,1.));
#17385 = DIRECTION('',(0.,1.,0.));
#17386 = ORIENTED_EDGE('',*,*,#17387,.T.);
#17387 = EDGE_CURVE('',#17379,#17388,#17390,.T.);
#17388 = VERTEX_POINT('',#17389);
#17389 = CARTESIAN_POINT('',(-24.7,1.2,38.));
#17390 = LINE('',#17391,#17392);
#17391 = CARTESIAN_POINT('',(-37.65,1.2,38.));
#17392 = VECTOR('',#17393,1.);
#17393 = DIRECTION('',(-1.,0.,0.));
#17394 = ORIENTED_EDGE('',*,*,#17395,.F.);
#17395 = EDGE_CURVE('',#17396,#17388,#17398,.T.);
#17396 = VERTEX_POINT('',#17397);
#17397 = CARTESIAN_POINT('',(-34.3,10.8,38.));
#17398 = CIRCLE('',#17399,9.6);
#17399 = AXIS2_PLACEMENT_3D('',#17400,#17401,#17402);
#17400 = CARTESIAN_POINT('',(-24.7,10.8,38.));
#17401 = DIRECTION('',(0.,0.,1.));
#17402 = DIRECTION('',(-1.,0.,0.));
#17403 = ORIENTED_EDGE('',*,*,#17404,.T.);
#17404 = EDGE_CURVE('',#17396,#17405,#17407,.T.);
#17405 = VERTEX_POINT('',#17406);
#17406 = CARTESIAN_POINT('',(-34.3,134.6,38.));
#17407 = LINE('',#17408,#17409);
#17408 = CARTESIAN_POINT('',(-34.3,-2.65,38.));
#17409 = VECTOR('',#17410,1.);
#17410 = DIRECTION('',(0.,1.,0.));
#17411 = ORIENTED_EDGE('',*,*,#17412,.F.);
#17412 = EDGE_CURVE('',#17413,#17405,#17415,.T.);
#17413 = VERTEX_POINT('',#17414);
#17414 = CARTESIAN_POINT('',(-24.7,144.2,38.));
#17415 = CIRCLE('',#17416,9.6);
#17416 = AXIS2_PLACEMENT_3D('',#17417,#17418,#17419);
#17417 = CARTESIAN_POINT('',(-24.7,134.6,38.));
#17418 = DIRECTION('',(0.,0.,1.));
#17419 = DIRECTION('',(-1.,0.,0.));
#17420 = ORIENTED_EDGE('',*,*,#17421,.F.);
#17421 = EDGE_CURVE('',#17422,#17413,#17424,.T.);
#17422 = VERTEX_POINT('',#17423);
#17423 = CARTESIAN_POINT('',(24.7,144.2,38.));
#17424 = LINE('',#17425,#17426);
#17425 = CARTESIAN_POINT('',(-37.65,144.2,38.));
#17426 = VECTOR('',#17427,1.);
#17427 = DIRECTION('',(-1.,0.,0.));
#17428 = ORIENTED_EDGE('',*,*,#17429,.F.);
#17429 = EDGE_CURVE('',#17430,#17422,#17432,.T.);
#17430 = VERTEX_POINT('',#17431);
#17431 = CARTESIAN_POINT('',(34.3,134.6,38.));
#17432 = CIRCLE('',#17433,9.6);
#17433 = AXIS2_PLACEMENT_3D('',#17434,#17435,#17436);
#17434 = CARTESIAN_POINT('',(24.7,134.6,38.));
#17435 = DIRECTION('',(0.,0.,1.));
#17436 = DIRECTION('',(1.,0.,0.));
#17437 = ORIENTED_EDGE('',*,*,#17438,.F.);
#17438 = EDGE_CURVE('',#17439,#17430,#17441,.T.);
#17439 = VERTEX_POINT('',#17440);
#17440 = CARTESIAN_POINT('',(34.3,10.8,38.));
#17441 = LINE('',#17442,#17443);
#17442 = CARTESIAN_POINT('',(34.3,-2.65,38.));
#17443 = VECTOR('',#17444,1.);
#17444 = DIRECTION('',(0.,1.,0.));
#17445 = ORIENTED_EDGE('',*,*,#17446,.F.);
#17446 = EDGE_CURVE('',#17447,#17439,#17449,.T.);
#17447 = VERTEX_POINT('',#17448);
#17448 = CARTESIAN_POINT('',(24.7,1.2,38.));
#17449 = CIRCLE('',#17450,9.6);
#17450 = AXIS2_PLACEMENT_3D('',#17451,#17452,#17453);
#17451 = CARTESIAN_POINT('',(24.7,10.8,38.));
#17452 = DIRECTION('',(0.,0.,1.));
#17453 = DIRECTION('',(1.,0.,0.));
#17454 = ORIENTED_EDGE('',*,*,#17455,.T.);
#17455 = EDGE_CURVE('',#17447,#17456,#17458,.T.);
#17456 = VERTEX_POINT('',#17457);
#17457 = CARTESIAN_POINT('',(18.599610001381,1.2,38.));
#17458 = LINE('',#17459,#17460);
#17459 = CARTESIAN_POINT('',(-37.65,1.2,38.));
#17460 = VECTOR('',#17461,1.);
#17461 = DIRECTION('',(-1.,0.,0.));
#17462 = ORIENTED_EDGE('',*,*,#17463,.F.);
#17463 = EDGE_CURVE('',#17464,#17456,#17466,.T.);
#17464 = VERTEX_POINT('',#17465);
#17465 = CARTESIAN_POINT('',(15.391623490878,-6.5,38.));
#17466 = ELLIPSE('',#17467,6.033049677381,6.);
#17467 = AXIS2_PLACEMENT_3D('',#17468,#17469,#17470);
#17468 = CARTESIAN_POINT('',(13.,-0.966950322619,38.));
#17469 = DIRECTION('',(0.,-0.,1.));
#17470 = DIRECTION('',(0.,1.,0.));
#17471 = ORIENTED_EDGE('',*,*,#17472,.T.);
#17472 = EDGE_CURVE('',#17464,#17473,#17475,.T.);
#17473 = VERTEX_POINT('',#17474);
#17474 = CARTESIAN_POINT('',(27.,-6.5,38.));
#17475 = LINE('',#17476,#17477);
#17476 = CARTESIAN_POINT('',(-41.,-6.5,38.));
#17477 = VECTOR('',#17478,1.);
#17478 = DIRECTION('',(1.,0.,0.));
#17479 = ORIENTED_EDGE('',*,*,#17480,.F.);
#17480 = EDGE_CURVE('',#17481,#17473,#17483,.T.);
#17481 = VERTEX_POINT('',#17482);
#17482 = CARTESIAN_POINT('',(41.,7.5,38.));
#17483 = CIRCLE('',#17484,14.);
#17484 = AXIS2_PLACEMENT_3D('',#17485,#17486,#17487);
#17485 = CARTESIAN_POINT('',(27.,7.5,38.));
#17486 = DIRECTION('',(-0.,-0.,-1.));
#17487 = DIRECTION('',(0.,-1.,0.));
#17488 = ORIENTED_EDGE('',*,*,#17489,.T.);
#17489 = EDGE_CURVE('',#17481,#17490,#17492,.T.);
#17490 = VERTEX_POINT('',#17491);
#17491 = CARTESIAN_POINT('',(41.,137.9,38.));
#17492 = LINE('',#17493,#17494);
#17493 = CARTESIAN_POINT('',(41.,-6.5,38.));
#17494 = VECTOR('',#17495,1.);
#17495 = DIRECTION('',(0.,1.,0.));
#17496 = ORIENTED_EDGE('',*,*,#17497,.T.);
#17497 = EDGE_CURVE('',#17490,#17498,#17500,.T.);
#17498 = VERTEX_POINT('',#17499);
#17499 = CARTESIAN_POINT('',(27.,151.9,38.));
#17500 = CIRCLE('',#17501,14.);
#17501 = AXIS2_PLACEMENT_3D('',#17502,#17503,#17504);
#17502 = CARTESIAN_POINT('',(27.,137.9,38.));
#17503 = DIRECTION('',(-0.,0.,1.));
#17504 = DIRECTION('',(0.,-1.,0.));
#17505 = ORIENTED_EDGE('',*,*,#17506,.F.);
#17506 = EDGE_CURVE('',#17507,#17498,#17509,.T.);
#17507 = VERTEX_POINT('',#17508);
#17508 = CARTESIAN_POINT('',(-27.,151.9,38.));
#17509 = LINE('',#17510,#17511);
#17510 = CARTESIAN_POINT('',(-41.,151.9,38.));
#17511 = VECTOR('',#17512,1.);
#17512 = DIRECTION('',(1.,0.,0.));
#17513 = ORIENTED_EDGE('',*,*,#17514,.F.);
#17514 = EDGE_CURVE('',#17323,#17507,#17515,.T.);
#17515 = CIRCLE('',#17516,14.);
#17516 = AXIS2_PLACEMENT_3D('',#17517,#17518,#17519);
#17517 = CARTESIAN_POINT('',(-27.,137.9,38.));
#17518 = DIRECTION('',(-0.,-0.,-1.));
#17519 = DIRECTION('',(0.,-1.,0.));
#17520 = PLANE('',#17521);
#17521 = AXIS2_PLACEMENT_3D('',#17522,#17523,#17524);
#17522 = CARTESIAN_POINT('',(-41.,-6.5,38.));
#17523 = DIRECTION('',(0.,0.,1.));
#17524 = DIRECTION('',(1.,0.,0.));
#17525 = ADVANCED_FACE('',(#17526),#17545,.T.);
#17526 = FACE_BOUND('',#17527,.T.);
#17527 = EDGE_LOOP('',(#17528,#17537,#17543,#17544));
#17528 = ORIENTED_EDGE('',*,*,#17529,.T.);
#17529 = EDGE_CURVE('',#17331,#17530,#17532,.T.);
#17530 = VERTEX_POINT('',#17531);
#17531 = CARTESIAN_POINT('',(-27.,-6.5,35.));
#17532 = CIRCLE('',#17533,14.);
#17533 = AXIS2_PLACEMENT_3D('',#17534,#17535,#17536);
#17534 = CARTESIAN_POINT('',(-27.,7.5,35.));
#17535 = DIRECTION('',(-0.,0.,1.));
#17536 = DIRECTION('',(0.,-1.,0.));
#17537 = ORIENTED_EDGE('',*,*,#17538,.T.);
#17538 = EDGE_CURVE('',#17530,#17362,#17539,.T.);
#17539 = LINE('',#17540,#17541);
#17540 = CARTESIAN_POINT('',(-27.,-6.5,35.));
#17541 = VECTOR('',#17542,1.);
#17542 = DIRECTION('',(0.,0.,1.));
#17543 = ORIENTED_EDGE('',*,*,#17361,.F.);
#17544 = ORIENTED_EDGE('',*,*,#17330,.F.);
#17545 = CYLINDRICAL_SURFACE('',#17546,14.);
#17546 = AXIS2_PLACEMENT_3D('',#17547,#17548,#17549);
#17547 = CARTESIAN_POINT('',(-27.,7.5,35.));
#17548 = DIRECTION('',(0.,0.,1.));
#17549 = DIRECTION('',(-1.,0.,0.));
#17550 = ADVANCED_FACE('',(#17551),#17570,.T.);
#17551 = FACE_BOUND('',#17552,.F.);
#17552 = EDGE_LOOP('',(#17553,#17562,#17568,#17569));
#17553 = ORIENTED_EDGE('',*,*,#17554,.T.);
#17554 = EDGE_CURVE('',#17339,#17555,#17557,.T.);
#17555 = VERTEX_POINT('',#17556);
#17556 = CARTESIAN_POINT('',(-27.,151.9,35.));
#17557 = CIRCLE('',#17558,14.);
#17558 = AXIS2_PLACEMENT_3D('',#17559,#17560,#17561);
#17559 = CARTESIAN_POINT('',(-27.,137.9,35.));
#17560 = DIRECTION('',(-0.,-0.,-1.));
#17561 = DIRECTION('',(0.,-1.,0.));
#17562 = ORIENTED_EDGE('',*,*,#17563,.T.);
#17563 = EDGE_CURVE('',#17555,#17507,#17564,.T.);
#17564 = LINE('',#17565,#17566);
#17565 = CARTESIAN_POINT('',(-27.,151.9,35.));
#17566 = VECTOR('',#17567,1.);
#17567 = DIRECTION('',(0.,0.,1.));
#17568 = ORIENTED_EDGE('',*,*,#17514,.F.);
#17569 = ORIENTED_EDGE('',*,*,#17346,.F.);
#17570 = CYLINDRICAL_SURFACE('',#17571,14.);
#17571 = AXIS2_PLACEMENT_3D('',#17572,#17573,#17574);
#17572 = CARTESIAN_POINT('',(-27.,137.9,35.));
#17573 = DIRECTION('',(0.,0.,1.));
#17574 = DIRECTION('',(-1.,0.,0.));
#17575 = ADVANCED_FACE('',(#17576,#17621,#17632,#17643,#17713,#17724),
  #17735,.F.);
#17576 = FACE_BOUND('',#17577,.F.);
#17577 = EDGE_LOOP('',(#17578,#17579,#17580,#17588,#17597,#17605,#17614,
    #17620));
#17578 = ORIENTED_EDGE('',*,*,#17338,.F.);
#17579 = ORIENTED_EDGE('',*,*,#17529,.T.);
#17580 = ORIENTED_EDGE('',*,*,#17581,.T.);
#17581 = EDGE_CURVE('',#17530,#17582,#17584,.T.);
#17582 = VERTEX_POINT('',#17583);
#17583 = CARTESIAN_POINT('',(27.,-6.5,35.));
#17584 = LINE('',#17585,#17586);
#17585 = CARTESIAN_POINT('',(-41.,-6.5,35.));
#17586 = VECTOR('',#17587,1.);
#17587 = DIRECTION('',(1.,0.,0.));
#17588 = ORIENTED_EDGE('',*,*,#17589,.F.);
#17589 = EDGE_CURVE('',#17590,#17582,#17592,.T.);
#17590 = VERTEX_POINT('',#17591);
#17591 = CARTESIAN_POINT('',(41.,7.5,35.));
#17592 = CIRCLE('',#17593,14.);
#17593 = AXIS2_PLACEMENT_3D('',#17594,#17595,#17596);
#17594 = CARTESIAN_POINT('',(27.,7.5,35.));
#17595 = DIRECTION('',(-0.,-0.,-1.));
#17596 = DIRECTION('',(0.,-1.,0.));
#17597 = ORIENTED_EDGE('',*,*,#17598,.T.);
#17598 = EDGE_CURVE('',#17590,#17599,#17601,.T.);
#17599 = VERTEX_POINT('',#17600);
#17600 = CARTESIAN_POINT('',(41.,137.9,35.));
#17601 = LINE('',#17602,#17603);
#17602 = CARTESIAN_POINT('',(41.,-6.5,35.));
#17603 = VECTOR('',#17604,1.);
#17604 = DIRECTION('',(0.,1.,0.));
#17605 = ORIENTED_EDGE('',*,*,#17606,.T.);
#17606 = EDGE_CURVE('',#17599,#17607,#17609,.T.);
#17607 = VERTEX_POINT('',#17608);
#17608 = CARTESIAN_POINT('',(27.,151.9,35.));
#17609 = CIRCLE('',#17610,14.);
#17610 = AXIS2_PLACEMENT_3D('',#17611,#17612,#17613);
#17611 = CARTESIAN_POINT('',(27.,137.9,35.));
#17612 = DIRECTION('',(-0.,0.,1.));
#17613 = DIRECTION('',(0.,-1.,0.));
#17614 = ORIENTED_EDGE('',*,*,#17615,.F.);
#17615 = EDGE_CURVE('',#17555,#17607,#17616,.T.);
#17616 = LINE('',#17617,#17618);
#17617 = CARTESIAN_POINT('',(-41.,151.9,35.));
#17618 = VECTOR('',#17619,1.);
#17619 = DIRECTION('',(1.,0.,0.));
#17620 = ORIENTED_EDGE('',*,*,#17554,.F.);
#17621 = FACE_BOUND('',#17622,.F.);
#17622 = EDGE_LOOP('',(#17623));
#17623 = ORIENTED_EDGE('',*,*,#17624,.F.);
#17624 = EDGE_CURVE('',#17625,#17625,#17627,.T.);
#17625 = VERTEX_POINT('',#17626);
#17626 = CARTESIAN_POINT('',(-30.4,1.5,35.));
#17627 = CIRCLE('',#17628,2.1);
#17628 = AXIS2_PLACEMENT_3D('',#17629,#17630,#17631);
#17629 = CARTESIAN_POINT('',(-32.5,1.5,35.));
#17630 = DIRECTION('',(0.,0.,1.));
#17631 = DIRECTION('',(1.,0.,0.));
#17632 = FACE_BOUND('',#17633,.F.);
#17633 = EDGE_LOOP('',(#17634));
#17634 = ORIENTED_EDGE('',*,*,#17635,.F.);
#17635 = EDGE_CURVE('',#17636,#17636,#17638,.T.);
#17636 = VERTEX_POINT('',#17637);
#17637 = CARTESIAN_POINT('',(34.6,1.5,35.));
#17638 = CIRCLE('',#17639,2.1);
#17639 = AXIS2_PLACEMENT_3D('',#17640,#17641,#17642);
#17640 = CARTESIAN_POINT('',(32.5,1.5,35.));
#17641 = DIRECTION('',(0.,0.,1.));
#17642 = DIRECTION('',(1.,0.,0.));
#17643 = FACE_BOUND('',#17644,.F.);
#17644 = EDGE_LOOP('',(#17645,#17656,#17664,#17673,#17681,#17690,#17698,
    #17707));
#17645 = ORIENTED_EDGE('',*,*,#17646,.F.);
#17646 = EDGE_CURVE('',#17647,#17649,#17651,.T.);
#17647 = VERTEX_POINT('',#17648);
#17648 = CARTESIAN_POINT('',(-34.3,10.8,35.));
#17649 = VERTEX_POINT('',#17650);
#17650 = CARTESIAN_POINT('',(-24.7,1.2,35.));
#17651 = CIRCLE('',#17652,9.6);
#17652 = AXIS2_PLACEMENT_3D('',#17653,#17654,#17655);
#17653 = CARTESIAN_POINT('',(-24.7,10.8,35.));
#17654 = DIRECTION('',(0.,0.,1.));
#17655 = DIRECTION('',(-1.,0.,0.));
#17656 = ORIENTED_EDGE('',*,*,#17657,.T.);
#17657 = EDGE_CURVE('',#17647,#17658,#17660,.T.);
#17658 = VERTEX_POINT('',#17659);
#17659 = CARTESIAN_POINT('',(-34.3,134.6,35.));
#17660 = LINE('',#17661,#17662);
#17661 = CARTESIAN_POINT('',(-34.3,-2.65,35.));
#17662 = VECTOR('',#17663,1.);
#17663 = DIRECTION('',(0.,1.,0.));
#17664 = ORIENTED_EDGE('',*,*,#17665,.F.);
#17665 = EDGE_CURVE('',#17666,#17658,#17668,.T.);
#17666 = VERTEX_POINT('',#17667);
#17667 = CARTESIAN_POINT('',(-24.7,144.2,35.));
#17668 = CIRCLE('',#17669,9.6);
#17669 = AXIS2_PLACEMENT_3D('',#17670,#17671,#17672);
#17670 = CARTESIAN_POINT('',(-24.7,134.6,35.));
#17671 = DIRECTION('',(0.,0.,1.));
#17672 = DIRECTION('',(-1.,0.,0.));
#17673 = ORIENTED_EDGE('',*,*,#17674,.F.);
#17674 = EDGE_CURVE('',#17675,#17666,#17677,.T.);
#17675 = VERTEX_POINT('',#17676);
#17676 = CARTESIAN_POINT('',(24.7,144.2,35.));
#17677 = LINE('',#17678,#17679);
#17678 = CARTESIAN_POINT('',(-37.65,144.2,35.));
#17679 = VECTOR('',#17680,1.);
#17680 = DIRECTION('',(-1.,0.,0.));
#17681 = ORIENTED_EDGE('',*,*,#17682,.F.);
#17682 = EDGE_CURVE('',#17683,#17675,#17685,.T.);
#17683 = VERTEX_POINT('',#17684);
#17684 = CARTESIAN_POINT('',(34.3,134.6,35.));
#17685 = CIRCLE('',#17686,9.6);
#17686 = AXIS2_PLACEMENT_3D('',#17687,#17688,#17689);
#17687 = CARTESIAN_POINT('',(24.7,134.6,35.));
#17688 = DIRECTION('',(0.,0.,1.));
#17689 = DIRECTION('',(1.,0.,0.));
#17690 = ORIENTED_EDGE('',*,*,#17691,.F.);
#17691 = EDGE_CURVE('',#17692,#17683,#17694,.T.);
#17692 = VERTEX_POINT('',#17693);
#17693 = CARTESIAN_POINT('',(34.3,10.8,35.));
#17694 = LINE('',#17695,#17696);
#17695 = CARTESIAN_POINT('',(34.3,-2.65,35.));
#17696 = VECTOR('',#17697,1.);
#17697 = DIRECTION('',(0.,1.,0.));
#17698 = ORIENTED_EDGE('',*,*,#17699,.F.);
#17699 = EDGE_CURVE('',#17700,#17692,#17702,.T.);
#17700 = VERTEX_POINT('',#17701);
#17701 = CARTESIAN_POINT('',(24.7,1.2,35.));
#17702 = CIRCLE('',#17703,9.6);
#17703 = AXIS2_PLACEMENT_3D('',#17704,#17705,#17706);
#17704 = CARTESIAN_POINT('',(24.7,10.8,35.));
#17705 = DIRECTION('',(0.,0.,1.));
#17706 = DIRECTION('',(1.,0.,0.));
#17707 = ORIENTED_EDGE('',*,*,#17708,.T.);
#17708 = EDGE_CURVE('',#17700,#17649,#17709,.T.);
#17709 = LINE('',#17710,#17711);
#17710 = CARTESIAN_POINT('',(-37.65,1.2,35.));
#17711 = VECTOR('',#17712,1.);
#17712 = DIRECTION('',(-1.,0.,0.));
#17713 = FACE_BOUND('',#17714,.F.);
#17714 = EDGE_LOOP('',(#17715));
#17715 = ORIENTED_EDGE('',*,*,#17716,.F.);
#17716 = EDGE_CURVE('',#17717,#17717,#17719,.T.);
#17717 = VERTEX_POINT('',#17718);
#17718 = CARTESIAN_POINT('',(-30.4,143.9,35.));
#17719 = CIRCLE('',#17720,2.1);
#17720 = AXIS2_PLACEMENT_3D('',#17721,#17722,#17723);
#17721 = CARTESIAN_POINT('',(-32.5,143.9,35.));
#17722 = DIRECTION('',(0.,0.,1.));
#17723 = DIRECTION('',(1.,0.,0.));
#17724 = FACE_BOUND('',#17725,.F.);
#17725 = EDGE_LOOP('',(#17726));
#17726 = ORIENTED_EDGE('',*,*,#17727,.F.);
#17727 = EDGE_CURVE('',#17728,#17728,#17730,.T.);
#17728 = VERTEX_POINT('',#17729);
#17729 = CARTESIAN_POINT('',(34.6,143.9,35.));
#17730 = CIRCLE('',#17731,2.1);
#17731 = AXIS2_PLACEMENT_3D('',#17732,#17733,#17734);
#17732 = CARTESIAN_POINT('',(32.5,143.9,35.));
#17733 = DIRECTION('',(0.,0.,1.));
#17734 = DIRECTION('',(1.,0.,0.));
#17735 = PLANE('',#17736);
#17736 = AXIS2_PLACEMENT_3D('',#17737,#17738,#17739);
#17737 = CARTESIAN_POINT('',(-41.,-6.5,35.));
#17738 = DIRECTION('',(0.,0.,1.));
#17739 = DIRECTION('',(1.,0.,0.));
#17740 = ADVANCED_FACE('',(#17741),#17752,.T.);
#17741 = FACE_BOUND('',#17742,.T.);
#17742 = EDGE_LOOP('',(#17743,#17744,#17745,#17746));
#17743 = ORIENTED_EDGE('',*,*,#17615,.F.);
#17744 = ORIENTED_EDGE('',*,*,#17563,.T.);
#17745 = ORIENTED_EDGE('',*,*,#17506,.T.);
#17746 = ORIENTED_EDGE('',*,*,#17747,.F.);
#17747 = EDGE_CURVE('',#17607,#17498,#17748,.T.);
#17748 = LINE('',#17749,#17750);
#17749 = CARTESIAN_POINT('',(27.,151.9,35.));
#17750 = VECTOR('',#17751,1.);
#17751 = DIRECTION('',(0.,0.,1.));
#17752 = PLANE('',#17753);
#17753 = AXIS2_PLACEMENT_3D('',#17754,#17755,#17756);
#17754 = CARTESIAN_POINT('',(-41.,151.9,35.));
#17755 = DIRECTION('',(0.,1.,0.));
#17756 = DIRECTION('',(0.,0.,1.));
#17757 = ADVANCED_FACE('',(#17758),#17769,.T.);
#17758 = FACE_BOUND('',#17759,.T.);
#17759 = EDGE_LOOP('',(#17760,#17761,#17762,#17763));
#17760 = ORIENTED_EDGE('',*,*,#17606,.T.);
#17761 = ORIENTED_EDGE('',*,*,#17747,.T.);
#17762 = ORIENTED_EDGE('',*,*,#17497,.F.);
#17763 = ORIENTED_EDGE('',*,*,#17764,.F.);
#17764 = EDGE_CURVE('',#17599,#17490,#17765,.T.);
#17765 = LINE('',#17766,#17767);
#17766 = CARTESIAN_POINT('',(41.,137.9,35.));
#17767 = VECTOR('',#17768,1.);
#17768 = DIRECTION('',(0.,0.,1.));
#17769 = CYLINDRICAL_SURFACE('',#17770,14.);
#17770 = AXIS2_PLACEMENT_3D('',#17771,#17772,#17773);
#17771 = CARTESIAN_POINT('',(27.,137.9,35.));
#17772 = DIRECTION('',(0.,0.,1.));
#17773 = DIRECTION('',(1.,0.,0.));
#17774 = ADVANCED_FACE('',(#17775),#17786,.T.);
#17775 = FACE_BOUND('',#17776,.T.);
#17776 = EDGE_LOOP('',(#17777,#17778,#17784,#17785));
#17777 = ORIENTED_EDGE('',*,*,#17489,.F.);
#17778 = ORIENTED_EDGE('',*,*,#17779,.F.);
#17779 = EDGE_CURVE('',#17590,#17481,#17780,.T.);
#17780 = LINE('',#17781,#17782);
#17781 = CARTESIAN_POINT('',(41.,7.5,35.));
#17782 = VECTOR('',#17783,1.);
#17783 = DIRECTION('',(0.,0.,1.));
#17784 = ORIENTED_EDGE('',*,*,#17598,.T.);
#17785 = ORIENTED_EDGE('',*,*,#17764,.T.);
#17786 = PLANE('',#17787);
#17787 = AXIS2_PLACEMENT_3D('',#17788,#17789,#17790);
#17788 = CARTESIAN_POINT('',(41.,-6.5,35.));
#17789 = DIRECTION('',(1.,0.,0.));
#17790 = DIRECTION('',(0.,0.,1.));
#17791 = ADVANCED_FACE('',(#17792),#17803,.T.);
#17792 = FACE_BOUND('',#17793,.F.);
#17793 = EDGE_LOOP('',(#17794,#17795,#17801,#17802));
#17794 = ORIENTED_EDGE('',*,*,#17589,.T.);
#17795 = ORIENTED_EDGE('',*,*,#17796,.T.);
#17796 = EDGE_CURVE('',#17582,#17473,#17797,.T.);
#17797 = LINE('',#17798,#17799);
#17798 = CARTESIAN_POINT('',(27.,-6.5,35.));
#17799 = VECTOR('',#17800,1.);
#17800 = DIRECTION('',(0.,0.,1.));
#17801 = ORIENTED_EDGE('',*,*,#17480,.F.);
#17802 = ORIENTED_EDGE('',*,*,#17779,.F.);
#17803 = CYLINDRICAL_SURFACE('',#17804,14.);
#17804 = AXIS2_PLACEMENT_3D('',#17805,#17806,#17807);
#17805 = CARTESIAN_POINT('',(27.,7.5,35.));
#17806 = DIRECTION('',(0.,0.,1.));
#17807 = DIRECTION('',(1.,0.,0.));
#17808 = ADVANCED_FACE('',(#17809),#17840,.F.);
#17809 = FACE_BOUND('',#17810,.F.);
#17810 = EDGE_LOOP('',(#17811,#17812,#17813,#17814,#17823,#17831,#17838,
    #17839));
#17811 = ORIENTED_EDGE('',*,*,#17581,.F.);
#17812 = ORIENTED_EDGE('',*,*,#17538,.T.);
#17813 = ORIENTED_EDGE('',*,*,#17370,.T.);
#17814 = ORIENTED_EDGE('',*,*,#17815,.F.);
#17815 = EDGE_CURVE('',#17816,#17371,#17818,.T.);
#17816 = VERTEX_POINT('',#17817);
#17817 = CARTESIAN_POINT('',(-15.71595852876,-6.5,36.539736290978));
#17818 = ELLIPSE('',#17819,57.400633401034,6.);
#17819 = AXIS2_PLACEMENT_3D('',#17820,#17821,#17822);
#17820 = CARTESIAN_POINT('',(-13.,-6.5,-14.64345117392));
#17821 = DIRECTION('',(0.,1.,0.));
#17822 = DIRECTION('',(0.,0.,1.));
#17823 = ORIENTED_EDGE('',*,*,#17824,.F.);
#17824 = EDGE_CURVE('',#17825,#17816,#17827,.T.);
#17825 = VERTEX_POINT('',#17826);
#17826 = CARTESIAN_POINT('',(15.715958528763,-6.5,36.539736290978));
#17827 = LINE('',#17828,#17829);
#17828 = CARTESIAN_POINT('',(-20.41285913213,-6.5,36.539736290978));
#17829 = VECTOR('',#17830,1.);
#17830 = DIRECTION('',(-1.,0.,0.));
#17831 = ORIENTED_EDGE('',*,*,#17832,.F.);
#17832 = EDGE_CURVE('',#17464,#17825,#17833,.T.);
#17833 = ELLIPSE('',#17834,57.400633401034,6.);
#17834 = AXIS2_PLACEMENT_3D('',#17835,#17836,#17837);
#17835 = CARTESIAN_POINT('',(13.,-6.5,-14.64345117392));
#17836 = DIRECTION('',(0.,1.,0.));
#17837 = DIRECTION('',(0.,0.,1.));
#17838 = ORIENTED_EDGE('',*,*,#17472,.T.);
#17839 = ORIENTED_EDGE('',*,*,#17796,.F.);
#17840 = PLANE('',#17841);
#17841 = AXIS2_PLACEMENT_3D('',#17842,#17843,#17844);
#17842 = CARTESIAN_POINT('',(-41.,-6.5,35.));
#17843 = DIRECTION('',(0.,1.,0.));
#17844 = DIRECTION('',(0.,0.,1.));
#17845 = ADVANCED_FACE('',(#17846),#17875,.F.);
#17846 = FACE_BOUND('',#17847,.F.);
#17847 = EDGE_LOOP('',(#17848,#17849,#17858,#17867,#17874));
#17848 = ORIENTED_EDGE('',*,*,#17832,.T.);
#17849 = ORIENTED_EDGE('',*,*,#17850,.T.);
#17850 = EDGE_CURVE('',#17825,#17851,#17853,.T.);
#17851 = VERTEX_POINT('',#17852);
#17852 = CARTESIAN_POINT('',(19.,-1.179208476365,35.980498566878));
#17853 = CIRCLE('',#17854,6.);
#17854 = AXIS2_PLACEMENT_3D('',#17855,#17856,#17857);
#17855 = CARTESIAN_POINT('',(13.,-1.179208476365,35.980498566878));
#17856 = DIRECTION('',(-0.,0.104528463268,0.994521895368));
#17857 = DIRECTION('',(1.,0.,0.));
#17858 = ORIENTED_EDGE('',*,*,#17859,.T.);
#17859 = EDGE_CURVE('',#17851,#17860,#17862,.T.);
#17860 = VERTEX_POINT('',#17861);
#17861 = CARTESIAN_POINT('',(18.502438966318,1.2,35.730433679433));
#17862 = CIRCLE('',#17863,6.);
#17863 = AXIS2_PLACEMENT_3D('',#17864,#17865,#17866);
#17864 = CARTESIAN_POINT('',(13.,-1.179208476365,35.980498566878));
#17865 = DIRECTION('',(-0.,0.104528463268,0.994521895368));
#17866 = DIRECTION('',(1.,0.,0.));
#17867 = ORIENTED_EDGE('',*,*,#17868,.F.);
#17868 = EDGE_CURVE('',#17456,#17860,#17869,.T.);
#17869 = ELLIPSE('',#17870,57.400633401034,6.);
#17870 = AXIS2_PLACEMENT_3D('',#17871,#17872,#17873);
#17871 = CARTESIAN_POINT('',(13.,1.2,58.617155123591));
#17872 = DIRECTION('',(0.,1.,0.));
#17873 = DIRECTION('',(0.,0.,1.));
#17874 = ORIENTED_EDGE('',*,*,#17463,.F.);
#17875 = CYLINDRICAL_SURFACE('',#17876,6.);
#17876 = AXIS2_PLACEMENT_3D('',#17877,#17878,#17879);
#17877 = CARTESIAN_POINT('',(13.,-1.179208476365,35.980498566878));
#17878 = DIRECTION('',(0.,0.104528463268,0.994521895368));
#17879 = DIRECTION('',(1.,0.,0.));
#17880 = ADVANCED_FACE('',(#17881),#17914,.T.);
#17881 = FACE_BOUND('',#17882,.T.);
#17882 = EDGE_LOOP('',(#17883,#17889,#17890,#17896,#17897,#17906,#17912,
    #17913));
#17883 = ORIENTED_EDGE('',*,*,#17884,.F.);
#17884 = EDGE_CURVE('',#17700,#17447,#17885,.T.);
#17885 = LINE('',#17886,#17887);
#17886 = CARTESIAN_POINT('',(24.7,1.2,34.));
#17887 = VECTOR('',#17888,1.);
#17888 = DIRECTION('',(0.,0.,1.));
#17889 = ORIENTED_EDGE('',*,*,#17708,.T.);
#17890 = ORIENTED_EDGE('',*,*,#17891,.T.);
#17891 = EDGE_CURVE('',#17649,#17388,#17892,.T.);
#17892 = LINE('',#17893,#17894);
#17893 = CARTESIAN_POINT('',(-24.7,1.2,34.));
#17894 = VECTOR('',#17895,1.);
#17895 = DIRECTION('',(0.,0.,1.));
#17896 = ORIENTED_EDGE('',*,*,#17387,.F.);
#17897 = ORIENTED_EDGE('',*,*,#17898,.F.);
#17898 = EDGE_CURVE('',#17899,#17379,#17901,.T.);
#17899 = VERTEX_POINT('',#17900);
#17900 = CARTESIAN_POINT('',(-18.50243896631,1.2,35.730433679433));
#17901 = ELLIPSE('',#17902,57.400633401034,6.);
#17902 = AXIS2_PLACEMENT_3D('',#17903,#17904,#17905);
#17903 = CARTESIAN_POINT('',(-13.,1.2,58.617155123591));
#17904 = DIRECTION('',(0.,1.,0.));
#17905 = DIRECTION('',(0.,0.,1.));
#17906 = ORIENTED_EDGE('',*,*,#17907,.F.);
#17907 = EDGE_CURVE('',#17860,#17899,#17908,.T.);
#17908 = LINE('',#17909,#17910);
#17909 = CARTESIAN_POINT('',(-17.06285913213,1.2,35.730433679433));
#17910 = VECTOR('',#17911,1.);
#17911 = DIRECTION('',(-1.,0.,0.));
#17912 = ORIENTED_EDGE('',*,*,#17868,.F.);
#17913 = ORIENTED_EDGE('',*,*,#17455,.F.);
#17914 = PLANE('',#17915);
#17915 = AXIS2_PLACEMENT_3D('',#17916,#17917,#17918);
#17916 = CARTESIAN_POINT('',(-34.3,1.2,34.));
#17917 = DIRECTION('',(0.,1.,0.));
#17918 = DIRECTION('',(0.,0.,1.));
#17919 = ADVANCED_FACE('',(#17920),#17931,.F.);
#17920 = FACE_BOUND('',#17921,.T.);
#17921 = EDGE_LOOP('',(#17922,#17928,#17929,#17930));
#17922 = ORIENTED_EDGE('',*,*,#17923,.F.);
#17923 = EDGE_CURVE('',#17692,#17439,#17924,.T.);
#17924 = LINE('',#17925,#17926);
#17925 = CARTESIAN_POINT('',(34.3,10.8,34.));
#17926 = VECTOR('',#17927,1.);
#17927 = DIRECTION('',(0.,0.,1.));
#17928 = ORIENTED_EDGE('',*,*,#17699,.F.);
#17929 = ORIENTED_EDGE('',*,*,#17884,.T.);
#17930 = ORIENTED_EDGE('',*,*,#17446,.T.);
#17931 = CYLINDRICAL_SURFACE('',#17932,9.6);
#17932 = AXIS2_PLACEMENT_3D('',#17933,#17934,#17935);
#17933 = CARTESIAN_POINT('',(24.7,10.8,34.));
#17934 = DIRECTION('',(0.,0.,1.));
#17935 = DIRECTION('',(1.,0.,0.));
#17936 = ADVANCED_FACE('',(#17937),#17948,.F.);
#17937 = FACE_BOUND('',#17938,.F.);
#17938 = EDGE_LOOP('',(#17939,#17940,#17941,#17942));
#17939 = ORIENTED_EDGE('',*,*,#17438,.F.);
#17940 = ORIENTED_EDGE('',*,*,#17923,.F.);
#17941 = ORIENTED_EDGE('',*,*,#17691,.T.);
#17942 = ORIENTED_EDGE('',*,*,#17943,.T.);
#17943 = EDGE_CURVE('',#17683,#17430,#17944,.T.);
#17944 = LINE('',#17945,#17946);
#17945 = CARTESIAN_POINT('',(34.3,134.6,34.));
#17946 = VECTOR('',#17947,1.);
#17947 = DIRECTION('',(0.,0.,1.));
#17948 = PLANE('',#17949);
#17949 = AXIS2_PLACEMENT_3D('',#17950,#17951,#17952);
#17950 = CARTESIAN_POINT('',(34.3,1.2,34.));
#17951 = DIRECTION('',(1.,0.,0.));
#17952 = DIRECTION('',(0.,0.,1.));
#17953 = ADVANCED_FACE('',(#17954),#17965,.F.);
#17954 = FACE_BOUND('',#17955,.F.);
#17955 = EDGE_LOOP('',(#17956,#17957,#17958,#17964));
#17956 = ORIENTED_EDGE('',*,*,#17943,.F.);
#17957 = ORIENTED_EDGE('',*,*,#17682,.T.);
#17958 = ORIENTED_EDGE('',*,*,#17959,.T.);
#17959 = EDGE_CURVE('',#17675,#17422,#17960,.T.);
#17960 = LINE('',#17961,#17962);
#17961 = CARTESIAN_POINT('',(24.7,144.2,34.));
#17962 = VECTOR('',#17963,1.);
#17963 = DIRECTION('',(0.,0.,1.));
#17964 = ORIENTED_EDGE('',*,*,#17429,.F.);
#17965 = CYLINDRICAL_SURFACE('',#17966,9.6);
#17966 = AXIS2_PLACEMENT_3D('',#17967,#17968,#17969);
#17967 = CARTESIAN_POINT('',(24.7,134.6,34.));
#17968 = DIRECTION('',(0.,0.,1.));
#17969 = DIRECTION('',(1.,0.,0.));
#17970 = ADVANCED_FACE('',(#17971),#17982,.F.);
#17971 = FACE_BOUND('',#17972,.F.);
#17972 = EDGE_LOOP('',(#17973,#17974,#17980,#17981));
#17973 = ORIENTED_EDGE('',*,*,#17674,.T.);
#17974 = ORIENTED_EDGE('',*,*,#17975,.T.);
#17975 = EDGE_CURVE('',#17666,#17413,#17976,.T.);
#17976 = LINE('',#17977,#17978);
#17977 = CARTESIAN_POINT('',(-24.7,144.2,34.));
#17978 = VECTOR('',#17979,1.);
#17979 = DIRECTION('',(0.,0.,1.));
#17980 = ORIENTED_EDGE('',*,*,#17421,.F.);
#17981 = ORIENTED_EDGE('',*,*,#17959,.F.);
#17982 = PLANE('',#17983);
#17983 = AXIS2_PLACEMENT_3D('',#17984,#17985,#17986);
#17984 = CARTESIAN_POINT('',(-34.3,144.2,34.));
#17985 = DIRECTION('',(0.,1.,0.));
#17986 = DIRECTION('',(0.,0.,1.));
#17987 = ADVANCED_FACE('',(#17988),#17999,.F.);
#17988 = FACE_BOUND('',#17989,.T.);
#17989 = EDGE_LOOP('',(#17990,#17996,#17997,#17998));
#17990 = ORIENTED_EDGE('',*,*,#17991,.F.);
#17991 = EDGE_CURVE('',#17658,#17405,#17992,.T.);
#17992 = LINE('',#17993,#17994);
#17993 = CARTESIAN_POINT('',(-34.3,134.6,34.));
#17994 = VECTOR('',#17995,1.);
#17995 = DIRECTION('',(0.,0.,1.));
#17996 = ORIENTED_EDGE('',*,*,#17665,.F.);
#17997 = ORIENTED_EDGE('',*,*,#17975,.T.);
#17998 = ORIENTED_EDGE('',*,*,#17412,.T.);
#17999 = CYLINDRICAL_SURFACE('',#18000,9.6);
#18000 = AXIS2_PLACEMENT_3D('',#18001,#18002,#18003);
#18001 = CARTESIAN_POINT('',(-24.7,134.6,34.));
#18002 = DIRECTION('',(0.,0.,1.));
#18003 = DIRECTION('',(-1.,0.,0.));
#18004 = ADVANCED_FACE('',(#18005),#18016,.T.);
#18005 = FACE_BOUND('',#18006,.T.);
#18006 = EDGE_LOOP('',(#18007,#18008,#18014,#18015));
#18007 = ORIENTED_EDGE('',*,*,#17404,.F.);
#18008 = ORIENTED_EDGE('',*,*,#18009,.F.);
#18009 = EDGE_CURVE('',#17647,#17396,#18010,.T.);
#18010 = LINE('',#18011,#18012);
#18011 = CARTESIAN_POINT('',(-34.3,10.8,34.));
#18012 = VECTOR('',#18013,1.);
#18013 = DIRECTION('',(0.,0.,1.));
#18014 = ORIENTED_EDGE('',*,*,#17657,.T.);
#18015 = ORIENTED_EDGE('',*,*,#17991,.T.);
#18016 = PLANE('',#18017);
#18017 = AXIS2_PLACEMENT_3D('',#18018,#18019,#18020);
#18018 = CARTESIAN_POINT('',(-34.3,1.2,34.));
#18019 = DIRECTION('',(1.,0.,0.));
#18020 = DIRECTION('',(0.,0.,1.));
#18021 = ADVANCED_FACE('',(#18022),#18028,.F.);
#18022 = FACE_BOUND('',#18023,.F.);
#18023 = EDGE_LOOP('',(#18024,#18025,#18026,#18027));
#18024 = ORIENTED_EDGE('',*,*,#18009,.F.);
#18025 = ORIENTED_EDGE('',*,*,#17646,.T.);
#18026 = ORIENTED_EDGE('',*,*,#17891,.T.);
#18027 = ORIENTED_EDGE('',*,*,#17395,.F.);
#18028 = CYLINDRICAL_SURFACE('',#18029,9.6);
#18029 = AXIS2_PLACEMENT_3D('',#18030,#18031,#18032);
#18030 = CARTESIAN_POINT('',(-24.7,10.8,34.));
#18031 = DIRECTION('',(0.,0.,1.));
#18032 = DIRECTION('',(-1.,0.,0.));
#18033 = ADVANCED_FACE('',(#18034),#18046,.F.);
#18034 = FACE_BOUND('',#18035,.F.);
#18035 = EDGE_LOOP('',(#18036,#18037,#18044,#18045));
#18036 = ORIENTED_EDGE('',*,*,#17898,.F.);
#18037 = ORIENTED_EDGE('',*,*,#18038,.T.);
#18038 = EDGE_CURVE('',#17899,#17816,#18039,.T.);
#18039 = CIRCLE('',#18040,6.);
#18040 = AXIS2_PLACEMENT_3D('',#18041,#18042,#18043);
#18041 = CARTESIAN_POINT('',(-13.,-1.179208476365,35.980498566878));
#18042 = DIRECTION('',(-0.,0.104528463268,0.994521895368));
#18043 = DIRECTION('',(1.,0.,0.));
#18044 = ORIENTED_EDGE('',*,*,#17815,.T.);
#18045 = ORIENTED_EDGE('',*,*,#17378,.F.);
#18046 = CYLINDRICAL_SURFACE('',#18047,6.);
#18047 = AXIS2_PLACEMENT_3D('',#18048,#18049,#18050);
#18048 = CARTESIAN_POINT('',(-13.,-1.179208476365,35.980498566878));
#18049 = DIRECTION('',(0.,0.104528463268,0.994521895368));
#18050 = DIRECTION('',(1.,0.,0.));
#18051 = ADVANCED_FACE('',(#18052),#18071,.F.);
#18052 = FACE_BOUND('',#18053,.F.);
#18053 = EDGE_LOOP('',(#18054,#18062,#18069,#18070));
#18054 = ORIENTED_EDGE('',*,*,#18055,.T.);
#18055 = EDGE_CURVE('',#17625,#18056,#18058,.T.);
#18056 = VERTEX_POINT('',#18057);
#18057 = CARTESIAN_POINT('',(-30.4,1.5,37.4));
#18058 = LINE('',#18059,#18060);
#18059 = CARTESIAN_POINT('',(-30.4,1.5,34.9));
#18060 = VECTOR('',#18061,1.);
#18061 = DIRECTION('',(0.,0.,1.));
#18062 = ORIENTED_EDGE('',*,*,#18063,.F.);
#18063 = EDGE_CURVE('',#18056,#18056,#18064,.T.);
#18064 = CIRCLE('',#18065,2.1);
#18065 = AXIS2_PLACEMENT_3D('',#18066,#18067,#18068);
#18066 = CARTESIAN_POINT('',(-32.5,1.5,37.4));
#18067 = DIRECTION('',(0.,0.,1.));
#18068 = DIRECTION('',(1.,0.,0.));
#18069 = ORIENTED_EDGE('',*,*,#18055,.F.);
#18070 = ORIENTED_EDGE('',*,*,#17624,.T.);
#18071 = CYLINDRICAL_SURFACE('',#18072,2.1);
#18072 = AXIS2_PLACEMENT_3D('',#18073,#18074,#18075);
#18073 = CARTESIAN_POINT('',(-32.5,1.5,34.9));
#18074 = DIRECTION('',(0.,0.,1.));
#18075 = DIRECTION('',(1.,0.,0.));
#18076 = ADVANCED_FACE('',(#18077),#18096,.F.);
#18077 = FACE_BOUND('',#18078,.F.);
#18078 = EDGE_LOOP('',(#18079,#18087,#18094,#18095));
#18079 = ORIENTED_EDGE('',*,*,#18080,.T.);
#18080 = EDGE_CURVE('',#17636,#18081,#18083,.T.);
#18081 = VERTEX_POINT('',#18082);
#18082 = CARTESIAN_POINT('',(34.6,1.5,37.4));
#18083 = LINE('',#18084,#18085);
#18084 = CARTESIAN_POINT('',(34.6,1.5,34.9));
#18085 = VECTOR('',#18086,1.);
#18086 = DIRECTION('',(0.,0.,1.));
#18087 = ORIENTED_EDGE('',*,*,#18088,.F.);
#18088 = EDGE_CURVE('',#18081,#18081,#18089,.T.);
#18089 = CIRCLE('',#18090,2.1);
#18090 = AXIS2_PLACEMENT_3D('',#18091,#18092,#18093);
#18091 = CARTESIAN_POINT('',(32.5,1.5,37.4));
#18092 = DIRECTION('',(0.,0.,1.));
#18093 = DIRECTION('',(1.,0.,0.));
#18094 = ORIENTED_EDGE('',*,*,#18080,.F.);
#18095 = ORIENTED_EDGE('',*,*,#17635,.T.);
#18096 = CYLINDRICAL_SURFACE('',#18097,2.1);
#18097 = AXIS2_PLACEMENT_3D('',#18098,#18099,#18100);
#18098 = CARTESIAN_POINT('',(32.5,1.5,34.9));
#18099 = DIRECTION('',(0.,0.,1.));
#18100 = DIRECTION('',(1.,0.,0.));
#18101 = ADVANCED_FACE('',(#18102),#18121,.F.);
#18102 = FACE_BOUND('',#18103,.F.);
#18103 = EDGE_LOOP('',(#18104,#18112,#18119,#18120));
#18104 = ORIENTED_EDGE('',*,*,#18105,.T.);
#18105 = EDGE_CURVE('',#17717,#18106,#18108,.T.);
#18106 = VERTEX_POINT('',#18107);
#18107 = CARTESIAN_POINT('',(-30.4,143.9,37.4));
#18108 = LINE('',#18109,#18110);
#18109 = CARTESIAN_POINT('',(-30.4,143.9,34.9));
#18110 = VECTOR('',#18111,1.);
#18111 = DIRECTION('',(0.,0.,1.));
#18112 = ORIENTED_EDGE('',*,*,#18113,.F.);
#18113 = EDGE_CURVE('',#18106,#18106,#18114,.T.);
#18114 = CIRCLE('',#18115,2.1);
#18115 = AXIS2_PLACEMENT_3D('',#18116,#18117,#18118);
#18116 = CARTESIAN_POINT('',(-32.5,143.9,37.4));
#18117 = DIRECTION('',(0.,0.,1.));
#18118 = DIRECTION('',(1.,0.,0.));
#18119 = ORIENTED_EDGE('',*,*,#18105,.F.);
#18120 = ORIENTED_EDGE('',*,*,#17716,.T.);
#18121 = CYLINDRICAL_SURFACE('',#18122,2.1);
#18122 = AXIS2_PLACEMENT_3D('',#18123,#18124,#18125);
#18123 = CARTESIAN_POINT('',(-32.5,143.9,34.9));
#18124 = DIRECTION('',(0.,0.,1.));
#18125 = DIRECTION('',(1.,0.,0.));
#18126 = ADVANCED_FACE('',(#18127),#18146,.F.);
#18127 = FACE_BOUND('',#18128,.F.);
#18128 = EDGE_LOOP('',(#18129,#18137,#18144,#18145));
#18129 = ORIENTED_EDGE('',*,*,#18130,.T.);
#18130 = EDGE_CURVE('',#17728,#18131,#18133,.T.);
#18131 = VERTEX_POINT('',#18132);
#18132 = CARTESIAN_POINT('',(34.6,143.9,37.4));
#18133 = LINE('',#18134,#18135);
#18134 = CARTESIAN_POINT('',(34.6,143.9,34.9));
#18135 = VECTOR('',#18136,1.);
#18136 = DIRECTION('',(0.,0.,1.));
#18137 = ORIENTED_EDGE('',*,*,#18138,.F.);
#18138 = EDGE_CURVE('',#18131,#18131,#18139,.T.);
#18139 = CIRCLE('',#18140,2.1);
#18140 = AXIS2_PLACEMENT_3D('',#18141,#18142,#18143);
#18141 = CARTESIAN_POINT('',(32.5,143.9,37.4));
#18142 = DIRECTION('',(0.,0.,1.));
#18143 = DIRECTION('',(1.,0.,0.));
#18144 = ORIENTED_EDGE('',*,*,#18130,.F.);
#18145 = ORIENTED_EDGE('',*,*,#17727,.T.);
#18146 = CYLINDRICAL_SURFACE('',#18147,2.1);
#18147 = AXIS2_PLACEMENT_3D('',#18148,#18149,#18150);
#18148 = CARTESIAN_POINT('',(32.5,143.9,34.9));
#18149 = DIRECTION('',(0.,0.,1.));
#18150 = DIRECTION('',(1.,0.,0.));
#18151 = ADVANCED_FACE('',(#18152),#18159,.F.);
#18152 = FACE_BOUND('',#18153,.F.);
#18153 = EDGE_LOOP('',(#18154,#18155,#18156,#18157,#18158));
#18154 = ORIENTED_EDGE('',*,*,#18038,.F.);
#18155 = ORIENTED_EDGE('',*,*,#17907,.F.);
#18156 = ORIENTED_EDGE('',*,*,#17859,.F.);
#18157 = ORIENTED_EDGE('',*,*,#17850,.F.);
#18158 = ORIENTED_EDGE('',*,*,#17824,.T.);
#18159 = PLANE('',#18160);
#18160 = AXIS2_PLACEMENT_3D('',#18161,#18162,#18163);
#18161 = CARTESIAN_POINT('',(0.17428173574,-1.179208476365,
    35.980498566878));
#18162 = DIRECTION('',(-0.,-0.104528463268,-0.994521895368));
#18163 = DIRECTION('',(-1.,0.,0.));
#18164 = ADVANCED_FACE('',(#18165),#18168,.F.);
#18165 = FACE_BOUND('',#18166,.F.);
#18166 = EDGE_LOOP('',(#18167));
#18167 = ORIENTED_EDGE('',*,*,#18063,.T.);
#18168 = PLANE('',#18169);
#18169 = AXIS2_PLACEMENT_3D('',#18170,#18171,#18172);
#18170 = CARTESIAN_POINT('',(-32.5,1.5,37.4));
#18171 = DIRECTION('',(0.,0.,1.));
#18172 = DIRECTION('',(1.,0.,0.));
#18173 = ADVANCED_FACE('',(#18174),#18177,.F.);
#18174 = FACE_BOUND('',#18175,.F.);
#18175 = EDGE_LOOP('',(#18176));
#18176 = ORIENTED_EDGE('',*,*,#18088,.T.);
#18177 = PLANE('',#18178);
#18178 = AXIS2_PLACEMENT_3D('',#18179,#18180,#18181);
#18179 = CARTESIAN_POINT('',(32.5,1.5,37.4));
#18180 = DIRECTION('',(0.,0.,1.));
#18181 = DIRECTION('',(1.,0.,0.));
#18182 = ADVANCED_FACE('',(#18183),#18186,.F.);
#18183 = FACE_BOUND('',#18184,.F.);
#18184 = EDGE_LOOP('',(#18185));
#18185 = ORIENTED_EDGE('',*,*,#18113,.T.);
#18186 = PLANE('',#18187);
#18187 = AXIS2_PLACEMENT_3D('',#18188,#18189,#18190);
#18188 = CARTESIAN_POINT('',(-32.5,143.9,37.4));
#18189 = DIRECTION('',(0.,0.,1.));
#18190 = DIRECTION('',(1.,0.,0.));
#18191 = ADVANCED_FACE('',(#18192),#18195,.F.);
#18192 = FACE_BOUND('',#18193,.F.);
#18193 = EDGE_LOOP('',(#18194));
#18194 = ORIENTED_EDGE('',*,*,#18138,.T.);
#18195 = PLANE('',#18196);
#18196 = AXIS2_PLACEMENT_3D('',#18197,#18198,#18199);
#18197 = CARTESIAN_POINT('',(32.5,143.9,37.4));
#18198 = DIRECTION('',(0.,0.,1.));
#18199 = DIRECTION('',(1.,0.,0.));
#18200 = MANIFOLD_SOLID_BREP('',#18201);
#18201 = CLOSED_SHELL('',(#18202,#18276,#18307,#18331,#18355,#18372,
    #18435,#18491,#18547,#18596,#18642,#18659,#18727,#18752,#18818,
    #18829,#18840,#18850,#18861,#18878,#18888,#18919,#18943,#18967,
    #18984,#19001,#19120,#19132,#19144,#19160,#19178,#19188,#19204,
    #19222,#19232,#19248,#19266));
#18202 = ADVANCED_FACE('',(#18203,#18237),#18271,.F.);
#18203 = FACE_BOUND('',#18204,.F.);
#18204 = EDGE_LOOP('',(#18205,#18215,#18223,#18231));
#18205 = ORIENTED_EDGE('',*,*,#18206,.F.);
#18206 = EDGE_CURVE('',#18207,#18209,#18211,.T.);
#18207 = VERTEX_POINT('',#18208);
#18208 = CARTESIAN_POINT('',(-38.2,97.7,-6.7));
#18209 = VERTEX_POINT('',#18210);
#18210 = CARTESIAN_POINT('',(-38.2,97.7,-1.7));
#18211 = LINE('',#18212,#18213);
#18212 = CARTESIAN_POINT('',(-38.2,97.7,-6.7));
#18213 = VECTOR('',#18214,1.);
#18214 = DIRECTION('',(0.,0.,1.));
#18215 = ORIENTED_EDGE('',*,*,#18216,.T.);
#18216 = EDGE_CURVE('',#18207,#18217,#18219,.T.);
#18217 = VERTEX_POINT('',#18218);
#18218 = CARTESIAN_POINT('',(-38.2,111.7,-6.7));
#18219 = LINE('',#18220,#18221);
#18220 = CARTESIAN_POINT('',(-38.2,97.7,-6.7));
#18221 = VECTOR('',#18222,1.);
#18222 = DIRECTION('',(0.,1.,0.));
#18223 = ORIENTED_EDGE('',*,*,#18224,.T.);
#18224 = EDGE_CURVE('',#18217,#18225,#18227,.T.);
#18225 = VERTEX_POINT('',#18226);
#18226 = CARTESIAN_POINT('',(-38.2,111.7,-1.7));
#18227 = LINE('',#18228,#18229);
#18228 = CARTESIAN_POINT('',(-38.2,111.7,-6.7));
#18229 = VECTOR('',#18230,1.);
#18230 = DIRECTION('',(0.,0.,1.));
#18231 = ORIENTED_EDGE('',*,*,#18232,.F.);
#18232 = EDGE_CURVE('',#18209,#18225,#18233,.T.);
#18233 = LINE('',#18234,#18235);
#18234 = CARTESIAN_POINT('',(-38.2,97.7,-1.7));
#18235 = VECTOR('',#18236,1.);
#18236 = DIRECTION('',(0.,1.,0.));
#18237 = FACE_BOUND('',#18238,.F.);
#18238 = EDGE_LOOP('',(#18239,#18249,#18257,#18265));
#18239 = ORIENTED_EDGE('',*,*,#18240,.T.);
#18240 = EDGE_CURVE('',#18241,#18243,#18245,.T.);
#18241 = VERTEX_POINT('',#18242);
#18242 = CARTESIAN_POINT('',(-38.2,109.2,-5.8));
#18243 = VERTEX_POINT('',#18244);
#18244 = CARTESIAN_POINT('',(-38.2,100.2,-5.8));
#18245 = LINE('',#18246,#18247);
#18246 = CARTESIAN_POINT('',(-38.2,98.95,-5.8));
#18247 = VECTOR('',#18248,1.);
#18248 = DIRECTION('',(0.,-1.,0.));
#18249 = ORIENTED_EDGE('',*,*,#18250,.T.);
#18250 = EDGE_CURVE('',#18243,#18251,#18253,.T.);
#18251 = VERTEX_POINT('',#18252);
#18252 = CARTESIAN_POINT('',(-38.2,100.2,-2.6));
#18253 = LINE('',#18254,#18255);
#18254 = CARTESIAN_POINT('',(-38.2,100.2,-6.25));
#18255 = VECTOR('',#18256,1.);
#18256 = DIRECTION('',(0.,0.,1.));
#18257 = ORIENTED_EDGE('',*,*,#18258,.F.);
#18258 = EDGE_CURVE('',#18259,#18251,#18261,.T.);
#18259 = VERTEX_POINT('',#18260);
#18260 = CARTESIAN_POINT('',(-38.2,109.2,-2.6));
#18261 = LINE('',#18262,#18263);
#18262 = CARTESIAN_POINT('',(-38.2,98.95,-2.6));
#18263 = VECTOR('',#18264,1.);
#18264 = DIRECTION('',(0.,-1.,0.));
#18265 = ORIENTED_EDGE('',*,*,#18266,.F.);
#18266 = EDGE_CURVE('',#18241,#18259,#18267,.T.);
#18267 = LINE('',#18268,#18269);
#18268 = CARTESIAN_POINT('',(-38.2,109.2,-6.25));
#18269 = VECTOR('',#18270,1.);
#18270 = DIRECTION('',(0.,0.,1.));
#18271 = PLANE('',#18272);
#18272 = AXIS2_PLACEMENT_3D('',#18273,#18274,#18275);
#18273 = CARTESIAN_POINT('',(-38.2,97.7,-6.7));
#18274 = DIRECTION('',(1.,0.,0.));
#18275 = DIRECTION('',(0.,0.,1.));
#18276 = ADVANCED_FACE('',(#18277),#18302,.F.);
#18277 = FACE_BOUND('',#18278,.F.);
#18278 = EDGE_LOOP('',(#18279,#18287,#18288,#18296));
#18279 = ORIENTED_EDGE('',*,*,#18280,.F.);
#18280 = EDGE_CURVE('',#18207,#18281,#18283,.T.);
#18281 = VERTEX_POINT('',#18282);
#18282 = CARTESIAN_POINT('',(-36.8,97.7,-6.7));
#18283 = LINE('',#18284,#18285);
#18284 = CARTESIAN_POINT('',(-38.2,97.7,-6.7));
#18285 = VECTOR('',#18286,1.);
#18286 = DIRECTION('',(1.,0.,0.));
#18287 = ORIENTED_EDGE('',*,*,#18206,.T.);
#18288 = ORIENTED_EDGE('',*,*,#18289,.T.);
#18289 = EDGE_CURVE('',#18209,#18290,#18292,.T.);
#18290 = VERTEX_POINT('',#18291);
#18291 = CARTESIAN_POINT('',(-36.8,97.7,-1.7));
#18292 = LINE('',#18293,#18294);
#18293 = CARTESIAN_POINT('',(-38.2,97.7,-1.7));
#18294 = VECTOR('',#18295,1.);
#18295 = DIRECTION('',(1.,0.,0.));
#18296 = ORIENTED_EDGE('',*,*,#18297,.F.);
#18297 = EDGE_CURVE('',#18281,#18290,#18298,.T.);
#18298 = LINE('',#18299,#18300);
#18299 = CARTESIAN_POINT('',(-36.8,97.7,-6.7));
#18300 = VECTOR('',#18301,1.);
#18301 = DIRECTION('',(0.,0.,1.));
#18302 = PLANE('',#18303);
#18303 = AXIS2_PLACEMENT_3D('',#18304,#18305,#18306);
#18304 = CARTESIAN_POINT('',(-38.2,97.7,-6.7));
#18305 = DIRECTION('',(0.,1.,0.));
#18306 = DIRECTION('',(0.,0.,1.));
#18307 = ADVANCED_FACE('',(#18308),#18326,.T.);
#18308 = FACE_BOUND('',#18309,.T.);
#18309 = EDGE_LOOP('',(#18310,#18311,#18312,#18320));
#18310 = ORIENTED_EDGE('',*,*,#18232,.F.);
#18311 = ORIENTED_EDGE('',*,*,#18289,.T.);
#18312 = ORIENTED_EDGE('',*,*,#18313,.T.);
#18313 = EDGE_CURVE('',#18290,#18314,#18316,.T.);
#18314 = VERTEX_POINT('',#18315);
#18315 = CARTESIAN_POINT('',(-36.8,111.7,-1.7));
#18316 = LINE('',#18317,#18318);
#18317 = CARTESIAN_POINT('',(-36.8,97.7,-1.7));
#18318 = VECTOR('',#18319,1.);
#18319 = DIRECTION('',(0.,1.,0.));
#18320 = ORIENTED_EDGE('',*,*,#18321,.F.);
#18321 = EDGE_CURVE('',#18225,#18314,#18322,.T.);
#18322 = LINE('',#18323,#18324);
#18323 = CARTESIAN_POINT('',(-38.2,111.7,-1.7));
#18324 = VECTOR('',#18325,1.);
#18325 = DIRECTION('',(1.,0.,0.));
#18326 = PLANE('',#18327);
#18327 = AXIS2_PLACEMENT_3D('',#18328,#18329,#18330);
#18328 = CARTESIAN_POINT('',(-38.2,97.7,-1.7));
#18329 = DIRECTION('',(0.,0.,1.));
#18330 = DIRECTION('',(1.,0.,0.));
#18331 = ADVANCED_FACE('',(#18332),#18350,.F.);
#18332 = FACE_BOUND('',#18333,.F.);
#18333 = EDGE_LOOP('',(#18334,#18335,#18336,#18344));
#18334 = ORIENTED_EDGE('',*,*,#18216,.F.);
#18335 = ORIENTED_EDGE('',*,*,#18280,.T.);
#18336 = ORIENTED_EDGE('',*,*,#18337,.T.);
#18337 = EDGE_CURVE('',#18281,#18338,#18340,.T.);
#18338 = VERTEX_POINT('',#18339);
#18339 = CARTESIAN_POINT('',(-36.8,111.7,-6.7));
#18340 = LINE('',#18341,#18342);
#18341 = CARTESIAN_POINT('',(-36.8,97.7,-6.7));
#18342 = VECTOR('',#18343,1.);
#18343 = DIRECTION('',(0.,1.,0.));
#18344 = ORIENTED_EDGE('',*,*,#18345,.F.);
#18345 = EDGE_CURVE('',#18217,#18338,#18346,.T.);
#18346 = LINE('',#18347,#18348);
#18347 = CARTESIAN_POINT('',(-38.2,111.7,-6.7));
#18348 = VECTOR('',#18349,1.);
#18349 = DIRECTION('',(1.,0.,0.));
#18350 = PLANE('',#18351);
#18351 = AXIS2_PLACEMENT_3D('',#18352,#18353,#18354);
#18352 = CARTESIAN_POINT('',(-38.2,97.7,-6.7));
#18353 = DIRECTION('',(0.,0.,1.));
#18354 = DIRECTION('',(1.,0.,0.));
#18355 = ADVANCED_FACE('',(#18356),#18367,.T.);
#18356 = FACE_BOUND('',#18357,.T.);
#18357 = EDGE_LOOP('',(#18358,#18359,#18360,#18361));
#18358 = ORIENTED_EDGE('',*,*,#18345,.F.);
#18359 = ORIENTED_EDGE('',*,*,#18224,.T.);
#18360 = ORIENTED_EDGE('',*,*,#18321,.T.);
#18361 = ORIENTED_EDGE('',*,*,#18362,.F.);
#18362 = EDGE_CURVE('',#18338,#18314,#18363,.T.);
#18363 = LINE('',#18364,#18365);
#18364 = CARTESIAN_POINT('',(-36.8,111.7,-6.7));
#18365 = VECTOR('',#18366,1.);
#18366 = DIRECTION('',(0.,0.,1.));
#18367 = PLANE('',#18368);
#18368 = AXIS2_PLACEMENT_3D('',#18369,#18370,#18371);
#18369 = CARTESIAN_POINT('',(-38.2,111.7,-6.7));
#18370 = DIRECTION('',(0.,1.,0.));
#18371 = DIRECTION('',(0.,0.,1.));
#18372 = ADVANCED_FACE('',(#18373),#18430,.F.);
#18373 = FACE_BOUND('',#18374,.F.);
#18374 = EDGE_LOOP('',(#18375,#18385,#18391,#18392,#18400,#18408,#18416,
    #18424));
#18375 = ORIENTED_EDGE('',*,*,#18376,.F.);
#18376 = EDGE_CURVE('',#18377,#18379,#18381,.T.);
#18377 = VERTEX_POINT('',#18378);
#18378 = CARTESIAN_POINT('',(-39.1,100.2,-5.8));
#18379 = VERTEX_POINT('',#18380);
#18380 = CARTESIAN_POINT('',(-39.1,100.27537887487,-5.8));
#18381 = LINE('',#18382,#18383);
#18382 = CARTESIAN_POINT('',(-39.1,100.2,-5.8));
#18383 = VECTOR('',#18384,1.);
#18384 = DIRECTION('',(0.,1.,0.));
#18385 = ORIENTED_EDGE('',*,*,#18386,.T.);
#18386 = EDGE_CURVE('',#18377,#18243,#18387,.T.);
#18387 = LINE('',#18388,#18389);
#18388 = CARTESIAN_POINT('',(-39.1,100.2,-5.8));
#18389 = VECTOR('',#18390,1.);
#18390 = DIRECTION('',(1.,0.,0.));
#18391 = ORIENTED_EDGE('',*,*,#18240,.F.);
#18392 = ORIENTED_EDGE('',*,*,#18393,.F.);
#18393 = EDGE_CURVE('',#18394,#18241,#18396,.T.);
#18394 = VERTEX_POINT('',#18395);
#18395 = CARTESIAN_POINT('',(-39.1,109.2,-5.8));
#18396 = LINE('',#18397,#18398);
#18397 = CARTESIAN_POINT('',(-39.1,109.2,-5.8));
#18398 = VECTOR('',#18399,1.);
#18399 = DIRECTION('',(1.,0.,0.));
#18400 = ORIENTED_EDGE('',*,*,#18401,.F.);
#18401 = EDGE_CURVE('',#18402,#18394,#18404,.T.);
#18402 = VERTEX_POINT('',#18403);
#18403 = CARTESIAN_POINT('',(-39.1,109.12462112512,-5.8));
#18404 = LINE('',#18405,#18406);
#18405 = CARTESIAN_POINT('',(-39.1,100.2,-5.8));
#18406 = VECTOR('',#18407,1.);
#18407 = DIRECTION('',(0.,1.,0.));
#18408 = ORIENTED_EDGE('',*,*,#18409,.T.);
#18409 = EDGE_CURVE('',#18402,#18410,#18412,.T.);
#18410 = VERTEX_POINT('',#18411);
#18411 = CARTESIAN_POINT('',(-39.,109.12462112512,-5.8));
#18412 = LINE('',#18413,#18414);
#18413 = CARTESIAN_POINT('',(-42.2,109.12462112512,-5.8));
#18414 = VECTOR('',#18415,1.);
#18415 = DIRECTION('',(1.,0.,0.));
#18416 = ORIENTED_EDGE('',*,*,#18417,.T.);
#18417 = EDGE_CURVE('',#18410,#18418,#18420,.T.);
#18418 = VERTEX_POINT('',#18419);
#18419 = CARTESIAN_POINT('',(-39.,100.27537887487,-5.8));
#18420 = LINE('',#18421,#18422);
#18421 = CARTESIAN_POINT('',(-39.,102.45,-5.8));
#18422 = VECTOR('',#18423,1.);
#18423 = DIRECTION('',(0.,-1.,0.));
#18424 = ORIENTED_EDGE('',*,*,#18425,.F.);
#18425 = EDGE_CURVE('',#18379,#18418,#18426,.T.);
#18426 = LINE('',#18427,#18428);
#18427 = CARTESIAN_POINT('',(-42.2,100.27537887487,-5.8));
#18428 = VECTOR('',#18429,1.);
#18429 = DIRECTION('',(1.,0.,0.));
#18430 = PLANE('',#18431);
#18431 = AXIS2_PLACEMENT_3D('',#18432,#18433,#18434);
#18432 = CARTESIAN_POINT('',(-39.1,100.2,-5.8));
#18433 = DIRECTION('',(0.,0.,1.));
#18434 = DIRECTION('',(1.,0.,0.));
#18435 = ADVANCED_FACE('',(#18436),#18486,.T.);
#18436 = FACE_BOUND('',#18437,.T.);
#18437 = EDGE_LOOP('',(#18438,#18439,#18447,#18455,#18463,#18471,#18479,
    #18485));
#18438 = ORIENTED_EDGE('',*,*,#18393,.F.);
#18439 = ORIENTED_EDGE('',*,*,#18440,.T.);
#18440 = EDGE_CURVE('',#18394,#18441,#18443,.T.);
#18441 = VERTEX_POINT('',#18442);
#18442 = CARTESIAN_POINT('',(-39.1,109.2,-5.758845726813));
#18443 = LINE('',#18444,#18445);
#18444 = CARTESIAN_POINT('',(-39.1,109.2,-5.8));
#18445 = VECTOR('',#18446,1.);
#18446 = DIRECTION('',(0.,0.,1.));
#18447 = ORIENTED_EDGE('',*,*,#18448,.T.);
#18448 = EDGE_CURVE('',#18441,#18449,#18451,.T.);
#18449 = VERTEX_POINT('',#18450);
#18450 = CARTESIAN_POINT('',(-39.,109.2,-5.758845726812));
#18451 = LINE('',#18452,#18453);
#18452 = CARTESIAN_POINT('',(-42.2,109.2,-5.758845726812));
#18453 = VECTOR('',#18454,1.);
#18454 = DIRECTION('',(1.,0.,0.));
#18455 = ORIENTED_EDGE('',*,*,#18456,.T.);
#18456 = EDGE_CURVE('',#18449,#18457,#18459,.T.);
#18457 = VERTEX_POINT('',#18458);
#18458 = CARTESIAN_POINT('',(-39.,109.2,-2.641154273188));
#18459 = LINE('',#18460,#18461);
#18460 = CARTESIAN_POINT('',(-39.,109.2,-5.));
#18461 = VECTOR('',#18462,1.);
#18462 = DIRECTION('',(0.,0.,1.));
#18463 = ORIENTED_EDGE('',*,*,#18464,.F.);
#18464 = EDGE_CURVE('',#18465,#18457,#18467,.T.);
#18465 = VERTEX_POINT('',#18466);
#18466 = CARTESIAN_POINT('',(-39.1,109.2,-2.641154273187));
#18467 = LINE('',#18468,#18469);
#18468 = CARTESIAN_POINT('',(-42.2,109.2,-2.641154273188));
#18469 = VECTOR('',#18470,1.);
#18470 = DIRECTION('',(1.,0.,0.));
#18471 = ORIENTED_EDGE('',*,*,#18472,.T.);
#18472 = EDGE_CURVE('',#18465,#18473,#18475,.T.);
#18473 = VERTEX_POINT('',#18474);
#18474 = CARTESIAN_POINT('',(-39.1,109.2,-2.6));
#18475 = LINE('',#18476,#18477);
#18476 = CARTESIAN_POINT('',(-39.1,109.2,-5.8));
#18477 = VECTOR('',#18478,1.);
#18478 = DIRECTION('',(0.,0.,1.));
#18479 = ORIENTED_EDGE('',*,*,#18480,.T.);
#18480 = EDGE_CURVE('',#18473,#18259,#18481,.T.);
#18481 = LINE('',#18482,#18483);
#18482 = CARTESIAN_POINT('',(-39.1,109.2,-2.6));
#18483 = VECTOR('',#18484,1.);
#18484 = DIRECTION('',(1.,0.,0.));
#18485 = ORIENTED_EDGE('',*,*,#18266,.F.);
#18486 = PLANE('',#18487);
#18487 = AXIS2_PLACEMENT_3D('',#18488,#18489,#18490);
#18488 = CARTESIAN_POINT('',(-39.1,109.2,-5.8));
#18489 = DIRECTION('',(0.,1.,0.));
#18490 = DIRECTION('',(0.,0.,1.));
#18491 = ADVANCED_FACE('',(#18492),#18542,.T.);
#18492 = FACE_BOUND('',#18493,.T.);
#18493 = EDGE_LOOP('',(#18494,#18504,#18510,#18511,#18512,#18520,#18528,
    #18536));
#18494 = ORIENTED_EDGE('',*,*,#18495,.F.);
#18495 = EDGE_CURVE('',#18496,#18498,#18500,.T.);
#18496 = VERTEX_POINT('',#18497);
#18497 = CARTESIAN_POINT('',(-39.1,100.2,-2.6));
#18498 = VERTEX_POINT('',#18499);
#18499 = CARTESIAN_POINT('',(-39.1,100.27537887487,-2.6));
#18500 = LINE('',#18501,#18502);
#18501 = CARTESIAN_POINT('',(-39.1,100.2,-2.6));
#18502 = VECTOR('',#18503,1.);
#18503 = DIRECTION('',(0.,1.,0.));
#18504 = ORIENTED_EDGE('',*,*,#18505,.T.);
#18505 = EDGE_CURVE('',#18496,#18251,#18506,.T.);
#18506 = LINE('',#18507,#18508);
#18507 = CARTESIAN_POINT('',(-39.1,100.2,-2.6));
#18508 = VECTOR('',#18509,1.);
#18509 = DIRECTION('',(1.,0.,0.));
#18510 = ORIENTED_EDGE('',*,*,#18258,.F.);
#18511 = ORIENTED_EDGE('',*,*,#18480,.F.);
#18512 = ORIENTED_EDGE('',*,*,#18513,.F.);
#18513 = EDGE_CURVE('',#18514,#18473,#18516,.T.);
#18514 = VERTEX_POINT('',#18515);
#18515 = CARTESIAN_POINT('',(-39.1,109.12462112512,-2.6));
#18516 = LINE('',#18517,#18518);
#18517 = CARTESIAN_POINT('',(-39.1,100.2,-2.6));
#18518 = VECTOR('',#18519,1.);
#18519 = DIRECTION('',(0.,1.,0.));
#18520 = ORIENTED_EDGE('',*,*,#18521,.T.);
#18521 = EDGE_CURVE('',#18514,#18522,#18524,.T.);
#18522 = VERTEX_POINT('',#18523);
#18523 = CARTESIAN_POINT('',(-39.,109.12462112512,-2.6));
#18524 = LINE('',#18525,#18526);
#18525 = CARTESIAN_POINT('',(-42.2,109.12462112512,-2.6));
#18526 = VECTOR('',#18527,1.);
#18527 = DIRECTION('',(1.,0.,0.));
#18528 = ORIENTED_EDGE('',*,*,#18529,.T.);
#18529 = EDGE_CURVE('',#18522,#18530,#18532,.T.);
#18530 = VERTEX_POINT('',#18531);
#18531 = CARTESIAN_POINT('',(-39.,100.27537887487,-2.6));
#18532 = LINE('',#18533,#18534);
#18533 = CARTESIAN_POINT('',(-39.,102.45,-2.6));
#18534 = VECTOR('',#18535,1.);
#18535 = DIRECTION('',(0.,-1.,0.));
#18536 = ORIENTED_EDGE('',*,*,#18537,.F.);
#18537 = EDGE_CURVE('',#18498,#18530,#18538,.T.);
#18538 = LINE('',#18539,#18540);
#18539 = CARTESIAN_POINT('',(-42.2,100.27537887487,-2.6));
#18540 = VECTOR('',#18541,1.);
#18541 = DIRECTION('',(1.,0.,0.));
#18542 = PLANE('',#18543);
#18543 = AXIS2_PLACEMENT_3D('',#18544,#18545,#18546);
#18544 = CARTESIAN_POINT('',(-39.1,100.2,-2.6));
#18545 = DIRECTION('',(0.,0.,1.));
#18546 = DIRECTION('',(1.,0.,0.));
#18547 = ADVANCED_FACE('',(#18548),#18591,.F.);
#18548 = FACE_BOUND('',#18549,.F.);
#18549 = EDGE_LOOP('',(#18550,#18551,#18559,#18567,#18575,#18583,#18589,
    #18590));
#18550 = ORIENTED_EDGE('',*,*,#18386,.F.);
#18551 = ORIENTED_EDGE('',*,*,#18552,.T.);
#18552 = EDGE_CURVE('',#18377,#18553,#18555,.T.);
#18553 = VERTEX_POINT('',#18554);
#18554 = CARTESIAN_POINT('',(-39.1,100.2,-5.758845726812));
#18555 = LINE('',#18556,#18557);
#18556 = CARTESIAN_POINT('',(-39.1,100.2,-5.8));
#18557 = VECTOR('',#18558,1.);
#18558 = DIRECTION('',(0.,0.,1.));
#18559 = ORIENTED_EDGE('',*,*,#18560,.T.);
#18560 = EDGE_CURVE('',#18553,#18561,#18563,.T.);
#18561 = VERTEX_POINT('',#18562);
#18562 = CARTESIAN_POINT('',(-39.,100.2,-5.758845726812));
#18563 = LINE('',#18564,#18565);
#18564 = CARTESIAN_POINT('',(-42.2,100.2,-5.758845726812));
#18565 = VECTOR('',#18566,1.);
#18566 = DIRECTION('',(1.,0.,0.));
#18567 = ORIENTED_EDGE('',*,*,#18568,.T.);
#18568 = EDGE_CURVE('',#18561,#18569,#18571,.T.);
#18569 = VERTEX_POINT('',#18570);
#18570 = CARTESIAN_POINT('',(-39.,100.2,-2.641154273188));
#18571 = LINE('',#18572,#18573);
#18572 = CARTESIAN_POINT('',(-39.,100.2,-5.));
#18573 = VECTOR('',#18574,1.);
#18574 = DIRECTION('',(0.,0.,1.));
#18575 = ORIENTED_EDGE('',*,*,#18576,.F.);
#18576 = EDGE_CURVE('',#18577,#18569,#18579,.T.);
#18577 = VERTEX_POINT('',#18578);
#18578 = CARTESIAN_POINT('',(-39.1,100.2,-2.641154273188));
#18579 = LINE('',#18580,#18581);
#18580 = CARTESIAN_POINT('',(-42.2,100.2,-2.641154273188));
#18581 = VECTOR('',#18582,1.);
#18582 = DIRECTION('',(1.,0.,0.));
#18583 = ORIENTED_EDGE('',*,*,#18584,.T.);
#18584 = EDGE_CURVE('',#18577,#18496,#18585,.T.);
#18585 = LINE('',#18586,#18587);
#18586 = CARTESIAN_POINT('',(-39.1,100.2,-5.8));
#18587 = VECTOR('',#18588,1.);
#18588 = DIRECTION('',(0.,0.,1.));
#18589 = ORIENTED_EDGE('',*,*,#18505,.T.);
#18590 = ORIENTED_EDGE('',*,*,#18250,.F.);
#18591 = PLANE('',#18592);
#18592 = AXIS2_PLACEMENT_3D('',#18593,#18594,#18595);
#18593 = CARTESIAN_POINT('',(-39.1,100.2,-5.8));
#18594 = DIRECTION('',(0.,1.,0.));
#18595 = DIRECTION('',(0.,0.,1.));
#18596 = ADVANCED_FACE('',(#18597,#18603),#18637,.T.);
#18597 = FACE_BOUND('',#18598,.T.);
#18598 = EDGE_LOOP('',(#18599,#18600,#18601,#18602));
#18599 = ORIENTED_EDGE('',*,*,#18297,.F.);
#18600 = ORIENTED_EDGE('',*,*,#18337,.T.);
#18601 = ORIENTED_EDGE('',*,*,#18362,.T.);
#18602 = ORIENTED_EDGE('',*,*,#18313,.F.);
#18603 = FACE_BOUND('',#18604,.T.);
#18604 = EDGE_LOOP('',(#18605,#18615,#18623,#18631));
#18605 = ORIENTED_EDGE('',*,*,#18606,.F.);
#18606 = EDGE_CURVE('',#18607,#18609,#18611,.T.);
#18607 = VERTEX_POINT('',#18608);
#18608 = CARTESIAN_POINT('',(-36.8,102.7,-5.3));
#18609 = VERTEX_POINT('',#18610);
#18610 = CARTESIAN_POINT('',(-36.8,106.7,-5.3));
#18611 = LINE('',#18612,#18613);
#18612 = CARTESIAN_POINT('',(-36.8,102.7,-5.3));
#18613 = VECTOR('',#18614,1.);
#18614 = DIRECTION('',(0.,1.,0.));
#18615 = ORIENTED_EDGE('',*,*,#18616,.T.);
#18616 = EDGE_CURVE('',#18607,#18617,#18619,.T.);
#18617 = VERTEX_POINT('',#18618);
#18618 = CARTESIAN_POINT('',(-36.8,102.7,-3.1));
#18619 = LINE('',#18620,#18621);
#18620 = CARTESIAN_POINT('',(-36.8,102.7,-5.3));
#18621 = VECTOR('',#18622,1.);
#18622 = DIRECTION('',(0.,0.,1.));
#18623 = ORIENTED_EDGE('',*,*,#18624,.T.);
#18624 = EDGE_CURVE('',#18617,#18625,#18627,.T.);
#18625 = VERTEX_POINT('',#18626);
#18626 = CARTESIAN_POINT('',(-36.8,106.7,-3.1));
#18627 = LINE('',#18628,#18629);
#18628 = CARTESIAN_POINT('',(-36.8,102.7,-3.1));
#18629 = VECTOR('',#18630,1.);
#18630 = DIRECTION('',(0.,1.,0.));
#18631 = ORIENTED_EDGE('',*,*,#18632,.F.);
#18632 = EDGE_CURVE('',#18609,#18625,#18633,.T.);
#18633 = LINE('',#18634,#18635);
#18634 = CARTESIAN_POINT('',(-36.8,106.7,-5.3));
#18635 = VECTOR('',#18636,1.);
#18636 = DIRECTION('',(0.,0.,1.));
#18637 = PLANE('',#18638);
#18638 = AXIS2_PLACEMENT_3D('',#18639,#18640,#18641);
#18639 = CARTESIAN_POINT('',(-36.8,97.7,-6.7));
#18640 = DIRECTION('',(1.,0.,0.));
#18641 = DIRECTION('',(0.,0.,1.));
#18642 = ADVANCED_FACE('',(#18643),#18654,.F.);
#18643 = FACE_BOUND('',#18644,.F.);
#18644 = EDGE_LOOP('',(#18645,#18646,#18647));
#18645 = ORIENTED_EDGE('',*,*,#18552,.F.);
#18646 = ORIENTED_EDGE('',*,*,#18376,.T.);
#18647 = ORIENTED_EDGE('',*,*,#18648,.F.);
#18648 = EDGE_CURVE('',#18553,#18379,#18649,.T.);
#18649 = CIRCLE('',#18650,1.8);
#18650 = AXIS2_PLACEMENT_3D('',#18651,#18652,#18653);
#18651 = CARTESIAN_POINT('',(-39.1,101.1,-4.2));
#18652 = DIRECTION('',(1.,0.,-0.));
#18653 = DIRECTION('',(0.,0.,1.));
#18654 = PLANE('',#18655);
#18655 = AXIS2_PLACEMENT_3D('',#18656,#18657,#18658);
#18656 = CARTESIAN_POINT('',(-39.1,100.2,-5.8));
#18657 = DIRECTION('',(1.,0.,0.));
#18658 = DIRECTION('',(0.,0.,1.));
#18659 = ADVANCED_FACE('',(#18660),#18722,.T.);
#18660 = FACE_BOUND('',#18661,.T.);
#18661 = EDGE_LOOP('',(#18662,#18671,#18679,#18688,#18696,#18703,#18704,
    #18705,#18706,#18713,#18714,#18721));
#18662 = ORIENTED_EDGE('',*,*,#18663,.F.);
#18663 = EDGE_CURVE('',#18664,#18530,#18666,.T.);
#18664 = VERTEX_POINT('',#18665);
#18665 = CARTESIAN_POINT('',(-39.,101.1,-2.4));
#18666 = CIRCLE('',#18667,1.8);
#18667 = AXIS2_PLACEMENT_3D('',#18668,#18669,#18670);
#18668 = CARTESIAN_POINT('',(-39.,101.1,-4.2));
#18669 = DIRECTION('',(1.,0.,-0.));
#18670 = DIRECTION('',(0.,0.,1.));
#18671 = ORIENTED_EDGE('',*,*,#18672,.F.);
#18672 = EDGE_CURVE('',#18673,#18664,#18675,.T.);
#18673 = VERTEX_POINT('',#18674);
#18674 = CARTESIAN_POINT('',(-42.2,101.1,-2.4));
#18675 = LINE('',#18676,#18677);
#18676 = CARTESIAN_POINT('',(-42.2,101.1,-2.4));
#18677 = VECTOR('',#18678,1.);
#18678 = DIRECTION('',(1.,0.,0.));
#18679 = ORIENTED_EDGE('',*,*,#18680,.T.);
#18680 = EDGE_CURVE('',#18673,#18681,#18683,.T.);
#18681 = VERTEX_POINT('',#18682);
#18682 = CARTESIAN_POINT('',(-42.2,101.1,-6.));
#18683 = CIRCLE('',#18684,1.8);
#18684 = AXIS2_PLACEMENT_3D('',#18685,#18686,#18687);
#18685 = CARTESIAN_POINT('',(-42.2,101.1,-4.2));
#18686 = DIRECTION('',(1.,0.,-0.));
#18687 = DIRECTION('',(0.,0.,1.));
#18688 = ORIENTED_EDGE('',*,*,#18689,.T.);
#18689 = EDGE_CURVE('',#18681,#18690,#18692,.T.);
#18690 = VERTEX_POINT('',#18691);
#18691 = CARTESIAN_POINT('',(-39.,101.1,-6.));
#18692 = LINE('',#18693,#18694);
#18693 = CARTESIAN_POINT('',(-42.2,101.1,-6.));
#18694 = VECTOR('',#18695,1.);
#18695 = DIRECTION('',(1.,0.,0.));
#18696 = ORIENTED_EDGE('',*,*,#18697,.F.);
#18697 = EDGE_CURVE('',#18418,#18690,#18698,.T.);
#18698 = CIRCLE('',#18699,1.8);
#18699 = AXIS2_PLACEMENT_3D('',#18700,#18701,#18702);
#18700 = CARTESIAN_POINT('',(-39.,101.1,-4.2));
#18701 = DIRECTION('',(1.,0.,-0.));
#18702 = DIRECTION('',(0.,0.,1.));
#18703 = ORIENTED_EDGE('',*,*,#18425,.F.);
#18704 = ORIENTED_EDGE('',*,*,#18648,.F.);
#18705 = ORIENTED_EDGE('',*,*,#18560,.T.);
#18706 = ORIENTED_EDGE('',*,*,#18707,.F.);
#18707 = EDGE_CURVE('',#18569,#18561,#18708,.T.);
#18708 = CIRCLE('',#18709,1.8);
#18709 = AXIS2_PLACEMENT_3D('',#18710,#18711,#18712);
#18710 = CARTESIAN_POINT('',(-39.,101.1,-4.2));
#18711 = DIRECTION('',(1.,0.,-0.));
#18712 = DIRECTION('',(0.,0.,1.));
#18713 = ORIENTED_EDGE('',*,*,#18576,.F.);
#18714 = ORIENTED_EDGE('',*,*,#18715,.F.);
#18715 = EDGE_CURVE('',#18498,#18577,#18716,.T.);
#18716 = CIRCLE('',#18717,1.8);
#18717 = AXIS2_PLACEMENT_3D('',#18718,#18719,#18720);
#18718 = CARTESIAN_POINT('',(-39.1,101.1,-4.2));
#18719 = DIRECTION('',(1.,0.,-0.));
#18720 = DIRECTION('',(0.,0.,1.));
#18721 = ORIENTED_EDGE('',*,*,#18537,.T.);
#18722 = CYLINDRICAL_SURFACE('',#18723,1.8);
#18723 = AXIS2_PLACEMENT_3D('',#18724,#18725,#18726);
#18724 = CARTESIAN_POINT('',(-42.2,101.1,-4.2));
#18725 = DIRECTION('',(1.,0.,0.));
#18726 = DIRECTION('',(0.,0.,1.));
#18727 = ADVANCED_FACE('',(#18728),#18747,.T.);
#18728 = FACE_BOUND('',#18729,.T.);
#18729 = EDGE_LOOP('',(#18730,#18731,#18732,#18740));
#18730 = ORIENTED_EDGE('',*,*,#18417,.T.);
#18731 = ORIENTED_EDGE('',*,*,#18697,.T.);
#18732 = ORIENTED_EDGE('',*,*,#18733,.T.);
#18733 = EDGE_CURVE('',#18690,#18734,#18736,.T.);
#18734 = VERTEX_POINT('',#18735);
#18735 = CARTESIAN_POINT('',(-39.,108.3,-6.));
#18736 = LINE('',#18737,#18738);
#18737 = CARTESIAN_POINT('',(-39.,101.1,-6.));
#18738 = VECTOR('',#18739,1.);
#18739 = DIRECTION('',(0.,1.,0.));
#18740 = ORIENTED_EDGE('',*,*,#18741,.T.);
#18741 = EDGE_CURVE('',#18734,#18410,#18742,.T.);
#18742 = CIRCLE('',#18743,1.8);
#18743 = AXIS2_PLACEMENT_3D('',#18744,#18745,#18746);
#18744 = CARTESIAN_POINT('',(-39.,108.3,-4.2));
#18745 = DIRECTION('',(1.,0.,-0.));
#18746 = DIRECTION('',(0.,0.,1.));
#18747 = PLANE('',#18748);
#18748 = AXIS2_PLACEMENT_3D('',#18749,#18750,#18751);
#18749 = CARTESIAN_POINT('',(-39.,104.7,-4.2));
#18750 = DIRECTION('',(1.,0.,0.));
#18751 = DIRECTION('',(0.,0.,1.));
#18752 = ADVANCED_FACE('',(#18753),#18813,.T.);
#18753 = FACE_BOUND('',#18754,.T.);
#18754 = EDGE_LOOP('',(#18755,#18766,#18774,#18781,#18782,#18789,#18790,
    #18797,#18798,#18805,#18806,#18807));
#18755 = ORIENTED_EDGE('',*,*,#18756,.T.);
#18756 = EDGE_CURVE('',#18757,#18759,#18761,.T.);
#18757 = VERTEX_POINT('',#18758);
#18758 = CARTESIAN_POINT('',(-42.2,108.3,-6.));
#18759 = VERTEX_POINT('',#18760);
#18760 = CARTESIAN_POINT('',(-42.2,108.3,-2.4));
#18761 = CIRCLE('',#18762,1.8);
#18762 = AXIS2_PLACEMENT_3D('',#18763,#18764,#18765);
#18763 = CARTESIAN_POINT('',(-42.2,108.3,-4.2));
#18764 = DIRECTION('',(1.,0.,-0.));
#18765 = DIRECTION('',(0.,0.,1.));
#18766 = ORIENTED_EDGE('',*,*,#18767,.T.);
#18767 = EDGE_CURVE('',#18759,#18768,#18770,.T.);
#18768 = VERTEX_POINT('',#18769);
#18769 = CARTESIAN_POINT('',(-39.,108.3,-2.4));
#18770 = LINE('',#18771,#18772);
#18771 = CARTESIAN_POINT('',(-42.2,108.3,-2.4));
#18772 = VECTOR('',#18773,1.);
#18773 = DIRECTION('',(1.,0.,0.));
#18774 = ORIENTED_EDGE('',*,*,#18775,.F.);
#18775 = EDGE_CURVE('',#18522,#18768,#18776,.T.);
#18776 = CIRCLE('',#18777,1.8);
#18777 = AXIS2_PLACEMENT_3D('',#18778,#18779,#18780);
#18778 = CARTESIAN_POINT('',(-39.,108.3,-4.2));
#18779 = DIRECTION('',(1.,0.,-0.));
#18780 = DIRECTION('',(0.,0.,1.));
#18781 = ORIENTED_EDGE('',*,*,#18521,.F.);
#18782 = ORIENTED_EDGE('',*,*,#18783,.F.);
#18783 = EDGE_CURVE('',#18465,#18514,#18784,.T.);
#18784 = CIRCLE('',#18785,1.8);
#18785 = AXIS2_PLACEMENT_3D('',#18786,#18787,#18788);
#18786 = CARTESIAN_POINT('',(-39.1,108.3,-4.2));
#18787 = DIRECTION('',(1.,0.,-0.));
#18788 = DIRECTION('',(0.,0.,1.));
#18789 = ORIENTED_EDGE('',*,*,#18464,.T.);
#18790 = ORIENTED_EDGE('',*,*,#18791,.F.);
#18791 = EDGE_CURVE('',#18449,#18457,#18792,.T.);
#18792 = CIRCLE('',#18793,1.8);
#18793 = AXIS2_PLACEMENT_3D('',#18794,#18795,#18796);
#18794 = CARTESIAN_POINT('',(-39.,108.3,-4.2));
#18795 = DIRECTION('',(1.,0.,-0.));
#18796 = DIRECTION('',(0.,0.,1.));
#18797 = ORIENTED_EDGE('',*,*,#18448,.F.);
#18798 = ORIENTED_EDGE('',*,*,#18799,.F.);
#18799 = EDGE_CURVE('',#18402,#18441,#18800,.T.);
#18800 = CIRCLE('',#18801,1.8);
#18801 = AXIS2_PLACEMENT_3D('',#18802,#18803,#18804);
#18802 = CARTESIAN_POINT('',(-39.1,108.3,-4.2));
#18803 = DIRECTION('',(1.,0.,-0.));
#18804 = DIRECTION('',(0.,0.,1.));
#18805 = ORIENTED_EDGE('',*,*,#18409,.T.);
#18806 = ORIENTED_EDGE('',*,*,#18741,.F.);
#18807 = ORIENTED_EDGE('',*,*,#18808,.F.);
#18808 = EDGE_CURVE('',#18757,#18734,#18809,.T.);
#18809 = LINE('',#18810,#18811);
#18810 = CARTESIAN_POINT('',(-42.2,108.3,-6.));
#18811 = VECTOR('',#18812,1.);
#18812 = DIRECTION('',(1.,0.,0.));
#18813 = CYLINDRICAL_SURFACE('',#18814,1.8);
#18814 = AXIS2_PLACEMENT_3D('',#18815,#18816,#18817);
#18815 = CARTESIAN_POINT('',(-42.2,108.3,-4.2));
#18816 = DIRECTION('',(1.,0.,0.));
#18817 = DIRECTION('',(0.,0.,1.));
#18818 = ADVANCED_FACE('',(#18819),#18824,.F.);
#18819 = FACE_BOUND('',#18820,.F.);
#18820 = EDGE_LOOP('',(#18821,#18822,#18823));
#18821 = ORIENTED_EDGE('',*,*,#18799,.F.);
#18822 = ORIENTED_EDGE('',*,*,#18401,.T.);
#18823 = ORIENTED_EDGE('',*,*,#18440,.T.);
#18824 = PLANE('',#18825);
#18825 = AXIS2_PLACEMENT_3D('',#18826,#18827,#18828);
#18826 = CARTESIAN_POINT('',(-39.1,100.2,-5.8));
#18827 = DIRECTION('',(1.,0.,0.));
#18828 = DIRECTION('',(0.,0.,1.));
#18829 = ADVANCED_FACE('',(#18830),#18835,.F.);
#18830 = FACE_BOUND('',#18831,.F.);
#18831 = EDGE_LOOP('',(#18832,#18833,#18834));
#18832 = ORIENTED_EDGE('',*,*,#18513,.F.);
#18833 = ORIENTED_EDGE('',*,*,#18783,.F.);
#18834 = ORIENTED_EDGE('',*,*,#18472,.T.);
#18835 = PLANE('',#18836);
#18836 = AXIS2_PLACEMENT_3D('',#18837,#18838,#18839);
#18837 = CARTESIAN_POINT('',(-39.1,100.2,-5.8));
#18838 = DIRECTION('',(1.,0.,0.));
#18839 = DIRECTION('',(0.,0.,1.));
#18840 = ADVANCED_FACE('',(#18841),#18845,.T.);
#18841 = FACE_BOUND('',#18842,.T.);
#18842 = EDGE_LOOP('',(#18843,#18844));
#18843 = ORIENTED_EDGE('',*,*,#18791,.T.);
#18844 = ORIENTED_EDGE('',*,*,#18456,.F.);
#18845 = PLANE('',#18846);
#18846 = AXIS2_PLACEMENT_3D('',#18847,#18848,#18849);
#18847 = CARTESIAN_POINT('',(-39.,104.7,-4.2));
#18848 = DIRECTION('',(1.,0.,0.));
#18849 = DIRECTION('',(0.,0.,1.));
#18850 = ADVANCED_FACE('',(#18851),#18856,.F.);
#18851 = FACE_BOUND('',#18852,.F.);
#18852 = EDGE_LOOP('',(#18853,#18854,#18855));
#18853 = ORIENTED_EDGE('',*,*,#18584,.F.);
#18854 = ORIENTED_EDGE('',*,*,#18715,.F.);
#18855 = ORIENTED_EDGE('',*,*,#18495,.F.);
#18856 = PLANE('',#18857);
#18857 = AXIS2_PLACEMENT_3D('',#18858,#18859,#18860);
#18858 = CARTESIAN_POINT('',(-39.1,100.2,-5.8));
#18859 = DIRECTION('',(1.,0.,0.));
#18860 = DIRECTION('',(0.,0.,1.));
#18861 = ADVANCED_FACE('',(#18862),#18873,.T.);
#18862 = FACE_BOUND('',#18863,.T.);
#18863 = EDGE_LOOP('',(#18864,#18870,#18871,#18872));
#18864 = ORIENTED_EDGE('',*,*,#18865,.F.);
#18865 = EDGE_CURVE('',#18664,#18768,#18866,.T.);
#18866 = LINE('',#18867,#18868);
#18867 = CARTESIAN_POINT('',(-39.,101.1,-2.4));
#18868 = VECTOR('',#18869,1.);
#18869 = DIRECTION('',(0.,1.,0.));
#18870 = ORIENTED_EDGE('',*,*,#18663,.T.);
#18871 = ORIENTED_EDGE('',*,*,#18529,.F.);
#18872 = ORIENTED_EDGE('',*,*,#18775,.T.);
#18873 = PLANE('',#18874);
#18874 = AXIS2_PLACEMENT_3D('',#18875,#18876,#18877);
#18875 = CARTESIAN_POINT('',(-39.,104.7,-4.2));
#18876 = DIRECTION('',(1.,0.,0.));
#18877 = DIRECTION('',(0.,0.,1.));
#18878 = ADVANCED_FACE('',(#18879),#18883,.T.);
#18879 = FACE_BOUND('',#18880,.T.);
#18880 = EDGE_LOOP('',(#18881,#18882));
#18881 = ORIENTED_EDGE('',*,*,#18568,.T.);
#18882 = ORIENTED_EDGE('',*,*,#18707,.T.);
#18883 = PLANE('',#18884);
#18884 = AXIS2_PLACEMENT_3D('',#18885,#18886,#18887);
#18885 = CARTESIAN_POINT('',(-39.,104.7,-4.2));
#18886 = DIRECTION('',(1.,0.,0.));
#18887 = DIRECTION('',(0.,0.,1.));
#18888 = ADVANCED_FACE('',(#18889),#18914,.F.);
#18889 = FACE_BOUND('',#18890,.F.);
#18890 = EDGE_LOOP('',(#18891,#18892,#18900,#18908));
#18891 = ORIENTED_EDGE('',*,*,#18606,.F.);
#18892 = ORIENTED_EDGE('',*,*,#18893,.T.);
#18893 = EDGE_CURVE('',#18607,#18894,#18896,.T.);
#18894 = VERTEX_POINT('',#18895);
#18895 = CARTESIAN_POINT('',(-35.2,102.7,-5.3));
#18896 = LINE('',#18897,#18898);
#18897 = CARTESIAN_POINT('',(-36.8,102.7,-5.3));
#18898 = VECTOR('',#18899,1.);
#18899 = DIRECTION('',(1.,0.,0.));
#18900 = ORIENTED_EDGE('',*,*,#18901,.T.);
#18901 = EDGE_CURVE('',#18894,#18902,#18904,.T.);
#18902 = VERTEX_POINT('',#18903);
#18903 = CARTESIAN_POINT('',(-35.2,106.7,-5.3));
#18904 = LINE('',#18905,#18906);
#18905 = CARTESIAN_POINT('',(-35.2,102.7,-5.3));
#18906 = VECTOR('',#18907,1.);
#18907 = DIRECTION('',(0.,1.,0.));
#18908 = ORIENTED_EDGE('',*,*,#18909,.F.);
#18909 = EDGE_CURVE('',#18609,#18902,#18910,.T.);
#18910 = LINE('',#18911,#18912);
#18911 = CARTESIAN_POINT('',(-36.8,106.7,-5.3));
#18912 = VECTOR('',#18913,1.);
#18913 = DIRECTION('',(1.,0.,0.));
#18914 = PLANE('',#18915);
#18915 = AXIS2_PLACEMENT_3D('',#18916,#18917,#18918);
#18916 = CARTESIAN_POINT('',(-36.8,102.7,-5.3));
#18917 = DIRECTION('',(0.,0.,1.));
#18918 = DIRECTION('',(1.,0.,0.));
#18919 = ADVANCED_FACE('',(#18920),#18938,.T.);
#18920 = FACE_BOUND('',#18921,.T.);
#18921 = EDGE_LOOP('',(#18922,#18923,#18924,#18932));
#18922 = ORIENTED_EDGE('',*,*,#18909,.F.);
#18923 = ORIENTED_EDGE('',*,*,#18632,.T.);
#18924 = ORIENTED_EDGE('',*,*,#18925,.T.);
#18925 = EDGE_CURVE('',#18625,#18926,#18928,.T.);
#18926 = VERTEX_POINT('',#18927);
#18927 = CARTESIAN_POINT('',(-35.2,106.7,-3.1));
#18928 = LINE('',#18929,#18930);
#18929 = CARTESIAN_POINT('',(-36.8,106.7,-3.1));
#18930 = VECTOR('',#18931,1.);
#18931 = DIRECTION('',(1.,0.,0.));
#18932 = ORIENTED_EDGE('',*,*,#18933,.F.);
#18933 = EDGE_CURVE('',#18902,#18926,#18934,.T.);
#18934 = LINE('',#18935,#18936);
#18935 = CARTESIAN_POINT('',(-35.2,106.7,-5.3));
#18936 = VECTOR('',#18937,1.);
#18937 = DIRECTION('',(0.,0.,1.));
#18938 = PLANE('',#18939);
#18939 = AXIS2_PLACEMENT_3D('',#18940,#18941,#18942);
#18940 = CARTESIAN_POINT('',(-36.8,106.7,-5.3));
#18941 = DIRECTION('',(0.,1.,0.));
#18942 = DIRECTION('',(0.,0.,1.));
#18943 = ADVANCED_FACE('',(#18944),#18962,.T.);
#18944 = FACE_BOUND('',#18945,.T.);
#18945 = EDGE_LOOP('',(#18946,#18947,#18955,#18961));
#18946 = ORIENTED_EDGE('',*,*,#18624,.F.);
#18947 = ORIENTED_EDGE('',*,*,#18948,.T.);
#18948 = EDGE_CURVE('',#18617,#18949,#18951,.T.);
#18949 = VERTEX_POINT('',#18950);
#18950 = CARTESIAN_POINT('',(-35.2,102.7,-3.1));
#18951 = LINE('',#18952,#18953);
#18952 = CARTESIAN_POINT('',(-36.8,102.7,-3.1));
#18953 = VECTOR('',#18954,1.);
#18954 = DIRECTION('',(1.,0.,0.));
#18955 = ORIENTED_EDGE('',*,*,#18956,.T.);
#18956 = EDGE_CURVE('',#18949,#18926,#18957,.T.);
#18957 = LINE('',#18958,#18959);
#18958 = CARTESIAN_POINT('',(-35.2,102.7,-3.1));
#18959 = VECTOR('',#18960,1.);
#18960 = DIRECTION('',(0.,1.,0.));
#18961 = ORIENTED_EDGE('',*,*,#18925,.F.);
#18962 = PLANE('',#18963);
#18963 = AXIS2_PLACEMENT_3D('',#18964,#18965,#18966);
#18964 = CARTESIAN_POINT('',(-36.8,102.7,-3.1));
#18965 = DIRECTION('',(0.,0.,1.));
#18966 = DIRECTION('',(1.,0.,0.));
#18967 = ADVANCED_FACE('',(#18968),#18979,.F.);
#18968 = FACE_BOUND('',#18969,.F.);
#18969 = EDGE_LOOP('',(#18970,#18971,#18972,#18973));
#18970 = ORIENTED_EDGE('',*,*,#18893,.F.);
#18971 = ORIENTED_EDGE('',*,*,#18616,.T.);
#18972 = ORIENTED_EDGE('',*,*,#18948,.T.);
#18973 = ORIENTED_EDGE('',*,*,#18974,.F.);
#18974 = EDGE_CURVE('',#18894,#18949,#18975,.T.);
#18975 = LINE('',#18976,#18977);
#18976 = CARTESIAN_POINT('',(-35.2,102.7,-5.3));
#18977 = VECTOR('',#18978,1.);
#18978 = DIRECTION('',(0.,0.,1.));
#18979 = PLANE('',#18980);
#18980 = AXIS2_PLACEMENT_3D('',#18981,#18982,#18983);
#18981 = CARTESIAN_POINT('',(-36.8,102.7,-5.3));
#18982 = DIRECTION('',(0.,1.,0.));
#18983 = DIRECTION('',(0.,0.,1.));
#18984 = ADVANCED_FACE('',(#18985),#18996,.F.);
#18985 = FACE_BOUND('',#18986,.F.);
#18986 = EDGE_LOOP('',(#18987,#18993,#18994,#18995));
#18987 = ORIENTED_EDGE('',*,*,#18988,.F.);
#18988 = EDGE_CURVE('',#18681,#18757,#18989,.T.);
#18989 = LINE('',#18990,#18991);
#18990 = CARTESIAN_POINT('',(-42.2,101.1,-6.));
#18991 = VECTOR('',#18992,1.);
#18992 = DIRECTION('',(0.,1.,0.));
#18993 = ORIENTED_EDGE('',*,*,#18689,.T.);
#18994 = ORIENTED_EDGE('',*,*,#18733,.T.);
#18995 = ORIENTED_EDGE('',*,*,#18808,.F.);
#18996 = PLANE('',#18997);
#18997 = AXIS2_PLACEMENT_3D('',#18998,#18999,#19000);
#18998 = CARTESIAN_POINT('',(-42.2,101.1,-6.));
#18999 = DIRECTION('',(0.,0.,1.));
#19000 = DIRECTION('',(1.,0.,0.));
#19001 = ADVANCED_FACE('',(#19002,#19013,#19047,#19081),#19115,.T.);
#19002 = FACE_BOUND('',#19003,.T.);
#19003 = EDGE_LOOP('',(#19004,#19010,#19011,#19012));
#19004 = ORIENTED_EDGE('',*,*,#19005,.T.);
#19005 = EDGE_CURVE('',#18673,#18759,#19006,.T.);
#19006 = LINE('',#19007,#19008);
#19007 = CARTESIAN_POINT('',(-42.2,101.1,-2.4));
#19008 = VECTOR('',#19009,1.);
#19009 = DIRECTION('',(0.,1.,0.));
#19010 = ORIENTED_EDGE('',*,*,#18756,.F.);
#19011 = ORIENTED_EDGE('',*,*,#18988,.F.);
#19012 = ORIENTED_EDGE('',*,*,#18680,.F.);
#19013 = FACE_BOUND('',#19014,.T.);
#19014 = EDGE_LOOP('',(#19015,#19025,#19033,#19041));
#19015 = ORIENTED_EDGE('',*,*,#19016,.T.);
#19016 = EDGE_CURVE('',#19017,#19019,#19021,.T.);
#19017 = VERTEX_POINT('',#19018);
#19018 = CARTESIAN_POINT('',(-42.2,106.5,-5.5));
#19019 = VERTEX_POINT('',#19020);
#19020 = CARTESIAN_POINT('',(-42.2,106.9,-5.5));
#19021 = LINE('',#19022,#19023);
#19022 = CARTESIAN_POINT('',(-42.2,105.7,-5.5));
#19023 = VECTOR('',#19024,1.);
#19024 = DIRECTION('',(0.,1.,0.));
#19025 = ORIENTED_EDGE('',*,*,#19026,.T.);
#19026 = EDGE_CURVE('',#19019,#19027,#19029,.T.);
#19027 = VERTEX_POINT('',#19028);
#19028 = CARTESIAN_POINT('',(-42.2,106.9,-2.9));
#19029 = LINE('',#19030,#19031);
#19030 = CARTESIAN_POINT('',(-42.2,106.9,-5.5));
#19031 = VECTOR('',#19032,1.);
#19032 = DIRECTION('',(0.,0.,1.));
#19033 = ORIENTED_EDGE('',*,*,#19034,.F.);
#19034 = EDGE_CURVE('',#19035,#19027,#19037,.T.);
#19035 = VERTEX_POINT('',#19036);
#19036 = CARTESIAN_POINT('',(-42.2,106.5,-2.9));
#19037 = LINE('',#19038,#19039);
#19038 = CARTESIAN_POINT('',(-42.2,105.7,-2.9));
#19039 = VECTOR('',#19040,1.);
#19040 = DIRECTION('',(0.,1.,0.));
#19041 = ORIENTED_EDGE('',*,*,#19042,.F.);
#19042 = EDGE_CURVE('',#19017,#19035,#19043,.T.);
#19043 = LINE('',#19044,#19045);
#19044 = CARTESIAN_POINT('',(-42.2,106.5,-5.5));
#19045 = VECTOR('',#19046,1.);
#19046 = DIRECTION('',(0.,0.,1.));
#19047 = FACE_BOUND('',#19048,.T.);
#19048 = EDGE_LOOP('',(#19049,#19059,#19067,#19075));
#19049 = ORIENTED_EDGE('',*,*,#19050,.T.);
#19050 = EDGE_CURVE('',#19051,#19053,#19055,.T.);
#19051 = VERTEX_POINT('',#19052);
#19052 = CARTESIAN_POINT('',(-42.2,104.5,-5.5));
#19053 = VERTEX_POINT('',#19054);
#19054 = CARTESIAN_POINT('',(-42.2,104.9,-5.5));
#19055 = LINE('',#19056,#19057);
#19056 = CARTESIAN_POINT('',(-42.2,104.7,-5.5));
#19057 = VECTOR('',#19058,1.);
#19058 = DIRECTION('',(0.,1.,0.));
#19059 = ORIENTED_EDGE('',*,*,#19060,.T.);
#19060 = EDGE_CURVE('',#19053,#19061,#19063,.T.);
#19061 = VERTEX_POINT('',#19062);
#19062 = CARTESIAN_POINT('',(-42.2,104.9,-2.9));
#19063 = LINE('',#19064,#19065);
#19064 = CARTESIAN_POINT('',(-42.2,104.9,-5.5));
#19065 = VECTOR('',#19066,1.);
#19066 = DIRECTION('',(0.,0.,1.));
#19067 = ORIENTED_EDGE('',*,*,#19068,.F.);
#19068 = EDGE_CURVE('',#19069,#19061,#19071,.T.);
#19069 = VERTEX_POINT('',#19070);
#19070 = CARTESIAN_POINT('',(-42.2,104.5,-2.9));
#19071 = LINE('',#19072,#19073);
#19072 = CARTESIAN_POINT('',(-42.2,104.7,-2.9));
#19073 = VECTOR('',#19074,1.);
#19074 = DIRECTION('',(0.,1.,0.));
#19075 = ORIENTED_EDGE('',*,*,#19076,.F.);
#19076 = EDGE_CURVE('',#19051,#19069,#19077,.T.);
#19077 = LINE('',#19078,#19079);
#19078 = CARTESIAN_POINT('',(-42.2,104.5,-5.5));
#19079 = VECTOR('',#19080,1.);
#19080 = DIRECTION('',(0.,0.,1.));
#19081 = FACE_BOUND('',#19082,.T.);
#19082 = EDGE_LOOP('',(#19083,#19093,#19101,#19109));
#19083 = ORIENTED_EDGE('',*,*,#19084,.T.);
#19084 = EDGE_CURVE('',#19085,#19087,#19089,.T.);
#19085 = VERTEX_POINT('',#19086);
#19086 = CARTESIAN_POINT('',(-42.2,102.5,-5.5));
#19087 = VERTEX_POINT('',#19088);
#19088 = CARTESIAN_POINT('',(-42.2,102.9,-5.5));
#19089 = LINE('',#19090,#19091);
#19090 = CARTESIAN_POINT('',(-42.2,103.7,-5.5));
#19091 = VECTOR('',#19092,1.);
#19092 = DIRECTION('',(0.,1.,0.));
#19093 = ORIENTED_EDGE('',*,*,#19094,.T.);
#19094 = EDGE_CURVE('',#19087,#19095,#19097,.T.);
#19095 = VERTEX_POINT('',#19096);
#19096 = CARTESIAN_POINT('',(-42.2,102.9,-2.9));
#19097 = LINE('',#19098,#19099);
#19098 = CARTESIAN_POINT('',(-42.2,102.9,-5.5));
#19099 = VECTOR('',#19100,1.);
#19100 = DIRECTION('',(0.,0.,1.));
#19101 = ORIENTED_EDGE('',*,*,#19102,.F.);
#19102 = EDGE_CURVE('',#19103,#19095,#19105,.T.);
#19103 = VERTEX_POINT('',#19104);
#19104 = CARTESIAN_POINT('',(-42.2,102.5,-2.9));
#19105 = LINE('',#19106,#19107);
#19106 = CARTESIAN_POINT('',(-42.2,103.7,-2.9));
#19107 = VECTOR('',#19108,1.);
#19108 = DIRECTION('',(0.,1.,0.));
#19109 = ORIENTED_EDGE('',*,*,#19110,.F.);
#19110 = EDGE_CURVE('',#19085,#19103,#19111,.T.);
#19111 = LINE('',#19112,#19113);
#19112 = CARTESIAN_POINT('',(-42.2,102.5,-5.5));
#19113 = VECTOR('',#19114,1.);
#19114 = DIRECTION('',(0.,0.,1.));
#19115 = PLANE('',#19116);
#19116 = AXIS2_PLACEMENT_3D('',#19117,#19118,#19119);
#19117 = CARTESIAN_POINT('',(-42.2,104.7,-4.2));
#19118 = DIRECTION('',(-1.,-0.,-0.));
#19119 = DIRECTION('',(0.,0.,-1.));
#19120 = ADVANCED_FACE('',(#19121),#19127,.T.);
#19121 = FACE_BOUND('',#19122,.T.);
#19122 = EDGE_LOOP('',(#19123,#19124,#19125,#19126));
#19123 = ORIENTED_EDGE('',*,*,#19005,.F.);
#19124 = ORIENTED_EDGE('',*,*,#18672,.T.);
#19125 = ORIENTED_EDGE('',*,*,#18865,.T.);
#19126 = ORIENTED_EDGE('',*,*,#18767,.F.);
#19127 = PLANE('',#19128);
#19128 = AXIS2_PLACEMENT_3D('',#19129,#19130,#19131);
#19129 = CARTESIAN_POINT('',(-42.2,101.1,-2.4));
#19130 = DIRECTION('',(0.,0.,1.));
#19131 = DIRECTION('',(1.,0.,0.));
#19132 = ADVANCED_FACE('',(#19133),#19139,.T.);
#19133 = FACE_BOUND('',#19134,.T.);
#19134 = EDGE_LOOP('',(#19135,#19136,#19137,#19138));
#19135 = ORIENTED_EDGE('',*,*,#18974,.F.);
#19136 = ORIENTED_EDGE('',*,*,#18901,.T.);
#19137 = ORIENTED_EDGE('',*,*,#18933,.T.);
#19138 = ORIENTED_EDGE('',*,*,#18956,.F.);
#19139 = PLANE('',#19140);
#19140 = AXIS2_PLACEMENT_3D('',#19141,#19142,#19143);
#19141 = CARTESIAN_POINT('',(-35.2,102.7,-5.3));
#19142 = DIRECTION('',(1.,0.,0.));
#19143 = DIRECTION('',(0.,0.,1.));
#19144 = ADVANCED_FACE('',(#19145),#19155,.F.);
#19145 = FACE_BOUND('',#19146,.F.);
#19146 = EDGE_LOOP('',(#19147,#19148));
#19147 = ORIENTED_EDGE('',*,*,#19016,.T.);
#19148 = ORIENTED_EDGE('',*,*,#19149,.T.);
#19149 = EDGE_CURVE('',#19019,#19017,#19150,.T.);
#19150 = CIRCLE('',#19151,0.2);
#19151 = AXIS2_PLACEMENT_3D('',#19152,#19153,#19154);
#19152 = CARTESIAN_POINT('',(-42.2,106.7,-5.5));
#19153 = DIRECTION('',(0.,0.,1.));
#19154 = DIRECTION('',(1.,0.,0.));
#19155 = PLANE('',#19156);
#19156 = AXIS2_PLACEMENT_3D('',#19157,#19158,#19159);
#19157 = CARTESIAN_POINT('',(-42.2,106.7,-5.5));
#19158 = DIRECTION('',(0.,0.,1.));
#19159 = DIRECTION('',(1.,0.,0.));
#19160 = ADVANCED_FACE('',(#19161),#19173,.T.);
#19161 = FACE_BOUND('',#19162,.T.);
#19162 = EDGE_LOOP('',(#19163,#19170,#19171,#19172));
#19163 = ORIENTED_EDGE('',*,*,#19164,.F.);
#19164 = EDGE_CURVE('',#19027,#19035,#19165,.T.);
#19165 = CIRCLE('',#19166,0.2);
#19166 = AXIS2_PLACEMENT_3D('',#19167,#19168,#19169);
#19167 = CARTESIAN_POINT('',(-42.2,106.7,-2.9));
#19168 = DIRECTION('',(0.,0.,1.));
#19169 = DIRECTION('',(1.,0.,0.));
#19170 = ORIENTED_EDGE('',*,*,#19026,.F.);
#19171 = ORIENTED_EDGE('',*,*,#19149,.T.);
#19172 = ORIENTED_EDGE('',*,*,#19042,.T.);
#19173 = CYLINDRICAL_SURFACE('',#19174,0.2);
#19174 = AXIS2_PLACEMENT_3D('',#19175,#19176,#19177);
#19175 = CARTESIAN_POINT('',(-42.2,106.7,-5.5));
#19176 = DIRECTION('',(0.,0.,1.));
#19177 = DIRECTION('',(1.,0.,0.));
#19178 = ADVANCED_FACE('',(#19179),#19183,.T.);
#19179 = FACE_BOUND('',#19180,.T.);
#19180 = EDGE_LOOP('',(#19181,#19182));
#19181 = ORIENTED_EDGE('',*,*,#19034,.T.);
#19182 = ORIENTED_EDGE('',*,*,#19164,.T.);
#19183 = PLANE('',#19184);
#19184 = AXIS2_PLACEMENT_3D('',#19185,#19186,#19187);
#19185 = CARTESIAN_POINT('',(-42.2,106.7,-2.9));
#19186 = DIRECTION('',(0.,0.,1.));
#19187 = DIRECTION('',(1.,0.,0.));
#19188 = ADVANCED_FACE('',(#19189),#19199,.F.);
#19189 = FACE_BOUND('',#19190,.F.);
#19190 = EDGE_LOOP('',(#19191,#19192));
#19191 = ORIENTED_EDGE('',*,*,#19050,.T.);
#19192 = ORIENTED_EDGE('',*,*,#19193,.T.);
#19193 = EDGE_CURVE('',#19053,#19051,#19194,.T.);
#19194 = CIRCLE('',#19195,0.2);
#19195 = AXIS2_PLACEMENT_3D('',#19196,#19197,#19198);
#19196 = CARTESIAN_POINT('',(-42.2,104.7,-5.5));
#19197 = DIRECTION('',(0.,0.,1.));
#19198 = DIRECTION('',(1.,0.,0.));
#19199 = PLANE('',#19200);
#19200 = AXIS2_PLACEMENT_3D('',#19201,#19202,#19203);
#19201 = CARTESIAN_POINT('',(-42.2,104.7,-5.5));
#19202 = DIRECTION('',(0.,0.,1.));
#19203 = DIRECTION('',(1.,0.,0.));
#19204 = ADVANCED_FACE('',(#19205),#19217,.T.);
#19205 = FACE_BOUND('',#19206,.T.);
#19206 = EDGE_LOOP('',(#19207,#19214,#19215,#19216));
#19207 = ORIENTED_EDGE('',*,*,#19208,.F.);
#19208 = EDGE_CURVE('',#19061,#19069,#19209,.T.);
#19209 = CIRCLE('',#19210,0.2);
#19210 = AXIS2_PLACEMENT_3D('',#19211,#19212,#19213);
#19211 = CARTESIAN_POINT('',(-42.2,104.7,-2.9));
#19212 = DIRECTION('',(0.,0.,1.));
#19213 = DIRECTION('',(1.,0.,0.));
#19214 = ORIENTED_EDGE('',*,*,#19060,.F.);
#19215 = ORIENTED_EDGE('',*,*,#19193,.T.);
#19216 = ORIENTED_EDGE('',*,*,#19076,.T.);
#19217 = CYLINDRICAL_SURFACE('',#19218,0.2);
#19218 = AXIS2_PLACEMENT_3D('',#19219,#19220,#19221);
#19219 = CARTESIAN_POINT('',(-42.2,104.7,-5.5));
#19220 = DIRECTION('',(0.,0.,1.));
#19221 = DIRECTION('',(1.,0.,0.));
#19222 = ADVANCED_FACE('',(#19223),#19227,.T.);
#19223 = FACE_BOUND('',#19224,.T.);
#19224 = EDGE_LOOP('',(#19225,#19226));
#19225 = ORIENTED_EDGE('',*,*,#19068,.T.);
#19226 = ORIENTED_EDGE('',*,*,#19208,.T.);
#19227 = PLANE('',#19228);
#19228 = AXIS2_PLACEMENT_3D('',#19229,#19230,#19231);
#19229 = CARTESIAN_POINT('',(-42.2,104.7,-2.9));
#19230 = DIRECTION('',(0.,0.,1.));
#19231 = DIRECTION('',(1.,0.,0.));
#19232 = ADVANCED_FACE('',(#19233),#19243,.F.);
#19233 = FACE_BOUND('',#19234,.F.);
#19234 = EDGE_LOOP('',(#19235,#19236));
#19235 = ORIENTED_EDGE('',*,*,#19084,.T.);
#19236 = ORIENTED_EDGE('',*,*,#19237,.T.);
#19237 = EDGE_CURVE('',#19087,#19085,#19238,.T.);
#19238 = CIRCLE('',#19239,0.2);
#19239 = AXIS2_PLACEMENT_3D('',#19240,#19241,#19242);
#19240 = CARTESIAN_POINT('',(-42.2,102.7,-5.5));
#19241 = DIRECTION('',(0.,0.,1.));
#19242 = DIRECTION('',(1.,0.,0.));
#19243 = PLANE('',#19244);
#19244 = AXIS2_PLACEMENT_3D('',#19245,#19246,#19247);
#19245 = CARTESIAN_POINT('',(-42.2,102.7,-5.5));
#19246 = DIRECTION('',(0.,0.,1.));
#19247 = DIRECTION('',(1.,0.,0.));
#19248 = ADVANCED_FACE('',(#19249),#19261,.T.);
#19249 = FACE_BOUND('',#19250,.T.);
#19250 = EDGE_LOOP('',(#19251,#19258,#19259,#19260));
#19251 = ORIENTED_EDGE('',*,*,#19252,.F.);
#19252 = EDGE_CURVE('',#19095,#19103,#19253,.T.);
#19253 = CIRCLE('',#19254,0.2);
#19254 = AXIS2_PLACEMENT_3D('',#19255,#19256,#19257);
#19255 = CARTESIAN_POINT('',(-42.2,102.7,-2.9));
#19256 = DIRECTION('',(0.,0.,1.));
#19257 = DIRECTION('',(1.,0.,0.));
#19258 = ORIENTED_EDGE('',*,*,#19094,.F.);
#19259 = ORIENTED_EDGE('',*,*,#19237,.T.);
#19260 = ORIENTED_EDGE('',*,*,#19110,.T.);
#19261 = CYLINDRICAL_SURFACE('',#19262,0.2);
#19262 = AXIS2_PLACEMENT_3D('',#19263,#19264,#19265);
#19263 = CARTESIAN_POINT('',(-42.2,102.7,-5.5));
#19264 = DIRECTION('',(0.,0.,1.));
#19265 = DIRECTION('',(1.,0.,0.));
#19266 = ADVANCED_FACE('',(#19267),#19271,.T.);
#19267 = FACE_BOUND('',#19268,.T.);
#19268 = EDGE_LOOP('',(#19269,#19270));
#19269 = ORIENTED_EDGE('',*,*,#19102,.T.);
#19270 = ORIENTED_EDGE('',*,*,#19252,.T.);
#19271 = PLANE('',#19272);
#19272 = AXIS2_PLACEMENT_3D('',#19273,#19274,#19275);
#19273 = CARTESIAN_POINT('',(-42.2,102.7,-2.9));
#19274 = DIRECTION('',(0.,0.,1.));
#19275 = DIRECTION('',(1.,0.,0.));
#19276 = MANIFOLD_SOLID_BREP('',#19277);
#19277 = CLOSED_SHELL('',(#19278,#19350,#19417,#19442,#19467,#19492,
    #19615,#19708,#19733,#19818,#19839,#19870,#19894,#19918,#19935,
    #19966,#19990,#20014,#20038,#20062,#20086,#20110,#20134,#20158,
    #20182,#20206,#20223,#20240,#20289,#20305,#20345,#20355,#20371,
    #20406,#20422,#20453,#20463,#20474,#20486,#20532,#20563,#20587,
    #20611,#20628,#20708,#20739,#20763,#20787,#20804,#20835,#20859,
    #20883,#20900,#20912,#20924));
#19278 = ADVANCED_FACE('',(#19279),#19345,.T.);
#19279 = FACE_BOUND('',#19280,.T.);
#19280 = EDGE_LOOP('',(#19281,#19291,#19299,#19307,#19315,#19323,#19331,
    #19339));
#19281 = ORIENTED_EDGE('',*,*,#19282,.F.);
#19282 = EDGE_CURVE('',#19283,#19285,#19287,.T.);
#19283 = VERTEX_POINT('',#19284);
#19284 = CARTESIAN_POINT('',(-42.2,71.2,-2.4));
#19285 = VERTEX_POINT('',#19286);
#19286 = CARTESIAN_POINT('',(-42.2,77.6,-2.4));
#19287 = LINE('',#19288,#19289);
#19288 = CARTESIAN_POINT('',(-42.2,71.2,-2.4));
#19289 = VECTOR('',#19290,1.);
#19290 = DIRECTION('',(0.,1.,0.));
#19291 = ORIENTED_EDGE('',*,*,#19292,.T.);
#19292 = EDGE_CURVE('',#19283,#19293,#19295,.T.);
#19293 = VERTEX_POINT('',#19294);
#19294 = CARTESIAN_POINT('',(-39.,71.2,-2.4));
#19295 = LINE('',#19296,#19297);
#19296 = CARTESIAN_POINT('',(-42.2,71.2,-2.4));
#19297 = VECTOR('',#19298,1.);
#19298 = DIRECTION('',(1.,0.,0.));
#19299 = ORIENTED_EDGE('',*,*,#19300,.T.);
#19300 = EDGE_CURVE('',#19293,#19301,#19303,.T.);
#19301 = VERTEX_POINT('',#19302);
#19302 = CARTESIAN_POINT('',(-39.,88.8,-2.4));
#19303 = LINE('',#19304,#19305);
#19304 = CARTESIAN_POINT('',(-39.,71.2,-2.4));
#19305 = VECTOR('',#19306,1.);
#19306 = DIRECTION('',(0.,1.,0.));
#19307 = ORIENTED_EDGE('',*,*,#19308,.F.);
#19308 = EDGE_CURVE('',#19309,#19301,#19311,.T.);
#19309 = VERTEX_POINT('',#19310);
#19310 = CARTESIAN_POINT('',(-42.2,88.8,-2.4));
#19311 = LINE('',#19312,#19313);
#19312 = CARTESIAN_POINT('',(-42.2,88.8,-2.4));
#19313 = VECTOR('',#19314,1.);
#19314 = DIRECTION('',(1.,0.,0.));
#19315 = ORIENTED_EDGE('',*,*,#19316,.F.);
#19316 = EDGE_CURVE('',#19317,#19309,#19319,.T.);
#19317 = VERTEX_POINT('',#19318);
#19318 = CARTESIAN_POINT('',(-42.2,82.4,-2.4));
#19319 = LINE('',#19320,#19321);
#19320 = CARTESIAN_POINT('',(-42.2,71.2,-2.4));
#19321 = VECTOR('',#19322,1.);
#19322 = DIRECTION('',(0.,1.,0.));
#19323 = ORIENTED_EDGE('',*,*,#19324,.F.);
#19324 = EDGE_CURVE('',#19325,#19317,#19327,.T.);
#19325 = VERTEX_POINT('',#19326);
#19326 = CARTESIAN_POINT('',(-42.,82.4,-2.4));
#19327 = LINE('',#19328,#19329);
#19328 = CARTESIAN_POINT('',(-42.,82.4,-2.4));
#19329 = VECTOR('',#19330,1.);
#19330 = DIRECTION('',(-1.,0.,0.));
#19331 = ORIENTED_EDGE('',*,*,#19332,.T.);
#19332 = EDGE_CURVE('',#19325,#19333,#19335,.T.);
#19333 = VERTEX_POINT('',#19334);
#19334 = CARTESIAN_POINT('',(-42.,77.6,-2.4));
#19335 = LINE('',#19336,#19337);
#19336 = CARTESIAN_POINT('',(-42.,75.6,-2.4));
#19337 = VECTOR('',#19338,1.);
#19338 = DIRECTION('',(0.,-1.,0.));
#19339 = ORIENTED_EDGE('',*,*,#19340,.T.);
#19340 = EDGE_CURVE('',#19333,#19285,#19341,.T.);
#19341 = LINE('',#19342,#19343);
#19342 = CARTESIAN_POINT('',(-42.,77.6,-2.4));
#19343 = VECTOR('',#19344,1.);
#19344 = DIRECTION('',(-1.,0.,0.));
#19345 = PLANE('',#19346);
#19346 = AXIS2_PLACEMENT_3D('',#19347,#19348,#19349);
#19347 = CARTESIAN_POINT('',(-42.2,71.2,-2.4));
#19348 = DIRECTION('',(0.,0.,1.));
#19349 = DIRECTION('',(1.,0.,0.));
#19350 = ADVANCED_FACE('',(#19351,#19378),#19412,.T.);
#19351 = FACE_BOUND('',#19352,.T.);
#19352 = EDGE_LOOP('',(#19353,#19362,#19363,#19372));
#19353 = ORIENTED_EDGE('',*,*,#19354,.F.);
#19354 = EDGE_CURVE('',#19283,#19355,#19357,.T.);
#19355 = VERTEX_POINT('',#19356);
#19356 = CARTESIAN_POINT('',(-42.2,71.2,-6.));
#19357 = CIRCLE('',#19358,1.8);
#19358 = AXIS2_PLACEMENT_3D('',#19359,#19360,#19361);
#19359 = CARTESIAN_POINT('',(-42.2,71.2,-4.2));
#19360 = DIRECTION('',(1.,0.,-0.));
#19361 = DIRECTION('',(0.,0.,1.));
#19362 = ORIENTED_EDGE('',*,*,#19282,.T.);
#19363 = ORIENTED_EDGE('',*,*,#19364,.F.);
#19364 = EDGE_CURVE('',#19365,#19285,#19367,.T.);
#19365 = VERTEX_POINT('',#19366);
#19366 = CARTESIAN_POINT('',(-42.2,77.6,-6.));
#19367 = CIRCLE('',#19368,3.);
#19368 = AXIS2_PLACEMENT_3D('',#19369,#19370,#19371);
#19369 = CARTESIAN_POINT('',(-42.2,80.,-4.2));
#19370 = DIRECTION('',(-1.,0.,0.));
#19371 = DIRECTION('',(0.,0.,-1.));
#19372 = ORIENTED_EDGE('',*,*,#19373,.F.);
#19373 = EDGE_CURVE('',#19355,#19365,#19374,.T.);
#19374 = LINE('',#19375,#19376);
#19375 = CARTESIAN_POINT('',(-42.2,71.2,-6.));
#19376 = VECTOR('',#19377,1.);
#19377 = DIRECTION('',(0.,1.,0.));
#19378 = FACE_BOUND('',#19379,.T.);
#19379 = EDGE_LOOP('',(#19380,#19390,#19398,#19406));
#19380 = ORIENTED_EDGE('',*,*,#19381,.F.);
#19381 = EDGE_CURVE('',#19382,#19384,#19386,.T.);
#19382 = VERTEX_POINT('',#19383);
#19383 = CARTESIAN_POINT('',(-42.2,74.2,-4.));
#19384 = VERTEX_POINT('',#19385);
#19385 = CARTESIAN_POINT('',(-42.2,75.8,-4.));
#19386 = LINE('',#19387,#19388);
#19387 = CARTESIAN_POINT('',(-42.2,77.1,-4.));
#19388 = VECTOR('',#19389,1.);
#19389 = DIRECTION('',(0.,1.,0.));
#19390 = ORIENTED_EDGE('',*,*,#19391,.T.);
#19391 = EDGE_CURVE('',#19382,#19392,#19394,.T.);
#19392 = VERTEX_POINT('',#19393);
#19393 = CARTESIAN_POINT('',(-42.2,74.2,-4.4));
#19394 = LINE('',#19395,#19396);
#19395 = CARTESIAN_POINT('',(-42.2,74.2,-4.3));
#19396 = VECTOR('',#19397,1.);
#19397 = DIRECTION('',(0.,0.,-1.));
#19398 = ORIENTED_EDGE('',*,*,#19399,.T.);
#19399 = EDGE_CURVE('',#19392,#19400,#19402,.T.);
#19400 = VERTEX_POINT('',#19401);
#19401 = CARTESIAN_POINT('',(-42.2,75.8,-4.4));
#19402 = LINE('',#19403,#19404);
#19403 = CARTESIAN_POINT('',(-42.2,77.1,-4.4));
#19404 = VECTOR('',#19405,1.);
#19405 = DIRECTION('',(0.,1.,0.));
#19406 = ORIENTED_EDGE('',*,*,#19407,.F.);
#19407 = EDGE_CURVE('',#19384,#19400,#19408,.T.);
#19408 = LINE('',#19409,#19410);
#19409 = CARTESIAN_POINT('',(-42.2,75.8,-4.3));
#19410 = VECTOR('',#19411,1.);
#19411 = DIRECTION('',(0.,0.,-1.));
#19412 = PLANE('',#19413);
#19413 = AXIS2_PLACEMENT_3D('',#19414,#19415,#19416);
#19414 = CARTESIAN_POINT('',(-42.2,80.,-4.2));
#19415 = DIRECTION('',(-1.,-0.,-0.));
#19416 = DIRECTION('',(0.,0.,-1.));
#19417 = ADVANCED_FACE('',(#19418),#19437,.F.);
#19418 = FACE_BOUND('',#19419,.F.);
#19419 = EDGE_LOOP('',(#19420,#19428,#19435,#19436));
#19420 = ORIENTED_EDGE('',*,*,#19421,.F.);
#19421 = EDGE_CURVE('',#19422,#19365,#19424,.T.);
#19422 = VERTEX_POINT('',#19423);
#19423 = CARTESIAN_POINT('',(-42.,77.6,-6.));
#19424 = LINE('',#19425,#19426);
#19425 = CARTESIAN_POINT('',(-42.,77.6,-6.));
#19426 = VECTOR('',#19427,1.);
#19427 = DIRECTION('',(-1.,0.,0.));
#19428 = ORIENTED_EDGE('',*,*,#19429,.T.);
#19429 = EDGE_CURVE('',#19422,#19333,#19430,.T.);
#19430 = CIRCLE('',#19431,3.);
#19431 = AXIS2_PLACEMENT_3D('',#19432,#19433,#19434);
#19432 = CARTESIAN_POINT('',(-42.,80.,-4.2));
#19433 = DIRECTION('',(-1.,0.,0.));
#19434 = DIRECTION('',(0.,0.,-1.));
#19435 = ORIENTED_EDGE('',*,*,#19340,.T.);
#19436 = ORIENTED_EDGE('',*,*,#19364,.F.);
#19437 = CYLINDRICAL_SURFACE('',#19438,3.);
#19438 = AXIS2_PLACEMENT_3D('',#19439,#19440,#19441);
#19439 = CARTESIAN_POINT('',(-42.,80.,-4.2));
#19440 = DIRECTION('',(-1.,0.,0.));
#19441 = DIRECTION('',(0.,0.,-1.));
#19442 = ADVANCED_FACE('',(#19443),#19462,.T.);
#19443 = FACE_BOUND('',#19444,.T.);
#19444 = EDGE_LOOP('',(#19445,#19453,#19454,#19455));
#19445 = ORIENTED_EDGE('',*,*,#19446,.T.);
#19446 = EDGE_CURVE('',#19447,#19422,#19449,.T.);
#19447 = VERTEX_POINT('',#19448);
#19448 = CARTESIAN_POINT('',(-42.,82.4,-6.));
#19449 = LINE('',#19450,#19451);
#19450 = CARTESIAN_POINT('',(-42.,75.6,-6.));
#19451 = VECTOR('',#19452,1.);
#19452 = DIRECTION('',(0.,-1.,0.));
#19453 = ORIENTED_EDGE('',*,*,#19429,.T.);
#19454 = ORIENTED_EDGE('',*,*,#19332,.F.);
#19455 = ORIENTED_EDGE('',*,*,#19456,.T.);
#19456 = EDGE_CURVE('',#19325,#19447,#19457,.T.);
#19457 = CIRCLE('',#19458,3.);
#19458 = AXIS2_PLACEMENT_3D('',#19459,#19460,#19461);
#19459 = CARTESIAN_POINT('',(-42.,80.,-4.2));
#19460 = DIRECTION('',(-1.,0.,0.));
#19461 = DIRECTION('',(0.,0.,-1.));
#19462 = PLANE('',#19463);
#19463 = AXIS2_PLACEMENT_3D('',#19464,#19465,#19466);
#19464 = CARTESIAN_POINT('',(-42.,80.,-4.2));
#19465 = DIRECTION('',(-1.,0.,0.));
#19466 = DIRECTION('',(0.,0.,-1.));
#19467 = ADVANCED_FACE('',(#19468),#19487,.F.);
#19468 = FACE_BOUND('',#19469,.F.);
#19469 = EDGE_LOOP('',(#19470,#19471,#19479,#19486));
#19470 = ORIENTED_EDGE('',*,*,#19456,.T.);
#19471 = ORIENTED_EDGE('',*,*,#19472,.T.);
#19472 = EDGE_CURVE('',#19447,#19473,#19475,.T.);
#19473 = VERTEX_POINT('',#19474);
#19474 = CARTESIAN_POINT('',(-42.2,82.4,-6.));
#19475 = LINE('',#19476,#19477);
#19476 = CARTESIAN_POINT('',(-42.,82.4,-6.));
#19477 = VECTOR('',#19478,1.);
#19478 = DIRECTION('',(-1.,0.,0.));
#19479 = ORIENTED_EDGE('',*,*,#19480,.F.);
#19480 = EDGE_CURVE('',#19317,#19473,#19481,.T.);
#19481 = CIRCLE('',#19482,3.);
#19482 = AXIS2_PLACEMENT_3D('',#19483,#19484,#19485);
#19483 = CARTESIAN_POINT('',(-42.2,80.,-4.2));
#19484 = DIRECTION('',(-1.,0.,0.));
#19485 = DIRECTION('',(0.,0.,-1.));
#19486 = ORIENTED_EDGE('',*,*,#19324,.F.);
#19487 = CYLINDRICAL_SURFACE('',#19488,3.);
#19488 = AXIS2_PLACEMENT_3D('',#19489,#19490,#19491);
#19489 = CARTESIAN_POINT('',(-42.,80.,-4.2));
#19490 = DIRECTION('',(-1.,0.,0.));
#19491 = DIRECTION('',(0.,0.,-1.));
#19492 = ADVANCED_FACE('',(#19493,#19512),#19610,.T.);
#19493 = FACE_BOUND('',#19494,.T.);
#19494 = EDGE_LOOP('',(#19495,#19496,#19497,#19506));
#19495 = ORIENTED_EDGE('',*,*,#19480,.F.);
#19496 = ORIENTED_EDGE('',*,*,#19316,.T.);
#19497 = ORIENTED_EDGE('',*,*,#19498,.F.);
#19498 = EDGE_CURVE('',#19499,#19309,#19501,.T.);
#19499 = VERTEX_POINT('',#19500);
#19500 = CARTESIAN_POINT('',(-42.2,88.8,-6.));
#19501 = CIRCLE('',#19502,1.8);
#19502 = AXIS2_PLACEMENT_3D('',#19503,#19504,#19505);
#19503 = CARTESIAN_POINT('',(-42.2,88.8,-4.2));
#19504 = DIRECTION('',(1.,0.,-0.));
#19505 = DIRECTION('',(0.,0.,1.));
#19506 = ORIENTED_EDGE('',*,*,#19507,.F.);
#19507 = EDGE_CURVE('',#19473,#19499,#19508,.T.);
#19508 = LINE('',#19509,#19510);
#19509 = CARTESIAN_POINT('',(-42.2,71.2,-6.));
#19510 = VECTOR('',#19511,1.);
#19511 = DIRECTION('',(0.,1.,0.));
#19512 = FACE_BOUND('',#19513,.T.);
#19513 = EDGE_LOOP('',(#19514,#19524,#19532,#19540,#19548,#19556,#19564,
    #19572,#19580,#19588,#19596,#19604));
#19514 = ORIENTED_EDGE('',*,*,#19515,.F.);
#19515 = EDGE_CURVE('',#19516,#19518,#19520,.T.);
#19516 = VERTEX_POINT('',#19517);
#19517 = CARTESIAN_POINT('',(-42.2,84.2,-4.));
#19518 = VERTEX_POINT('',#19519);
#19519 = CARTESIAN_POINT('',(-42.2,84.8,-4.));
#19520 = LINE('',#19521,#19522);
#19521 = CARTESIAN_POINT('',(-42.2,82.1,-4.));
#19522 = VECTOR('',#19523,1.);
#19523 = DIRECTION('',(0.,1.,0.));
#19524 = ORIENTED_EDGE('',*,*,#19525,.T.);
#19525 = EDGE_CURVE('',#19516,#19526,#19528,.T.);
#19526 = VERTEX_POINT('',#19527);
#19527 = CARTESIAN_POINT('',(-42.2,84.2,-4.4));
#19528 = LINE('',#19529,#19530);
#19529 = CARTESIAN_POINT('',(-42.2,84.2,-4.3));
#19530 = VECTOR('',#19531,1.);
#19531 = DIRECTION('',(0.,0.,-1.));
#19532 = ORIENTED_EDGE('',*,*,#19533,.T.);
#19533 = EDGE_CURVE('',#19526,#19534,#19536,.T.);
#19534 = VERTEX_POINT('',#19535);
#19535 = CARTESIAN_POINT('',(-42.2,84.8,-4.4));
#19536 = LINE('',#19537,#19538);
#19537 = CARTESIAN_POINT('',(-42.2,82.1,-4.4));
#19538 = VECTOR('',#19539,1.);
#19539 = DIRECTION('',(0.,1.,0.));
#19540 = ORIENTED_EDGE('',*,*,#19541,.T.);
#19541 = EDGE_CURVE('',#19534,#19542,#19544,.T.);
#19542 = VERTEX_POINT('',#19543);
#19543 = CARTESIAN_POINT('',(-42.2,84.8,-5.));
#19544 = LINE('',#19545,#19546);
#19545 = CARTESIAN_POINT('',(-42.2,84.8,-4.6));
#19546 = VECTOR('',#19547,1.);
#19547 = DIRECTION('',(0.,0.,-1.));
#19548 = ORIENTED_EDGE('',*,*,#19549,.T.);
#19549 = EDGE_CURVE('',#19542,#19550,#19552,.T.);
#19550 = VERTEX_POINT('',#19551);
#19551 = CARTESIAN_POINT('',(-42.2,85.2,-5.));
#19552 = LINE('',#19553,#19554);
#19553 = CARTESIAN_POINT('',(-42.2,82.4,-5.));
#19554 = VECTOR('',#19555,1.);
#19555 = DIRECTION('',(0.,1.,0.));
#19556 = ORIENTED_EDGE('',*,*,#19557,.F.);
#19557 = EDGE_CURVE('',#19558,#19550,#19560,.T.);
#19558 = VERTEX_POINT('',#19559);
#19559 = CARTESIAN_POINT('',(-42.2,85.2,-4.4));
#19560 = LINE('',#19561,#19562);
#19561 = CARTESIAN_POINT('',(-42.2,85.2,-4.6));
#19562 = VECTOR('',#19563,1.);
#19563 = DIRECTION('',(0.,0.,-1.));
#19564 = ORIENTED_EDGE('',*,*,#19565,.T.);
#19565 = EDGE_CURVE('',#19558,#19566,#19568,.T.);
#19566 = VERTEX_POINT('',#19567);
#19567 = CARTESIAN_POINT('',(-42.2,85.8,-4.4));
#19568 = LINE('',#19569,#19570);
#19569 = CARTESIAN_POINT('',(-42.2,82.1,-4.4));
#19570 = VECTOR('',#19571,1.);
#19571 = DIRECTION('',(0.,1.,0.));
#19572 = ORIENTED_EDGE('',*,*,#19573,.F.);
#19573 = EDGE_CURVE('',#19574,#19566,#19576,.T.);
#19574 = VERTEX_POINT('',#19575);
#19575 = CARTESIAN_POINT('',(-42.2,85.8,-4.));
#19576 = LINE('',#19577,#19578);
#19577 = CARTESIAN_POINT('',(-42.2,85.8,-4.3));
#19578 = VECTOR('',#19579,1.);
#19579 = DIRECTION('',(0.,0.,-1.));
#19580 = ORIENTED_EDGE('',*,*,#19581,.F.);
#19581 = EDGE_CURVE('',#19582,#19574,#19584,.T.);
#19582 = VERTEX_POINT('',#19583);
#19583 = CARTESIAN_POINT('',(-42.2,85.2,-4.));
#19584 = LINE('',#19585,#19586);
#19585 = CARTESIAN_POINT('',(-42.2,82.1,-4.));
#19586 = VECTOR('',#19587,1.);
#19587 = DIRECTION('',(0.,1.,0.));
#19588 = ORIENTED_EDGE('',*,*,#19589,.F.);
#19589 = EDGE_CURVE('',#19590,#19582,#19592,.T.);
#19590 = VERTEX_POINT('',#19591);
#19591 = CARTESIAN_POINT('',(-42.2,85.2,-3.4));
#19592 = LINE('',#19593,#19594);
#19593 = CARTESIAN_POINT('',(-42.2,85.2,-4.6));
#19594 = VECTOR('',#19595,1.);
#19595 = DIRECTION('',(0.,0.,-1.));
#19596 = ORIENTED_EDGE('',*,*,#19597,.F.);
#19597 = EDGE_CURVE('',#19598,#19590,#19600,.T.);
#19598 = VERTEX_POINT('',#19599);
#19599 = CARTESIAN_POINT('',(-42.2,84.8,-3.4));
#19600 = LINE('',#19601,#19602);
#19601 = CARTESIAN_POINT('',(-42.2,82.4,-3.4));
#19602 = VECTOR('',#19603,1.);
#19603 = DIRECTION('',(0.,1.,0.));
#19604 = ORIENTED_EDGE('',*,*,#19605,.T.);
#19605 = EDGE_CURVE('',#19598,#19518,#19606,.T.);
#19606 = LINE('',#19607,#19608);
#19607 = CARTESIAN_POINT('',(-42.2,84.8,-4.6));
#19608 = VECTOR('',#19609,1.);
#19609 = DIRECTION('',(0.,0.,-1.));
#19610 = PLANE('',#19611);
#19611 = AXIS2_PLACEMENT_3D('',#19612,#19613,#19614);
#19612 = CARTESIAN_POINT('',(-42.2,80.,-4.2));
#19613 = DIRECTION('',(-1.,-0.,-0.));
#19614 = DIRECTION('',(0.,0.,-1.));
#19615 = ADVANCED_FACE('',(#19616),#19703,.T.);
#19616 = FACE_BOUND('',#19617,.T.);
#19617 = EDGE_LOOP('',(#19618,#19619,#19620,#19629,#19637,#19646,#19654,
    #19663,#19671,#19680,#19688,#19697));
#19618 = ORIENTED_EDGE('',*,*,#19498,.T.);
#19619 = ORIENTED_EDGE('',*,*,#19308,.T.);
#19620 = ORIENTED_EDGE('',*,*,#19621,.F.);
#19621 = EDGE_CURVE('',#19622,#19301,#19624,.T.);
#19622 = VERTEX_POINT('',#19623);
#19623 = CARTESIAN_POINT('',(-39.,89.624621125124,-2.6));
#19624 = CIRCLE('',#19625,1.8);
#19625 = AXIS2_PLACEMENT_3D('',#19626,#19627,#19628);
#19626 = CARTESIAN_POINT('',(-39.,88.8,-4.2));
#19627 = DIRECTION('',(1.,0.,-0.));
#19628 = DIRECTION('',(0.,0.,1.));
#19629 = ORIENTED_EDGE('',*,*,#19630,.F.);
#19630 = EDGE_CURVE('',#19631,#19622,#19633,.T.);
#19631 = VERTEX_POINT('',#19632);
#19632 = CARTESIAN_POINT('',(-39.1,89.624621125123,-2.6));
#19633 = LINE('',#19634,#19635);
#19634 = CARTESIAN_POINT('',(-42.2,89.624621125124,-2.6));
#19635 = VECTOR('',#19636,1.);
#19636 = DIRECTION('',(1.,0.,0.));
#19637 = ORIENTED_EDGE('',*,*,#19638,.F.);
#19638 = EDGE_CURVE('',#19639,#19631,#19641,.T.);
#19639 = VERTEX_POINT('',#19640);
#19640 = CARTESIAN_POINT('',(-39.1,89.75,-2.671111514858));
#19641 = CIRCLE('',#19642,1.8);
#19642 = AXIS2_PLACEMENT_3D('',#19643,#19644,#19645);
#19643 = CARTESIAN_POINT('',(-39.1,88.8,-4.2));
#19644 = DIRECTION('',(1.,0.,-0.));
#19645 = DIRECTION('',(0.,0.,1.));
#19646 = ORIENTED_EDGE('',*,*,#19647,.T.);
#19647 = EDGE_CURVE('',#19639,#19648,#19650,.T.);
#19648 = VERTEX_POINT('',#19649);
#19649 = CARTESIAN_POINT('',(-39.,89.75,-2.671111514858));
#19650 = LINE('',#19651,#19652);
#19651 = CARTESIAN_POINT('',(-42.2,89.75,-2.671111514858));
#19652 = VECTOR('',#19653,1.);
#19653 = DIRECTION('',(1.,0.,0.));
#19654 = ORIENTED_EDGE('',*,*,#19655,.F.);
#19655 = EDGE_CURVE('',#19656,#19648,#19658,.T.);
#19656 = VERTEX_POINT('',#19657);
#19657 = CARTESIAN_POINT('',(-39.,89.75,-5.728888485142));
#19658 = CIRCLE('',#19659,1.8);
#19659 = AXIS2_PLACEMENT_3D('',#19660,#19661,#19662);
#19660 = CARTESIAN_POINT('',(-39.,88.8,-4.2));
#19661 = DIRECTION('',(1.,0.,-0.));
#19662 = DIRECTION('',(0.,0.,1.));
#19663 = ORIENTED_EDGE('',*,*,#19664,.F.);
#19664 = EDGE_CURVE('',#19665,#19656,#19667,.T.);
#19665 = VERTEX_POINT('',#19666);
#19666 = CARTESIAN_POINT('',(-39.1,89.75,-5.728888485142));
#19667 = LINE('',#19668,#19669);
#19668 = CARTESIAN_POINT('',(-42.2,89.75,-5.728888485142));
#19669 = VECTOR('',#19670,1.);
#19670 = DIRECTION('',(1.,0.,0.));
#19671 = ORIENTED_EDGE('',*,*,#19672,.F.);
#19672 = EDGE_CURVE('',#19673,#19665,#19675,.T.);
#19673 = VERTEX_POINT('',#19674);
#19674 = CARTESIAN_POINT('',(-39.1,89.624621125123,-5.8));
#19675 = CIRCLE('',#19676,1.8);
#19676 = AXIS2_PLACEMENT_3D('',#19677,#19678,#19679);
#19677 = CARTESIAN_POINT('',(-39.1,88.8,-4.2));
#19678 = DIRECTION('',(1.,0.,-0.));
#19679 = DIRECTION('',(0.,0.,1.));
#19680 = ORIENTED_EDGE('',*,*,#19681,.T.);
#19681 = EDGE_CURVE('',#19673,#19682,#19684,.T.);
#19682 = VERTEX_POINT('',#19683);
#19683 = CARTESIAN_POINT('',(-39.,89.624621125124,-5.8));
#19684 = LINE('',#19685,#19686);
#19685 = CARTESIAN_POINT('',(-42.2,89.624621125124,-5.8));
#19686 = VECTOR('',#19687,1.);
#19687 = DIRECTION('',(1.,0.,0.));
#19688 = ORIENTED_EDGE('',*,*,#19689,.F.);
#19689 = EDGE_CURVE('',#19690,#19682,#19692,.T.);
#19690 = VERTEX_POINT('',#19691);
#19691 = CARTESIAN_POINT('',(-39.,88.8,-6.));
#19692 = CIRCLE('',#19693,1.8);
#19693 = AXIS2_PLACEMENT_3D('',#19694,#19695,#19696);
#19694 = CARTESIAN_POINT('',(-39.,88.8,-4.2));
#19695 = DIRECTION('',(1.,0.,-0.));
#19696 = DIRECTION('',(0.,0.,1.));
#19697 = ORIENTED_EDGE('',*,*,#19698,.F.);
#19698 = EDGE_CURVE('',#19499,#19690,#19699,.T.);
#19699 = LINE('',#19700,#19701);
#19700 = CARTESIAN_POINT('',(-42.2,88.8,-6.));
#19701 = VECTOR('',#19702,1.);
#19702 = DIRECTION('',(1.,0.,0.));
#19703 = CYLINDRICAL_SURFACE('',#19704,1.8);
#19704 = AXIS2_PLACEMENT_3D('',#19705,#19706,#19707);
#19705 = CARTESIAN_POINT('',(-42.2,88.8,-4.2));
#19706 = DIRECTION('',(1.,0.,0.));
#19707 = DIRECTION('',(0.,0.,1.));
#19708 = ADVANCED_FACE('',(#19709),#19728,.T.);
#19709 = FACE_BOUND('',#19710,.T.);
#19710 = EDGE_LOOP('',(#19711,#19712,#19721,#19727));
#19711 = ORIENTED_EDGE('',*,*,#19300,.F.);
#19712 = ORIENTED_EDGE('',*,*,#19713,.T.);
#19713 = EDGE_CURVE('',#19293,#19714,#19716,.T.);
#19714 = VERTEX_POINT('',#19715);
#19715 = CARTESIAN_POINT('',(-39.,70.375378874876,-2.6));
#19716 = CIRCLE('',#19717,1.8);
#19717 = AXIS2_PLACEMENT_3D('',#19718,#19719,#19720);
#19718 = CARTESIAN_POINT('',(-39.,71.2,-4.2));
#19719 = DIRECTION('',(1.,0.,-0.));
#19720 = DIRECTION('',(0.,0.,1.));
#19721 = ORIENTED_EDGE('',*,*,#19722,.F.);
#19722 = EDGE_CURVE('',#19622,#19714,#19723,.T.);
#19723 = LINE('',#19724,#19725);
#19724 = CARTESIAN_POINT('',(-39.,75.125,-2.6));
#19725 = VECTOR('',#19726,1.);
#19726 = DIRECTION('',(0.,-1.,0.));
#19727 = ORIENTED_EDGE('',*,*,#19621,.T.);
#19728 = PLANE('',#19729);
#19729 = AXIS2_PLACEMENT_3D('',#19730,#19731,#19732);
#19730 = CARTESIAN_POINT('',(-39.,80.,-4.2));
#19731 = DIRECTION('',(1.,0.,0.));
#19732 = DIRECTION('',(0.,0.,1.));
#19733 = ADVANCED_FACE('',(#19734),#19813,.T.);
#19734 = FACE_BOUND('',#19735,.T.);
#19735 = EDGE_LOOP('',(#19736,#19737,#19738,#19739,#19747,#19756,#19764,
    #19773,#19781,#19790,#19798,#19807));
#19736 = ORIENTED_EDGE('',*,*,#19713,.F.);
#19737 = ORIENTED_EDGE('',*,*,#19292,.F.);
#19738 = ORIENTED_EDGE('',*,*,#19354,.T.);
#19739 = ORIENTED_EDGE('',*,*,#19740,.T.);
#19740 = EDGE_CURVE('',#19355,#19741,#19743,.T.);
#19741 = VERTEX_POINT('',#19742);
#19742 = CARTESIAN_POINT('',(-39.,71.2,-6.));
#19743 = LINE('',#19744,#19745);
#19744 = CARTESIAN_POINT('',(-42.2,71.2,-6.));
#19745 = VECTOR('',#19746,1.);
#19746 = DIRECTION('',(1.,0.,0.));
#19747 = ORIENTED_EDGE('',*,*,#19748,.F.);
#19748 = EDGE_CURVE('',#19749,#19741,#19751,.T.);
#19749 = VERTEX_POINT('',#19750);
#19750 = CARTESIAN_POINT('',(-39.,70.375378874876,-5.8));
#19751 = CIRCLE('',#19752,1.8);
#19752 = AXIS2_PLACEMENT_3D('',#19753,#19754,#19755);
#19753 = CARTESIAN_POINT('',(-39.,71.2,-4.2));
#19754 = DIRECTION('',(1.,0.,-0.));
#19755 = DIRECTION('',(0.,0.,1.));
#19756 = ORIENTED_EDGE('',*,*,#19757,.F.);
#19757 = EDGE_CURVE('',#19758,#19749,#19760,.T.);
#19758 = VERTEX_POINT('',#19759);
#19759 = CARTESIAN_POINT('',(-39.1,70.375378874876,-5.8));
#19760 = LINE('',#19761,#19762);
#19761 = CARTESIAN_POINT('',(-42.2,70.375378874876,-5.8));
#19762 = VECTOR('',#19763,1.);
#19763 = DIRECTION('',(1.,0.,0.));
#19764 = ORIENTED_EDGE('',*,*,#19765,.F.);
#19765 = EDGE_CURVE('',#19766,#19758,#19768,.T.);
#19766 = VERTEX_POINT('',#19767);
#19767 = CARTESIAN_POINT('',(-39.1,70.25,-5.728888485142));
#19768 = CIRCLE('',#19769,1.8);
#19769 = AXIS2_PLACEMENT_3D('',#19770,#19771,#19772);
#19770 = CARTESIAN_POINT('',(-39.1,71.2,-4.2));
#19771 = DIRECTION('',(1.,0.,-0.));
#19772 = DIRECTION('',(0.,0.,1.));
#19773 = ORIENTED_EDGE('',*,*,#19774,.T.);
#19774 = EDGE_CURVE('',#19766,#19775,#19777,.T.);
#19775 = VERTEX_POINT('',#19776);
#19776 = CARTESIAN_POINT('',(-39.,70.25,-5.728888485142));
#19777 = LINE('',#19778,#19779);
#19778 = CARTESIAN_POINT('',(-42.2,70.25,-5.728888485142));
#19779 = VECTOR('',#19780,1.);
#19780 = DIRECTION('',(1.,0.,0.));
#19781 = ORIENTED_EDGE('',*,*,#19782,.F.);
#19782 = EDGE_CURVE('',#19783,#19775,#19785,.T.);
#19783 = VERTEX_POINT('',#19784);
#19784 = CARTESIAN_POINT('',(-39.,70.25,-2.671111514858));
#19785 = CIRCLE('',#19786,1.8);
#19786 = AXIS2_PLACEMENT_3D('',#19787,#19788,#19789);
#19787 = CARTESIAN_POINT('',(-39.,71.2,-4.2));
#19788 = DIRECTION('',(1.,0.,-0.));
#19789 = DIRECTION('',(0.,0.,1.));
#19790 = ORIENTED_EDGE('',*,*,#19791,.F.);
#19791 = EDGE_CURVE('',#19792,#19783,#19794,.T.);
#19792 = VERTEX_POINT('',#19793);
#19793 = CARTESIAN_POINT('',(-39.1,70.25,-2.671111514858));
#19794 = LINE('',#19795,#19796);
#19795 = CARTESIAN_POINT('',(-42.2,70.25,-2.671111514858));
#19796 = VECTOR('',#19797,1.);
#19797 = DIRECTION('',(1.,0.,0.));
#19798 = ORIENTED_EDGE('',*,*,#19799,.F.);
#19799 = EDGE_CURVE('',#19800,#19792,#19802,.T.);
#19800 = VERTEX_POINT('',#19801);
#19801 = CARTESIAN_POINT('',(-39.1,70.375378874876,-2.6));
#19802 = CIRCLE('',#19803,1.8);
#19803 = AXIS2_PLACEMENT_3D('',#19804,#19805,#19806);
#19804 = CARTESIAN_POINT('',(-39.1,71.2,-4.2));
#19805 = DIRECTION('',(1.,0.,-0.));
#19806 = DIRECTION('',(0.,0.,1.));
#19807 = ORIENTED_EDGE('',*,*,#19808,.T.);
#19808 = EDGE_CURVE('',#19800,#19714,#19809,.T.);
#19809 = LINE('',#19810,#19811);
#19810 = CARTESIAN_POINT('',(-42.2,70.375378874876,-2.6));
#19811 = VECTOR('',#19812,1.);
#19812 = DIRECTION('',(1.,0.,0.));
#19813 = CYLINDRICAL_SURFACE('',#19814,1.8);
#19814 = AXIS2_PLACEMENT_3D('',#19815,#19816,#19817);
#19815 = CARTESIAN_POINT('',(-42.2,71.2,-4.2));
#19816 = DIRECTION('',(1.,0.,0.));
#19817 = DIRECTION('',(0.,0.,1.));
#19818 = ADVANCED_FACE('',(#19819),#19834,.F.);
#19819 = FACE_BOUND('',#19820,.F.);
#19820 = EDGE_LOOP('',(#19821,#19822,#19823,#19829,#19830,#19831,#19832,
    #19833));
#19821 = ORIENTED_EDGE('',*,*,#19373,.F.);
#19822 = ORIENTED_EDGE('',*,*,#19740,.T.);
#19823 = ORIENTED_EDGE('',*,*,#19824,.T.);
#19824 = EDGE_CURVE('',#19741,#19690,#19825,.T.);
#19825 = LINE('',#19826,#19827);
#19826 = CARTESIAN_POINT('',(-39.,71.2,-6.));
#19827 = VECTOR('',#19828,1.);
#19828 = DIRECTION('',(0.,1.,0.));
#19829 = ORIENTED_EDGE('',*,*,#19698,.F.);
#19830 = ORIENTED_EDGE('',*,*,#19507,.F.);
#19831 = ORIENTED_EDGE('',*,*,#19472,.F.);
#19832 = ORIENTED_EDGE('',*,*,#19446,.T.);
#19833 = ORIENTED_EDGE('',*,*,#19421,.T.);
#19834 = PLANE('',#19835);
#19835 = AXIS2_PLACEMENT_3D('',#19836,#19837,#19838);
#19836 = CARTESIAN_POINT('',(-42.2,71.2,-6.));
#19837 = DIRECTION('',(0.,0.,1.));
#19838 = DIRECTION('',(1.,0.,0.));
#19839 = ADVANCED_FACE('',(#19840),#19865,.T.);
#19840 = FACE_BOUND('',#19841,.T.);
#19841 = EDGE_LOOP('',(#19842,#19850,#19858,#19864));
#19842 = ORIENTED_EDGE('',*,*,#19843,.F.);
#19843 = EDGE_CURVE('',#19844,#19384,#19846,.T.);
#19844 = VERTEX_POINT('',#19845);
#19845 = CARTESIAN_POINT('',(-42.4,75.8,-4.));
#19846 = LINE('',#19847,#19848);
#19847 = CARTESIAN_POINT('',(-42.4,75.8,-4.));
#19848 = VECTOR('',#19849,1.);
#19849 = DIRECTION('',(1.,0.,0.));
#19850 = ORIENTED_EDGE('',*,*,#19851,.F.);
#19851 = EDGE_CURVE('',#19852,#19844,#19854,.T.);
#19852 = VERTEX_POINT('',#19853);
#19853 = CARTESIAN_POINT('',(-42.4,74.2,-4.));
#19854 = LINE('',#19855,#19856);
#19855 = CARTESIAN_POINT('',(-42.4,74.2,-4.));
#19856 = VECTOR('',#19857,1.);
#19857 = DIRECTION('',(0.,1.,0.));
#19858 = ORIENTED_EDGE('',*,*,#19859,.T.);
#19859 = EDGE_CURVE('',#19852,#19382,#19860,.T.);
#19860 = LINE('',#19861,#19862);
#19861 = CARTESIAN_POINT('',(-42.4,74.2,-4.));
#19862 = VECTOR('',#19863,1.);
#19863 = DIRECTION('',(1.,0.,0.));
#19864 = ORIENTED_EDGE('',*,*,#19381,.T.);
#19865 = PLANE('',#19866);
#19866 = AXIS2_PLACEMENT_3D('',#19867,#19868,#19869);
#19867 = CARTESIAN_POINT('',(-42.4,74.2,-4.));
#19868 = DIRECTION('',(0.,0.,1.));
#19869 = DIRECTION('',(1.,0.,0.));
#19870 = ADVANCED_FACE('',(#19871),#19889,.F.);
#19871 = FACE_BOUND('',#19872,.F.);
#19872 = EDGE_LOOP('',(#19873,#19881,#19887,#19888));
#19873 = ORIENTED_EDGE('',*,*,#19874,.F.);
#19874 = EDGE_CURVE('',#19875,#19392,#19877,.T.);
#19875 = VERTEX_POINT('',#19876);
#19876 = CARTESIAN_POINT('',(-42.4,74.2,-4.4));
#19877 = LINE('',#19878,#19879);
#19878 = CARTESIAN_POINT('',(-42.4,74.2,-4.4));
#19879 = VECTOR('',#19880,1.);
#19880 = DIRECTION('',(1.,0.,0.));
#19881 = ORIENTED_EDGE('',*,*,#19882,.T.);
#19882 = EDGE_CURVE('',#19875,#19852,#19883,.T.);
#19883 = LINE('',#19884,#19885);
#19884 = CARTESIAN_POINT('',(-42.4,74.2,-4.4));
#19885 = VECTOR('',#19886,1.);
#19886 = DIRECTION('',(0.,0.,1.));
#19887 = ORIENTED_EDGE('',*,*,#19859,.T.);
#19888 = ORIENTED_EDGE('',*,*,#19391,.T.);
#19889 = PLANE('',#19890);
#19890 = AXIS2_PLACEMENT_3D('',#19891,#19892,#19893);
#19891 = CARTESIAN_POINT('',(-42.4,74.2,-4.4));
#19892 = DIRECTION('',(0.,1.,0.));
#19893 = DIRECTION('',(0.,0.,1.));
#19894 = ADVANCED_FACE('',(#19895),#19913,.T.);
#19895 = FACE_BOUND('',#19896,.T.);
#19896 = EDGE_LOOP('',(#19897,#19905,#19911,#19912));
#19897 = ORIENTED_EDGE('',*,*,#19898,.F.);
#19898 = EDGE_CURVE('',#19899,#19400,#19901,.T.);
#19899 = VERTEX_POINT('',#19900);
#19900 = CARTESIAN_POINT('',(-42.4,75.8,-4.4));
#19901 = LINE('',#19902,#19903);
#19902 = CARTESIAN_POINT('',(-42.4,75.8,-4.4));
#19903 = VECTOR('',#19904,1.);
#19904 = DIRECTION('',(1.,0.,0.));
#19905 = ORIENTED_EDGE('',*,*,#19906,.T.);
#19906 = EDGE_CURVE('',#19899,#19844,#19907,.T.);
#19907 = LINE('',#19908,#19909);
#19908 = CARTESIAN_POINT('',(-42.4,75.8,-4.4));
#19909 = VECTOR('',#19910,1.);
#19910 = DIRECTION('',(0.,0.,1.));
#19911 = ORIENTED_EDGE('',*,*,#19843,.T.);
#19912 = ORIENTED_EDGE('',*,*,#19407,.T.);
#19913 = PLANE('',#19914);
#19914 = AXIS2_PLACEMENT_3D('',#19915,#19916,#19917);
#19915 = CARTESIAN_POINT('',(-42.4,75.8,-4.4));
#19916 = DIRECTION('',(0.,1.,0.));
#19917 = DIRECTION('',(0.,0.,1.));
#19918 = ADVANCED_FACE('',(#19919),#19930,.F.);
#19919 = FACE_BOUND('',#19920,.F.);
#19920 = EDGE_LOOP('',(#19921,#19922,#19928,#19929));
#19921 = ORIENTED_EDGE('',*,*,#19898,.F.);
#19922 = ORIENTED_EDGE('',*,*,#19923,.F.);
#19923 = EDGE_CURVE('',#19875,#19899,#19924,.T.);
#19924 = LINE('',#19925,#19926);
#19925 = CARTESIAN_POINT('',(-42.4,74.2,-4.4));
#19926 = VECTOR('',#19927,1.);
#19927 = DIRECTION('',(0.,1.,0.));
#19928 = ORIENTED_EDGE('',*,*,#19874,.T.);
#19929 = ORIENTED_EDGE('',*,*,#19399,.T.);
#19930 = PLANE('',#19931);
#19931 = AXIS2_PLACEMENT_3D('',#19932,#19933,#19934);
#19932 = CARTESIAN_POINT('',(-42.4,74.2,-4.4));
#19933 = DIRECTION('',(0.,0.,1.));
#19934 = DIRECTION('',(1.,0.,0.));
#19935 = ADVANCED_FACE('',(#19936),#19961,.T.);
#19936 = FACE_BOUND('',#19937,.T.);
#19937 = EDGE_LOOP('',(#19938,#19948,#19954,#19955));
#19938 = ORIENTED_EDGE('',*,*,#19939,.F.);
#19939 = EDGE_CURVE('',#19940,#19942,#19944,.T.);
#19940 = VERTEX_POINT('',#19941);
#19941 = CARTESIAN_POINT('',(-42.4,84.2,-4.));
#19942 = VERTEX_POINT('',#19943);
#19943 = CARTESIAN_POINT('',(-42.4,84.8,-4.));
#19944 = LINE('',#19945,#19946);
#19945 = CARTESIAN_POINT('',(-42.4,84.2,-4.));
#19946 = VECTOR('',#19947,1.);
#19947 = DIRECTION('',(0.,1.,0.));
#19948 = ORIENTED_EDGE('',*,*,#19949,.T.);
#19949 = EDGE_CURVE('',#19940,#19516,#19950,.T.);
#19950 = LINE('',#19951,#19952);
#19951 = CARTESIAN_POINT('',(-42.4,84.2,-4.));
#19952 = VECTOR('',#19953,1.);
#19953 = DIRECTION('',(1.,0.,0.));
#19954 = ORIENTED_EDGE('',*,*,#19515,.T.);
#19955 = ORIENTED_EDGE('',*,*,#19956,.T.);
#19956 = EDGE_CURVE('',#19518,#19942,#19957,.T.);
#19957 = LINE('',#19958,#19959);
#19958 = CARTESIAN_POINT('',(-42.4,84.8,-4.));
#19959 = VECTOR('',#19960,1.);
#19960 = DIRECTION('',(-1.,0.,0.));
#19961 = PLANE('',#19962);
#19962 = AXIS2_PLACEMENT_3D('',#19963,#19964,#19965);
#19963 = CARTESIAN_POINT('',(-42.4,84.2,-4.));
#19964 = DIRECTION('',(0.,0.,1.));
#19965 = DIRECTION('',(1.,0.,0.));
#19966 = ADVANCED_FACE('',(#19967),#19985,.F.);
#19967 = FACE_BOUND('',#19968,.F.);
#19968 = EDGE_LOOP('',(#19969,#19977,#19983,#19984));
#19969 = ORIENTED_EDGE('',*,*,#19970,.F.);
#19970 = EDGE_CURVE('',#19971,#19526,#19973,.T.);
#19971 = VERTEX_POINT('',#19972);
#19972 = CARTESIAN_POINT('',(-42.4,84.2,-4.4));
#19973 = LINE('',#19974,#19975);
#19974 = CARTESIAN_POINT('',(-42.4,84.2,-4.4));
#19975 = VECTOR('',#19976,1.);
#19976 = DIRECTION('',(1.,0.,0.));
#19977 = ORIENTED_EDGE('',*,*,#19978,.T.);
#19978 = EDGE_CURVE('',#19971,#19940,#19979,.T.);
#19979 = LINE('',#19980,#19981);
#19980 = CARTESIAN_POINT('',(-42.4,84.2,-4.4));
#19981 = VECTOR('',#19982,1.);
#19982 = DIRECTION('',(0.,0.,1.));
#19983 = ORIENTED_EDGE('',*,*,#19949,.T.);
#19984 = ORIENTED_EDGE('',*,*,#19525,.T.);
#19985 = PLANE('',#19986);
#19986 = AXIS2_PLACEMENT_3D('',#19987,#19988,#19989);
#19987 = CARTESIAN_POINT('',(-42.4,84.2,-4.4));
#19988 = DIRECTION('',(0.,1.,0.));
#19989 = DIRECTION('',(0.,0.,1.));
#19990 = ADVANCED_FACE('',(#19991),#20009,.F.);
#19991 = FACE_BOUND('',#19992,.F.);
#19992 = EDGE_LOOP('',(#19993,#19994,#19995,#20003));
#19993 = ORIENTED_EDGE('',*,*,#19605,.T.);
#19994 = ORIENTED_EDGE('',*,*,#19956,.T.);
#19995 = ORIENTED_EDGE('',*,*,#19996,.T.);
#19996 = EDGE_CURVE('',#19942,#19997,#19999,.T.);
#19997 = VERTEX_POINT('',#19998);
#19998 = CARTESIAN_POINT('',(-42.4,84.8,-3.4));
#19999 = LINE('',#20000,#20001);
#20000 = CARTESIAN_POINT('',(-42.4,84.8,-5.));
#20001 = VECTOR('',#20002,1.);
#20002 = DIRECTION('',(0.,0.,1.));
#20003 = ORIENTED_EDGE('',*,*,#20004,.T.);
#20004 = EDGE_CURVE('',#19997,#19598,#20005,.T.);
#20005 = LINE('',#20006,#20007);
#20006 = CARTESIAN_POINT('',(-42.4,84.8,-3.4));
#20007 = VECTOR('',#20008,1.);
#20008 = DIRECTION('',(1.,0.,0.));
#20009 = PLANE('',#20010);
#20010 = AXIS2_PLACEMENT_3D('',#20011,#20012,#20013);
#20011 = CARTESIAN_POINT('',(-42.4,84.8,-5.));
#20012 = DIRECTION('',(0.,1.,0.));
#20013 = DIRECTION('',(0.,0.,1.));
#20014 = ADVANCED_FACE('',(#20015),#20033,.F.);
#20015 = FACE_BOUND('',#20016,.F.);
#20016 = EDGE_LOOP('',(#20017,#20025,#20026,#20027));
#20017 = ORIENTED_EDGE('',*,*,#20018,.F.);
#20018 = EDGE_CURVE('',#19971,#20019,#20021,.T.);
#20019 = VERTEX_POINT('',#20020);
#20020 = CARTESIAN_POINT('',(-42.4,84.8,-4.4));
#20021 = LINE('',#20022,#20023);
#20022 = CARTESIAN_POINT('',(-42.4,84.2,-4.4));
#20023 = VECTOR('',#20024,1.);
#20024 = DIRECTION('',(0.,1.,0.));
#20025 = ORIENTED_EDGE('',*,*,#19970,.T.);
#20026 = ORIENTED_EDGE('',*,*,#19533,.T.);
#20027 = ORIENTED_EDGE('',*,*,#20028,.T.);
#20028 = EDGE_CURVE('',#19534,#20019,#20029,.T.);
#20029 = LINE('',#20030,#20031);
#20030 = CARTESIAN_POINT('',(-42.4,84.8,-4.4));
#20031 = VECTOR('',#20032,1.);
#20032 = DIRECTION('',(-1.,0.,0.));
#20033 = PLANE('',#20034);
#20034 = AXIS2_PLACEMENT_3D('',#20035,#20036,#20037);
#20035 = CARTESIAN_POINT('',(-42.4,84.2,-4.4));
#20036 = DIRECTION('',(0.,0.,1.));
#20037 = DIRECTION('',(1.,0.,0.));
#20038 = ADVANCED_FACE('',(#20039),#20057,.T.);
#20039 = FACE_BOUND('',#20040,.T.);
#20040 = EDGE_LOOP('',(#20041,#20049,#20055,#20056));
#20041 = ORIENTED_EDGE('',*,*,#20042,.F.);
#20042 = EDGE_CURVE('',#20043,#19590,#20045,.T.);
#20043 = VERTEX_POINT('',#20044);
#20044 = CARTESIAN_POINT('',(-42.4,85.2,-3.4));
#20045 = LINE('',#20046,#20047);
#20046 = CARTESIAN_POINT('',(-42.4,85.2,-3.4));
#20047 = VECTOR('',#20048,1.);
#20048 = DIRECTION('',(1.,0.,0.));
#20049 = ORIENTED_EDGE('',*,*,#20050,.F.);
#20050 = EDGE_CURVE('',#19997,#20043,#20051,.T.);
#20051 = LINE('',#20052,#20053);
#20052 = CARTESIAN_POINT('',(-42.4,84.8,-3.4));
#20053 = VECTOR('',#20054,1.);
#20054 = DIRECTION('',(0.,1.,0.));
#20055 = ORIENTED_EDGE('',*,*,#20004,.T.);
#20056 = ORIENTED_EDGE('',*,*,#19597,.T.);
#20057 = PLANE('',#20058);
#20058 = AXIS2_PLACEMENT_3D('',#20059,#20060,#20061);
#20059 = CARTESIAN_POINT('',(-42.4,84.8,-3.4));
#20060 = DIRECTION('',(0.,0.,1.));
#20061 = DIRECTION('',(1.,0.,0.));
#20062 = ADVANCED_FACE('',(#20063),#20081,.F.);
#20063 = FACE_BOUND('',#20064,.F.);
#20064 = EDGE_LOOP('',(#20065,#20066,#20074,#20080));
#20065 = ORIENTED_EDGE('',*,*,#19541,.T.);
#20066 = ORIENTED_EDGE('',*,*,#20067,.F.);
#20067 = EDGE_CURVE('',#20068,#19542,#20070,.T.);
#20068 = VERTEX_POINT('',#20069);
#20069 = CARTESIAN_POINT('',(-42.4,84.8,-5.));
#20070 = LINE('',#20071,#20072);
#20071 = CARTESIAN_POINT('',(-42.4,84.8,-5.));
#20072 = VECTOR('',#20073,1.);
#20073 = DIRECTION('',(1.,0.,0.));
#20074 = ORIENTED_EDGE('',*,*,#20075,.T.);
#20075 = EDGE_CURVE('',#20068,#20019,#20076,.T.);
#20076 = LINE('',#20077,#20078);
#20077 = CARTESIAN_POINT('',(-42.4,84.8,-5.));
#20078 = VECTOR('',#20079,1.);
#20079 = DIRECTION('',(0.,0.,1.));
#20080 = ORIENTED_EDGE('',*,*,#20028,.F.);
#20081 = PLANE('',#20082);
#20082 = AXIS2_PLACEMENT_3D('',#20083,#20084,#20085);
#20083 = CARTESIAN_POINT('',(-42.4,84.8,-5.));
#20084 = DIRECTION('',(0.,1.,0.));
#20085 = DIRECTION('',(0.,0.,1.));
#20086 = ADVANCED_FACE('',(#20087),#20105,.T.);
#20087 = FACE_BOUND('',#20088,.T.);
#20088 = EDGE_LOOP('',(#20089,#20090,#20098,#20104));
#20089 = ORIENTED_EDGE('',*,*,#19589,.T.);
#20090 = ORIENTED_EDGE('',*,*,#20091,.T.);
#20091 = EDGE_CURVE('',#19582,#20092,#20094,.T.);
#20092 = VERTEX_POINT('',#20093);
#20093 = CARTESIAN_POINT('',(-42.4,85.2,-4.));
#20094 = LINE('',#20095,#20096);
#20095 = CARTESIAN_POINT('',(-42.4,85.2,-4.));
#20096 = VECTOR('',#20097,1.);
#20097 = DIRECTION('',(-1.,0.,0.));
#20098 = ORIENTED_EDGE('',*,*,#20099,.T.);
#20099 = EDGE_CURVE('',#20092,#20043,#20100,.T.);
#20100 = LINE('',#20101,#20102);
#20101 = CARTESIAN_POINT('',(-42.4,85.2,-5.));
#20102 = VECTOR('',#20103,1.);
#20103 = DIRECTION('',(0.,0.,1.));
#20104 = ORIENTED_EDGE('',*,*,#20042,.T.);
#20105 = PLANE('',#20106);
#20106 = AXIS2_PLACEMENT_3D('',#20107,#20108,#20109);
#20107 = CARTESIAN_POINT('',(-42.4,85.2,-5.));
#20108 = DIRECTION('',(0.,1.,0.));
#20109 = DIRECTION('',(0.,0.,1.));
#20110 = ADVANCED_FACE('',(#20111),#20129,.F.);
#20111 = FACE_BOUND('',#20112,.F.);
#20112 = EDGE_LOOP('',(#20113,#20121,#20127,#20128));
#20113 = ORIENTED_EDGE('',*,*,#20114,.F.);
#20114 = EDGE_CURVE('',#20115,#19550,#20117,.T.);
#20115 = VERTEX_POINT('',#20116);
#20116 = CARTESIAN_POINT('',(-42.4,85.2,-5.));
#20117 = LINE('',#20118,#20119);
#20118 = CARTESIAN_POINT('',(-42.4,85.2,-5.));
#20119 = VECTOR('',#20120,1.);
#20120 = DIRECTION('',(1.,0.,0.));
#20121 = ORIENTED_EDGE('',*,*,#20122,.F.);
#20122 = EDGE_CURVE('',#20068,#20115,#20123,.T.);
#20123 = LINE('',#20124,#20125);
#20124 = CARTESIAN_POINT('',(-42.4,84.8,-5.));
#20125 = VECTOR('',#20126,1.);
#20126 = DIRECTION('',(0.,1.,0.));
#20127 = ORIENTED_EDGE('',*,*,#20067,.T.);
#20128 = ORIENTED_EDGE('',*,*,#19549,.T.);
#20129 = PLANE('',#20130);
#20130 = AXIS2_PLACEMENT_3D('',#20131,#20132,#20133);
#20131 = CARTESIAN_POINT('',(-42.4,84.8,-5.));
#20132 = DIRECTION('',(0.,0.,1.));
#20133 = DIRECTION('',(1.,0.,0.));
#20134 = ADVANCED_FACE('',(#20135),#20153,.T.);
#20135 = FACE_BOUND('',#20136,.T.);
#20136 = EDGE_LOOP('',(#20137,#20145,#20146,#20147));
#20137 = ORIENTED_EDGE('',*,*,#20138,.F.);
#20138 = EDGE_CURVE('',#20092,#20139,#20141,.T.);
#20139 = VERTEX_POINT('',#20140);
#20140 = CARTESIAN_POINT('',(-42.4,85.8,-4.));
#20141 = LINE('',#20142,#20143);
#20142 = CARTESIAN_POINT('',(-42.4,84.2,-4.));
#20143 = VECTOR('',#20144,1.);
#20144 = DIRECTION('',(0.,1.,0.));
#20145 = ORIENTED_EDGE('',*,*,#20091,.F.);
#20146 = ORIENTED_EDGE('',*,*,#19581,.T.);
#20147 = ORIENTED_EDGE('',*,*,#20148,.F.);
#20148 = EDGE_CURVE('',#20139,#19574,#20149,.T.);
#20149 = LINE('',#20150,#20151);
#20150 = CARTESIAN_POINT('',(-42.4,85.8,-4.));
#20151 = VECTOR('',#20152,1.);
#20152 = DIRECTION('',(1.,0.,0.));
#20153 = PLANE('',#20154);
#20154 = AXIS2_PLACEMENT_3D('',#20155,#20156,#20157);
#20155 = CARTESIAN_POINT('',(-42.4,84.2,-4.));
#20156 = DIRECTION('',(0.,0.,1.));
#20157 = DIRECTION('',(1.,0.,0.));
#20158 = ADVANCED_FACE('',(#20159),#20177,.T.);
#20159 = FACE_BOUND('',#20160,.T.);
#20160 = EDGE_LOOP('',(#20161,#20162,#20163,#20171));
#20161 = ORIENTED_EDGE('',*,*,#19557,.T.);
#20162 = ORIENTED_EDGE('',*,*,#20114,.F.);
#20163 = ORIENTED_EDGE('',*,*,#20164,.T.);
#20164 = EDGE_CURVE('',#20115,#20165,#20167,.T.);
#20165 = VERTEX_POINT('',#20166);
#20166 = CARTESIAN_POINT('',(-42.4,85.2,-4.4));
#20167 = LINE('',#20168,#20169);
#20168 = CARTESIAN_POINT('',(-42.4,85.2,-5.));
#20169 = VECTOR('',#20170,1.);
#20170 = DIRECTION('',(0.,0.,1.));
#20171 = ORIENTED_EDGE('',*,*,#20172,.F.);
#20172 = EDGE_CURVE('',#19558,#20165,#20173,.T.);
#20173 = LINE('',#20174,#20175);
#20174 = CARTESIAN_POINT('',(-42.4,85.2,-4.4));
#20175 = VECTOR('',#20176,1.);
#20176 = DIRECTION('',(-1.,0.,0.));
#20177 = PLANE('',#20178);
#20178 = AXIS2_PLACEMENT_3D('',#20179,#20180,#20181);
#20179 = CARTESIAN_POINT('',(-42.4,85.2,-5.));
#20180 = DIRECTION('',(0.,1.,0.));
#20181 = DIRECTION('',(0.,0.,1.));
#20182 = ADVANCED_FACE('',(#20183),#20201,.T.);
#20183 = FACE_BOUND('',#20184,.T.);
#20184 = EDGE_LOOP('',(#20185,#20193,#20199,#20200));
#20185 = ORIENTED_EDGE('',*,*,#20186,.F.);
#20186 = EDGE_CURVE('',#20187,#19566,#20189,.T.);
#20187 = VERTEX_POINT('',#20188);
#20188 = CARTESIAN_POINT('',(-42.4,85.8,-4.4));
#20189 = LINE('',#20190,#20191);
#20190 = CARTESIAN_POINT('',(-42.4,85.8,-4.4));
#20191 = VECTOR('',#20192,1.);
#20192 = DIRECTION('',(1.,0.,0.));
#20193 = ORIENTED_EDGE('',*,*,#20194,.T.);
#20194 = EDGE_CURVE('',#20187,#20139,#20195,.T.);
#20195 = LINE('',#20196,#20197);
#20196 = CARTESIAN_POINT('',(-42.4,85.8,-4.4));
#20197 = VECTOR('',#20198,1.);
#20198 = DIRECTION('',(0.,0.,1.));
#20199 = ORIENTED_EDGE('',*,*,#20148,.T.);
#20200 = ORIENTED_EDGE('',*,*,#19573,.T.);
#20201 = PLANE('',#20202);
#20202 = AXIS2_PLACEMENT_3D('',#20203,#20204,#20205);
#20203 = CARTESIAN_POINT('',(-42.4,85.8,-4.4));
#20204 = DIRECTION('',(0.,1.,0.));
#20205 = DIRECTION('',(0.,0.,1.));
#20206 = ADVANCED_FACE('',(#20207),#20218,.F.);
#20207 = FACE_BOUND('',#20208,.F.);
#20208 = EDGE_LOOP('',(#20209,#20215,#20216,#20217));
#20209 = ORIENTED_EDGE('',*,*,#20210,.F.);
#20210 = EDGE_CURVE('',#20165,#20187,#20211,.T.);
#20211 = LINE('',#20212,#20213);
#20212 = CARTESIAN_POINT('',(-42.4,84.2,-4.4));
#20213 = VECTOR('',#20214,1.);
#20214 = DIRECTION('',(0.,1.,0.));
#20215 = ORIENTED_EDGE('',*,*,#20172,.F.);
#20216 = ORIENTED_EDGE('',*,*,#19565,.T.);
#20217 = ORIENTED_EDGE('',*,*,#20186,.F.);
#20218 = PLANE('',#20219);
#20219 = AXIS2_PLACEMENT_3D('',#20220,#20221,#20222);
#20220 = CARTESIAN_POINT('',(-42.4,84.2,-4.4));
#20221 = DIRECTION('',(0.,0.,1.));
#20222 = DIRECTION('',(1.,0.,0.));
#20223 = ADVANCED_FACE('',(#20224),#20235,.T.);
#20224 = FACE_BOUND('',#20225,.T.);
#20225 = EDGE_LOOP('',(#20226,#20232,#20233,#20234));
#20226 = ORIENTED_EDGE('',*,*,#20227,.T.);
#20227 = EDGE_CURVE('',#19682,#19749,#20228,.T.);
#20228 = LINE('',#20229,#20230);
#20229 = CARTESIAN_POINT('',(-39.,75.125,-5.8));
#20230 = VECTOR('',#20231,1.);
#20231 = DIRECTION('',(0.,-1.,0.));
#20232 = ORIENTED_EDGE('',*,*,#19748,.T.);
#20233 = ORIENTED_EDGE('',*,*,#19824,.T.);
#20234 = ORIENTED_EDGE('',*,*,#19689,.T.);
#20235 = PLANE('',#20236);
#20236 = AXIS2_PLACEMENT_3D('',#20237,#20238,#20239);
#20237 = CARTESIAN_POINT('',(-39.,80.,-4.2));
#20238 = DIRECTION('',(1.,0.,0.));
#20239 = DIRECTION('',(0.,0.,1.));
#20240 = ADVANCED_FACE('',(#20241),#20284,.F.);
#20241 = FACE_BOUND('',#20242,.F.);
#20242 = EDGE_LOOP('',(#20243,#20251,#20259,#20267,#20275,#20281,#20282,
    #20283));
#20243 = ORIENTED_EDGE('',*,*,#20244,.F.);
#20244 = EDGE_CURVE('',#20245,#19758,#20247,.T.);
#20245 = VERTEX_POINT('',#20246);
#20246 = CARTESIAN_POINT('',(-39.1,70.25,-5.8));
#20247 = LINE('',#20248,#20249);
#20248 = CARTESIAN_POINT('',(-39.1,70.25,-5.8));
#20249 = VECTOR('',#20250,1.);
#20250 = DIRECTION('',(0.,1.,0.));
#20251 = ORIENTED_EDGE('',*,*,#20252,.T.);
#20252 = EDGE_CURVE('',#20245,#20253,#20255,.T.);
#20253 = VERTEX_POINT('',#20254);
#20254 = CARTESIAN_POINT('',(-38.2,70.25,-5.8));
#20255 = LINE('',#20256,#20257);
#20256 = CARTESIAN_POINT('',(-39.1,70.25,-5.8));
#20257 = VECTOR('',#20258,1.);
#20258 = DIRECTION('',(1.,0.,0.));
#20259 = ORIENTED_EDGE('',*,*,#20260,.F.);
#20260 = EDGE_CURVE('',#20261,#20253,#20263,.T.);
#20261 = VERTEX_POINT('',#20262);
#20262 = CARTESIAN_POINT('',(-38.2,89.75,-5.8));
#20263 = LINE('',#20264,#20265);
#20264 = CARTESIAN_POINT('',(-38.2,69.,-5.8));
#20265 = VECTOR('',#20266,1.);
#20266 = DIRECTION('',(0.,-1.,0.));
#20267 = ORIENTED_EDGE('',*,*,#20268,.F.);
#20268 = EDGE_CURVE('',#20269,#20261,#20271,.T.);
#20269 = VERTEX_POINT('',#20270);
#20270 = CARTESIAN_POINT('',(-39.1,89.75,-5.8));
#20271 = LINE('',#20272,#20273);
#20272 = CARTESIAN_POINT('',(-39.1,89.75,-5.8));
#20273 = VECTOR('',#20274,1.);
#20274 = DIRECTION('',(1.,0.,0.));
#20275 = ORIENTED_EDGE('',*,*,#20276,.F.);
#20276 = EDGE_CURVE('',#19673,#20269,#20277,.T.);
#20277 = LINE('',#20278,#20279);
#20278 = CARTESIAN_POINT('',(-39.1,70.25,-5.8));
#20279 = VECTOR('',#20280,1.);
#20280 = DIRECTION('',(0.,1.,0.));
#20281 = ORIENTED_EDGE('',*,*,#19681,.T.);
#20282 = ORIENTED_EDGE('',*,*,#20227,.T.);
#20283 = ORIENTED_EDGE('',*,*,#19757,.F.);
#20284 = PLANE('',#20285);
#20285 = AXIS2_PLACEMENT_3D('',#20286,#20287,#20288);
#20286 = CARTESIAN_POINT('',(-39.1,70.25,-5.8));
#20287 = DIRECTION('',(0.,0.,1.));
#20288 = DIRECTION('',(1.,0.,0.));
#20289 = ADVANCED_FACE('',(#20290),#20300,.F.);
#20290 = FACE_BOUND('',#20291,.F.);
#20291 = EDGE_LOOP('',(#20292,#20293,#20294));
#20292 = ORIENTED_EDGE('',*,*,#19672,.F.);
#20293 = ORIENTED_EDGE('',*,*,#20276,.T.);
#20294 = ORIENTED_EDGE('',*,*,#20295,.T.);
#20295 = EDGE_CURVE('',#20269,#19665,#20296,.T.);
#20296 = LINE('',#20297,#20298);
#20297 = CARTESIAN_POINT('',(-39.1,89.75,-5.8));
#20298 = VECTOR('',#20299,1.);
#20299 = DIRECTION('',(0.,0.,1.));
#20300 = PLANE('',#20301);
#20301 = AXIS2_PLACEMENT_3D('',#20302,#20303,#20304);
#20302 = CARTESIAN_POINT('',(-39.1,70.25,-5.8));
#20303 = DIRECTION('',(1.,0.,0.));
#20304 = DIRECTION('',(0.,0.,1.));
#20305 = ADVANCED_FACE('',(#20306),#20340,.T.);
#20306 = FACE_BOUND('',#20307,.T.);
#20307 = EDGE_LOOP('',(#20308,#20309,#20310,#20311,#20317,#20318,#20326,
    #20334));
#20308 = ORIENTED_EDGE('',*,*,#20268,.F.);
#20309 = ORIENTED_EDGE('',*,*,#20295,.T.);
#20310 = ORIENTED_EDGE('',*,*,#19664,.T.);
#20311 = ORIENTED_EDGE('',*,*,#20312,.T.);
#20312 = EDGE_CURVE('',#19656,#19648,#20313,.T.);
#20313 = LINE('',#20314,#20315);
#20314 = CARTESIAN_POINT('',(-39.,89.75,-5.));
#20315 = VECTOR('',#20316,1.);
#20316 = DIRECTION('',(0.,0.,1.));
#20317 = ORIENTED_EDGE('',*,*,#19647,.F.);
#20318 = ORIENTED_EDGE('',*,*,#20319,.T.);
#20319 = EDGE_CURVE('',#19639,#20320,#20322,.T.);
#20320 = VERTEX_POINT('',#20321);
#20321 = CARTESIAN_POINT('',(-39.1,89.75,-2.6));
#20322 = LINE('',#20323,#20324);
#20323 = CARTESIAN_POINT('',(-39.1,89.75,-5.8));
#20324 = VECTOR('',#20325,1.);
#20325 = DIRECTION('',(0.,0.,1.));
#20326 = ORIENTED_EDGE('',*,*,#20327,.T.);
#20327 = EDGE_CURVE('',#20320,#20328,#20330,.T.);
#20328 = VERTEX_POINT('',#20329);
#20329 = CARTESIAN_POINT('',(-38.2,89.75,-2.6));
#20330 = LINE('',#20331,#20332);
#20331 = CARTESIAN_POINT('',(-39.1,89.75,-2.6));
#20332 = VECTOR('',#20333,1.);
#20333 = DIRECTION('',(1.,0.,0.));
#20334 = ORIENTED_EDGE('',*,*,#20335,.F.);
#20335 = EDGE_CURVE('',#20261,#20328,#20336,.T.);
#20336 = LINE('',#20337,#20338);
#20337 = CARTESIAN_POINT('',(-38.2,89.75,-6.25));
#20338 = VECTOR('',#20339,1.);
#20339 = DIRECTION('',(0.,0.,1.));
#20340 = PLANE('',#20341);
#20341 = AXIS2_PLACEMENT_3D('',#20342,#20343,#20344);
#20342 = CARTESIAN_POINT('',(-39.1,89.75,-5.8));
#20343 = DIRECTION('',(0.,1.,0.));
#20344 = DIRECTION('',(0.,0.,1.));
#20345 = ADVANCED_FACE('',(#20346),#20350,.T.);
#20346 = FACE_BOUND('',#20347,.T.);
#20347 = EDGE_LOOP('',(#20348,#20349));
#20348 = ORIENTED_EDGE('',*,*,#19655,.T.);
#20349 = ORIENTED_EDGE('',*,*,#20312,.F.);
#20350 = PLANE('',#20351);
#20351 = AXIS2_PLACEMENT_3D('',#20352,#20353,#20354);
#20352 = CARTESIAN_POINT('',(-39.,80.,-4.2));
#20353 = DIRECTION('',(1.,0.,0.));
#20354 = DIRECTION('',(0.,0.,1.));
#20355 = ADVANCED_FACE('',(#20356),#20366,.F.);
#20356 = FACE_BOUND('',#20357,.F.);
#20357 = EDGE_LOOP('',(#20358,#20364,#20365));
#20358 = ORIENTED_EDGE('',*,*,#20359,.F.);
#20359 = EDGE_CURVE('',#19631,#20320,#20360,.T.);
#20360 = LINE('',#20361,#20362);
#20361 = CARTESIAN_POINT('',(-39.1,70.25,-2.6));
#20362 = VECTOR('',#20363,1.);
#20363 = DIRECTION('',(0.,1.,0.));
#20364 = ORIENTED_EDGE('',*,*,#19638,.F.);
#20365 = ORIENTED_EDGE('',*,*,#20319,.T.);
#20366 = PLANE('',#20367);
#20367 = AXIS2_PLACEMENT_3D('',#20368,#20369,#20370);
#20368 = CARTESIAN_POINT('',(-39.1,70.25,-5.8));
#20369 = DIRECTION('',(1.,0.,0.));
#20370 = DIRECTION('',(0.,0.,1.));
#20371 = ADVANCED_FACE('',(#20372),#20401,.T.);
#20372 = FACE_BOUND('',#20373,.T.);
#20373 = EDGE_LOOP('',(#20374,#20382,#20390,#20396,#20397,#20398,#20399,
    #20400));
#20374 = ORIENTED_EDGE('',*,*,#20375,.F.);
#20375 = EDGE_CURVE('',#20376,#19800,#20378,.T.);
#20376 = VERTEX_POINT('',#20377);
#20377 = CARTESIAN_POINT('',(-39.1,70.25,-2.6));
#20378 = LINE('',#20379,#20380);
#20379 = CARTESIAN_POINT('',(-39.1,70.25,-2.6));
#20380 = VECTOR('',#20381,1.);
#20381 = DIRECTION('',(0.,1.,0.));
#20382 = ORIENTED_EDGE('',*,*,#20383,.T.);
#20383 = EDGE_CURVE('',#20376,#20384,#20386,.T.);
#20384 = VERTEX_POINT('',#20385);
#20385 = CARTESIAN_POINT('',(-38.2,70.25,-2.6));
#20386 = LINE('',#20387,#20388);
#20387 = CARTESIAN_POINT('',(-39.1,70.25,-2.6));
#20388 = VECTOR('',#20389,1.);
#20389 = DIRECTION('',(1.,0.,0.));
#20390 = ORIENTED_EDGE('',*,*,#20391,.F.);
#20391 = EDGE_CURVE('',#20328,#20384,#20392,.T.);
#20392 = LINE('',#20393,#20394);
#20393 = CARTESIAN_POINT('',(-38.2,69.,-2.6));
#20394 = VECTOR('',#20395,1.);
#20395 = DIRECTION('',(0.,-1.,0.));
#20396 = ORIENTED_EDGE('',*,*,#20327,.F.);
#20397 = ORIENTED_EDGE('',*,*,#20359,.F.);
#20398 = ORIENTED_EDGE('',*,*,#19630,.T.);
#20399 = ORIENTED_EDGE('',*,*,#19722,.T.);
#20400 = ORIENTED_EDGE('',*,*,#19808,.F.);
#20401 = PLANE('',#20402);
#20402 = AXIS2_PLACEMENT_3D('',#20403,#20404,#20405);
#20403 = CARTESIAN_POINT('',(-39.1,70.25,-2.6));
#20404 = DIRECTION('',(0.,0.,1.));
#20405 = DIRECTION('',(1.,0.,0.));
#20406 = ADVANCED_FACE('',(#20407),#20417,.F.);
#20407 = FACE_BOUND('',#20408,.F.);
#20408 = EDGE_LOOP('',(#20409,#20415,#20416));
#20409 = ORIENTED_EDGE('',*,*,#20410,.F.);
#20410 = EDGE_CURVE('',#19792,#20376,#20411,.T.);
#20411 = LINE('',#20412,#20413);
#20412 = CARTESIAN_POINT('',(-39.1,70.25,-5.8));
#20413 = VECTOR('',#20414,1.);
#20414 = DIRECTION('',(0.,0.,1.));
#20415 = ORIENTED_EDGE('',*,*,#19799,.F.);
#20416 = ORIENTED_EDGE('',*,*,#20375,.F.);
#20417 = PLANE('',#20418);
#20418 = AXIS2_PLACEMENT_3D('',#20419,#20420,#20421);
#20419 = CARTESIAN_POINT('',(-39.1,70.25,-5.8));
#20420 = DIRECTION('',(1.,0.,0.));
#20421 = DIRECTION('',(0.,0.,1.));
#20422 = ADVANCED_FACE('',(#20423),#20448,.F.);
#20423 = FACE_BOUND('',#20424,.F.);
#20424 = EDGE_LOOP('',(#20425,#20426,#20432,#20433,#20439,#20440,#20441,
    #20442));
#20425 = ORIENTED_EDGE('',*,*,#20252,.F.);
#20426 = ORIENTED_EDGE('',*,*,#20427,.T.);
#20427 = EDGE_CURVE('',#20245,#19766,#20428,.T.);
#20428 = LINE('',#20429,#20430);
#20429 = CARTESIAN_POINT('',(-39.1,70.25,-5.8));
#20430 = VECTOR('',#20431,1.);
#20431 = DIRECTION('',(0.,0.,1.));
#20432 = ORIENTED_EDGE('',*,*,#19774,.T.);
#20433 = ORIENTED_EDGE('',*,*,#20434,.T.);
#20434 = EDGE_CURVE('',#19775,#19783,#20435,.T.);
#20435 = LINE('',#20436,#20437);
#20436 = CARTESIAN_POINT('',(-39.,70.25,-5.));
#20437 = VECTOR('',#20438,1.);
#20438 = DIRECTION('',(0.,0.,1.));
#20439 = ORIENTED_EDGE('',*,*,#19791,.F.);
#20440 = ORIENTED_EDGE('',*,*,#20410,.T.);
#20441 = ORIENTED_EDGE('',*,*,#20383,.T.);
#20442 = ORIENTED_EDGE('',*,*,#20443,.F.);
#20443 = EDGE_CURVE('',#20253,#20384,#20444,.T.);
#20444 = LINE('',#20445,#20446);
#20445 = CARTESIAN_POINT('',(-38.2,70.25,-6.25));
#20446 = VECTOR('',#20447,1.);
#20447 = DIRECTION('',(0.,0.,1.));
#20448 = PLANE('',#20449);
#20449 = AXIS2_PLACEMENT_3D('',#20450,#20451,#20452);
#20450 = CARTESIAN_POINT('',(-39.1,70.25,-5.8));
#20451 = DIRECTION('',(0.,1.,0.));
#20452 = DIRECTION('',(0.,0.,1.));
#20453 = ADVANCED_FACE('',(#20454),#20458,.T.);
#20454 = FACE_BOUND('',#20455,.T.);
#20455 = EDGE_LOOP('',(#20456,#20457));
#20456 = ORIENTED_EDGE('',*,*,#20434,.T.);
#20457 = ORIENTED_EDGE('',*,*,#19782,.T.);
#20458 = PLANE('',#20459);
#20459 = AXIS2_PLACEMENT_3D('',#20460,#20461,#20462);
#20460 = CARTESIAN_POINT('',(-39.,80.,-4.2));
#20461 = DIRECTION('',(1.,0.,0.));
#20462 = DIRECTION('',(0.,0.,1.));
#20463 = ADVANCED_FACE('',(#20464),#20469,.F.);
#20464 = FACE_BOUND('',#20465,.F.);
#20465 = EDGE_LOOP('',(#20466,#20467,#20468));
#20466 = ORIENTED_EDGE('',*,*,#20427,.F.);
#20467 = ORIENTED_EDGE('',*,*,#20244,.T.);
#20468 = ORIENTED_EDGE('',*,*,#19765,.F.);
#20469 = PLANE('',#20470);
#20470 = AXIS2_PLACEMENT_3D('',#20471,#20472,#20473);
#20471 = CARTESIAN_POINT('',(-39.1,70.25,-5.8));
#20472 = DIRECTION('',(1.,0.,0.));
#20473 = DIRECTION('',(0.,0.,1.));
#20474 = ADVANCED_FACE('',(#20475),#20481,.F.);
#20475 = FACE_BOUND('',#20476,.F.);
#20476 = EDGE_LOOP('',(#20477,#20478,#20479,#20480));
#20477 = ORIENTED_EDGE('',*,*,#19882,.F.);
#20478 = ORIENTED_EDGE('',*,*,#19923,.T.);
#20479 = ORIENTED_EDGE('',*,*,#19906,.T.);
#20480 = ORIENTED_EDGE('',*,*,#19851,.F.);
#20481 = PLANE('',#20482);
#20482 = AXIS2_PLACEMENT_3D('',#20483,#20484,#20485);
#20483 = CARTESIAN_POINT('',(-42.4,74.2,-4.4));
#20484 = DIRECTION('',(1.,0.,0.));
#20485 = DIRECTION('',(0.,0.,1.));
#20486 = ADVANCED_FACE('',(#20487,#20521),#20527,.F.);
#20487 = FACE_BOUND('',#20488,.F.);
#20488 = EDGE_LOOP('',(#20489,#20499,#20507,#20515));
#20489 = ORIENTED_EDGE('',*,*,#20490,.F.);
#20490 = EDGE_CURVE('',#20491,#20493,#20495,.T.);
#20491 = VERTEX_POINT('',#20492);
#20492 = CARTESIAN_POINT('',(-38.2,67.75,-6.7));
#20493 = VERTEX_POINT('',#20494);
#20494 = CARTESIAN_POINT('',(-38.2,67.75,-1.7));
#20495 = LINE('',#20496,#20497);
#20496 = CARTESIAN_POINT('',(-38.2,67.75,-6.7));
#20497 = VECTOR('',#20498,1.);
#20498 = DIRECTION('',(0.,0.,1.));
#20499 = ORIENTED_EDGE('',*,*,#20500,.T.);
#20500 = EDGE_CURVE('',#20491,#20501,#20503,.T.);
#20501 = VERTEX_POINT('',#20502);
#20502 = CARTESIAN_POINT('',(-38.2,92.25,-6.7));
#20503 = LINE('',#20504,#20505);
#20504 = CARTESIAN_POINT('',(-38.2,67.75,-6.7));
#20505 = VECTOR('',#20506,1.);
#20506 = DIRECTION('',(0.,1.,0.));
#20507 = ORIENTED_EDGE('',*,*,#20508,.T.);
#20508 = EDGE_CURVE('',#20501,#20509,#20511,.T.);
#20509 = VERTEX_POINT('',#20510);
#20510 = CARTESIAN_POINT('',(-38.2,92.25,-1.7));
#20511 = LINE('',#20512,#20513);
#20512 = CARTESIAN_POINT('',(-38.2,92.25,-6.7));
#20513 = VECTOR('',#20514,1.);
#20514 = DIRECTION('',(0.,0.,1.));
#20515 = ORIENTED_EDGE('',*,*,#20516,.F.);
#20516 = EDGE_CURVE('',#20493,#20509,#20517,.T.);
#20517 = LINE('',#20518,#20519);
#20518 = CARTESIAN_POINT('',(-38.2,67.75,-1.7));
#20519 = VECTOR('',#20520,1.);
#20520 = DIRECTION('',(0.,1.,0.));
#20521 = FACE_BOUND('',#20522,.F.);
#20522 = EDGE_LOOP('',(#20523,#20524,#20525,#20526));
#20523 = ORIENTED_EDGE('',*,*,#20260,.T.);
#20524 = ORIENTED_EDGE('',*,*,#20443,.T.);
#20525 = ORIENTED_EDGE('',*,*,#20391,.F.);
#20526 = ORIENTED_EDGE('',*,*,#20335,.F.);
#20527 = PLANE('',#20528);
#20528 = AXIS2_PLACEMENT_3D('',#20529,#20530,#20531);
#20529 = CARTESIAN_POINT('',(-38.2,67.75,-6.7));
#20530 = DIRECTION('',(1.,0.,0.));
#20531 = DIRECTION('',(0.,0.,1.));
#20532 = ADVANCED_FACE('',(#20533),#20558,.F.);
#20533 = FACE_BOUND('',#20534,.F.);
#20534 = EDGE_LOOP('',(#20535,#20543,#20544,#20552));
#20535 = ORIENTED_EDGE('',*,*,#20536,.F.);
#20536 = EDGE_CURVE('',#20491,#20537,#20539,.T.);
#20537 = VERTEX_POINT('',#20538);
#20538 = CARTESIAN_POINT('',(-36.8,67.75,-6.7));
#20539 = LINE('',#20540,#20541);
#20540 = CARTESIAN_POINT('',(-38.2,67.75,-6.7));
#20541 = VECTOR('',#20542,1.);
#20542 = DIRECTION('',(1.,0.,0.));
#20543 = ORIENTED_EDGE('',*,*,#20490,.T.);
#20544 = ORIENTED_EDGE('',*,*,#20545,.T.);
#20545 = EDGE_CURVE('',#20493,#20546,#20548,.T.);
#20546 = VERTEX_POINT('',#20547);
#20547 = CARTESIAN_POINT('',(-36.8,67.75,-1.7));
#20548 = LINE('',#20549,#20550);
#20549 = CARTESIAN_POINT('',(-38.2,67.75,-1.7));
#20550 = VECTOR('',#20551,1.);
#20551 = DIRECTION('',(1.,0.,0.));
#20552 = ORIENTED_EDGE('',*,*,#20553,.F.);
#20553 = EDGE_CURVE('',#20537,#20546,#20554,.T.);
#20554 = LINE('',#20555,#20556);
#20555 = CARTESIAN_POINT('',(-36.8,67.75,-6.7));
#20556 = VECTOR('',#20557,1.);
#20557 = DIRECTION('',(0.,0.,1.));
#20558 = PLANE('',#20559);
#20559 = AXIS2_PLACEMENT_3D('',#20560,#20561,#20562);
#20560 = CARTESIAN_POINT('',(-38.2,67.75,-6.7));
#20561 = DIRECTION('',(0.,1.,0.));
#20562 = DIRECTION('',(0.,0.,1.));
#20563 = ADVANCED_FACE('',(#20564),#20582,.T.);
#20564 = FACE_BOUND('',#20565,.T.);
#20565 = EDGE_LOOP('',(#20566,#20567,#20568,#20576));
#20566 = ORIENTED_EDGE('',*,*,#20516,.F.);
#20567 = ORIENTED_EDGE('',*,*,#20545,.T.);
#20568 = ORIENTED_EDGE('',*,*,#20569,.T.);
#20569 = EDGE_CURVE('',#20546,#20570,#20572,.T.);
#20570 = VERTEX_POINT('',#20571);
#20571 = CARTESIAN_POINT('',(-36.8,92.25,-1.7));
#20572 = LINE('',#20573,#20574);
#20573 = CARTESIAN_POINT('',(-36.8,67.75,-1.7));
#20574 = VECTOR('',#20575,1.);
#20575 = DIRECTION('',(0.,1.,0.));
#20576 = ORIENTED_EDGE('',*,*,#20577,.F.);
#20577 = EDGE_CURVE('',#20509,#20570,#20578,.T.);
#20578 = LINE('',#20579,#20580);
#20579 = CARTESIAN_POINT('',(-38.2,92.25,-1.7));
#20580 = VECTOR('',#20581,1.);
#20581 = DIRECTION('',(1.,0.,0.));
#20582 = PLANE('',#20583);
#20583 = AXIS2_PLACEMENT_3D('',#20584,#20585,#20586);
#20584 = CARTESIAN_POINT('',(-38.2,67.75,-1.7));
#20585 = DIRECTION('',(0.,0.,1.));
#20586 = DIRECTION('',(1.,0.,0.));
#20587 = ADVANCED_FACE('',(#20588),#20606,.F.);
#20588 = FACE_BOUND('',#20589,.F.);
#20589 = EDGE_LOOP('',(#20590,#20591,#20592,#20600));
#20590 = ORIENTED_EDGE('',*,*,#20500,.F.);
#20591 = ORIENTED_EDGE('',*,*,#20536,.T.);
#20592 = ORIENTED_EDGE('',*,*,#20593,.T.);
#20593 = EDGE_CURVE('',#20537,#20594,#20596,.T.);
#20594 = VERTEX_POINT('',#20595);
#20595 = CARTESIAN_POINT('',(-36.8,92.25,-6.7));
#20596 = LINE('',#20597,#20598);
#20597 = CARTESIAN_POINT('',(-36.8,67.75,-6.7));
#20598 = VECTOR('',#20599,1.);
#20599 = DIRECTION('',(0.,1.,0.));
#20600 = ORIENTED_EDGE('',*,*,#20601,.F.);
#20601 = EDGE_CURVE('',#20501,#20594,#20602,.T.);
#20602 = LINE('',#20603,#20604);
#20603 = CARTESIAN_POINT('',(-38.2,92.25,-6.7));
#20604 = VECTOR('',#20605,1.);
#20605 = DIRECTION('',(1.,0.,0.));
#20606 = PLANE('',#20607);
#20607 = AXIS2_PLACEMENT_3D('',#20608,#20609,#20610);
#20608 = CARTESIAN_POINT('',(-38.2,67.75,-6.7));
#20609 = DIRECTION('',(0.,0.,1.));
#20610 = DIRECTION('',(1.,0.,0.));
#20611 = ADVANCED_FACE('',(#20612),#20623,.T.);
#20612 = FACE_BOUND('',#20613,.T.);
#20613 = EDGE_LOOP('',(#20614,#20615,#20616,#20617));
#20614 = ORIENTED_EDGE('',*,*,#20601,.F.);
#20615 = ORIENTED_EDGE('',*,*,#20508,.T.);
#20616 = ORIENTED_EDGE('',*,*,#20577,.T.);
#20617 = ORIENTED_EDGE('',*,*,#20618,.F.);
#20618 = EDGE_CURVE('',#20594,#20570,#20619,.T.);
#20619 = LINE('',#20620,#20621);
#20620 = CARTESIAN_POINT('',(-36.8,92.25,-6.7));
#20621 = VECTOR('',#20622,1.);
#20622 = DIRECTION('',(0.,0.,1.));
#20623 = PLANE('',#20624);
#20624 = AXIS2_PLACEMENT_3D('',#20625,#20626,#20627);
#20625 = CARTESIAN_POINT('',(-38.2,92.25,-6.7));
#20626 = DIRECTION('',(0.,1.,0.));
#20627 = DIRECTION('',(0.,0.,1.));
#20628 = ADVANCED_FACE('',(#20629,#20635,#20669),#20703,.T.);
#20629 = FACE_BOUND('',#20630,.T.);
#20630 = EDGE_LOOP('',(#20631,#20632,#20633,#20634));
#20631 = ORIENTED_EDGE('',*,*,#20553,.F.);
#20632 = ORIENTED_EDGE('',*,*,#20593,.T.);
#20633 = ORIENTED_EDGE('',*,*,#20618,.T.);
#20634 = ORIENTED_EDGE('',*,*,#20569,.F.);
#20635 = FACE_BOUND('',#20636,.T.);
#20636 = EDGE_LOOP('',(#20637,#20647,#20655,#20663));
#20637 = ORIENTED_EDGE('',*,*,#20638,.F.);
#20638 = EDGE_CURVE('',#20639,#20641,#20643,.T.);
#20639 = VERTEX_POINT('',#20640);
#20640 = CARTESIAN_POINT('',(-36.8,83.25,-5.3));
#20641 = VERTEX_POINT('',#20642);
#20642 = CARTESIAN_POINT('',(-36.8,86.75,-5.3));
#20643 = LINE('',#20644,#20645);
#20644 = CARTESIAN_POINT('',(-36.8,83.25,-5.3));
#20645 = VECTOR('',#20646,1.);
#20646 = DIRECTION('',(0.,1.,0.));
#20647 = ORIENTED_EDGE('',*,*,#20648,.T.);
#20648 = EDGE_CURVE('',#20639,#20649,#20651,.T.);
#20649 = VERTEX_POINT('',#20650);
#20650 = CARTESIAN_POINT('',(-36.8,83.25,-3.1));
#20651 = LINE('',#20652,#20653);
#20652 = CARTESIAN_POINT('',(-36.8,83.25,-5.3));
#20653 = VECTOR('',#20654,1.);
#20654 = DIRECTION('',(0.,0.,1.));
#20655 = ORIENTED_EDGE('',*,*,#20656,.T.);
#20656 = EDGE_CURVE('',#20649,#20657,#20659,.T.);
#20657 = VERTEX_POINT('',#20658);
#20658 = CARTESIAN_POINT('',(-36.8,86.75,-3.1));
#20659 = LINE('',#20660,#20661);
#20660 = CARTESIAN_POINT('',(-36.8,83.25,-3.1));
#20661 = VECTOR('',#20662,1.);
#20662 = DIRECTION('',(0.,1.,0.));
#20663 = ORIENTED_EDGE('',*,*,#20664,.F.);
#20664 = EDGE_CURVE('',#20641,#20657,#20665,.T.);
#20665 = LINE('',#20666,#20667);
#20666 = CARTESIAN_POINT('',(-36.8,86.75,-5.3));
#20667 = VECTOR('',#20668,1.);
#20668 = DIRECTION('',(0.,0.,1.));
#20669 = FACE_BOUND('',#20670,.T.);
#20670 = EDGE_LOOP('',(#20671,#20681,#20689,#20697));
#20671 = ORIENTED_EDGE('',*,*,#20672,.F.);
#20672 = EDGE_CURVE('',#20673,#20675,#20677,.T.);
#20673 = VERTEX_POINT('',#20674);
#20674 = CARTESIAN_POINT('',(-36.8,73.25,-5.3));
#20675 = VERTEX_POINT('',#20676);
#20676 = CARTESIAN_POINT('',(-36.8,76.75,-5.3));
#20677 = LINE('',#20678,#20679);
#20678 = CARTESIAN_POINT('',(-36.8,73.25,-5.3));
#20679 = VECTOR('',#20680,1.);
#20680 = DIRECTION('',(0.,1.,0.));
#20681 = ORIENTED_EDGE('',*,*,#20682,.T.);
#20682 = EDGE_CURVE('',#20673,#20683,#20685,.T.);
#20683 = VERTEX_POINT('',#20684);
#20684 = CARTESIAN_POINT('',(-36.8,73.25,-3.1));
#20685 = LINE('',#20686,#20687);
#20686 = CARTESIAN_POINT('',(-36.8,73.25,-5.3));
#20687 = VECTOR('',#20688,1.);
#20688 = DIRECTION('',(0.,0.,1.));
#20689 = ORIENTED_EDGE('',*,*,#20690,.T.);
#20690 = EDGE_CURVE('',#20683,#20691,#20693,.T.);
#20691 = VERTEX_POINT('',#20692);
#20692 = CARTESIAN_POINT('',(-36.8,76.75,-3.1));
#20693 = LINE('',#20694,#20695);
#20694 = CARTESIAN_POINT('',(-36.8,73.25,-3.1));
#20695 = VECTOR('',#20696,1.);
#20696 = DIRECTION('',(0.,1.,0.));
#20697 = ORIENTED_EDGE('',*,*,#20698,.F.);
#20698 = EDGE_CURVE('',#20675,#20691,#20699,.T.);
#20699 = LINE('',#20700,#20701);
#20700 = CARTESIAN_POINT('',(-36.8,76.75,-5.3));
#20701 = VECTOR('',#20702,1.);
#20702 = DIRECTION('',(0.,0.,1.));
#20703 = PLANE('',#20704);
#20704 = AXIS2_PLACEMENT_3D('',#20705,#20706,#20707);
#20705 = CARTESIAN_POINT('',(-36.8,67.75,-6.7));
#20706 = DIRECTION('',(1.,0.,0.));
#20707 = DIRECTION('',(0.,0.,1.));
#20708 = ADVANCED_FACE('',(#20709),#20734,.F.);
#20709 = FACE_BOUND('',#20710,.F.);
#20710 = EDGE_LOOP('',(#20711,#20712,#20720,#20728));
#20711 = ORIENTED_EDGE('',*,*,#20638,.F.);
#20712 = ORIENTED_EDGE('',*,*,#20713,.T.);
#20713 = EDGE_CURVE('',#20639,#20714,#20716,.T.);
#20714 = VERTEX_POINT('',#20715);
#20715 = CARTESIAN_POINT('',(-35.2,83.25,-5.3));
#20716 = LINE('',#20717,#20718);
#20717 = CARTESIAN_POINT('',(-36.8,83.25,-5.3));
#20718 = VECTOR('',#20719,1.);
#20719 = DIRECTION('',(1.,0.,0.));
#20720 = ORIENTED_EDGE('',*,*,#20721,.T.);
#20721 = EDGE_CURVE('',#20714,#20722,#20724,.T.);
#20722 = VERTEX_POINT('',#20723);
#20723 = CARTESIAN_POINT('',(-35.2,86.75,-5.3));
#20724 = LINE('',#20725,#20726);
#20725 = CARTESIAN_POINT('',(-35.2,83.25,-5.3));
#20726 = VECTOR('',#20727,1.);
#20727 = DIRECTION('',(0.,1.,0.));
#20728 = ORIENTED_EDGE('',*,*,#20729,.F.);
#20729 = EDGE_CURVE('',#20641,#20722,#20730,.T.);
#20730 = LINE('',#20731,#20732);
#20731 = CARTESIAN_POINT('',(-36.8,86.75,-5.3));
#20732 = VECTOR('',#20733,1.);
#20733 = DIRECTION('',(1.,0.,0.));
#20734 = PLANE('',#20735);
#20735 = AXIS2_PLACEMENT_3D('',#20736,#20737,#20738);
#20736 = CARTESIAN_POINT('',(-36.8,83.25,-5.3));
#20737 = DIRECTION('',(0.,0.,1.));
#20738 = DIRECTION('',(1.,0.,0.));
#20739 = ADVANCED_FACE('',(#20740),#20758,.F.);
#20740 = FACE_BOUND('',#20741,.F.);
#20741 = EDGE_LOOP('',(#20742,#20743,#20744,#20752));
#20742 = ORIENTED_EDGE('',*,*,#20713,.F.);
#20743 = ORIENTED_EDGE('',*,*,#20648,.T.);
#20744 = ORIENTED_EDGE('',*,*,#20745,.T.);
#20745 = EDGE_CURVE('',#20649,#20746,#20748,.T.);
#20746 = VERTEX_POINT('',#20747);
#20747 = CARTESIAN_POINT('',(-35.2,83.25,-3.1));
#20748 = LINE('',#20749,#20750);
#20749 = CARTESIAN_POINT('',(-36.8,83.25,-3.1));
#20750 = VECTOR('',#20751,1.);
#20751 = DIRECTION('',(1.,0.,0.));
#20752 = ORIENTED_EDGE('',*,*,#20753,.F.);
#20753 = EDGE_CURVE('',#20714,#20746,#20754,.T.);
#20754 = LINE('',#20755,#20756);
#20755 = CARTESIAN_POINT('',(-35.2,83.25,-5.3));
#20756 = VECTOR('',#20757,1.);
#20757 = DIRECTION('',(0.,0.,1.));
#20758 = PLANE('',#20759);
#20759 = AXIS2_PLACEMENT_3D('',#20760,#20761,#20762);
#20760 = CARTESIAN_POINT('',(-36.8,83.25,-5.3));
#20761 = DIRECTION('',(0.,1.,0.));
#20762 = DIRECTION('',(0.,0.,1.));
#20763 = ADVANCED_FACE('',(#20764),#20782,.T.);
#20764 = FACE_BOUND('',#20765,.T.);
#20765 = EDGE_LOOP('',(#20766,#20767,#20768,#20776));
#20766 = ORIENTED_EDGE('',*,*,#20729,.F.);
#20767 = ORIENTED_EDGE('',*,*,#20664,.T.);
#20768 = ORIENTED_EDGE('',*,*,#20769,.T.);
#20769 = EDGE_CURVE('',#20657,#20770,#20772,.T.);
#20770 = VERTEX_POINT('',#20771);
#20771 = CARTESIAN_POINT('',(-35.2,86.75,-3.1));
#20772 = LINE('',#20773,#20774);
#20773 = CARTESIAN_POINT('',(-36.8,86.75,-3.1));
#20774 = VECTOR('',#20775,1.);
#20775 = DIRECTION('',(1.,0.,0.));
#20776 = ORIENTED_EDGE('',*,*,#20777,.F.);
#20777 = EDGE_CURVE('',#20722,#20770,#20778,.T.);
#20778 = LINE('',#20779,#20780);
#20779 = CARTESIAN_POINT('',(-35.2,86.75,-5.3));
#20780 = VECTOR('',#20781,1.);
#20781 = DIRECTION('',(0.,0.,1.));
#20782 = PLANE('',#20783);
#20783 = AXIS2_PLACEMENT_3D('',#20784,#20785,#20786);
#20784 = CARTESIAN_POINT('',(-36.8,86.75,-5.3));
#20785 = DIRECTION('',(0.,1.,0.));
#20786 = DIRECTION('',(0.,0.,1.));
#20787 = ADVANCED_FACE('',(#20788),#20799,.T.);
#20788 = FACE_BOUND('',#20789,.T.);
#20789 = EDGE_LOOP('',(#20790,#20791,#20792,#20798));
#20790 = ORIENTED_EDGE('',*,*,#20656,.F.);
#20791 = ORIENTED_EDGE('',*,*,#20745,.T.);
#20792 = ORIENTED_EDGE('',*,*,#20793,.T.);
#20793 = EDGE_CURVE('',#20746,#20770,#20794,.T.);
#20794 = LINE('',#20795,#20796);
#20795 = CARTESIAN_POINT('',(-35.2,83.25,-3.1));
#20796 = VECTOR('',#20797,1.);
#20797 = DIRECTION('',(0.,1.,0.));
#20798 = ORIENTED_EDGE('',*,*,#20769,.F.);
#20799 = PLANE('',#20800);
#20800 = AXIS2_PLACEMENT_3D('',#20801,#20802,#20803);
#20801 = CARTESIAN_POINT('',(-36.8,83.25,-3.1));
#20802 = DIRECTION('',(0.,0.,1.));
#20803 = DIRECTION('',(1.,0.,0.));
#20804 = ADVANCED_FACE('',(#20805),#20830,.F.);
#20805 = FACE_BOUND('',#20806,.F.);
#20806 = EDGE_LOOP('',(#20807,#20808,#20816,#20824));
#20807 = ORIENTED_EDGE('',*,*,#20672,.F.);
#20808 = ORIENTED_EDGE('',*,*,#20809,.T.);
#20809 = EDGE_CURVE('',#20673,#20810,#20812,.T.);
#20810 = VERTEX_POINT('',#20811);
#20811 = CARTESIAN_POINT('',(-35.2,73.25,-5.3));
#20812 = LINE('',#20813,#20814);
#20813 = CARTESIAN_POINT('',(-36.8,73.25,-5.3));
#20814 = VECTOR('',#20815,1.);
#20815 = DIRECTION('',(1.,0.,0.));
#20816 = ORIENTED_EDGE('',*,*,#20817,.T.);
#20817 = EDGE_CURVE('',#20810,#20818,#20820,.T.);
#20818 = VERTEX_POINT('',#20819);
#20819 = CARTESIAN_POINT('',(-35.2,76.75,-5.3));
#20820 = LINE('',#20821,#20822);
#20821 = CARTESIAN_POINT('',(-35.2,73.25,-5.3));
#20822 = VECTOR('',#20823,1.);
#20823 = DIRECTION('',(0.,1.,0.));
#20824 = ORIENTED_EDGE('',*,*,#20825,.F.);
#20825 = EDGE_CURVE('',#20675,#20818,#20826,.T.);
#20826 = LINE('',#20827,#20828);
#20827 = CARTESIAN_POINT('',(-36.8,76.75,-5.3));
#20828 = VECTOR('',#20829,1.);
#20829 = DIRECTION('',(1.,0.,0.));
#20830 = PLANE('',#20831);
#20831 = AXIS2_PLACEMENT_3D('',#20832,#20833,#20834);
#20832 = CARTESIAN_POINT('',(-36.8,73.25,-5.3));
#20833 = DIRECTION('',(0.,0.,1.));
#20834 = DIRECTION('',(1.,0.,0.));
#20835 = ADVANCED_FACE('',(#20836),#20854,.T.);
#20836 = FACE_BOUND('',#20837,.T.);
#20837 = EDGE_LOOP('',(#20838,#20839,#20840,#20848));
#20838 = ORIENTED_EDGE('',*,*,#20825,.F.);
#20839 = ORIENTED_EDGE('',*,*,#20698,.T.);
#20840 = ORIENTED_EDGE('',*,*,#20841,.T.);
#20841 = EDGE_CURVE('',#20691,#20842,#20844,.T.);
#20842 = VERTEX_POINT('',#20843);
#20843 = CARTESIAN_POINT('',(-35.2,76.75,-3.1));
#20844 = LINE('',#20845,#20846);
#20845 = CARTESIAN_POINT('',(-36.8,76.75,-3.1));
#20846 = VECTOR('',#20847,1.);
#20847 = DIRECTION('',(1.,0.,0.));
#20848 = ORIENTED_EDGE('',*,*,#20849,.F.);
#20849 = EDGE_CURVE('',#20818,#20842,#20850,.T.);
#20850 = LINE('',#20851,#20852);
#20851 = CARTESIAN_POINT('',(-35.2,76.75,-5.3));
#20852 = VECTOR('',#20853,1.);
#20853 = DIRECTION('',(0.,0.,1.));
#20854 = PLANE('',#20855);
#20855 = AXIS2_PLACEMENT_3D('',#20856,#20857,#20858);
#20856 = CARTESIAN_POINT('',(-36.8,76.75,-5.3));
#20857 = DIRECTION('',(0.,1.,0.));
#20858 = DIRECTION('',(0.,0.,1.));
#20859 = ADVANCED_FACE('',(#20860),#20878,.T.);
#20860 = FACE_BOUND('',#20861,.T.);
#20861 = EDGE_LOOP('',(#20862,#20863,#20871,#20877));
#20862 = ORIENTED_EDGE('',*,*,#20690,.F.);
#20863 = ORIENTED_EDGE('',*,*,#20864,.T.);
#20864 = EDGE_CURVE('',#20683,#20865,#20867,.T.);
#20865 = VERTEX_POINT('',#20866);
#20866 = CARTESIAN_POINT('',(-35.2,73.25,-3.1));
#20867 = LINE('',#20868,#20869);
#20868 = CARTESIAN_POINT('',(-36.8,73.25,-3.1));
#20869 = VECTOR('',#20870,1.);
#20870 = DIRECTION('',(1.,0.,0.));
#20871 = ORIENTED_EDGE('',*,*,#20872,.T.);
#20872 = EDGE_CURVE('',#20865,#20842,#20873,.T.);
#20873 = LINE('',#20874,#20875);
#20874 = CARTESIAN_POINT('',(-35.2,73.25,-3.1));
#20875 = VECTOR('',#20876,1.);
#20876 = DIRECTION('',(0.,1.,0.));
#20877 = ORIENTED_EDGE('',*,*,#20841,.F.);
#20878 = PLANE('',#20879);
#20879 = AXIS2_PLACEMENT_3D('',#20880,#20881,#20882);
#20880 = CARTESIAN_POINT('',(-36.8,73.25,-3.1));
#20881 = DIRECTION('',(0.,0.,1.));
#20882 = DIRECTION('',(1.,0.,0.));
#20883 = ADVANCED_FACE('',(#20884),#20895,.F.);
#20884 = FACE_BOUND('',#20885,.F.);
#20885 = EDGE_LOOP('',(#20886,#20887,#20888,#20889));
#20886 = ORIENTED_EDGE('',*,*,#20809,.F.);
#20887 = ORIENTED_EDGE('',*,*,#20682,.T.);
#20888 = ORIENTED_EDGE('',*,*,#20864,.T.);
#20889 = ORIENTED_EDGE('',*,*,#20890,.F.);
#20890 = EDGE_CURVE('',#20810,#20865,#20891,.T.);
#20891 = LINE('',#20892,#20893);
#20892 = CARTESIAN_POINT('',(-35.2,73.25,-5.3));
#20893 = VECTOR('',#20894,1.);
#20894 = DIRECTION('',(0.,0.,1.));
#20895 = PLANE('',#20896);
#20896 = AXIS2_PLACEMENT_3D('',#20897,#20898,#20899);
#20897 = CARTESIAN_POINT('',(-36.8,73.25,-5.3));
#20898 = DIRECTION('',(0.,1.,0.));
#20899 = DIRECTION('',(0.,0.,1.));
#20900 = ADVANCED_FACE('',(#20901),#20907,.T.);
#20901 = FACE_BOUND('',#20902,.T.);
#20902 = EDGE_LOOP('',(#20903,#20904,#20905,#20906));
#20903 = ORIENTED_EDGE('',*,*,#20753,.F.);
#20904 = ORIENTED_EDGE('',*,*,#20721,.T.);
#20905 = ORIENTED_EDGE('',*,*,#20777,.T.);
#20906 = ORIENTED_EDGE('',*,*,#20793,.F.);
#20907 = PLANE('',#20908);
#20908 = AXIS2_PLACEMENT_3D('',#20909,#20910,#20911);
#20909 = CARTESIAN_POINT('',(-35.2,83.25,-5.3));
#20910 = DIRECTION('',(1.,0.,0.));
#20911 = DIRECTION('',(0.,0.,1.));
#20912 = ADVANCED_FACE('',(#20913),#20919,.T.);
#20913 = FACE_BOUND('',#20914,.T.);
#20914 = EDGE_LOOP('',(#20915,#20916,#20917,#20918));
#20915 = ORIENTED_EDGE('',*,*,#20890,.F.);
#20916 = ORIENTED_EDGE('',*,*,#20817,.T.);
#20917 = ORIENTED_EDGE('',*,*,#20849,.T.);
#20918 = ORIENTED_EDGE('',*,*,#20872,.F.);
#20919 = PLANE('',#20920);
#20920 = AXIS2_PLACEMENT_3D('',#20921,#20922,#20923);
#20921 = CARTESIAN_POINT('',(-35.2,73.25,-5.3));
#20922 = DIRECTION('',(1.,0.,0.));
#20923 = DIRECTION('',(0.,0.,1.));
#20924 = ADVANCED_FACE('',(#20925),#20939,.T.);
#20925 = FACE_BOUND('',#20926,.T.);
#20926 = EDGE_LOOP('',(#20927,#20928,#20929,#20930,#20931,#20932,#20933,
    #20934,#20935,#20936,#20937,#20938));
#20927 = ORIENTED_EDGE('',*,*,#19939,.T.);
#20928 = ORIENTED_EDGE('',*,*,#19996,.T.);
#20929 = ORIENTED_EDGE('',*,*,#20050,.T.);
#20930 = ORIENTED_EDGE('',*,*,#20099,.F.);
#20931 = ORIENTED_EDGE('',*,*,#20138,.T.);
#20932 = ORIENTED_EDGE('',*,*,#20194,.F.);
#20933 = ORIENTED_EDGE('',*,*,#20210,.F.);
#20934 = ORIENTED_EDGE('',*,*,#20164,.F.);
#20935 = ORIENTED_EDGE('',*,*,#20122,.F.);
#20936 = ORIENTED_EDGE('',*,*,#20075,.T.);
#20937 = ORIENTED_EDGE('',*,*,#20018,.F.);
#20938 = ORIENTED_EDGE('',*,*,#19978,.T.);
#20939 = PLANE('',#20940);
#20940 = AXIS2_PLACEMENT_3D('',#20941,#20942,#20943);
#20941 = CARTESIAN_POINT('',(-42.4,85.,-4.2));
#20942 = DIRECTION('',(-1.,-0.,-0.));
#20943 = DIRECTION('',(0.,0.,-1.));
#20944 = ( GEOMETRIC_REPRESENTATION_CONTEXT(3) 
GLOBAL_UNCERTAINTY_ASSIGNED_CONTEXT((#20948)) 
GLOBAL_UNIT_ASSIGNED_CONTEXT((#20945,#20946,#20947)) 
REPRESENTATION_CONTEXT('Context #1',
  '3D Context with UNIT and UNCERTAINTY') );
#20945 = ( LENGTH_UNIT() NAMED_UNIT(*) SI_UNIT(.MILLI.,.METRE.) );
#20946 = ( NAMED_UNIT(*) PLANE_ANGLE_UNIT() SI_UNIT($,.RADIAN.) );
#20947 = ( NAMED_UNIT(*) SI_UNIT($,.STERADIAN.) SOLID_ANGLE_UNIT() );
#20948 = UNCERTAINTY_MEASURE_WITH_UNIT(LENGTH_MEASURE(1.E-07),#20945,
  'distance_accuracy_value','confusion accuracy');
#20949 = PRODUCT_RELATED_PRODUCT_CATEGORY('part',$,(#7));
ENDSEC;
END-ISO-10303-21;
